{"type":"FeatureCollection","features":[{"type":"Feature","geometry":{"type":"Point","coordinates":[19.798113,41.314892]},"properties":{"lines":"1A, 1B","color":"#0059a9","mode":"bus","arr":["1A","1B"],"angle":26.1,"mi":11}},{"type":"Feature","geometry":{"type":"Point","coordinates":[19.799953,41.313913]},"properties":{"lines":"1A, 1B","color":"#0059a9","mode":"bus","arr":["1A","1B"],"angle":38.4,"mi":9}},{"type":"Feature","geometry":{"type":"Point","coordinates":[19.803235,41.312558]},"properties":{"lines":"1A, 1B","color":"#0059a9","mode":"bus","arr":["1A","1B"],"angle":23.4,"mi":6}},{"type":"Feature","geometry":{"type":"Point","coordinates":[19.80008,41.314305]},"properties":{"lines":"1A, 1B","color":"#0059a9","mode":"bus","arr":["1A","1B"],"angle":43.8,"mi":8}},{"type":"Feature","geometry":{"type":"Point","coordinates":[19.805818,41.312098]},"properties":{"lines":"1A, 1B","color":"#0059a9","mode":"bus","arr":["1A","1B"],"angle":-73.4,"mi":7}},{"type":"Feature","geometry":{"type":"Point","coordinates":[19.805382,41.312428]},"properties":{"lines":"1A, 1B","color":"#0059a9","mode":"bus","arr":["1A","1B"],"angle":14.2,"mi":5}},{"type":"Feature","geometry":{"type":"Point","coordinates":[19.803766,41.312868]},"properties":{"lines":"1A, 1B","color":"#0059a9","mode":"bus","arr":["1A","1B"],"angle":22.9,"mi":4}},{"type":"Feature","geometry":{"type":"Point","coordinates":[19.803211,41.313575]},"properties":{"lines":"1A, 1B","color":"#0059a9","mode":"bus","arr":["1A","1B"],"angle":-0.2,"mi":3}},{"type":"Feature","geometry":{"type":"Point","coordinates":[19.801672,41.313767]},"properties":{"lines":"1A, 1B","color":"#0059a9","mode":"bus","arr":["1A","1B"],"angle":13.7,"extra":1,"ei":0}},{"type":"Feature","geometry":{"type":"Point","coordinates":[19.806181,41.315293]},"properties":{"lines":"1A, 1B","color":"#0059a9","mode":"bus","arr":["1A","1B"],"angle":-72.2,"mi":1}},{"type":"Feature","geometry":{"type":"Point","coordinates":[19.80736,41.318188]},"properties":{"lines":"1A, 1B","color":"#0059a9","mode":"bus","arr":["1A","1B"],"angle":-56.6,"mi":2}},{"type":"Feature","geometry":{"type":"Point","coordinates":[19.809392,41.320562]},"properties":{"lines":"1A, 1B","color":"#0059a9","mode":"bus","arr":["1A","1B"],"angle":-58,"mi":10}},{"type":"Feature","geometry":{"type":"Point","coordinates":[19.811835,41.322325]},"properties":{"lines":"1A, 1B, 16B","color":"#0059a9","mode":"bus","arr":["1A","1B","16B"],"angle":-11.9}},{"type":"Feature","geometry":{"type":"Point","coordinates":[19.813597,41.321801]},"properties":{"lines":"1A, 1B","color":"#0059a9","mode":"bus","arr":["1A","1B"],"angle":78.5,"mi":12}},{"type":"Feature","geometry":{"type":"Point","coordinates":[19.812973,41.324013]},"properties":{"lines":"1A, 1B","color":"#0059a9","mode":"bus","arr":["1A","1B"],"angle":78.1,"extra":1,"ei":0}},{"type":"Feature","geometry":{"type":"Point","coordinates":[19.814004,41.320316]},"properties":{"lines":"1A, 1B","color":"#0059a9","mode":"bus","arr":["1A","1B"],"angle":78.2,"extra":1,"ei":1}},{"type":"Feature","geometry":{"type":"Point","coordinates":[19.814809,41.325268]},"properties":{"lines":"1A, 1B","color":"#0059a9","mode":"bus","arr":["1A","1B"],"angle":-11.8,"mi":13}},{"type":"Feature","geometry":{"type":"Point","coordinates":[19.816407,41.325519]},"properties":{"lines":"1A, 1B","color":"#0059a9","mode":"bus","arr":["1A","1B"],"angle":-11.9,"extra":1,"ei":0}},{"type":"Feature","geometry":{"type":"Point","coordinates":[19.817959,41.325763]},"properties":{"lines":"1A, 1B, 3B, 3C, 4, 5A, 5B, 8A, 8B, 8C, 9A, 9B, 10A, 10B, 10C, 12A, 12B, 13A, 15A, 15B","color":"#0059a9","mode":"bus","arr":["1A","1B","3B","3C","4","5A","5B","8A","8B","8C","9A","9B","10A","10B","10C","12A","12B","13A","15A","15B"],"angle":-11.8}},{"type":"Feature","geometry":{"type":"Point","coordinates":[19.818995,41.32635]},"properties":{"lines":"1A, 1B, 2, 3B, 3C, 4, 5B, 8A, 8B, 8C, 9A, 9B, 10A, 10B, 10C, 12A, 12B, 13B, 15A, 15B","color":"#0059a9","mode":"bus","arr":["1A","1B","2","3B","3C","4","5B","8A","8B","8C","9A","9B","10A","10B","10C","12A","12B","13B","15A","15B"],"angle":78.5,"mi":1}},{"type":"Feature","geometry":{"type":"Point","coordinates":[19.819162,41.326968]},"properties":{"lines":"1A, 1B, 2, 3B, 3C, 4, 5B, 8A, 8B, 8C, 9A, 9B, 10A, 10B, 10C, 12A, 12B, 13B, 15A, 15B","color":"#0059a9","mode":"bus","arr":["1A","1B","2","3B","3C","4","5B","8A","8B","8C","9A","9B","10A","10B","10C","12A","12B","13B","15A","15B"],"angle":-48.3}},{"type":"Feature","geometry":{"type":"Point","coordinates":[19.821074,41.327304]},"properties":{"lines":"1A, 1B, 2, 3B, 3C, 4, 5B, 8A, 8B, 8C, 9A, 9B, 10A, 10B, 10C, 12A, 12B, 13B, 15A, 15B","color":"#0059a9","mode":"bus","arr":["1A","1B","2","3B","3C","4","5B","8A","8B","8C","9A","9B","10A","10B","10C","12A","12B","13B","15A","15B"],"angle":-6.7,"mi":2}},{"type":"Feature","geometry":{"type":"Point","coordinates":[19.822215,41.328018]},"properties":{"lines":"1A, 1B, 2, 3B, 3C, 4, 5A, 5B, 8A, 8B, 8C, 9A, 9B, 10A, 10B, 10C, 12A, 12B, 13B, 15A, 15B","color":"#0059a9","mode":"bus","arr":["1A","1B","2","3B","3C","4","5A","5B","8A","8B","8C","9A","9B","10A","10B","10C","12A","12B","13B","15A","15B"],"angle":65}},{"type":"Feature","geometry":{"type":"Point","coordinates":[19.821307,41.32962]},"properties":{"lines":"1A, 1B, 2, 4, 5A, 5B, 8A, 8B, 8C, 12A, 12B, 13B, 15A, 15B","color":"#0059a9","mode":"bus","arr":["1A","1B","2","4","5A","5B","8A","8B","8C","12A","12B","13B","15A","15B"],"angle":66.5}},{"type":"Feature","geometry":{"type":"Point","coordinates":[19.81916,41.330497]},"properties":{"lines":"1A, 1B, 3B, 3C, 4, 5A, 5B, 6, 8A, 8B, 8C, 9A, 9B, 10A, 10B, 10C, 12A, 12B, 13B, 15A, 15B","color":"#0059a9","mode":"bus","arr":["1A","1B","3B","3C","4","5A","5B","6","8A","8B","8C","9A","9B","10A","10B","10C","12A","12B","13B","15A","15B"],"angle":-10.1}},{"type":"Feature","geometry":{"type":"Point","coordinates":[19.817211,41.332995]},"properties":{"lines":"1A, 1B, 9A, 9B, 12A, 12B, 13B","color":"#0059a9","mode":"bus","arr":["1A","1B","9A","9B","12A","12B","13B"],"angle":78.1}},{"type":"Feature","geometry":{"type":"Point","coordinates":[19.817691,41.331256]},"properties":{"lines":"1A, 1B, 9A, 9B, 12A, 12B, 13B","color":"#0059a9","mode":"bus","arr":["1A","1B","9A","9B","12A","12B","13B"],"angle":78.3,"extra":1,"ei":0}},{"type":"Feature","geometry":{"type":"Point","coordinates":[19.816659,41.334953]},"properties":{"lines":"1A, 1B, 9A, 9B, 12A, 12B, 13B","color":"#0059a9","mode":"bus","arr":["1A","1B","9A","9B","12A","12B","13B"],"angle":78.7,"extra":1,"ei":1}},{"type":"Feature","geometry":{"type":"Point","coordinates":[19.817134,41.336036]},"properties":{"lines":"1A, 1B, 6, 12A, 12B, 16A","color":"#0059a9","mode":"bus","arr":["1A","1B","6","12A","12B","16A"],"angle":-13.1,"side":-1}},{"type":"Feature","geometry":{"type":"Point","coordinates":[19.818766,41.336564]},"properties":{"lines":"1A, 1B, 12A, 12B, 16A","color":"#0059a9","mode":"bus","arr":["1A","1B","12A","12B","16A"],"angle":-27.3,"side":-1}},{"type":"Feature","geometry":{"type":"Point","coordinates":[19.82292,41.338936]},"properties":{"lines":"1A, 1B, 12B, 16A","color":"#0059a9","mode":"bus","arr":["1A","1B","12B","16A"],"angle":-43.1,"side":-1}},{"type":"Feature","geometry":{"type":"Point","coordinates":[19.821083,41.337639]},"properties":{"lines":"1A, 1B, 12B, 16A","color":"#0059a9","mode":"bus","arr":["1A","1B","12B","16A"],"angle":-37.8,"extra":1,"ei":0,"side":-1}},{"type":"Feature","geometry":{"type":"Point","coordinates":[19.825078,41.339858]},"properties":{"lines":"1A, 1B, 12B, 16A","color":"#0059a9","mode":"bus","arr":["1A","1B","12B","16A"],"angle":-17.8,"extra":1,"ei":1,"side":-1}},{"type":"Feature","geometry":{"type":"Point","coordinates":[19.827785,41.340232]},"properties":{"lines":"1A, 1B, 16A","color":"#0059a9","mode":"bus","arr":["1A","1B","16A"],"angle":-7.6,"side":-1}},{"type":"Feature","geometry":{"type":"Point","coordinates":[19.833889,41.342411]},"properties":{"lines":"1A, 1B, 15A, 15B","color":"#0059a9","mode":"bus","arr":["1A","1B","15A","15B"],"angle":-34.2,"side":-1}},{"type":"Feature","geometry":{"type":"Point","coordinates":[19.830156,41.340528]},"properties":{"lines":"1A, 1B, 15A, 15B","color":"#0059a9","mode":"bus","arr":["1A","1B","15A","15B"],"angle":-33.4,"extra":1,"ei":0,"side":-1}},{"type":"Feature","geometry":{"type":"Point","coordinates":[19.832251,41.341573]},"properties":{"lines":"1A, 1B, 15A, 15B","color":"#0059a9","mode":"bus","arr":["1A","1B","15A","15B"],"angle":-34.1,"extra":1,"ei":1,"side":-1}},{"type":"Feature","geometry":{"type":"Point","coordinates":[19.836262,41.343837]},"properties":{"lines":"1A, 1B, 15A, 15B","color":"#0059a9","mode":"bus","arr":["1A","1B","15A","15B"],"angle":-42.8,"extra":1,"ei":2,"side":-1}},{"type":"Feature","geometry":{"type":"Point","coordinates":[19.838101,41.345124]},"properties":{"lines":"1A, 1B, 15A, 15B","color":"#0059a9","mode":"bus","arr":["1A","1B","15A","15B"],"angle":-42.9,"extra":1,"ei":3,"side":-1}},{"type":"Feature","geometry":{"type":"Point","coordinates":[19.838342,41.346084]},"properties":{"lines":"1A, 1B","color":"#0059a9","mode":"bus","arr":["1A","1B"],"angle":79.7,"mi":1}},{"type":"Feature","geometry":{"type":"Point","coordinates":[19.83576,41.346602]},"properties":{"lines":"1A, 1B","color":"#0059a9","mode":"bus","arr":["1A","1B"],"angle":-8.1}},{"type":"Feature","geometry":{"type":"Point","coordinates":[19.83304,41.34877]},"properties":{"lines":"1A, 1B","color":"#0059a9","mode":"bus","arr":["1A","1B"],"angle":77.3,"mi":2}},{"type":"Feature","geometry":{"type":"Point","coordinates":[19.832494,41.350227]},"properties":{"lines":"1A, 1B","color":"#0059a9","mode":"bus","arr":["1A","1B"],"angle":64.2,"extra":1,"ei":0}},{"type":"Feature","geometry":{"type":"Point","coordinates":[19.833513,41.346574]},"properties":{"lines":"1A, 1B","color":"#0059a9","mode":"bus","arr":["1A","1B"],"angle":-87.5,"extra":1,"ei":1}},{"type":"Feature","geometry":{"type":"Point","coordinates":[19.827704,41.340298]},"properties":{"lines":"1A, 1B, 16B","color":"#0059a9","mode":"bus","arr":["1A","1B","16B"],"angle":-7.7}},{"type":"Feature","geometry":{"type":"Point","coordinates":[19.822896,41.339012]},"properties":{"lines":"1A, 1B, 12B, 16B","color":"#0059a9","mode":"bus","arr":["1A","1B","12B","16B"],"angle":-42.6}},{"type":"Feature","geometry":{"type":"Point","coordinates":[19.825113,41.339942]},"properties":{"lines":"1A, 1B, 12B, 16B","color":"#0059a9","mode":"bus","arr":["1A","1B","12B","16B"],"angle":-17.4,"extra":1,"ei":0}},{"type":"Feature","geometry":{"type":"Point","coordinates":[19.8211,41.337744]},"properties":{"lines":"1A, 1B, 12B, 16B","color":"#0059a9","mode":"bus","arr":["1A","1B","12B","16B"],"angle":-38.1,"extra":1,"ei":1}},{"type":"Feature","geometry":{"type":"Point","coordinates":[19.818714,41.336622]},"properties":{"lines":"1A, 1B, 12A, 12B, 16B","color":"#0059a9","mode":"bus","arr":["1A","1B","12A","12B","16B"],"angle":-27.5}},{"type":"Feature","geometry":{"type":"Point","coordinates":[19.817129,41.336117]},"properties":{"lines":"1A, 1B, 2, 12A, 12B, 16B","color":"#0059a9","mode":"bus","arr":["1A","1B","2","12A","12B","16B"],"angle":-12.5,"mi":1}},{"type":"Feature","geometry":{"type":"Point","coordinates":[19.816616,41.33603]},"properties":{"lines":"1A, 1B, 2, 12A, 12B, 16B","color":"#0059a9","mode":"bus","arr":["1A","1B","2","12A","12B","16B"],"angle":-12.5}},{"type":"Feature","geometry":{"type":"Point","coordinates":[19.817026,41.332973]},"properties":{"lines":"1A, 1B, 2, 9A, 9B, 12A, 12B, 13A","color":"#0059a9","mode":"bus","arr":["1A","1B","2","9A","9B","12A","12B","13A"],"angle":79.3,"side":-1}},{"type":"Feature","geometry":{"type":"Point","coordinates":[19.816564,41.33472]},"properties":{"lines":"1A, 1B, 2, 9A, 9B, 12A, 12B, 13A","color":"#0059a9","mode":"bus","arr":["1A","1B","2","9A","9B","12A","12B","13A"],"angle":78.1,"extra":1,"ei":0,"side":-1}},{"type":"Feature","geometry":{"type":"Point","coordinates":[19.817563,41.331019]},"properties":{"lines":"1A, 1B, 2, 9A, 9B, 12A, 12B, 13A","color":"#0059a9","mode":"bus","arr":["1A","1B","2","9A","9B","12A","12B","13A"],"angle":78.3,"extra":1,"ei":1,"side":-1}},{"type":"Feature","geometry":{"type":"Point","coordinates":[19.816694,41.330101]},"properties":{"lines":"1A, 1B, 2, 3B, 3C, 4, 5A, 5B, 6, 8A, 8B, 8C, 9A, 9B, 10A, 10B, 10C, 12A, 12B, 13A, 15A, 15B","color":"#0059a9","mode":"bus","arr":["1A","1B","2","3B","3C","4","5A","5B","6","8A","8B","8C","9A","9B","10A","10B","10C","12A","12B","13A","15A","15B"],"angle":-31}},{"type":"Feature","geometry":{"type":"Point","coordinates":[19.816049,41.3292]},"properties":{"lines":"1A, 1B, 2, 3C, 5A, 8A, 8B, 8C, 9A, 9B, 10A, 10B, 10C, 12A, 12B, 13A, 15A, 15B","color":"#0059a9","mode":"bus","arr":["1A","1B","2","3C","5A","8A","8B","8C","9A","9B","10A","10B","10C","12A","12B","13A","15A","15B"],"angle":-74.9,"side":-1}},{"type":"Feature","geometry":{"type":"Point","coordinates":[19.816139,41.3284]},"properties":{"lines":"1A, 1B, 2, 4, 5A, 5B, 8A, 8B, 8C, 9A, 9B, 10A, 10B, 13A","color":"#0059a9","mode":"bus","arr":["1A","1B","2","4","5A","5B","8A","8B","8C","9A","9B","10A","10B","13A"],"angle":79.6}},{"type":"Feature","geometry":{"type":"Point","coordinates":[19.816549,41.326848]},"properties":{"lines":"1A, 1B, 2, 3B, 3C, 4, 5A, 5B, 8A, 8B, 8C, 9A, 9B, 10A, 10B, 10C, 12A, 12B, 13A, 15A, 15B","color":"#0059a9","mode":"bus","arr":["1A","1B","2","3B","3C","4","5A","5B","8A","8B","8C","9A","9B","10A","10B","10C","12A","12B","13A","15A","15B"],"angle":78}},{"type":"Feature","geometry":{"type":"Point","coordinates":[19.817175,41.324633]},"properties":{"lines":"1A, 1B, 2","color":"#0059a9","mode":"bus","arr":["1A","1B","2"],"angle":78}},{"type":"Feature","geometry":{"type":"Point","coordinates":[19.815356,41.323337]},"properties":{"lines":"1A, 1B, 16A","color":"#0059a9","mode":"bus","arr":["1A","1B","16A"],"angle":-11.6}},{"type":"Feature","geometry":{"type":"Point","coordinates":[19.813755,41.323086]},"properties":{"lines":"1A, 1B, 16A","color":"#0059a9","mode":"bus","arr":["1A","1B","16A"],"angle":-12.1,"extra":1,"ei":0}},{"type":"Feature","geometry":{"type":"Point","coordinates":[19.812628,41.318119]},"properties":{"lines":"1A, 1B, 13A","color":"#0059a9","mode":"bus","arr":["1A","1B","13A"],"angle":-12.3,"mi":2}},{"type":"Feature","geometry":{"type":"Point","coordinates":[19.809207,41.318505]},"properties":{"lines":"1A, 1B, 13A","color":"#0059a9","mode":"bus","arr":["1A","1B","13A"],"angle":33.6,"mi":1}},{"type":"Feature","geometry":{"type":"Point","coordinates":[19.810572,41.31786]},"properties":{"lines":"1A, 1B, 13A","color":"#0059a9","mode":"bus","arr":["1A","1B","13A"],"angle":16.1}},{"type":"Feature","geometry":{"type":"Point","coordinates":[19.805085,41.315406]},"properties":{"lines":"1A, 1B","color":"#0059a9","mode":"bus","arr":["1A","1B"],"angle":-61.4}},{"type":"Feature","geometry":{"type":"Point","coordinates":[19.805911,41.316417]},"properties":{"lines":"1A, 1B","color":"#0059a9","mode":"bus","arr":["1A","1B"],"angle":-58.3,"extra":1,"ei":0}},{"type":"Feature","geometry":{"type":"Point","coordinates":[19.798146,41.309844]},"properties":{"lines":"1B","color":"#0059a9","mode":"bus","arr":["1B"],"angle":-75}},{"type":"Feature","geometry":{"type":"Point","coordinates":[19.797751,41.312064]},"properties":{"lines":"1B","color":"#0059a9","mode":"bus","arr":["1B"],"angle":-53.2,"extra":1,"ei":0}},{"type":"Feature","geometry":{"type":"Point","coordinates":[19.798738,41.307189]},"properties":{"lines":"1B","color":"#0059a9","mode":"bus","arr":["1B"],"angle":-56.8,"extra":1,"ei":1}},{"type":"Feature","geometry":{"type":"Point","coordinates":[19.798332,41.313823]},"properties":{"lines":"1B","color":"#0059a9","mode":"bus","arr":["1B"],"angle":-87,"mi":1}},{"type":"Feature","geometry":{"type":"Point","coordinates":[19.857698,41.282289]},"properties":{"lines":"2, 8A","color":"#0059a9","mode":"bus","arr":["2","8A"],"angle":-49.7,"mi":2}},{"type":"Feature","geometry":{"type":"Point","coordinates":[19.85568,41.281665]},"properties":{"lines":"2","color":"#0059a9","mode":"bus","arr":["2"],"angle":44.5,"mi":5}},{"type":"Feature","geometry":{"type":"Point","coordinates":[19.855259,41.282158]},"properties":{"lines":"2","color":"#0059a9","mode":"bus","arr":["2"],"angle":-30.6,"side":-1,"mi":3}},{"type":"Feature","geometry":{"type":"Point","coordinates":[19.854452,41.282756]},"properties":{"lines":"2","color":"#0059a9","mode":"bus","arr":["2"],"angle":35.8}},{"type":"Feature","geometry":{"type":"Point","coordinates":[19.852895,41.284851]},"properties":{"lines":"2","color":"#0059a9","mode":"bus","arr":["2"],"angle":72.8,"mi":7}},{"type":"Feature","geometry":{"type":"Point","coordinates":[19.85235,41.286046]},"properties":{"lines":"2","color":"#0059a9","mode":"bus","arr":["2"],"angle":64.9,"extra":1,"ei":0}},{"type":"Feature","geometry":{"type":"Point","coordinates":[19.823713,41.30478]},"properties":{"lines":"2","color":"#0059a9","mode":"bus","arr":["2"],"angle":37.3,"mi":6}},{"type":"Feature","geometry":{"type":"Point","coordinates":[19.815943,41.305723]},"properties":{"lines":"2","color":"#0059a9","mode":"bus","arr":["2"],"angle":-24,"mi":2}},{"type":"Feature","geometry":{"type":"Point","coordinates":[19.852578,41.284594]},"properties":{"lines":"2","color":"#0059a9","mode":"bus","arr":["2"],"angle":71.4,"mi":6}},{"type":"Feature","geometry":{"type":"Point","coordinates":[19.853082,41.283258]},"properties":{"lines":"2","color":"#0059a9","mode":"bus","arr":["2"],"angle":87.9,"extra":1,"ei":0}},{"type":"Feature","geometry":{"type":"Point","coordinates":[19.854424,41.282678]},"properties":{"lines":"2","color":"#0059a9","mode":"bus","arr":["2"],"angle":35.5,"mi":1}},{"type":"Feature","geometry":{"type":"Point","coordinates":[19.855552,41.282628]},"properties":{"lines":"2","color":"#0059a9","mode":"bus","arr":["2"],"angle":-43.7,"mi":2}},{"type":"Feature","geometry":{"type":"Point","coordinates":[19.856016,41.282965]},"properties":{"lines":"2","color":"#0059a9","mode":"bus","arr":["2"],"angle":-41.3,"mi":4}},{"type":"Feature","geometry":{"type":"Point","coordinates":[19.838768,41.301231]},"properties":{"lines":"2","color":"#0059a9","mode":"bus","arr":["2"],"angle":58,"side":-1}},{"type":"Feature","geometry":{"type":"Point","coordinates":[19.848457,41.291697]},"properties":{"lines":"2","color":"#0059a9","mode":"bus","arr":["2"],"angle":52.9,"extra":1,"ei":0}},{"type":"Feature","geometry":{"type":"Point","coordinates":[19.846939,41.293202]},"properties":{"lines":"2","color":"#0059a9","mode":"bus","arr":["2"],"angle":52.8,"extra":1,"ei":1}},{"type":"Feature","geometry":{"type":"Point","coordinates":[19.845415,41.294704]},"properties":{"lines":"2","color":"#0059a9","mode":"bus","arr":["2"],"angle":52.6,"extra":1,"ei":2}},{"type":"Feature","geometry":{"type":"Point","coordinates":[19.843886,41.296204]},"properties":{"lines":"2","color":"#0059a9","mode":"bus","arr":["2"],"angle":52.5,"extra":1,"ei":3}},{"type":"Feature","geometry":{"type":"Point","coordinates":[19.842357,41.297703]},"properties":{"lines":"2","color":"#0059a9","mode":"bus","arr":["2"],"angle":52.6,"extra":1,"ei":4}},{"type":"Feature","geometry":{"type":"Point","coordinates":[19.840838,41.299208]},"properties":{"lines":"2","color":"#0059a9","mode":"bus","arr":["2"],"angle":52.8,"extra":1,"ei":5}},{"type":"Feature","geometry":{"type":"Point","coordinates":[19.83801,41.302328]},"properties":{"lines":"2","color":"#0059a9","mode":"bus","arr":["2"],"angle":55.3,"extra":1,"ei":6}},{"type":"Feature","geometry":{"type":"Point","coordinates":[19.836037,41.303441]},"properties":{"lines":"2","color":"#0059a9","mode":"bus","arr":["2"],"angle":19.9,"extra":1,"ei":7}},{"type":"Feature","geometry":{"type":"Point","coordinates":[19.833617,41.3039]},"properties":{"lines":"2","color":"#0059a9","mode":"bus","arr":["2"],"angle":-1.6,"extra":1,"ei":8}},{"type":"Feature","geometry":{"type":"Point","coordinates":[19.831215,41.303377]},"properties":{"lines":"2","color":"#0059a9","mode":"bus","arr":["2"],"angle":-20.7,"extra":1,"ei":9}},{"type":"Feature","geometry":{"type":"Point","coordinates":[19.828771,41.303078]},"properties":{"lines":"2","color":"#0059a9","mode":"bus","arr":["2"],"angle":9.6,"extra":1,"ei":10}},{"type":"Feature","geometry":{"type":"Point","coordinates":[19.826482,41.303838]},"properties":{"lines":"2","color":"#0059a9","mode":"bus","arr":["2"],"angle":26.6,"extra":1,"ei":11}},{"type":"Feature","geometry":{"type":"Point","coordinates":[19.817704,41.305292]},"properties":{"lines":"2","color":"#0059a9","mode":"bus","arr":["2"],"angle":18.6,"extra":1,"ei":0}},{"type":"Feature","geometry":{"type":"Point","coordinates":[19.820197,41.305143]},"properties":{"lines":"2","color":"#0059a9","mode":"bus","arr":["2"],"angle":3.7,"extra":1,"ei":1}},{"type":"Feature","geometry":{"type":"Point","coordinates":[19.822664,41.304801]},"properties":{"lines":"2","color":"#0059a9","mode":"bus","arr":["2"],"angle":16.2,"extra":1,"ei":2}},{"type":"Feature","geometry":{"type":"Point","coordinates":[19.850267,41.289369]},"properties":{"lines":"2","color":"#0059a9","mode":"bus","arr":["2"],"angle":62.1,"extra":1,"ei":3}},{"type":"Feature","geometry":{"type":"Point","coordinates":[19.851346,41.287665]},"properties":{"lines":"2","color":"#0059a9","mode":"bus","arr":["2"],"angle":67.9,"extra":1,"ei":4}},{"type":"Feature","geometry":{"type":"Point","coordinates":[19.822169,41.305211]},"properties":{"lines":"2","color":"#0059a9","mode":"bus","arr":["2"],"angle":-20.1,"mi":5}},{"type":"Feature","geometry":{"type":"Point","coordinates":[19.815169,41.305555]},"properties":{"lines":"2","color":"#0059a9","mode":"bus","arr":["2"],"angle":41.9,"mi":3}},{"type":"Feature","geometry":{"type":"Point","coordinates":[19.820545,41.304983]},"properties":{"lines":"2","color":"#0059a9","mode":"bus","arr":["2"],"angle":8.2,"extra":1,"ei":0,"side":-1}},{"type":"Feature","geometry":{"type":"Point","coordinates":[19.818037,41.304996]},"properties":{"lines":"2","color":"#0059a9","mode":"bus","arr":["2"],"angle":-9.4,"extra":1,"ei":1,"side":-1}},{"type":"Feature","geometry":{"type":"Point","coordinates":[19.813918,41.306684]},"properties":{"lines":"2","color":"#0059a9","mode":"bus","arr":["2"],"angle":40.9,"extra":1,"ei":2}},{"type":"Feature","geometry":{"type":"Point","coordinates":[19.811972,41.307864]},"properties":{"lines":"2","color":"#0059a9","mode":"bus","arr":["2"],"angle":46.3,"extra":1,"ei":3}},{"type":"Feature","geometry":{"type":"Point","coordinates":[19.812991,41.31127]},"properties":{"lines":"2","color":"#0059a9","mode":"bus","arr":["2"],"angle":-44.5,"mi":1}},{"type":"Feature","geometry":{"type":"Point","coordinates":[19.815611,41.313137]},"properties":{"lines":"2","color":"#0059a9","mode":"bus","arr":["2"],"angle":-70}},{"type":"Feature","geometry":{"type":"Point","coordinates":[19.815167,41.316196]},"properties":{"lines":"2","color":"#0059a9","mode":"bus","arr":["2"],"angle":78.3,"mi":4}},{"type":"Feature","geometry":{"type":"Point","coordinates":[19.815513,41.314943]},"properties":{"lines":"2","color":"#0059a9","mode":"bus","arr":["2"],"angle":78.3,"extra":1,"ei":0}},{"type":"Feature","geometry":{"type":"Point","coordinates":[19.817898,41.31917]},"properties":{"lines":"2, 13A, 13B","color":"#0059a9","mode":"bus","arr":["2","13A","13B"],"angle":-11.2}},{"type":"Feature","geometry":{"type":"Point","coordinates":[19.816276,41.318925]},"properties":{"lines":"2, 13A, 13B","color":"#0059a9","mode":"bus","arr":["2","13A","13B"],"angle":-11.8,"extra":1,"ei":0}},{"type":"Feature","geometry":{"type":"Point","coordinates":[19.820166,41.322168]},"properties":{"lines":"2, 13B","color":"#0059a9","mode":"bus","arr":["2","13B"],"angle":78.2}},{"type":"Feature","geometry":{"type":"Point","coordinates":[19.821015,41.318638]},"properties":{"lines":"2, 13B","color":"#0059a9","mode":"bus","arr":["2","13B"],"angle":78.6,"extra":1,"ei":0,"side":-1}},{"type":"Feature","geometry":{"type":"Point","coordinates":[19.819414,41.32486]},"properties":{"lines":"2, 13B","color":"#0059a9","mode":"bus","arr":["2","13B"],"angle":78.2,"extra":1,"ei":0}},{"type":"Feature","geometry":{"type":"Point","coordinates":[19.819158,41.333403]},"properties":{"lines":"2, 6","color":"#0059a9","mode":"bus","arr":["2","6"],"angle":66.4}},{"type":"Feature","geometry":{"type":"Point","coordinates":[19.820266,41.331499]},"properties":{"lines":"2, 6","color":"#0059a9","mode":"bus","arr":["2","6"],"angle":66.4,"extra":1,"ei":0}},{"type":"Feature","geometry":{"type":"Point","coordinates":[19.818255,41.33496]},"properties":{"lines":"2, 6","color":"#0059a9","mode":"bus","arr":["2","6"],"angle":66.5,"extra":1,"ei":1}},{"type":"Feature","geometry":{"type":"Point","coordinates":[19.817504,41.323449]},"properties":{"lines":"2","color":"#0059a9","mode":"bus","arr":["2"],"angle":78.9,"mi":7}},{"type":"Feature","geometry":{"type":"Point","coordinates":[19.818609,41.323396]},"properties":{"lines":"2, 16B","color":"#0059a9","mode":"bus","arr":["2","16B"],"angle":-11.9}},{"type":"Feature","geometry":{"type":"Point","coordinates":[19.820211,41.321563]},"properties":{"lines":"2, 13A","color":"#0059a9","mode":"bus","arr":["2","13A"],"angle":78.1,"side":-1}},{"type":"Feature","geometry":{"type":"Point","coordinates":[19.814791,41.31872]},"properties":{"lines":"2, 13A","color":"#0059a9","mode":"bus","arr":["2","13A"],"angle":-9.2,"mi":1}},{"type":"Feature","geometry":{"type":"Point","coordinates":[19.85636,41.281095]},"properties":{"lines":"2, 8A","color":"#0059a9","mode":"bus","arr":["2","8A"],"angle":-74.3}},{"type":"Feature","geometry":{"type":"Point","coordinates":[19.854813,41.281122]},"properties":{"lines":"2, 8A","color":"#0059a9","mode":"bus","arr":["2","8A"],"angle":70.3,"mi":1}},{"type":"Feature","geometry":{"type":"Point","coordinates":[19.85431,41.282912]},"properties":{"lines":"2, 8A","color":"#0059a9","mode":"bus","arr":["2","8A"],"angle":-53.9,"extra":1,"ei":0,"side":-1}},{"type":"Feature","geometry":{"type":"Point","coordinates":[19.856314,41.28067]},"properties":{"lines":"2, 8A","color":"#0059a9","mode":"bus","arr":["2","8A"],"angle":32.1,"extra":1,"ei":1,"side":-1}},{"type":"Feature","geometry":{"type":"Point","coordinates":[19.854853,41.283341]},"properties":{"lines":"2, 8A","color":"#0059a9","mode":"bus","arr":["2","8A"],"angle":-36.3,"mi":3}},{"type":"Feature","geometry":{"type":"Point","coordinates":[19.764571,41.339796]},"properties":{"lines":"3A, 3B","color":"#0059a9","mode":"bus","arr":["3A","3B"],"angle":-51.9,"mi":1}},{"type":"Feature","geometry":{"type":"Point","coordinates":[19.76825,41.339179]},"properties":{"lines":"3A, 3B","color":"#0059a9","mode":"bus","arr":["3A","3B"],"angle":43.8}},{"type":"Feature","geometry":{"type":"Point","coordinates":[19.772467,41.336301]},"properties":{"lines":"3A, 3B","color":"#0059a9","mode":"bus","arr":["3A","3B"],"angle":42.5,"mi":2}},{"type":"Feature","geometry":{"type":"Point","coordinates":[19.766672,41.340282]},"properties":{"lines":"3A, 3B","color":"#0059a9","mode":"bus","arr":["3A","3B"],"angle":42,"extra":1,"ei":0}},{"type":"Feature","geometry":{"type":"Point","coordinates":[19.770377,41.33773]},"properties":{"lines":"3A, 3B","color":"#0059a9","mode":"bus","arr":["3A","3B"],"angle":42.6,"extra":1,"ei":1}},{"type":"Feature","geometry":{"type":"Point","coordinates":[19.771397,41.33698]},"properties":{"lines":"3A","color":"#0059a9","mode":"bus","arr":["3A"],"angle":42.7,"side":-1,"mi":5}},{"type":"Feature","geometry":{"type":"Point","coordinates":[19.773135,41.335801]},"properties":{"lines":"3A","color":"#0059a9","mode":"bus","arr":["3A"],"angle":44.6,"side":-1,"mi":3}},{"type":"Feature","geometry":{"type":"Point","coordinates":[19.776888,41.333257]},"properties":{"lines":"3A","color":"#0059a9","mode":"bus","arr":["3A"],"angle":42,"side":-1}},{"type":"Feature","geometry":{"type":"Point","coordinates":[19.774384,41.334949]},"properties":{"lines":"3A","color":"#0059a9","mode":"bus","arr":["3A"],"angle":41.9,"extra":1,"ei":0,"side":-1}},{"type":"Feature","geometry":{"type":"Point","coordinates":[19.778122,41.332423]},"properties":{"lines":"3A","color":"#0059a9","mode":"bus","arr":["3A"],"angle":42,"extra":1,"ei":1,"side":-1}},{"type":"Feature","geometry":{"type":"Point","coordinates":[19.780004,41.331171]},"properties":{"lines":"3A","color":"#0059a9","mode":"bus","arr":["3A"],"angle":40,"extra":1,"ei":2,"side":-1}},{"type":"Feature","geometry":{"type":"Point","coordinates":[19.781688,41.330101]},"properties":{"lines":"3A","color":"#0059a9","mode":"bus","arr":["3A"],"angle":40.4,"side":-1,"mi":1}},{"type":"Feature","geometry":{"type":"Point","coordinates":[19.783946,41.329293]},"properties":{"lines":"3A","color":"#0059a9","mode":"bus","arr":["3A"],"angle":-21.5,"side":-1,"mi":2}},{"type":"Feature","geometry":{"type":"Point","coordinates":[19.784877,41.329569]},"properties":{"lines":"3A","color":"#0059a9","mode":"bus","arr":["3A"],"angle":-21.5,"mi":4}},{"type":"Feature","geometry":{"type":"Point","coordinates":[19.783222,41.334615]},"properties":{"lines":"3A, 13A","color":"#0059a9","mode":"bus","arr":["3A","13A"],"angle":-85.7}},{"type":"Feature","geometry":{"type":"Point","coordinates":[19.784838,41.330571]},"properties":{"lines":"3A, 13A","color":"#0059a9","mode":"bus","arr":["3A","13A"],"angle":67.2,"extra":1,"ei":0}},{"type":"Feature","geometry":{"type":"Point","coordinates":[19.783918,41.332326]},"properties":{"lines":"3A, 13A","color":"#0059a9","mode":"bus","arr":["3A","13A"],"angle":65.6,"extra":1,"ei":1}},{"type":"Feature","geometry":{"type":"Point","coordinates":[19.783717,41.335957]},"properties":{"lines":"3A, 13A","color":"#0059a9","mode":"bus","arr":["3A","13A"],"angle":-63.6,"extra":1,"ei":2}},{"type":"Feature","geometry":{"type":"Point","coordinates":[19.785084,41.337539]},"properties":{"lines":"3A, 13A","color":"#0059a9","mode":"bus","arr":["3A","13A"],"angle":-54,"extra":1,"ei":3}},{"type":"Feature","geometry":{"type":"Point","coordinates":[19.786554,41.339069]},"properties":{"lines":"3A, 13A","color":"#0059a9","mode":"bus","arr":["3A","13A"],"angle":-57.6,"extra":1,"ei":4}},{"type":"Feature","geometry":{"type":"Point","coordinates":[19.795365,41.336109]},"properties":{"lines":"3A, 4, 5B, 13A","color":"#0059a9","mode":"bus","arr":["3A","4","5B","13A"],"angle":24.6,"side":-1}},{"type":"Feature","geometry":{"type":"Point","coordinates":[19.78774,41.338737]},"properties":{"lines":"3A, 4, 5B, 13A","color":"#0059a9","mode":"bus","arr":["3A","4","5B","13A"],"angle":22.8,"extra":1,"ei":0,"side":-1}},{"type":"Feature","geometry":{"type":"Point","coordinates":[19.790031,41.33796]},"properties":{"lines":"3A, 4, 5B, 13A","color":"#0059a9","mode":"bus","arr":["3A","4","5B","13A"],"angle":24.8,"extra":1,"ei":1,"side":-1}},{"type":"Feature","geometry":{"type":"Point","coordinates":[19.792313,41.337168]},"properties":{"lines":"3A, 4, 5B, 13A","color":"#0059a9","mode":"bus","arr":["3A","4","5B","13A"],"angle":25.5,"extra":1,"ei":2,"side":-1}},{"type":"Feature","geometry":{"type":"Point","coordinates":[19.79688,41.335586]},"properties":{"lines":"3A, 4, 5B, 13A","color":"#0059a9","mode":"bus","arr":["3A","4","5B","13A"],"angle":24.6,"extra":1,"ei":3,"side":-1}},{"type":"Feature","geometry":{"type":"Point","coordinates":[19.799163,41.334795]},"properties":{"lines":"3A, 4, 5B, 13A","color":"#0059a9","mode":"bus","arr":["3A","4","5B","13A"],"angle":24.8,"extra":1,"ei":4,"side":-1}},{"type":"Feature","geometry":{"type":"Point","coordinates":[19.801444,41.334]},"properties":{"lines":"3A, 4, 5B, 13A","color":"#0059a9","mode":"bus","arr":["3A","4","5B","13A"],"angle":24.8,"extra":1,"ei":5,"side":-1}},{"type":"Feature","geometry":{"type":"Point","coordinates":[19.803711,41.333188]},"properties":{"lines":"3A, 4, 5B, 13A","color":"#0059a9","mode":"bus","arr":["3A","4","5B","13A"],"angle":38.1,"extra":1,"ei":6,"side":-1}},{"type":"Feature","geometry":{"type":"Point","coordinates":[19.809984,41.331082]},"properties":{"lines":"3A, 4, 5B","color":"#0059a9","mode":"bus","arr":["3A","4","5B"],"angle":24.9}},{"type":"Feature","geometry":{"type":"Point","coordinates":[19.805824,41.332529]},"properties":{"lines":"3A, 4, 5B","color":"#0059a9","mode":"bus","arr":["3A","4","5B"],"angle":23.9,"extra":1,"ei":0}},{"type":"Feature","geometry":{"type":"Point","coordinates":[19.808105,41.331733]},"properties":{"lines":"3A, 4, 5B","color":"#0059a9","mode":"bus","arr":["3A","4","5B"],"angle":24.7,"extra":1,"ei":1}},{"type":"Feature","geometry":{"type":"Point","coordinates":[19.812669,41.330147]},"properties":{"lines":"3A, 4, 5B","color":"#0059a9","mode":"bus","arr":["3A","4","5B"],"angle":24.8,"extra":1,"ei":2}},{"type":"Feature","geometry":{"type":"Point","coordinates":[19.814951,41.329354]},"properties":{"lines":"3A, 4, 5B","color":"#0059a9","mode":"bus","arr":["3A","4","5B"],"angle":24.8,"extra":1,"ei":3,"side":-1}},{"type":"Feature","geometry":{"type":"Point","coordinates":[19.816038,41.328349]},"properties":{"lines":"3A, 3C, 10C, 12A, 12B, 15A, 15B","color":"#0059a9","mode":"bus","arr":["3A","3C","10C","12A","12B","15A","15B"],"angle":-57.8}},{"type":"Feature","geometry":{"type":"Point","coordinates":[19.809583,41.327709]},"properties":{"lines":"3A, 3C, 10C, 12A, 12B, 15A, 15B","color":"#0059a9","mode":"bus","arr":["3A","3C","10C","12A","12B","15A","15B"],"angle":-22.4,"mi":1}},{"type":"Feature","geometry":{"type":"Point","coordinates":[19.81443,41.328275]},"properties":{"lines":"3A, 3C, 10C, 12A, 12B, 15A, 15B","color":"#0059a9","mode":"bus","arr":["3A","3C","10C","12A","12B","15A","15B"],"angle":3.3,"extra":1,"ei":0}},{"type":"Feature","geometry":{"type":"Point","coordinates":[19.811919,41.328357]},"properties":{"lines":"3A, 3C, 10C, 12A, 12B, 15A, 15B","color":"#0059a9","mode":"bus","arr":["3A","3C","10C","12A","12B","15A","15B"],"angle":-6,"extra":1,"ei":1}},{"type":"Feature","geometry":{"type":"Point","coordinates":[19.807245,41.326982]},"properties":{"lines":"3A, 3C, 10C, 12A, 12B, 15A, 15B","color":"#0059a9","mode":"bus","arr":["3A","3C","10C","12A","12B","15A","15B"],"angle":-22.6,"extra":1,"ei":2}},{"type":"Feature","geometry":{"type":"Point","coordinates":[19.804922,41.326259]},"properties":{"lines":"3A, 3C, 10C, 12A, 12B, 15A, 15B","color":"#0059a9","mode":"bus","arr":["3A","3C","10C","12A","12B","15A","15B"],"angle":-22.5,"extra":1,"ei":3}},{"type":"Feature","geometry":{"type":"Point","coordinates":[19.797945,41.324132]},"properties":{"lines":"3A, 3C, 12A, 12B, 15A, 15B","color":"#0059a9","mode":"bus","arr":["3A","3C","12A","12B","15A","15B"],"angle":-20.9,"mi":2}},{"type":"Feature","geometry":{"type":"Point","coordinates":[19.790043,41.321958]},"properties":{"lines":"3A, 3C, 12A, 12B, 15A, 15B","color":"#0059a9","mode":"bus","arr":["3A","3C","12A","12B","15A","15B"],"angle":-13.6}},{"type":"Feature","geometry":{"type":"Point","coordinates":[19.802628,41.325547]},"properties":{"lines":"3A, 3C, 12A, 12B, 15A, 15B","color":"#0059a9","mode":"bus","arr":["3A","3C","12A","12B","15A","15B"],"angle":-22.1,"extra":1,"ei":0}},{"type":"Feature","geometry":{"type":"Point","coordinates":[19.800298,41.324836]},"properties":{"lines":"3A, 3C, 12A, 12B, 15A, 15B","color":"#0059a9","mode":"bus","arr":["3A","3C","12A","12B","15A","15B"],"angle":-21.9,"extra":1,"ei":1}},{"type":"Feature","geometry":{"type":"Point","coordinates":[19.79561,41.32347]},"properties":{"lines":"3A, 3C, 12A, 12B, 15A, 15B","color":"#0059a9","mode":"bus","arr":["3A","3C","12A","12B","15A","15B"],"angle":-20.7,"extra":1,"ei":2}},{"type":"Feature","geometry":{"type":"Point","coordinates":[19.793258,41.322803]},"properties":{"lines":"3A, 3C, 12A, 12B, 15A, 15B","color":"#0059a9","mode":"bus","arr":["3A","3C","12A","12B","15A","15B"],"angle":-20.1,"extra":1,"ei":3}},{"type":"Feature","geometry":{"type":"Point","coordinates":[19.791264,41.322265]},"properties":{"lines":"3A, 3C, 12A, 12B, 13A, 15A, 15B","color":"#0059a9","mode":"bus","arr":["3A","3C","12A","12B","13A","15A","15B"],"angle":-19.2}},{"type":"Feature","geometry":{"type":"Point","coordinates":[19.786596,41.320728]},"properties":{"lines":"3A, 3C, 12A, 12B, 15A, 15B","color":"#0059a9","mode":"bus","arr":["3A","3C","12A","12B","15A","15B"],"angle":-24.4,"mi":1}},{"type":"Feature","geometry":{"type":"Point","coordinates":[19.788076,41.321251]},"properties":{"lines":"3A, 3C, 12A, 12B, 15A, 15B","color":"#0059a9","mode":"bus","arr":["3A","3C","12A","12B","15A","15B"],"angle":-26.2,"extra":1,"ei":0}},{"type":"Feature","geometry":{"type":"Point","coordinates":[19.780206,41.323257]},"properties":{"lines":"3A, 3B, 3C","color":"#0059a9","mode":"bus","arr":["3A","3B","3C"],"angle":10.5,"mi":2}},{"type":"Feature","geometry":{"type":"Point","coordinates":[19.78341,41.320642]},"properties":{"lines":"3A, 3B, 3C","color":"#0059a9","mode":"bus","arr":["3A","3B","3C"],"angle":-84.6,"extra":1,"ei":0}},{"type":"Feature","geometry":{"type":"Point","coordinates":[19.782853,41.322372]},"properties":{"lines":"3A, 3B, 3C","color":"#0059a9","mode":"bus","arr":["3A","3B","3C"],"angle":63.1,"extra":1,"ei":1}},{"type":"Feature","geometry":{"type":"Point","coordinates":[19.778246,41.323553]},"properties":{"lines":"3A, 3B, 3C","color":"#0059a9","mode":"bus","arr":["3A","3B","3C"],"angle":11.2,"extra":1,"ei":2}},{"type":"Feature","geometry":{"type":"Point","coordinates":[19.775864,41.32409]},"properties":{"lines":"3A, 3B, 3C","color":"#0059a9","mode":"bus","arr":["3A","3B","3C"],"angle":31,"extra":1,"ei":3}},{"type":"Feature","geometry":{"type":"Point","coordinates":[19.773861,41.327009]},"properties":{"lines":"3A, 3B, 3C","color":"#0059a9","mode":"bus","arr":["3A","3B","3C"],"angle":-84.5,"mi":1}},{"type":"Feature","geometry":{"type":"Point","coordinates":[19.772212,41.331222]},"properties":{"lines":"3A, 3B, 3C","color":"#0059a9","mode":"bus","arr":["3A","3B","3C"],"angle":49}},{"type":"Feature","geometry":{"type":"Point","coordinates":[19.773657,41.329263]},"properties":{"lines":"3A, 3B, 3C","color":"#0059a9","mode":"bus","arr":["3A","3B","3C"],"angle":65.6,"extra":1,"ei":0}},{"type":"Feature","geometry":{"type":"Point","coordinates":[19.771019,41.33243]},"properties":{"lines":"3A, 3B, 3C","color":"#0059a9","mode":"bus","arr":["3A","3B","3C"],"angle":73.7,"extra":1,"ei":1}},{"type":"Feature","geometry":{"type":"Point","coordinates":[19.766599,41.33619]},"properties":{"lines":"3A, 3B, 3C","color":"#0059a9","mode":"bus","arr":["3A","3B","3C"],"angle":46.8,"mi":3}},{"type":"Feature","geometry":{"type":"Point","coordinates":[19.768847,41.334288]},"properties":{"lines":"3A, 3B, 3C","color":"#0059a9","mode":"bus","arr":["3A","3B","3C"],"angle":30.8,"extra":1,"ei":0}},{"type":"Feature","geometry":{"type":"Point","coordinates":[19.765475,41.337073]},"properties":{"lines":"3A, 3B, 3C","color":"#0059a9","mode":"bus","arr":["3A","3B","3C"],"angle":45.4,"extra":1,"ei":1}},{"type":"Feature","geometry":{"type":"Point","coordinates":[19.763717,41.338422]},"properties":{"lines":"3A, 3B, 3C","color":"#0059a9","mode":"bus","arr":["3A","3B","3C"],"angle":48.1,"extra":1,"ei":2}},{"type":"Feature","geometry":{"type":"Point","coordinates":[19.78667,41.320685]},"properties":{"lines":"3B, 3C, 12A, 12B, 15A, 15B","color":"#0059a9","mode":"bus","arr":["3B","3C","12A","12B","15A","15B"],"angle":-24.6,"side":-1}},{"type":"Feature","geometry":{"type":"Point","coordinates":[19.785193,41.320186]},"properties":{"lines":"3B, 3C, 12A, 12B, 15A, 15B","color":"#0059a9","mode":"bus","arr":["3B","3C","12A","12B","15A","15B"],"angle":-23.5,"extra":1,"ei":0,"side":-1}},{"type":"Feature","geometry":{"type":"Point","coordinates":[19.790581,41.321948]},"properties":{"lines":"3B, 3C, 12A, 12B, 13B, 15A, 15B","color":"#0059a9","mode":"bus","arr":["3B","3C","12A","12B","13B","15A","15B"],"angle":-21.4,"side":-1}},{"type":"Feature","geometry":{"type":"Point","coordinates":[19.797488,41.3239]},"properties":{"lines":"3B, 3C, 12A, 12B, 15A, 15B","color":"#0059a9","mode":"bus","arr":["3B","3C","12A","12B","15A","15B"],"angle":-20.9,"side":-1,"mi":1}},{"type":"Feature","geometry":{"type":"Point","coordinates":[19.792669,41.322543]},"properties":{"lines":"3B, 3C, 12A, 12B, 15A, 15B","color":"#0059a9","mode":"bus","arr":["3B","3C","12A","12B","15A","15B"],"angle":-21.1,"extra":1,"ei":0,"side":-1}},{"type":"Feature","geometry":{"type":"Point","coordinates":[19.795024,41.323206]},"properties":{"lines":"3B, 3C, 12A, 12B, 15A, 15B","color":"#0059a9","mode":"bus","arr":["3B","3C","12A","12B","15A","15B"],"angle":-20.6,"extra":1,"ei":1,"side":-1}},{"type":"Feature","geometry":{"type":"Point","coordinates":[19.799722,41.324553]},"properties":{"lines":"3B, 3C, 12A, 12B, 15A, 15B","color":"#0059a9","mode":"bus","arr":["3B","3C","12A","12B","15A","15B"],"angle":-21.6,"extra":1,"ei":2,"side":-1}},{"type":"Feature","geometry":{"type":"Point","coordinates":[19.802052,41.325263]},"properties":{"lines":"3B, 3C, 12A, 12B, 15A, 15B","color":"#0059a9","mode":"bus","arr":["3B","3C","12A","12B","15A","15B"],"angle":-22.3,"extra":1,"ei":3,"side":-1}},{"type":"Feature","geometry":{"type":"Point","coordinates":[19.809649,41.327617]},"properties":{"lines":"3B, 3C, 10C, 12A, 12B, 15A, 15B","color":"#0059a9","mode":"bus","arr":["3B","3C","10C","12A","12B","15A","15B"],"angle":-22.6,"side":-1}},{"type":"Feature","geometry":{"type":"Point","coordinates":[19.804593,41.326052]},"properties":{"lines":"3B, 3C, 10C, 12A, 12B, 15A, 15B","color":"#0059a9","mode":"bus","arr":["3B","3C","10C","12A","12B","15A","15B"],"angle":-22.6,"extra":1,"ei":0,"side":-1}},{"type":"Feature","geometry":{"type":"Point","coordinates":[19.806918,41.32677]},"properties":{"lines":"3B, 3C, 10C, 12A, 12B, 15A, 15B","color":"#0059a9","mode":"bus","arr":["3B","3C","10C","12A","12B","15A","15B"],"angle":-22.3,"extra":1,"ei":1,"side":-1}},{"type":"Feature","geometry":{"type":"Point","coordinates":[19.811575,41.328194]},"properties":{"lines":"3B, 3C, 10C, 12A, 12B, 15A, 15B","color":"#0059a9","mode":"bus","arr":["3B","3C","10C","12A","12B","15A","15B"],"angle":-15,"extra":1,"ei":2,"side":-1}},{"type":"Feature","geometry":{"type":"Point","coordinates":[19.814078,41.32818]},"properties":{"lines":"3B, 3C, 10C, 12A, 12B, 15A, 15B","color":"#0059a9","mode":"bus","arr":["3B","3C","10C","12A","12B","15A","15B"],"angle":3.4,"extra":1,"ei":3,"side":-1}},{"type":"Feature","geometry":{"type":"Point","coordinates":[19.821454,41.32852]},"properties":{"lines":"3B, 3C, 9A, 9B, 10A, 10B, 10C, 11","color":"#0059a9","mode":"bus","arr":["3B","3C","9A","9B","10A","10B","10C","11"],"angle":-14.3}},{"type":"Feature","geometry":{"type":"Point","coordinates":[19.820749,41.328384]},"properties":{"lines":"3B, 3C, 9A, 9B, 10A, 10B, 10C","color":"#0059a9","mode":"bus","arr":["3B","3C","9A","9B","10A","10B","10C"],"angle":-14.7,"mi":1}},{"type":"Feature","geometry":{"type":"Point","coordinates":[19.820215,41.329206]},"properties":{"lines":"3B, 3C, 9A, 9B, 10A, 10B, 10C","color":"#0059a9","mode":"bus","arr":["3B","3C","9A","9B","10A","10B","10C"],"angle":77.2}},{"type":"Feature","geometry":{"type":"Point","coordinates":[19.820176,41.330285]},"properties":{"lines":"3B, 3C, 9A, 9B, 10A, 10B, 10C","color":"#0059a9","mode":"bus","arr":["3B","3C","9A","9B","10A","10B","10C"],"angle":-46.7,"mi":2}},{"type":"Feature","geometry":{"type":"Point","coordinates":[19.815952,41.329181]},"properties":{"lines":"3B, 4, 5B, 6","color":"#0059a9","mode":"bus","arr":["3B","4","5B","6"],"angle":-38.1,"mi":1}},{"type":"Feature","geometry":{"type":"Point","coordinates":[19.810927,41.332016]},"properties":{"lines":"3B, 4, 5B, 6","color":"#0059a9","mode":"bus","arr":["3B","4","5B","6"],"angle":35.5}},{"type":"Feature","geometry":{"type":"Point","coordinates":[19.814445,41.329941]},"properties":{"lines":"3B, 4, 5B, 6","color":"#0059a9","mode":"bus","arr":["3B","4","5B","6"],"angle":45.9,"extra":1,"ei":0}},{"type":"Feature","geometry":{"type":"Point","coordinates":[19.812513,41.331144]},"properties":{"lines":"3B, 4, 5B, 6","color":"#0059a9","mode":"bus","arr":["3B","4","5B","6"],"angle":35.9,"extra":1,"ei":1}},{"type":"Feature","geometry":{"type":"Point","coordinates":[19.80823,41.333072]},"properties":{"lines":"3B, 4, 5B, 6","color":"#0059a9","mode":"bus","arr":["3B","4","5B","6"],"angle":21.1,"extra":1,"ei":2}},{"type":"Feature","geometry":{"type":"Point","coordinates":[19.806209,41.334057]},"properties":{"lines":"3B, 4, 5B, 6","color":"#0059a9","mode":"bus","arr":["3B","4","5B","6"],"angle":62.3,"extra":1,"ei":3}},{"type":"Feature","geometry":{"type":"Point","coordinates":[19.805616,41.333976]},"properties":{"lines":"3B, 4, 5B, 13B, 16B","color":"#0059a9","mode":"bus","arr":["3B","4","5B","13B","16B"],"angle":-40.8}},{"type":"Feature","geometry":{"type":"Point","coordinates":[19.804787,41.333465]},"properties":{"lines":"3B, 4, 16B","color":"#0059a9","mode":"bus","arr":["3B","4","16B"],"angle":-29.5}},{"type":"Feature","geometry":{"type":"Point","coordinates":[19.803356,41.333452]},"properties":{"lines":"3B, 4","color":"#0059a9","mode":"bus","arr":["3B","4"],"angle":23.5}},{"type":"Feature","geometry":{"type":"Point","coordinates":[19.79461,41.336493]},"properties":{"lines":"3B, 4, 5B, 13B","color":"#0059a9","mode":"bus","arr":["3B","4","5B","13B"],"angle":24.8}},{"type":"Feature","geometry":{"type":"Point","coordinates":[19.801372,41.334138]},"properties":{"lines":"3B, 4, 5B, 13B","color":"#0059a9","mode":"bus","arr":["3B","4","5B","13B"],"angle":24.8,"extra":1,"ei":0}},{"type":"Feature","geometry":{"type":"Point","coordinates":[19.799091,41.334933]},"properties":{"lines":"3B, 4, 5B, 13B","color":"#0059a9","mode":"bus","arr":["3B","4","5B","13B"],"angle":24.9,"extra":1,"ei":1}},{"type":"Feature","geometry":{"type":"Point","coordinates":[19.796811,41.335729]},"properties":{"lines":"3B, 4, 5B, 13B","color":"#0059a9","mode":"bus","arr":["3B","4","5B","13B"],"angle":25,"extra":1,"ei":2}},{"type":"Feature","geometry":{"type":"Point","coordinates":[19.792248,41.337316]},"properties":{"lines":"3B, 4, 5B, 13B","color":"#0059a9","mode":"bus","arr":["3B","4","5B","13B"],"angle":24.9,"extra":1,"ei":3}},{"type":"Feature","geometry":{"type":"Point","coordinates":[19.789967,41.338111]},"properties":{"lines":"3B, 4, 5B, 13B","color":"#0059a9","mode":"bus","arr":["3B","4","5B","13B"],"angle":25,"extra":1,"ei":4}},{"type":"Feature","geometry":{"type":"Point","coordinates":[19.787692,41.338915]},"properties":{"lines":"3B, 4, 5B, 13B","color":"#0059a9","mode":"bus","arr":["3B","4","5B","13B"],"angle":24.9,"extra":1,"ei":5}},{"type":"Feature","geometry":{"type":"Point","coordinates":[19.78644,41.339366]},"properties":{"lines":"3B, 4, 5B, 13B","color":"#0059a9","mode":"bus","arr":["3B","4","5B","13B"],"angle":26.6,"mi":1}},{"type":"Feature","geometry":{"type":"Point","coordinates":[19.78284,41.334853]},"properties":{"lines":"3B, 13B","color":"#0059a9","mode":"bus","arr":["3B","13B"],"angle":-82.2}},{"type":"Feature","geometry":{"type":"Point","coordinates":[19.785261,41.338517]},"properties":{"lines":"3B, 13B","color":"#0059a9","mode":"bus","arr":["3B","13B"],"angle":-55.5,"extra":1,"ei":0}},{"type":"Feature","geometry":{"type":"Point","coordinates":[19.783958,41.336902]},"properties":{"lines":"3B, 13B","color":"#0059a9","mode":"bus","arr":["3B","13B"],"angle":-58.9,"extra":1,"ei":1}},{"type":"Feature","geometry":{"type":"Point","coordinates":[19.782966,41.333327]},"properties":{"lines":"3B, 13B","color":"#0059a9","mode":"bus","arr":["3B","13B"],"angle":74.9,"extra":1,"ei":2}},{"type":"Feature","geometry":{"type":"Point","coordinates":[19.783852,41.331561]},"properties":{"lines":"3B, 13B","color":"#0059a9","mode":"bus","arr":["3B","13B"],"angle":68.3,"extra":1,"ei":3}},{"type":"Feature","geometry":{"type":"Point","coordinates":[19.784565,41.32975]},"properties":{"lines":"3B","color":"#0059a9","mode":"bus","arr":["3B"],"angle":-65.4,"mi":4}},{"type":"Feature","geometry":{"type":"Point","coordinates":[19.783868,41.329386]},"properties":{"lines":"3B","color":"#0059a9","mode":"bus","arr":["3B"],"angle":-21.5,"mi":2}},{"type":"Feature","geometry":{"type":"Point","coordinates":[19.781736,41.330151]},"properties":{"lines":"3B","color":"#0059a9","mode":"bus","arr":["3B"],"angle":40.9,"mi":1}},{"type":"Feature","geometry":{"type":"Point","coordinates":[19.776943,41.333332]},"properties":{"lines":"3B","color":"#0059a9","mode":"bus","arr":["3B"],"angle":41.7}},{"type":"Feature","geometry":{"type":"Point","coordinates":[19.779462,41.33164]},"properties":{"lines":"3B","color":"#0059a9","mode":"bus","arr":["3B"],"angle":42.5,"extra":1,"ei":0}},{"type":"Feature","geometry":{"type":"Point","coordinates":[19.77571,41.334155]},"properties":{"lines":"3B","color":"#0059a9","mode":"bus","arr":["3B"],"angle":41.6,"extra":1,"ei":1}},{"type":"Feature","geometry":{"type":"Point","coordinates":[19.773837,41.335415]},"properties":{"lines":"3B","color":"#0059a9","mode":"bus","arr":["3B"],"angle":41.7,"extra":1,"ei":2}},{"type":"Feature","geometry":{"type":"Point","coordinates":[19.771453,41.337028]},"properties":{"lines":"3B","color":"#0059a9","mode":"bus","arr":["3B"],"angle":41.9,"mi":5}},{"type":"Feature","geometry":{"type":"Point","coordinates":[19.773176,41.335855]},"properties":{"lines":"3B","color":"#0059a9","mode":"bus","arr":["3B"],"angle":39.7,"mi":3}},{"type":"Feature","geometry":{"type":"Point","coordinates":[19.73964,41.352457]},"properties":{"lines":"3C","color":"#0059a9","mode":"bus","arr":["3C"],"angle":27.2,"mi":1}},{"type":"Feature","geometry":{"type":"Point","coordinates":[19.740962,41.35241]},"properties":{"lines":"3C","color":"#0059a9","mode":"bus","arr":["3C"],"angle":-63.9}},{"type":"Feature","geometry":{"type":"Point","coordinates":[19.744577,41.351417]},"properties":{"lines":"3C","color":"#0059a9","mode":"bus","arr":["3C"],"angle":46.3,"mi":2}},{"type":"Feature","geometry":{"type":"Point","coordinates":[19.742373,41.352434]},"properties":{"lines":"3C","color":"#0059a9","mode":"bus","arr":["3C"],"angle":21.9,"extra":1,"ei":0}},{"type":"Feature","geometry":{"type":"Point","coordinates":[19.746341,41.350197]},"properties":{"lines":"3C","color":"#0059a9","mode":"bus","arr":["3C"],"angle":40.5,"extra":1,"ei":1}},{"type":"Feature","geometry":{"type":"Point","coordinates":[19.755845,41.34447]},"properties":{"lines":"3C","color":"#0059a9","mode":"bus","arr":["3C"],"angle":45.2}},{"type":"Feature","geometry":{"type":"Point","coordinates":[19.748572,41.349027]},"properties":{"lines":"3C","color":"#0059a9","mode":"bus","arr":["3C"],"angle":37.5,"extra":1,"ei":0}},{"type":"Feature","geometry":{"type":"Point","coordinates":[19.750572,41.347882]},"properties":{"lines":"3C","color":"#0059a9","mode":"bus","arr":["3C"],"angle":37.2,"extra":1,"ei":1}},{"type":"Feature","geometry":{"type":"Point","coordinates":[19.752579,41.346745]},"properties":{"lines":"3C","color":"#0059a9","mode":"bus","arr":["3C"],"angle":40,"extra":1,"ei":2}},{"type":"Feature","geometry":{"type":"Point","coordinates":[19.754466,41.345503]},"properties":{"lines":"3C","color":"#0059a9","mode":"bus","arr":["3C"],"angle":44.4,"extra":1,"ei":3}},{"type":"Feature","geometry":{"type":"Point","coordinates":[19.758028,41.342837]},"properties":{"lines":"3C","color":"#0059a9","mode":"bus","arr":["3C"],"angle":45,"extra":1,"ei":4}},{"type":"Feature","geometry":{"type":"Point","coordinates":[19.759811,41.341506]},"properties":{"lines":"3C","color":"#0059a9","mode":"bus","arr":["3C"],"angle":44.9,"extra":1,"ei":5}},{"type":"Feature","geometry":{"type":"Point","coordinates":[19.761591,41.340172]},"properties":{"lines":"3C","color":"#0059a9","mode":"bus","arr":["3C"],"angle":44.9,"extra":1,"ei":6}},{"type":"Feature","geometry":{"type":"Point","coordinates":[19.763281,41.338778]},"properties":{"lines":"3C","color":"#0059a9","mode":"bus","arr":["3C"],"angle":43.2,"extra":1,"ei":7}},{"type":"Feature","geometry":{"type":"Point","coordinates":[19.779284,41.342014]},"properties":{"lines":"4, 5B, 13B","color":"#0059a9","mode":"bus","arr":["4","5B","13B"],"angle":26.2,"mi":1}},{"type":"Feature","geometry":{"type":"Point","coordinates":[19.78415,41.33988]},"properties":{"lines":"4, 5B, 13B","color":"#0059a9","mode":"bus","arr":["4","5B","13B"],"angle":26.9,"mi":2}},{"type":"Feature","geometry":{"type":"Point","coordinates":[19.777845,41.342582]},"properties":{"lines":"4, 5B, 13B","color":"#0059a9","mode":"bus","arr":["4","5B","13B"],"angle":42.8,"extra":1,"ei":0}},{"type":"Feature","geometry":{"type":"Point","coordinates":[19.785772,41.339362]},"properties":{"lines":"4, 5B, 13B","color":"#0059a9","mode":"bus","arr":["4","5B","13B"],"angle":22.7,"extra":1,"ei":0}},{"type":"Feature","geometry":{"type":"Point","coordinates":[19.781588,41.340932]},"properties":{"lines":"4, 5B, 13B","color":"#0059a9","mode":"bus","arr":["4","5B","13B"],"angle":25.4,"side":-1}},{"type":"Feature","geometry":{"type":"Point","coordinates":[19.775198,41.343448]},"properties":{"lines":"4","color":"#0059a9","mode":"bus","arr":["4"],"angle":23.8,"mi":1}},{"type":"Feature","geometry":{"type":"Point","coordinates":[19.748497,41.352797]},"properties":{"lines":"4","color":"#0059a9","mode":"bus","arr":["4"],"angle":24.9}},{"type":"Feature","geometry":{"type":"Point","coordinates":[19.688748,41.368044]},"properties":{"lines":"4","color":"#0059a9","mode":"bus","arr":["4"],"angle":-56.5,"mi":2}},{"type":"Feature","geometry":{"type":"Point","coordinates":[19.689621,41.367988]},"properties":{"lines":"4","color":"#0059a9","mode":"bus","arr":["4"],"angle":-3.3,"side":-1}},{"type":"Feature","geometry":{"type":"Point","coordinates":[19.775468,41.344084]},"properties":{"lines":"4","color":"#0059a9","mode":"bus","arr":["4"],"angle":-27.9}},{"type":"Feature","geometry":{"type":"Point","coordinates":[19.766395,41.346545]},"properties":{"lines":"4","color":"#0059a9","mode":"bus","arr":["4"],"angle":25,"mi":2}},{"type":"Feature","geometry":{"type":"Point","coordinates":[19.759265,41.34902]},"properties":{"lines":"4","color":"#0059a9","mode":"bus","arr":["4"],"angle":25,"extra":1,"ei":0}},{"type":"Feature","geometry":{"type":"Point","coordinates":[19.761548,41.348228]},"properties":{"lines":"4","color":"#0059a9","mode":"bus","arr":["4"],"angle":24.9,"extra":1,"ei":1}},{"type":"Feature","geometry":{"type":"Point","coordinates":[19.76383,41.347435]},"properties":{"lines":"4","color":"#0059a9","mode":"bus","arr":["4"],"angle":24.9,"extra":1,"ei":2}},{"type":"Feature","geometry":{"type":"Point","coordinates":[19.768396,41.345853]},"properties":{"lines":"4","color":"#0059a9","mode":"bus","arr":["4"],"angle":24.7,"extra":1,"ei":3}},{"type":"Feature","geometry":{"type":"Point","coordinates":[19.770681,41.345065]},"properties":{"lines":"4","color":"#0059a9","mode":"bus","arr":["4"],"angle":24.5,"extra":1,"ei":4}},{"type":"Feature","geometry":{"type":"Point","coordinates":[19.772969,41.344282]},"properties":{"lines":"4","color":"#0059a9","mode":"bus","arr":["4"],"angle":24.6,"extra":1,"ei":5}},{"type":"Feature","geometry":{"type":"Point","coordinates":[19.750911,41.351921]},"properties":{"lines":"4","color":"#0059a9","mode":"bus","arr":["4"],"angle":24.8,"mi":1}},{"type":"Feature","geometry":{"type":"Point","coordinates":[19.756993,41.349829]},"properties":{"lines":"4","color":"#0059a9","mode":"bus","arr":["4"],"angle":24.9,"extra":1,"ei":0}},{"type":"Feature","geometry":{"type":"Point","coordinates":[19.75471,41.350619]},"properties":{"lines":"4","color":"#0059a9","mode":"bus","arr":["4"],"angle":23.4,"extra":1,"ei":1}},{"type":"Feature","geometry":{"type":"Point","coordinates":[19.752419,41.351397]},"properties":{"lines":"4","color":"#0059a9","mode":"bus","arr":["4"],"angle":24.9,"extra":1,"ei":2}},{"type":"Feature","geometry":{"type":"Point","coordinates":[19.747853,41.35298]},"properties":{"lines":"4","color":"#0059a9","mode":"bus","arr":["4"],"angle":24.7,"extra":1,"ei":3}},{"type":"Feature","geometry":{"type":"Point","coordinates":[19.745571,41.353773]},"properties":{"lines":"4","color":"#0059a9","mode":"bus","arr":["4"],"angle":24.3,"extra":1,"ei":4}},{"type":"Feature","geometry":{"type":"Point","coordinates":[19.73755,41.356554]},"properties":{"lines":"4","color":"#0059a9","mode":"bus","arr":["4"],"angle":24.7}},{"type":"Feature","geometry":{"type":"Point","coordinates":[19.742551,41.354817]},"properties":{"lines":"4","color":"#0059a9","mode":"bus","arr":["4"],"angle":24.9,"extra":1,"ei":0}},{"type":"Feature","geometry":{"type":"Point","coordinates":[19.740269,41.355608]},"properties":{"lines":"4","color":"#0059a9","mode":"bus","arr":["4"],"angle":25,"extra":1,"ei":1}},{"type":"Feature","geometry":{"type":"Point","coordinates":[19.735704,41.357193]},"properties":{"lines":"4","color":"#0059a9","mode":"bus","arr":["4"],"angle":24.7,"extra":1,"ei":2}},{"type":"Feature","geometry":{"type":"Point","coordinates":[19.733423,41.357988]},"properties":{"lines":"4","color":"#0059a9","mode":"bus","arr":["4"],"angle":24.2,"extra":1,"ei":3}},{"type":"Feature","geometry":{"type":"Point","coordinates":[19.722827,41.361436]},"properties":{"lines":"4","color":"#0059a9","mode":"bus","arr":["4"],"angle":18.9}},{"type":"Feature","geometry":{"type":"Point","coordinates":[19.730266,41.359083]},"properties":{"lines":"4","color":"#0059a9","mode":"bus","arr":["4"],"angle":24.9,"extra":1,"ei":0}},{"type":"Feature","geometry":{"type":"Point","coordinates":[19.727981,41.359871]},"properties":{"lines":"4","color":"#0059a9","mode":"bus","arr":["4"],"angle":24.9,"extra":1,"ei":1}},{"type":"Feature","geometry":{"type":"Point","coordinates":[19.725696,41.360658]},"properties":{"lines":"4","color":"#0059a9","mode":"bus","arr":["4"],"angle":23.6,"extra":1,"ei":2}},{"type":"Feature","geometry":{"type":"Point","coordinates":[19.720953,41.361911]},"properties":{"lines":"4","color":"#0059a9","mode":"bus","arr":["4"],"angle":18.9,"extra":1,"ei":3}},{"type":"Feature","geometry":{"type":"Point","coordinates":[19.718575,41.362525]},"properties":{"lines":"4","color":"#0059a9","mode":"bus","arr":["4"],"angle":18.5,"extra":1,"ei":4}},{"type":"Feature","geometry":{"type":"Point","coordinates":[19.716192,41.363126]},"properties":{"lines":"4","color":"#0059a9","mode":"bus","arr":["4"],"angle":18.6,"extra":1,"ei":5}},{"type":"Feature","geometry":{"type":"Point","coordinates":[19.702109,41.370535]},"properties":{"lines":"4","color":"#0059a9","mode":"bus","arr":["4"],"angle":-20.9}},{"type":"Feature","geometry":{"type":"Point","coordinates":[19.714045,41.364656]},"properties":{"lines":"4","color":"#0059a9","mode":"bus","arr":["4"],"angle":-80.7,"extra":1,"ei":0}},{"type":"Feature","geometry":{"type":"Point","coordinates":[19.712694,41.366062]},"properties":{"lines":"4","color":"#0059a9","mode":"bus","arr":["4"],"angle":38.3,"extra":1,"ei":1}},{"type":"Feature","geometry":{"type":"Point","coordinates":[19.710734,41.367244]},"properties":{"lines":"4","color":"#0059a9","mode":"bus","arr":["4"],"angle":39.4,"extra":1,"ei":2}},{"type":"Feature","geometry":{"type":"Point","coordinates":[19.708791,41.368442]},"properties":{"lines":"4","color":"#0059a9","mode":"bus","arr":["4"],"angle":33.6,"extra":1,"ei":3}},{"type":"Feature","geometry":{"type":"Point","coordinates":[19.706641,41.369421]},"properties":{"lines":"4","color":"#0059a9","mode":"bus","arr":["4"],"angle":31,"extra":1,"ei":4}},{"type":"Feature","geometry":{"type":"Point","coordinates":[19.704567,41.370484]},"properties":{"lines":"4","color":"#0059a9","mode":"bus","arr":["4"],"angle":37.4,"extra":1,"ei":5}},{"type":"Feature","geometry":{"type":"Point","coordinates":[19.700835,41.3692]},"properties":{"lines":"4","color":"#0059a9","mode":"bus","arr":["4"],"angle":-26.8,"extra":1,"ei":6}},{"type":"Feature","geometry":{"type":"Point","coordinates":[19.698393,41.369611]},"properties":{"lines":"4","color":"#0059a9","mode":"bus","arr":["4"],"angle":14.5,"extra":1,"ei":7}},{"type":"Feature","geometry":{"type":"Point","coordinates":[19.695956,41.370075]},"properties":{"lines":"4","color":"#0059a9","mode":"bus","arr":["4"],"angle":14.4,"extra":1,"ei":8}},{"type":"Feature","geometry":{"type":"Point","coordinates":[19.693518,41.370538]},"properties":{"lines":"4","color":"#0059a9","mode":"bus","arr":["4"],"angle":14.2,"extra":1,"ei":9}},{"type":"Feature","geometry":{"type":"Point","coordinates":[19.691078,41.370993]},"properties":{"lines":"4","color":"#0059a9","mode":"bus","arr":["4"],"angle":-10.4,"extra":1,"ei":10}},{"type":"Feature","geometry":{"type":"Point","coordinates":[19.690857,41.369289]},"properties":{"lines":"4","color":"#0059a9","mode":"bus","arr":["4"],"angle":-76.3,"extra":1,"ei":11}},{"type":"Feature","geometry":{"type":"Point","coordinates":[19.69029,41.367796]},"properties":{"lines":"4","color":"#0059a9","mode":"bus","arr":["4"],"angle":-56.9,"side":-1,"mi":1}},{"type":"Feature","geometry":{"type":"Point","coordinates":[19.77631,41.343854]},"properties":{"lines":"4, 5B","color":"#0059a9","mode":"bus","arr":["4","5B"],"angle":87.7,"side":-1}},{"type":"Feature","geometry":{"type":"Point","coordinates":[19.786285,41.339191]},"properties":{"lines":"4, 5B","color":"#0059a9","mode":"bus","arr":["4","5B"],"angle":23.3,"side":-1,"mi":1}},{"type":"Feature","geometry":{"type":"Point","coordinates":[19.870064,41.331906]},"properties":{"lines":"5A","color":"#0059a9","mode":"bus","arr":["5A"],"angle":11.2,"side":-1,"mi":5}},{"type":"Feature","geometry":{"type":"Point","coordinates":[19.862676,41.334236]},"properties":{"lines":"5A","color":"#0059a9","mode":"bus","arr":["5A"],"angle":16.1,"mi":3}},{"type":"Feature","geometry":{"type":"Point","coordinates":[19.869498,41.332124]},"properties":{"lines":"5A","color":"#0059a9","mode":"bus","arr":["5A"],"angle":12.4,"extra":1,"ei":0}},{"type":"Feature","geometry":{"type":"Point","coordinates":[19.867092,41.332286]},"properties":{"lines":"5A","color":"#0059a9","mode":"bus","arr":["5A"],"angle":-31.2,"extra":1,"ei":1}},{"type":"Feature","geometry":{"type":"Point","coordinates":[19.865075,41.333067]},"properties":{"lines":"5A","color":"#0059a9","mode":"bus","arr":["5A"],"angle":42.3,"extra":1,"ei":2}},{"type":"Feature","geometry":{"type":"Point","coordinates":[19.860591,41.334548]},"properties":{"lines":"5A","color":"#0059a9","mode":"bus","arr":["5A"],"angle":0.7,"extra":1,"ei":3}},{"type":"Feature","geometry":{"type":"Point","coordinates":[19.858104,41.334533]},"properties":{"lines":"5A","color":"#0059a9","mode":"bus","arr":["5A"],"angle":14,"extra":1,"ei":4}},{"type":"Feature","geometry":{"type":"Point","coordinates":[19.855644,41.334874]},"properties":{"lines":"5A","color":"#0059a9","mode":"bus","arr":["5A"],"angle":-8.6,"extra":1,"ei":5}},{"type":"Feature","geometry":{"type":"Point","coordinates":[19.851984,41.334114]},"properties":{"lines":"5A","color":"#0059a9","mode":"bus","arr":["5A"],"angle":-22.4}},{"type":"Feature","geometry":{"type":"Point","coordinates":[19.847069,41.332888]},"properties":{"lines":"5A","color":"#0059a9","mode":"bus","arr":["5A"],"angle":-27.6,"mi":1}},{"type":"Feature","geometry":{"type":"Point","coordinates":[19.844692,41.331575]},"properties":{"lines":"5A, 10A","color":"#0059a9","mode":"bus","arr":["5A","10A"],"angle":-39.1}},{"type":"Feature","geometry":{"type":"Point","coordinates":[19.843849,41.331072]},"properties":{"lines":"5A","color":"#0059a9","mode":"bus","arr":["5A"],"angle":-37.2,"mi":2}},{"type":"Feature","geometry":{"type":"Point","coordinates":[19.83686,41.328507]},"properties":{"lines":"5A","color":"#0059a9","mode":"bus","arr":["5A"],"angle":-50.4,"mi":4}},{"type":"Feature","geometry":{"type":"Point","coordinates":[19.842098,41.3305]},"properties":{"lines":"5A","color":"#0059a9","mode":"bus","arr":["5A"],"angle":20.6,"extra":1,"ei":0}},{"type":"Feature","geometry":{"type":"Point","coordinates":[19.839896,41.330632]},"properties":{"lines":"5A","color":"#0059a9","mode":"bus","arr":["5A"],"angle":-18,"extra":1,"ei":1}},{"type":"Feature","geometry":{"type":"Point","coordinates":[19.83783,41.329822]},"properties":{"lines":"5A","color":"#0059a9","mode":"bus","arr":["5A"],"angle":-77,"extra":1,"ei":2}},{"type":"Feature","geometry":{"type":"Point","coordinates":[19.834369,41.327464]},"properties":{"lines":"5A","color":"#0059a9","mode":"bus","arr":["5A"],"angle":-4.3,"extra":1,"ei":3}},{"type":"Feature","geometry":{"type":"Point","coordinates":[19.831929,41.327743]},"properties":{"lines":"5A","color":"#0059a9","mode":"bus","arr":["5A"],"angle":4.1,"extra":1,"ei":4}},{"type":"Feature","geometry":{"type":"Point","coordinates":[19.829414,41.327742]},"properties":{"lines":"5A","color":"#0059a9","mode":"bus","arr":["5A"],"angle":-0.1,"extra":1,"ei":5}},{"type":"Feature","geometry":{"type":"Point","coordinates":[19.831732,41.329066]},"properties":{"lines":"5A, 10A, 10C, 16B","color":"#0059a9","mode":"bus","arr":["5A","10A","10C","16B"],"angle":-29.4}},{"type":"Feature","geometry":{"type":"Point","coordinates":[19.827376,41.326753]},"properties":{"lines":"5A, 10A, 10C, 16B","color":"#0059a9","mode":"bus","arr":["5A","10A","10C","16B"],"angle":-49,"mi":1}},{"type":"Feature","geometry":{"type":"Point","coordinates":[19.830083,41.328356]},"properties":{"lines":"5A, 10A, 10C, 16B","color":"#0059a9","mode":"bus","arr":["5A","10A","10C","16B"],"angle":-29.9,"extra":1,"ei":0}},{"type":"Feature","geometry":{"type":"Point","coordinates":[19.834456,41.330221]},"properties":{"lines":"5A, 10A, 10C, 16B","color":"#0059a9","mode":"bus","arr":["5A","10A","10C","16B"],"angle":-30,"extra":1,"ei":1}},{"type":"Feature","geometry":{"type":"Point","coordinates":[19.834436,41.33046]},"properties":{"lines":"5A, 16B","color":"#0059a9","mode":"bus","arr":["5A","16B"],"angle":81.5}},{"type":"Feature","geometry":{"type":"Point","coordinates":[19.829279,41.328492]},"properties":{"lines":"5A, 10A, 10C, 16A","color":"#0059a9","mode":"bus","arr":["5A","10A","10C","16A"],"angle":-29.4}},{"type":"Feature","geometry":{"type":"Point","coordinates":[19.833217,41.330183]},"properties":{"lines":"5A, 10A, 10C, 16A","color":"#0059a9","mode":"bus","arr":["5A","10A","10C","16A"],"angle":-30.2,"extra":1,"ei":0}},{"type":"Feature","geometry":{"type":"Point","coordinates":[19.831035,41.329244]},"properties":{"lines":"5A, 10A, 10C, 16A","color":"#0059a9","mode":"bus","arr":["5A","10A","10C","16A"],"angle":-29.8,"extra":1,"ei":1}},{"type":"Feature","geometry":{"type":"Point","coordinates":[19.826998,41.32706]},"properties":{"lines":"5A, 10A, 10C, 16A","color":"#0059a9","mode":"bus","arr":["5A","10A","10C","16A"],"angle":-48.9,"extra":1,"ei":2}},{"type":"Feature","geometry":{"type":"Point","coordinates":[19.825301,41.325667]},"properties":{"lines":"5A, 10A, 10C, 16A","color":"#0059a9","mode":"bus","arr":["5A","10A","10C","16A"],"angle":-45.9,"extra":1,"ei":3,"side":-1}},{"type":"Feature","geometry":{"type":"Point","coordinates":[19.824412,41.326839]},"properties":{"lines":"5A, 8A, 8B, 8C, 9A, 9B, 10A, 10B, 10C","color":"#0059a9","mode":"bus","arr":["5A","8A","8B","8C","9A","9B","10A","10B","10C"],"angle":36.4}},{"type":"Feature","geometry":{"type":"Point","coordinates":[19.822802,41.327475]},"properties":{"lines":"5A, 8A, 8B, 8C, 9A, 9B, 10A, 10B, 10C","color":"#0059a9","mode":"bus","arr":["5A","8A","8B","8C","9A","9B","10A","10B","10C"],"angle":29.2,"extra":1,"ei":0}},{"type":"Feature","geometry":{"type":"Point","coordinates":[19.819332,41.324745]},"properties":{"lines":"5A, 13A","color":"#0059a9","mode":"bus","arr":["5A","13A"],"angle":78.5,"side":-1}},{"type":"Feature","geometry":{"type":"Point","coordinates":[19.822522,41.324021]},"properties":{"lines":"5A, 16B","color":"#0059a9","mode":"bus","arr":["5A","16B"],"angle":-13.6}},{"type":"Feature","geometry":{"type":"Point","coordinates":[19.820887,41.323756]},"properties":{"lines":"5A, 16B","color":"#0059a9","mode":"bus","arr":["5A","16B"],"angle":-11.9,"extra":1,"ei":0}},{"type":"Feature","geometry":{"type":"Point","coordinates":[19.825673,41.325316]},"properties":{"lines":"5A, 10A, 10B, 10C, 16B","color":"#0059a9","mode":"bus","arr":["5A","10A","10B","10C","16B"],"angle":-47.7}},{"type":"Feature","geometry":{"type":"Point","coordinates":[19.774087,41.347098]},"properties":{"lines":"5B","color":"#0059a9","mode":"bus","arr":["5B"],"angle":60.4,"mi":5}},{"type":"Feature","geometry":{"type":"Point","coordinates":[19.77224,41.359606]},"properties":{"lines":"5B","color":"#0059a9","mode":"bus","arr":["5B"],"angle":66,"side":-1,"mi":4}},{"type":"Feature","geometry":{"type":"Point","coordinates":[19.771709,41.350131]},"properties":{"lines":"5B","color":"#0059a9","mode":"bus","arr":["5B"],"angle":60.6,"extra":1,"ei":0,"side":-1}},{"type":"Feature","geometry":{"type":"Point","coordinates":[19.77294,41.348484]},"properties":{"lines":"5B","color":"#0059a9","mode":"bus","arr":["5B"],"angle":60.8,"extra":1,"ei":1,"side":-1}},{"type":"Feature","geometry":{"type":"Point","coordinates":[19.775391,41.345186]},"properties":{"lines":"5B","color":"#0059a9","mode":"bus","arr":["5B"],"angle":60.9,"extra":1,"ei":2,"side":-1}},{"type":"Feature","geometry":{"type":"Point","coordinates":[19.776397,41.344011]},"properties":{"lines":"5B","color":"#0059a9","mode":"bus","arr":["5B"],"angle":60.4,"extra":1,"ei":0}},{"type":"Feature","geometry":{"type":"Point","coordinates":[19.772503,41.353619]},"properties":{"lines":"5B","color":"#0059a9","mode":"bus","arr":["5B"],"angle":-39.6}},{"type":"Feature","geometry":{"type":"Point","coordinates":[19.772455,41.359461]},"properties":{"lines":"5B","color":"#0059a9","mode":"bus","arr":["5B"],"angle":62.2,"mi":3}},{"type":"Feature","geometry":{"type":"Point","coordinates":[19.770766,41.351384]},"properties":{"lines":"5B","color":"#0059a9","mode":"bus","arr":["5B"],"angle":62.3,"side":-1,"mi":2}},{"type":"Feature","geometry":{"type":"Point","coordinates":[19.77378,41.354392]},"properties":{"lines":"5B","color":"#0059a9","mode":"bus","arr":["5B"],"angle":-38.8,"extra":1,"ei":0}},{"type":"Feature","geometry":{"type":"Point","coordinates":[19.772114,41.360757]},"properties":{"lines":"5B","color":"#0059a9","mode":"bus","arr":["5B"],"angle":88.1,"extra":1,"ei":0}},{"type":"Feature","geometry":{"type":"Point","coordinates":[19.774198,41.356702]},"properties":{"lines":"5B","color":"#0059a9","mode":"bus","arr":["5B"],"angle":76.2,"mi":1}},{"type":"Feature","geometry":{"type":"Point","coordinates":[19.774477,41.355395]},"properties":{"lines":"5B","color":"#0059a9","mode":"bus","arr":["5B"],"angle":76.6,"extra":1,"ei":0,"side":-1}},{"type":"Feature","geometry":{"type":"Point","coordinates":[19.773668,41.357883]},"properties":{"lines":"5B","color":"#0059a9","mode":"bus","arr":["5B"],"angle":61.7,"extra":1,"ei":0}},{"type":"Feature","geometry":{"type":"Point","coordinates":[19.80383,41.333434]},"properties":{"lines":"5B, 13B","color":"#0059a9","mode":"bus","arr":["5B","13B"],"angle":7.2}},{"type":"Feature","geometry":{"type":"Point","coordinates":[19.770926,41.352168]},"properties":{"lines":"5B, 6","color":"#0059a9","mode":"bus","arr":["5B","6"],"angle":-51.5,"side":-1}},{"type":"Feature","geometry":{"type":"Point","coordinates":[19.77078,41.351525]},"properties":{"lines":"5B, 6","color":"#0059a9","mode":"bus","arr":["5B","6"],"angle":65.1,"mi":1}},{"type":"Feature","geometry":{"type":"Point","coordinates":[19.757573,41.365569]},"properties":{"lines":"6","color":"#0059a9","mode":"bus","arr":["6"],"angle":-75.2}},{"type":"Feature","geometry":{"type":"Point","coordinates":[19.762327,41.358111]},"properties":{"lines":"6","color":"#0059a9","mode":"bus","arr":["6"],"angle":30.4,"mi":1}},{"type":"Feature","geometry":{"type":"Point","coordinates":[19.757378,41.364406]},"properties":{"lines":"6","color":"#0059a9","mode":"bus","arr":["6"],"angle":76.4,"extra":1,"ei":0}},{"type":"Feature","geometry":{"type":"Point","coordinates":[19.758338,41.362686]},"properties":{"lines":"6","color":"#0059a9","mode":"bus","arr":["6"],"angle":34.6,"extra":1,"ei":1}},{"type":"Feature","geometry":{"type":"Point","coordinates":[19.760117,41.361564]},"properties":{"lines":"6","color":"#0059a9","mode":"bus","arr":["6"],"angle":62.7,"extra":1,"ei":2}},{"type":"Feature","geometry":{"type":"Point","coordinates":[19.761294,41.359912]},"properties":{"lines":"6","color":"#0059a9","mode":"bus","arr":["6"],"angle":69.3,"extra":1,"ei":3}},{"type":"Feature","geometry":{"type":"Point","coordinates":[19.763943,41.357148]},"properties":{"lines":"6","color":"#0059a9","mode":"bus","arr":["6"],"angle":29.4,"extra":1,"ei":4}},{"type":"Feature","geometry":{"type":"Point","coordinates":[19.765594,41.355734]},"properties":{"lines":"6","color":"#0059a9","mode":"bus","arr":["6"],"angle":43.4,"extra":1,"ei":5}},{"type":"Feature","geometry":{"type":"Point","coordinates":[19.767826,41.354953]},"properties":{"lines":"6","color":"#0059a9","mode":"bus","arr":["6"],"angle":42.1,"extra":1,"ei":6}},{"type":"Feature","geometry":{"type":"Point","coordinates":[19.769309,41.353434]},"properties":{"lines":"6","color":"#0059a9","mode":"bus","arr":["6"],"angle":57.6,"extra":1,"ei":7}},{"type":"Feature","geometry":{"type":"Point","coordinates":[19.786806,41.340215]},"properties":{"lines":"6","color":"#0059a9","mode":"bus","arr":["6"],"angle":-62.8,"mi":5}},{"type":"Feature","geometry":{"type":"Point","coordinates":[19.788,41.346389]},"properties":{"lines":"6","color":"#0059a9","mode":"bus","arr":["6"],"angle":-83.7,"mi":3}},{"type":"Feature","geometry":{"type":"Point","coordinates":[19.788957,41.348202]},"properties":{"lines":"6","color":"#0059a9","mode":"bus","arr":["6"],"angle":-49.6,"extra":1,"ei":0}},{"type":"Feature","geometry":{"type":"Point","coordinates":[19.788223,41.344597]},"properties":{"lines":"6","color":"#0059a9","mode":"bus","arr":["6"],"angle":78.7,"extra":1,"ei":1}},{"type":"Feature","geometry":{"type":"Point","coordinates":[19.771907,41.351977]},"properties":{"lines":"6","color":"#0059a9","mode":"bus","arr":["6"],"angle":36.1,"mi":12}},{"type":"Feature","geometry":{"type":"Point","coordinates":[19.772567,41.351351]},"properties":{"lines":"6","color":"#0059a9","mode":"bus","arr":["6"],"angle":81.7,"mi":10}},{"type":"Feature","geometry":{"type":"Point","coordinates":[19.778226,41.350069]},"properties":{"lines":"6","color":"#0059a9","mode":"bus","arr":["6"],"angle":34.8,"mi":9}},{"type":"Feature","geometry":{"type":"Point","coordinates":[19.782427,41.346744]},"properties":{"lines":"6","color":"#0059a9","mode":"bus","arr":["6"],"angle":22.1,"extra":1,"ei":0}},{"type":"Feature","geometry":{"type":"Point","coordinates":[19.780496,41.347929]},"properties":{"lines":"6","color":"#0059a9","mode":"bus","arr":["6"],"angle":44.2,"extra":1,"ei":1}},{"type":"Feature","geometry":{"type":"Point","coordinates":[19.77469,41.351237]},"properties":{"lines":"6","color":"#0059a9","mode":"bus","arr":["6"],"angle":14.1,"extra":1,"ei":2}},{"type":"Feature","geometry":{"type":"Point","coordinates":[19.772223,41.351042]},"properties":{"lines":"6","color":"#0059a9","mode":"bus","arr":["6"],"angle":-14.9,"extra":1,"ei":3}},{"type":"Feature","geometry":{"type":"Point","coordinates":[19.788799,41.344619]},"properties":{"lines":"6","color":"#0059a9","mode":"bus","arr":["6"],"angle":78.1}},{"type":"Feature","geometry":{"type":"Point","coordinates":[19.786071,41.345416]},"properties":{"lines":"6","color":"#0059a9","mode":"bus","arr":["6"],"angle":-6.6,"mi":1}},{"type":"Feature","geometry":{"type":"Point","coordinates":[19.788353,41.342492]},"properties":{"lines":"6","color":"#0059a9","mode":"bus","arr":["6"],"angle":-72.1,"mi":2}},{"type":"Feature","geometry":{"type":"Point","coordinates":[19.787579,41.340361]},"properties":{"lines":"6","color":"#0059a9","mode":"bus","arr":["6"],"angle":-58.9,"mi":4}},{"type":"Feature","geometry":{"type":"Point","coordinates":[19.783863,41.345707]},"properties":{"lines":"6","color":"#0059a9","mode":"bus","arr":["6"],"angle":79.8,"extra":1,"ei":0}},{"type":"Feature","geometry":{"type":"Point","coordinates":[19.789166,41.34752]},"properties":{"lines":"6","color":"#0059a9","mode":"bus","arr":["6"],"angle":-53.7,"extra":1,"ei":0}},{"type":"Feature","geometry":{"type":"Point","coordinates":[19.790666,41.339609]},"properties":{"lines":"6","color":"#0059a9","mode":"bus","arr":["6"],"angle":37.4,"mi":6}},{"type":"Feature","geometry":{"type":"Point","coordinates":[19.792265,41.338702]},"properties":{"lines":"6","color":"#0059a9","mode":"bus","arr":["6"],"angle":36.7,"extra":1,"ei":0}},{"type":"Feature","geometry":{"type":"Point","coordinates":[19.788351,41.341055]},"properties":{"lines":"6","color":"#0059a9","mode":"bus","arr":["6"],"angle":59.3,"extra":1,"ei":1}},{"type":"Feature","geometry":{"type":"Point","coordinates":[19.794359,41.33994]},"properties":{"lines":"6","color":"#0059a9","mode":"bus","arr":["6"],"angle":-68.8,"mi":7}},{"type":"Feature","geometry":{"type":"Point","coordinates":[19.797656,41.342085]},"properties":{"lines":"6","color":"#0059a9","mode":"bus","arr":["6"],"angle":-16.5,"mi":8}},{"type":"Feature","geometry":{"type":"Point","coordinates":[19.796062,41.341641]},"properties":{"lines":"6","color":"#0059a9","mode":"bus","arr":["6"],"angle":-3.7,"extra":1,"ei":0}},{"type":"Feature","geometry":{"type":"Point","coordinates":[19.803363,41.338453]},"properties":{"lines":"6","color":"#0059a9","mode":"bus","arr":["6"],"angle":64,"mi":11}},{"type":"Feature","geometry":{"type":"Point","coordinates":[19.801153,41.341799]},"properties":{"lines":"6","color":"#0059a9","mode":"bus","arr":["6"],"angle":63.8,"extra":1,"ei":0}},{"type":"Feature","geometry":{"type":"Point","coordinates":[19.802271,41.340108]},"properties":{"lines":"6","color":"#0059a9","mode":"bus","arr":["6"],"angle":63,"extra":1,"ei":1}},{"type":"Feature","geometry":{"type":"Point","coordinates":[19.804479,41.336715]},"properties":{"lines":"6","color":"#0059a9","mode":"bus","arr":["6"],"angle":64.3,"extra":1,"ei":2}},{"type":"Feature","geometry":{"type":"Point","coordinates":[19.805585,41.335019]},"properties":{"lines":"6","color":"#0059a9","mode":"bus","arr":["6"],"angle":63.7,"extra":1,"ei":3}},{"type":"Feature","geometry":{"type":"Point","coordinates":[19.809268,41.334757]},"properties":{"lines":"6, 13A, 16A","color":"#0059a9","mode":"bus","arr":["6","13A","16A"],"angle":-12.5,"side":-1}},{"type":"Feature","geometry":{"type":"Point","coordinates":[19.807328,41.334441]},"properties":{"lines":"6, 13A, 16A","color":"#0059a9","mode":"bus","arr":["6","13A","16A"],"angle":-12.4,"extra":1,"ei":0,"side":-1}},{"type":"Feature","geometry":{"type":"Point","coordinates":[19.812241,41.335248]},"properties":{"lines":"6, 13A, 16A","color":"#0059a9","mode":"bus","arr":["6","13A","16A"],"angle":-12.5,"extra":1,"ei":1,"side":-1}},{"type":"Feature","geometry":{"type":"Point","coordinates":[19.8141,41.335554]},"properties":{"lines":"6, 9A, 9B, 13A, 16A","color":"#0059a9","mode":"bus","arr":["6","9A","9B","13A","16A"],"angle":-12,"side":-1}},{"type":"Feature","geometry":{"type":"Point","coordinates":[19.816077,41.335863]},"properties":{"lines":"6, 16A","color":"#0059a9","mode":"bus","arr":["6","16A"],"angle":-11.4,"side":-1}},{"type":"Feature","geometry":{"type":"Point","coordinates":[19.824688,41.326402]},"properties":{"lines":"8A, 8B, 8C, 9A, 9B, 10A, 10B, 10C","color":"#0059a9","mode":"bus","arr":["8A","8B","8C","9A","9B","10A","10B","10C"],"angle":69.1,"side":-1,"mi":1}},{"type":"Feature","geometry":{"type":"Point","coordinates":[19.825096,41.325182]},"properties":{"lines":"8A, 8B, 8C, 9A, 9B, 10A, 10B, 10C","color":"#0059a9","mode":"bus","arr":["8A","8B","8C","9A","9B","10A","10B","10C"],"angle":76.4,"side":-1}},{"type":"Feature","geometry":{"type":"Point","coordinates":[19.826026,41.320736]},"properties":{"lines":"8A, 8B, 8C, 9A, 9B","color":"#0059a9","mode":"bus","arr":["8A","8B","8C","9A","9B"],"angle":66.3,"side":-1}},{"type":"Feature","geometry":{"type":"Point","coordinates":[19.824863,41.324009]},"properties":{"lines":"8A, 8B, 8C, 9A, 9B","color":"#0059a9","mode":"bus","arr":["8A","8B","8C","9A","9B"],"angle":-78.2,"extra":1,"ei":0}},{"type":"Feature","geometry":{"type":"Point","coordinates":[19.825188,41.322182]},"properties":{"lines":"8A, 8B, 8C, 9A, 9B","color":"#0059a9","mode":"bus","arr":["8A","8B","8C","9A","9B"],"angle":67,"extra":1,"ei":1,"side":-1}},{"type":"Feature","geometry":{"type":"Point","coordinates":[19.827813,41.31913]},"properties":{"lines":"8A, 8B, 8C, 9A, 9B","color":"#0059a9","mode":"bus","arr":["8A","8B","8C","9A","9B"],"angle":22.6,"extra":1,"ei":2,"side":-1}},{"type":"Feature","geometry":{"type":"Point","coordinates":[19.830088,41.318337]},"properties":{"lines":"8A, 8B, 8C, 9A, 9B","color":"#0059a9","mode":"bus","arr":["8A","8B","8C","9A","9B"],"angle":25.7,"extra":1,"ei":3,"side":-1}},{"type":"Feature","geometry":{"type":"Point","coordinates":[19.832128,41.317738]},"properties":{"lines":"8A, 8B, 8C, 9B","color":"#0059a9","mode":"bus","arr":["8A","8B","8C","9B"],"angle":26.1}},{"type":"Feature","geometry":{"type":"Point","coordinates":[19.835675,41.311722]},"properties":{"lines":"8A, 8B, 8C","color":"#0059a9","mode":"bus","arr":["8A","8B","8C"],"angle":62.1,"side":-1}},{"type":"Feature","geometry":{"type":"Point","coordinates":[19.833317,41.316297]},"properties":{"lines":"8A, 8B, 8C","color":"#0059a9","mode":"bus","arr":["8A","8B","8C"],"angle":66.3,"extra":1,"ei":0,"side":-1}},{"type":"Feature","geometry":{"type":"Point","coordinates":[19.834332,41.31457]},"properties":{"lines":"8A, 8B, 8C","color":"#0059a9","mode":"bus","arr":["8A","8B","8C"],"angle":68.2,"extra":1,"ei":1,"side":-1}},{"type":"Feature","geometry":{"type":"Point","coordinates":[19.834909,41.312778]},"properties":{"lines":"8A, 8B, 8C","color":"#0059a9","mode":"bus","arr":["8A","8B","8C"],"angle":61.3,"extra":1,"ei":2,"side":-1}},{"type":"Feature","geometry":{"type":"Point","coordinates":[19.836889,41.309326]},"properties":{"lines":"8A, 8B, 8C","color":"#0059a9","mode":"bus","arr":["8A","8B","8C"],"angle":73.1,"extra":1,"ei":3,"side":-1}},{"type":"Feature","geometry":{"type":"Point","coordinates":[19.838081,41.307708]},"properties":{"lines":"8A, 8B, 8C","color":"#0059a9","mode":"bus","arr":["8A","8B","8C"],"angle":36.3,"extra":1,"ei":4,"side":-1}},{"type":"Feature","geometry":{"type":"Point","coordinates":[19.851366,41.297708]},"properties":{"lines":"8A","color":"#0059a9","mode":"bus","arr":["8A"],"angle":74.9}},{"type":"Feature","geometry":{"type":"Point","coordinates":[19.856223,41.286295]},"properties":{"lines":"8A","color":"#0059a9","mode":"bus","arr":["8A"],"angle":-89.6,"extra":1,"ei":0}},{"type":"Feature","geometry":{"type":"Point","coordinates":[19.856031,41.288123]},"properties":{"lines":"8A","color":"#0059a9","mode":"bus","arr":["8A"],"angle":64.5,"extra":1,"ei":1}},{"type":"Feature","geometry":{"type":"Point","coordinates":[19.854994,41.289843]},"properties":{"lines":"8A","color":"#0059a9","mode":"bus","arr":["8A"],"angle":66.2,"extra":1,"ei":2}},{"type":"Feature","geometry":{"type":"Point","coordinates":[19.853914,41.291548]},"properties":{"lines":"8A","color":"#0059a9","mode":"bus","arr":["8A"],"angle":62.2,"extra":1,"ei":3}},{"type":"Feature","geometry":{"type":"Point","coordinates":[19.852969,41.293289]},"properties":{"lines":"8A","color":"#0059a9","mode":"bus","arr":["8A"],"angle":75,"extra":1,"ei":4}},{"type":"Feature","geometry":{"type":"Point","coordinates":[19.852331,41.295115]},"properties":{"lines":"8A","color":"#0059a9","mode":"bus","arr":["8A"],"angle":74.2,"extra":1,"ei":5}},{"type":"Feature","geometry":{"type":"Point","coordinates":[19.849317,41.300155]},"properties":{"lines":"8A","color":"#0059a9","mode":"bus","arr":["8A"],"angle":45.5,"extra":1,"ei":6}},{"type":"Feature","geometry":{"type":"Point","coordinates":[19.847249,41.301209]},"properties":{"lines":"8A","color":"#0059a9","mode":"bus","arr":["8A"],"angle":32.5,"extra":1,"ei":7}},{"type":"Feature","geometry":{"type":"Point","coordinates":[19.845847,41.302749]},"properties":{"lines":"8A","color":"#0059a9","mode":"bus","arr":["8A"],"angle":60.1,"extra":1,"ei":8}},{"type":"Feature","geometry":{"type":"Point","coordinates":[19.844649,41.304409]},"properties":{"lines":"8A","color":"#0059a9","mode":"bus","arr":["8A"],"angle":62.5,"extra":1,"ei":9}},{"type":"Feature","geometry":{"type":"Point","coordinates":[19.842876,41.305679]},"properties":{"lines":"8A","color":"#0059a9","mode":"bus","arr":["8A"],"angle":41.9,"extra":1,"ei":10}},{"type":"Feature","geometry":{"type":"Point","coordinates":[19.84103,41.306961]},"properties":{"lines":"8A","color":"#0059a9","mode":"bus","arr":["8A"],"angle":43.3,"extra":1,"ei":11}},{"type":"Feature","geometry":{"type":"Point","coordinates":[19.857954,41.284803]},"properties":{"lines":"8A","color":"#0059a9","mode":"bus","arr":["8A"],"angle":10.2,"mi":1}},{"type":"Feature","geometry":{"type":"Point","coordinates":[19.855488,41.283625]},"properties":{"lines":"8A","color":"#0059a9","mode":"bus","arr":["8A"],"angle":43.9}},{"type":"Feature","geometry":{"type":"Point","coordinates":[19.825253,41.324778]},"properties":{"lines":"8A, 8B, 8C, 9A, 9B, 10B","color":"#0059a9","mode":"bus","arr":["8A","8B","8C","9A","9B","10B"],"angle":-81.2,"side":-1}},{"type":"Feature","geometry":{"type":"Point","coordinates":[19.825194,41.325256]},"properties":{"lines":"8A, 8B, 8C, 9A, 9B, 10B","color":"#0059a9","mode":"bus","arr":["8A","8B","8C","9A","9B","10B"],"angle":76.9,"mi":1}},{"type":"Feature","geometry":{"type":"Point","coordinates":[19.843983,41.309346]},"properties":{"lines":"8B","color":"#0059a9","mode":"bus","arr":["8B"],"angle":6.3}},{"type":"Feature","geometry":{"type":"Point","coordinates":[19.8437,41.311794]},"properties":{"lines":"8B","color":"#0059a9","mode":"bus","arr":["8B"],"angle":68.6,"extra":1,"ei":0}},{"type":"Feature","geometry":{"type":"Point","coordinates":[19.841613,41.308231]},"properties":{"lines":"8B","color":"#0059a9","mode":"bus","arr":["8B"],"angle":-77.3,"extra":1,"ei":1}},{"type":"Feature","geometry":{"type":"Point","coordinates":[19.838004,41.305602]},"properties":{"lines":"8C","color":"#0059a9","mode":"bus","arr":["8C"],"angle":-27.2,"side":-1,"mi":2}},{"type":"Feature","geometry":{"type":"Point","coordinates":[19.833035,41.302229]},"properties":{"lines":"8C","color":"#0059a9","mode":"bus","arr":["8C"],"angle":-43.8}},{"type":"Feature","geometry":{"type":"Point","coordinates":[19.839853,41.306452]},"properties":{"lines":"8C","color":"#0059a9","mode":"bus","arr":["8C"],"angle":-46.2,"extra":1,"ei":0}},{"type":"Feature","geometry":{"type":"Point","coordinates":[19.836086,41.304163]},"properties":{"lines":"8C","color":"#0059a9","mode":"bus","arr":["8C"],"angle":-70.3,"extra":1,"ei":1}},{"type":"Feature","geometry":{"type":"Point","coordinates":[19.831616,41.301298]},"properties":{"lines":"8C","color":"#0059a9","mode":"bus","arr":["8C"],"angle":-35.4,"extra":1,"ei":0}},{"type":"Feature","geometry":{"type":"Point","coordinates":[19.830734,41.299976]},"properties":{"lines":"8C","color":"#0059a9","mode":"bus","arr":["8C"],"angle":-48.2,"mi":1}},{"type":"Feature","geometry":{"type":"Point","coordinates":[19.846651,41.321716]},"properties":{"lines":"9A, 10B","color":"#0059a9","mode":"bus","arr":["9A","10B"],"angle":-16.7}},{"type":"Feature","geometry":{"type":"Point","coordinates":[19.848569,41.322183]},"properties":{"lines":"9A, 10B","color":"#0059a9","mode":"bus","arr":["9A","10B"],"angle":-15.8,"extra":1,"ei":0}},{"type":"Feature","geometry":{"type":"Point","coordinates":[19.843775,41.321075]},"properties":{"lines":"9A, 10B","color":"#0059a9","mode":"bus","arr":["9A","10B"],"angle":-23.6,"extra":1,"ei":1}},{"type":"Feature","geometry":{"type":"Point","coordinates":[19.854035,41.320826]},"properties":{"lines":"10B","color":"#0059a9","mode":"bus","arr":["10B"],"angle":20.3}},{"type":"Feature","geometry":{"type":"Point","coordinates":[19.839335,41.320542]},"properties":{"lines":"9A","color":"#0059a9","mode":"bus","arr":["9A"],"angle":12.1,"mi":3}},{"type":"Feature","geometry":{"type":"Point","coordinates":[19.842383,41.320621]},"properties":{"lines":"9A","color":"#0059a9","mode":"bus","arr":["9A"],"angle":-23.8,"extra":1,"ei":0}},{"type":"Feature","geometry":{"type":"Point","coordinates":[19.8376,41.321094]},"properties":{"lines":"9A","color":"#0059a9","mode":"bus","arr":["9A"],"angle":18.6,"extra":1,"ei":1}},{"type":"Feature","geometry":{"type":"Point","coordinates":[19.835429,41.320676]},"properties":{"lines":"9A","color":"#0059a9","mode":"bus","arr":["9A"],"angle":-81}},{"type":"Feature","geometry":{"type":"Point","coordinates":[19.831566,41.319226]},"properties":{"lines":"9A","color":"#0059a9","mode":"bus","arr":["9A"],"angle":-47.8,"mi":2}},{"type":"Feature","geometry":{"type":"Point","coordinates":[19.834151,41.319909]},"properties":{"lines":"9A","color":"#0059a9","mode":"bus","arr":["9A"],"angle":5,"mi":1}},{"type":"Feature","geometry":{"type":"Point","coordinates":[19.814076,41.335625]},"properties":{"lines":"9A, 9B, 13B, 16B","color":"#0059a9","mode":"bus","arr":["9A","9B","13B","16B"],"angle":-12}},{"type":"Feature","geometry":{"type":"Point","coordinates":[19.810638,41.340158]},"properties":{"lines":"9A, 9B","color":"#0059a9","mode":"bus","arr":["9A","9B"],"angle":82.6}},{"type":"Feature","geometry":{"type":"Point","coordinates":[19.812141,41.336275]},"properties":{"lines":"9A, 9B","color":"#0059a9","mode":"bus","arr":["9A","9B"],"angle":78,"extra":1,"ei":0}},{"type":"Feature","geometry":{"type":"Point","coordinates":[19.811492,41.338094]},"properties":{"lines":"9A, 9B","color":"#0059a9","mode":"bus","arr":["9A","9B"],"angle":67.4,"extra":1,"ei":1}},{"type":"Feature","geometry":{"type":"Point","coordinates":[19.809639,41.341529]},"properties":{"lines":"9A, 9B","color":"#0059a9","mode":"bus","arr":["9A","9B"],"angle":56.5,"extra":1,"ei":2}},{"type":"Feature","geometry":{"type":"Point","coordinates":[19.808897,41.343322]},"properties":{"lines":"9A, 9B","color":"#0059a9","mode":"bus","arr":["9A","9B"],"angle":73.1,"extra":1,"ei":3}},{"type":"Feature","geometry":{"type":"Point","coordinates":[19.807712,41.345894]},"properties":{"lines":"9A, 9B, 12A","color":"#0059a9","mode":"bus","arr":["9A","9B","12A"],"angle":73.4,"mi":2}},{"type":"Feature","geometry":{"type":"Point","coordinates":[19.807064,41.347264]},"properties":{"lines":"9A, 9B, 12A","color":"#0059a9","mode":"bus","arr":["9A","9B","12A"],"angle":66.1}},{"type":"Feature","geometry":{"type":"Point","coordinates":[19.806597,41.34745]},"properties":{"lines":"9A, 9B, 12A","color":"#0059a9","mode":"bus","arr":["9A","9B","12A"],"angle":83.8,"side":-1,"mi":1}},{"type":"Feature","geometry":{"type":"Point","coordinates":[19.816052,41.335764]},"properties":{"lines":"9A, 9B, 13A","color":"#0059a9","mode":"bus","arr":["9A","9B","13A"],"angle":23.3,"side":-1}},{"type":"Feature","geometry":{"type":"Point","coordinates":[19.851725,41.321789]},"properties":{"lines":"9B, 10B","color":"#0059a9","mode":"bus","arr":["9B","10B"],"angle":20.4}},{"type":"Feature","geometry":{"type":"Point","coordinates":[19.850013,41.322351]},"properties":{"lines":"9B, 10B","color":"#0059a9","mode":"bus","arr":["9B","10B"],"angle":25.6,"extra":1,"ei":0}},{"type":"Feature","geometry":{"type":"Point","coordinates":[19.84347,41.317501]},"properties":{"lines":"9B","color":"#0059a9","mode":"bus","arr":["9B"],"angle":-17.4,"mi":3}},{"type":"Feature","geometry":{"type":"Point","coordinates":[19.850077,41.321381]},"properties":{"lines":"9B","color":"#0059a9","mode":"bus","arr":["9B"],"angle":-74.9,"extra":1,"ei":0}},{"type":"Feature","geometry":{"type":"Point","coordinates":[19.849043,41.319777]},"properties":{"lines":"9B","color":"#0059a9","mode":"bus","arr":["9B"],"angle":-84.5,"extra":1,"ei":1}},{"type":"Feature","geometry":{"type":"Point","coordinates":[19.847387,41.318581]},"properties":{"lines":"9B","color":"#0059a9","mode":"bus","arr":["9B"],"angle":-20.1,"extra":1,"ei":2}},{"type":"Feature","geometry":{"type":"Point","coordinates":[19.845234,41.31788]},"properties":{"lines":"9B","color":"#0059a9","mode":"bus","arr":["9B"],"angle":-14.9,"extra":1,"ei":3}},{"type":"Feature","geometry":{"type":"Point","coordinates":[19.840936,41.316734]},"properties":{"lines":"9B","color":"#0059a9","mode":"bus","arr":["9B"],"angle":-73.2,"extra":1,"ei":4}},{"type":"Feature","geometry":{"type":"Point","coordinates":[19.838623,41.316374]},"properties":{"lines":"9B","color":"#0059a9","mode":"bus","arr":["9B"],"angle":22.8,"extra":1,"ei":5}},{"type":"Feature","geometry":{"type":"Point","coordinates":[19.836259,41.316659]},"properties":{"lines":"9B","color":"#0059a9","mode":"bus","arr":["9B"],"angle":19.6,"extra":1,"ei":6}},{"type":"Feature","geometry":{"type":"Point","coordinates":[19.833274,41.316789]},"properties":{"lines":"9B","color":"#0059a9","mode":"bus","arr":["9B"],"angle":-13.2,"mi":1}},{"type":"Feature","geometry":{"type":"Point","coordinates":[19.83327,41.316911]},"properties":{"lines":"9B","color":"#0059a9","mode":"bus","arr":["9B"],"angle":29.8}},{"type":"Feature","geometry":{"type":"Point","coordinates":[19.832707,41.316949]},"properties":{"lines":"9B","color":"#0059a9","mode":"bus","arr":["9B"],"angle":-61.2,"mi":2}},{"type":"Feature","geometry":{"type":"Point","coordinates":[19.847684,41.328174]},"properties":{"lines":"10A","color":"#0059a9","mode":"bus","arr":["10A"],"angle":42.5,"mi":2}},{"type":"Feature","geometry":{"type":"Point","coordinates":[19.849725,41.325322]},"properties":{"lines":"10A","color":"#0059a9","mode":"bus","arr":["10A"],"angle":71.8,"extra":1,"ei":0}},{"type":"Feature","geometry":{"type":"Point","coordinates":[19.84914,41.327139]},"properties":{"lines":"10A","color":"#0059a9","mode":"bus","arr":["10A"],"angle":65.3,"extra":1,"ei":1}},{"type":"Feature","geometry":{"type":"Point","coordinates":[19.845418,41.329394]},"properties":{"lines":"10A","color":"#0059a9","mode":"bus","arr":["10A"],"angle":69,"extra":1,"ei":2}},{"type":"Feature","geometry":{"type":"Point","coordinates":[19.844628,41.331153]},"properties":{"lines":"10A","color":"#0059a9","mode":"bus","arr":["10A"],"angle":57.9,"extra":1,"ei":3}},{"type":"Feature","geometry":{"type":"Point","coordinates":[19.844569,41.332279]},"properties":{"lines":"10A","color":"#0059a9","mode":"bus","arr":["10A"],"angle":61.8}},{"type":"Feature","geometry":{"type":"Point","coordinates":[19.844051,41.332939]},"properties":{"lines":"10A","color":"#0059a9","mode":"bus","arr":["10A"],"angle":46.8,"mi":1}},{"type":"Feature","geometry":{"type":"Point","coordinates":[19.838846,41.332595]},"properties":{"lines":"10A, 10C","color":"#0059a9","mode":"bus","arr":["10A","10C"],"angle":-29.5}},{"type":"Feature","geometry":{"type":"Point","coordinates":[19.842493,41.332999]},"properties":{"lines":"10A, 10C","color":"#0059a9","mode":"bus","arr":["10A","10C"],"angle":7.8,"extra":1,"ei":0}},{"type":"Feature","geometry":{"type":"Point","coordinates":[19.835654,41.331234]},"properties":{"lines":"10A, 10C","color":"#0059a9","mode":"bus","arr":["10A","10C"],"angle":-29.8,"extra":1,"ei":1}},{"type":"Feature","geometry":{"type":"Point","coordinates":[19.839094,41.332196]},"properties":{"lines":"10A, 10C","color":"#0059a9","mode":"bus","arr":["10A","10C"],"angle":-29,"mi":1}},{"type":"Feature","geometry":{"type":"Point","coordinates":[19.835577,41.330695]},"properties":{"lines":"10A, 10C","color":"#0059a9","mode":"bus","arr":["10A","10C"],"angle":-29.5,"extra":1,"ei":0}},{"type":"Feature","geometry":{"type":"Point","coordinates":[19.842386,41.33258]},"properties":{"lines":"10A, 10C","color":"#0059a9","mode":"bus","arr":["10A","10C"],"angle":6.8,"extra":1,"ei":1}},{"type":"Feature","geometry":{"type":"Point","coordinates":[19.840217,41.321979]},"properties":{"lines":"10B","color":"#0059a9","mode":"bus","arr":["10B"],"angle":19.9,"mi":3}},{"type":"Feature","geometry":{"type":"Point","coordinates":[19.837962,41.322834]},"properties":{"lines":"10B","color":"#0059a9","mode":"bus","arr":["10B"],"angle":29.1,"extra":1,"ei":0}},{"type":"Feature","geometry":{"type":"Point","coordinates":[19.842615,41.321534]},"properties":{"lines":"10B","color":"#0059a9","mode":"bus","arr":["10B"],"angle":20.1,"extra":1,"ei":1}},{"type":"Feature","geometry":{"type":"Point","coordinates":[19.834832,41.32435]},"properties":{"lines":"10B","color":"#0059a9","mode":"bus","arr":["10B"],"angle":49.3}},{"type":"Feature","geometry":{"type":"Point","coordinates":[19.829692,41.325583]},"properties":{"lines":"10B","color":"#0059a9","mode":"bus","arr":["10B"],"angle":-15.7,"mi":1}},{"type":"Feature","geometry":{"type":"Point","coordinates":[19.832011,41.326068]},"properties":{"lines":"10B","color":"#0059a9","mode":"bus","arr":["10B"],"angle":3.9,"extra":1,"ei":0}},{"type":"Feature","geometry":{"type":"Point","coordinates":[19.827097,41.325374]},"properties":{"lines":"10B","color":"#0059a9","mode":"bus","arr":["10B"],"angle":7.2,"extra":1,"ei":1}},{"type":"Feature","geometry":{"type":"Point","coordinates":[19.826175,41.324809]},"properties":{"lines":"10B","color":"#0059a9","mode":"bus","arr":["10B"],"angle":-30.2,"mi":2}},{"type":"Feature","geometry":{"type":"Point","coordinates":[19.846544,41.334195]},"properties":{"lines":"10C","color":"#0059a9","mode":"bus","arr":["10C"],"angle":-7.6,"mi":1}},{"type":"Feature","geometry":{"type":"Point","coordinates":[19.844731,41.333678]},"properties":{"lines":"10C","color":"#0059a9","mode":"bus","arr":["10C"],"angle":-35.1,"extra":1,"ei":0}},{"type":"Feature","geometry":{"type":"Point","coordinates":[19.849564,41.334275]},"properties":{"lines":"10C","color":"#0059a9","mode":"bus","arr":["10C"],"angle":28.5,"extra":1,"ei":1}},{"type":"Feature","geometry":{"type":"Point","coordinates":[19.802982,41.327032]},"properties":{"lines":"10C, 16A","color":"#0059a9","mode":"bus","arr":["10C","16A"],"angle":72.1}},{"type":"Feature","geometry":{"type":"Point","coordinates":[19.801474,41.328102]},"properties":{"lines":"10C","color":"#0059a9","mode":"bus","arr":["10C"],"angle":6,"mi":3}},{"type":"Feature","geometry":{"type":"Point","coordinates":[19.800484,41.328821]},"properties":{"lines":"10C","color":"#0059a9","mode":"bus","arr":["10C"],"angle":-87.9,"mi":2}},{"type":"Feature","geometry":{"type":"Point","coordinates":[19.799512,41.3295]},"properties":{"lines":"10C","color":"#0059a9","mode":"bus","arr":["10C"],"angle":3.6,"mi":1}},{"type":"Feature","geometry":{"type":"Point","coordinates":[19.797808,41.329873]},"properties":{"lines":"10C","color":"#0059a9","mode":"bus","arr":["10C"],"angle":-43.7}},{"type":"Feature","geometry":{"type":"Point","coordinates":[19.792253,41.332707]},"properties":{"lines":"10C","color":"#0059a9","mode":"bus","arr":["10C"],"angle":36.1,"mi":4}},{"type":"Feature","geometry":{"type":"Point","coordinates":[19.795942,41.330645]},"properties":{"lines":"10C","color":"#0059a9","mode":"bus","arr":["10C"],"angle":36.3,"extra":1,"ei":0}},{"type":"Feature","geometry":{"type":"Point","coordinates":[19.793919,41.331767]},"properties":{"lines":"10C","color":"#0059a9","mode":"bus","arr":["10C"],"angle":37.2,"extra":1,"ei":1}},{"type":"Feature","geometry":{"type":"Point","coordinates":[19.789883,41.33402]},"properties":{"lines":"10C","color":"#0059a9","mode":"bus","arr":["10C"],"angle":36.3,"extra":1,"ei":2}},{"type":"Feature","geometry":{"type":"Point","coordinates":[19.787863,41.335145]},"properties":{"lines":"10C","color":"#0059a9","mode":"bus","arr":["10C"],"angle":37.5,"extra":1,"ei":3}},{"type":"Feature","geometry":{"type":"Point","coordinates":[19.802945,41.326859]},"properties":{"lines":"10C, 16B","color":"#0059a9","mode":"bus","arr":["10C","16B"],"angle":72.5,"side":-1}},{"type":"Feature","geometry":{"type":"Point","coordinates":[19.846598,41.33374]},"properties":{"lines":"10C","color":"#0059a9","mode":"bus","arr":["10C"],"angle":-8.6}},{"type":"Feature","geometry":{"type":"Point","coordinates":[19.867265,41.350783]},"properties":{"lines":"11","color":"#0059a9","mode":"bus","arr":["11"],"angle":79.3,"mi":7}},{"type":"Feature","geometry":{"type":"Point","coordinates":[19.862852,41.350475]},"properties":{"lines":"11","color":"#0059a9","mode":"bus","arr":["11"],"angle":-10.3,"mi":6}},{"type":"Feature","geometry":{"type":"Point","coordinates":[19.865979,41.351204]},"properties":{"lines":"11","color":"#0059a9","mode":"bus","arr":["11"],"angle":-45.9,"extra":1,"ei":0}},{"type":"Feature","geometry":{"type":"Point","coordinates":[19.86129,41.350057]},"properties":{"lines":"11","color":"#0059a9","mode":"bus","arr":["11"],"angle":-27.6,"extra":1,"ei":1}},{"type":"Feature","geometry":{"type":"Point","coordinates":[19.859017,41.349258]},"properties":{"lines":"11","color":"#0059a9","mode":"bus","arr":["11"],"angle":-9.9,"extra":1,"ei":2}},{"type":"Feature","geometry":{"type":"Point","coordinates":[19.856895,41.347805]},"properties":{"lines":"11","color":"#0059a9","mode":"bus","arr":["11"],"angle":-33.2,"mi":1}},{"type":"Feature","geometry":{"type":"Point","coordinates":[19.85221,41.345664]},"properties":{"lines":"11","color":"#0059a9","mode":"bus","arr":["11"],"angle":-24.6,"mi":2}},{"type":"Feature","geometry":{"type":"Point","coordinates":[19.85507,41.346196]},"properties":{"lines":"11","color":"#0059a9","mode":"bus","arr":["11"],"angle":-5}},{"type":"Feature","geometry":{"type":"Point","coordinates":[19.850673,41.345168]},"properties":{"lines":"11","color":"#0059a9","mode":"bus","arr":["11"],"angle":-71.7,"mi":3}},{"type":"Feature","geometry":{"type":"Point","coordinates":[19.841178,41.337956]},"properties":{"lines":"11","color":"#0059a9","mode":"bus","arr":["11"],"angle":-50.9,"mi":8}},{"type":"Feature","geometry":{"type":"Point","coordinates":[19.849265,41.3444]},"properties":{"lines":"11","color":"#0059a9","mode":"bus","arr":["11"],"angle":-36.1,"mi":4}},{"type":"Feature","geometry":{"type":"Point","coordinates":[19.834597,41.334172]},"properties":{"lines":"11","color":"#0059a9","mode":"bus","arr":["11"],"angle":-31.6,"extra":1,"ei":0}},{"type":"Feature","geometry":{"type":"Point","coordinates":[19.836747,41.335151]},"properties":{"lines":"11","color":"#0059a9","mode":"bus","arr":["11"],"angle":-31.8,"extra":1,"ei":1}},{"type":"Feature","geometry":{"type":"Point","coordinates":[19.838819,41.33622]},"properties":{"lines":"11","color":"#0059a9","mode":"bus","arr":["11"],"angle":-36.3,"extra":1,"ei":2}},{"type":"Feature","geometry":{"type":"Point","coordinates":[19.842261,41.33895]},"properties":{"lines":"11","color":"#0059a9","mode":"bus","arr":["11"],"angle":-49.3,"extra":1,"ei":3}},{"type":"Feature","geometry":{"type":"Point","coordinates":[19.843908,41.340376]},"properties":{"lines":"11","color":"#0059a9","mode":"bus","arr":["11"],"angle":-49.2,"extra":1,"ei":4}},{"type":"Feature","geometry":{"type":"Point","coordinates":[19.845529,41.34182]},"properties":{"lines":"11","color":"#0059a9","mode":"bus","arr":["11"],"angle":-49.2,"extra":1,"ei":5}},{"type":"Feature","geometry":{"type":"Point","coordinates":[19.847329,41.343128]},"properties":{"lines":"11","color":"#0059a9","mode":"bus","arr":["11"],"angle":-29.5,"extra":1,"ei":6}},{"type":"Feature","geometry":{"type":"Point","coordinates":[19.829466,41.331661]},"properties":{"lines":"11","color":"#0059a9","mode":"bus","arr":["11"],"angle":-34}},{"type":"Feature","geometry":{"type":"Point","coordinates":[19.832464,41.333172]},"properties":{"lines":"11","color":"#0059a9","mode":"bus","arr":["11"],"angle":-32.3,"extra":1,"ei":0}},{"type":"Feature","geometry":{"type":"Point","coordinates":[19.826213,41.330001]},"properties":{"lines":"11","color":"#0059a9","mode":"bus","arr":["11"],"angle":-34.1,"extra":1,"ei":1}},{"type":"Feature","geometry":{"type":"Point","coordinates":[19.8238,41.328991]},"properties":{"lines":"11","color":"#0059a9","mode":"bus","arr":["11"],"angle":-15,"mi":1}},{"type":"Feature","geometry":{"type":"Point","coordinates":[19.82207,41.32864]},"properties":{"lines":"11","color":"#0059a9","mode":"bus","arr":["11"],"angle":-15,"extra":1,"ei":0}},{"type":"Feature","geometry":{"type":"Point","coordinates":[19.861341,41.348326]},"properties":{"lines":"11","color":"#0059a9","mode":"bus","arr":["11"],"angle":-31,"mi":5}},{"type":"Feature","geometry":{"type":"Point","coordinates":[19.85726,41.346086]},"properties":{"lines":"11","color":"#0059a9","mode":"bus","arr":["11"],"angle":-22.6,"extra":1,"ei":0}},{"type":"Feature","geometry":{"type":"Point","coordinates":[19.859054,41.347258]},"properties":{"lines":"11","color":"#0059a9","mode":"bus","arr":["11"],"angle":-48.9,"extra":1,"ei":1}},{"type":"Feature","geometry":{"type":"Point","coordinates":[19.8634,41.348992]},"properties":{"lines":"11","color":"#0059a9","mode":"bus","arr":["11"],"angle":-25.6,"extra":1,"ei":2}},{"type":"Feature","geometry":{"type":"Point","coordinates":[19.865748,41.349651]},"properties":{"lines":"11","color":"#0059a9","mode":"bus","arr":["11"],"angle":-24.5,"extra":1,"ei":3}},{"type":"Feature","geometry":{"type":"Point","coordinates":[19.808939,41.347853]},"properties":{"lines":"12A","color":"#0059a9","mode":"bus","arr":["12A"],"angle":-0.7,"mi":4}},{"type":"Feature","geometry":{"type":"Point","coordinates":[19.816755,41.341597]},"properties":{"lines":"12A","color":"#0059a9","mode":"bus","arr":["12A"],"angle":61.4,"mi":5}},{"type":"Feature","geometry":{"type":"Point","coordinates":[19.81204,41.347842]},"properties":{"lines":"12A","color":"#0059a9","mode":"bus","arr":["12A"],"angle":-14,"mi":3}},{"type":"Feature","geometry":{"type":"Point","coordinates":[19.81463,41.345503]},"properties":{"lines":"12A","color":"#0059a9","mode":"bus","arr":["12A"],"angle":67.8,"extra":1,"ei":0}},{"type":"Feature","geometry":{"type":"Point","coordinates":[19.815531,41.34374]},"properties":{"lines":"12A","color":"#0059a9","mode":"bus","arr":["12A"],"angle":67.6,"extra":1,"ei":1}},{"type":"Feature","geometry":{"type":"Point","coordinates":[19.817683,41.340333]},"properties":{"lines":"12A","color":"#0059a9","mode":"bus","arr":["12A"],"angle":61.4,"extra":1,"ei":2}},{"type":"Feature","geometry":{"type":"Point","coordinates":[19.818821,41.338654]},"properties":{"lines":"12A","color":"#0059a9","mode":"bus","arr":["12A"],"angle":70.5,"extra":1,"ei":3}},{"type":"Feature","geometry":{"type":"Point","coordinates":[19.813139,41.347105]},"properties":{"lines":"12A","color":"#0059a9","mode":"bus","arr":["12A"],"angle":78.1,"mi":1}},{"type":"Feature","geometry":{"type":"Point","coordinates":[19.813479,41.34628]},"properties":{"lines":"12A","color":"#0059a9","mode":"bus","arr":["12A"],"angle":-10.5}},{"type":"Feature","geometry":{"type":"Point","coordinates":[19.780822,41.318788]},"properties":{"lines":"12A, 12B, 15A, 15B","color":"#0059a9","mode":"bus","arr":["12A","12B","15A","15B"],"angle":-23.2,"side":-1,"mi":1}},{"type":"Feature","geometry":{"type":"Point","coordinates":[19.782803,41.319462]},"properties":{"lines":"12A, 12B, 15A, 15B","color":"#0059a9","mode":"bus","arr":["12A","12B","15A","15B"],"angle":-22.4,"extra":1,"ei":0}},{"type":"Feature","geometry":{"type":"Point","coordinates":[19.778156,41.318019]},"properties":{"lines":"12A, 12B, 15A, 15B","color":"#0059a9","mode":"bus","arr":["12A","12B","15A","15B"],"angle":-21.6,"extra":1,"ei":1}},{"type":"Feature","geometry":{"type":"Point","coordinates":[19.771884,41.31588]},"properties":{"lines":"12A, 12B, 15A, 15B","color":"#0059a9","mode":"bus","arr":["12A","12B","15A","15B"],"angle":-28.5}},{"type":"Feature","geometry":{"type":"Point","coordinates":[19.77644,41.317493]},"properties":{"lines":"12A, 12B, 15A, 15B","color":"#0059a9","mode":"bus","arr":["12A","12B","15A","15B"],"angle":-23.2,"extra":1,"ei":0}},{"type":"Feature","geometry":{"type":"Point","coordinates":[19.774126,41.316755]},"properties":{"lines":"12A, 12B, 15A, 15B","color":"#0059a9","mode":"bus","arr":["12A","12B","15A","15B"],"angle":-23.3,"extra":1,"ei":1}},{"type":"Feature","geometry":{"type":"Point","coordinates":[19.767484,41.314102]},"properties":{"lines":"12A, 12B, 15A, 15B","color":"#0059a9","mode":"bus","arr":["12A","12B","15A","15B"],"angle":-28.2,"extra":1,"ei":0}},{"type":"Feature","geometry":{"type":"Point","coordinates":[19.769698,41.314998]},"properties":{"lines":"12A, 12B, 15A, 15B","color":"#0059a9","mode":"bus","arr":["12A","12B","15A","15B"],"angle":-28.2,"extra":1,"ei":1}},{"type":"Feature","geometry":{"type":"Point","coordinates":[19.760267,41.311061]},"properties":{"lines":"12A, 12B","color":"#0059a9","mode":"bus","arr":["12A","12B"],"angle":-45.6}},{"type":"Feature","geometry":{"type":"Point","coordinates":[19.765269,41.313208]},"properties":{"lines":"12A, 12B","color":"#0059a9","mode":"bus","arr":["12A","12B"],"angle":-28.4,"extra":1,"ei":0}},{"type":"Feature","geometry":{"type":"Point","coordinates":[19.763058,41.31231]},"properties":{"lines":"12A, 12B","color":"#0059a9","mode":"bus","arr":["12A","12B"],"angle":-28.4,"extra":1,"ei":1}},{"type":"Feature","geometry":{"type":"Point","coordinates":[19.759234,41.309988]},"properties":{"lines":"12A, 12B","color":"#0059a9","mode":"bus","arr":["12A","12B"],"angle":-65.8,"extra":1,"ei":2}},{"type":"Feature","geometry":{"type":"Point","coordinates":[19.758294,41.308236]},"properties":{"lines":"12A, 12B","color":"#0059a9","mode":"bus","arr":["12A","12B"],"angle":-68.1,"extra":1,"ei":3}},{"type":"Feature","geometry":{"type":"Point","coordinates":[19.757195,41.306562]},"properties":{"lines":"12A, 12B","color":"#0059a9","mode":"bus","arr":["12A","12B"],"angle":-39.3,"extra":1,"ei":4}},{"type":"Feature","geometry":{"type":"Point","coordinates":[19.751141,41.304941]},"properties":{"lines":"12A, 12B","color":"#0059a9","mode":"bus","arr":["12A","12B"],"angle":-14.6}},{"type":"Feature","geometry":{"type":"Point","coordinates":[19.755854,41.30608]},"properties":{"lines":"12A, 12B","color":"#0059a9","mode":"bus","arr":["12A","12B"],"angle":-24.8,"extra":1,"ei":0}},{"type":"Feature","geometry":{"type":"Point","coordinates":[19.753516,41.305398]},"properties":{"lines":"12A, 12B","color":"#0059a9","mode":"bus","arr":["12A","12B"],"angle":-14.8,"extra":1,"ei":1}},{"type":"Feature","geometry":{"type":"Point","coordinates":[19.748651,41.304444]},"properties":{"lines":"12A, 12B","color":"#0059a9","mode":"bus","arr":["12A","12B"],"angle":-15,"extra":1,"ei":2}},{"type":"Feature","geometry":{"type":"Point","coordinates":[19.746294,41.303794]},"properties":{"lines":"12A, 12B","color":"#0059a9","mode":"bus","arr":["12A","12B"],"angle":-24.6,"extra":1,"ei":3}},{"type":"Feature","geometry":{"type":"Point","coordinates":[19.81063,41.3455]},"properties":{"lines":"12A","color":"#0059a9","mode":"bus","arr":["12A"],"angle":-23.2,"mi":2}},{"type":"Feature","geometry":{"type":"Point","coordinates":[19.825331,41.344569]},"properties":{"lines":"12B","color":"#0059a9","mode":"bus","arr":["12B"],"angle":78.6}},{"type":"Feature","geometry":{"type":"Point","coordinates":[19.824128,41.348083]},"properties":{"lines":"12B","color":"#0059a9","mode":"bus","arr":["12B"],"angle":75.5,"extra":1,"ei":0}},{"type":"Feature","geometry":{"type":"Point","coordinates":[19.824771,41.346258]},"properties":{"lines":"12B","color":"#0059a9","mode":"bus","arr":["12B"],"angle":75,"extra":1,"ei":1}},{"type":"Feature","geometry":{"type":"Point","coordinates":[19.825837,41.342569]},"properties":{"lines":"12B","color":"#0059a9","mode":"bus","arr":["12B"],"angle":77.9,"extra":1,"ei":2}},{"type":"Feature","geometry":{"type":"Point","coordinates":[19.826315,41.340717]},"properties":{"lines":"12B","color":"#0059a9","mode":"bus","arr":["12B"],"angle":84.4,"extra":1,"ei":3}},{"type":"Feature","geometry":{"type":"Point","coordinates":[19.805353,41.333697]},"properties":{"lines":"13A, 16A","color":"#0059a9","mode":"bus","arr":["13A","16A"],"angle":-42,"side":-1}},{"type":"Feature","geometry":{"type":"Point","coordinates":[19.806298,41.319956]},"properties":{"lines":"13A","color":"#0059a9","mode":"bus","arr":["13A"],"angle":37.7,"mi":1}},{"type":"Feature","geometry":{"type":"Point","coordinates":[19.7984,41.320656]},"properties":{"lines":"13A","color":"#0059a9","mode":"bus","arr":["13A"],"angle":-14.2}},{"type":"Feature","geometry":{"type":"Point","coordinates":[19.804045,41.321557]},"properties":{"lines":"13A","color":"#0059a9","mode":"bus","arr":["13A"],"angle":-11.9,"extra":1,"ei":0}},{"type":"Feature","geometry":{"type":"Point","coordinates":[19.801584,41.321172]},"properties":{"lines":"13A","color":"#0059a9","mode":"bus","arr":["13A"],"angle":-11.7,"extra":1,"ei":1}},{"type":"Feature","geometry":{"type":"Point","coordinates":[19.796646,41.320572]},"properties":{"lines":"13A","color":"#0059a9","mode":"bus","arr":["13A"],"angle":6.7,"extra":1,"ei":2}},{"type":"Feature","geometry":{"type":"Point","coordinates":[19.794273,41.321169]},"properties":{"lines":"13A","color":"#0059a9","mode":"bus","arr":["13A"],"angle":24.4,"extra":1,"ei":3}},{"type":"Feature","geometry":{"type":"Point","coordinates":[19.792277,41.322254]},"properties":{"lines":"13A","color":"#0059a9","mode":"bus","arr":["13A"],"angle":49.1,"extra":1,"ei":4,"side":-1}},{"type":"Feature","geometry":{"type":"Point","coordinates":[19.787501,41.32562]},"properties":{"lines":"13A","color":"#0059a9","mode":"bus","arr":["13A"],"angle":64.9}},{"type":"Feature","geometry":{"type":"Point","coordinates":[19.789491,41.32252]},"properties":{"lines":"13A","color":"#0059a9","mode":"bus","arr":["13A"],"angle":62.9,"extra":1,"ei":0}},{"type":"Feature","geometry":{"type":"Point","coordinates":[19.788485,41.324244]},"properties":{"lines":"13A","color":"#0059a9","mode":"bus","arr":["13A"],"angle":58.6,"extra":1,"ei":1}},{"type":"Feature","geometry":{"type":"Point","coordinates":[19.786396,41.327672]},"properties":{"lines":"13A","color":"#0059a9","mode":"bus","arr":["13A"],"angle":69.3,"extra":1,"ei":2}},{"type":"Feature","geometry":{"type":"Point","coordinates":[19.785458,41.329424]},"properties":{"lines":"13A","color":"#0059a9","mode":"bus","arr":["13A"],"angle":68.2,"extra":1,"ei":3}},{"type":"Feature","geometry":{"type":"Point","coordinates":[19.785903,41.327652]},"properties":{"lines":"13B","color":"#0059a9","mode":"bus","arr":["13B"],"angle":68,"mi":7}},{"type":"Feature","geometry":{"type":"Point","coordinates":[19.788947,41.322411]},"properties":{"lines":"13B","color":"#0059a9","mode":"bus","arr":["13B"],"angle":70.5,"mi":3}},{"type":"Feature","geometry":{"type":"Point","coordinates":[19.785132,41.329163]},"properties":{"lines":"13B","color":"#0059a9","mode":"bus","arr":["13B"],"angle":67.5,"extra":1,"ei":0}},{"type":"Feature","geometry":{"type":"Point","coordinates":[19.786972,41.325648]},"properties":{"lines":"13B","color":"#0059a9","mode":"bus","arr":["13B"],"angle":71.5,"extra":1,"ei":1}},{"type":"Feature","geometry":{"type":"Point","coordinates":[19.78787,41.32413]},"properties":{"lines":"13B","color":"#0059a9","mode":"bus","arr":["13B"],"angle":64.7,"mi":5}},{"type":"Feature","geometry":{"type":"Point","coordinates":[19.80526,41.321169]},"properties":{"lines":"13B","color":"#0059a9","mode":"bus","arr":["13B"],"angle":30.4,"side":-1,"mi":1}},{"type":"Feature","geometry":{"type":"Point","coordinates":[19.797863,41.320165]},"properties":{"lines":"13B","color":"#0059a9","mode":"bus","arr":["13B"],"angle":-6.3}},{"type":"Feature","geometry":{"type":"Point","coordinates":[19.792374,41.321534]},"properties":{"lines":"13B","color":"#0059a9","mode":"bus","arr":["13B"],"angle":44.8,"extra":1,"ei":0}},{"type":"Feature","geometry":{"type":"Point","coordinates":[19.794548,41.320616]},"properties":{"lines":"13B","color":"#0059a9","mode":"bus","arr":["13B"],"angle":24.2,"extra":1,"ei":1}},{"type":"Feature","geometry":{"type":"Point","coordinates":[19.799452,41.320369]},"properties":{"lines":"13B","color":"#0059a9","mode":"bus","arr":["13B"],"angle":-10.9,"extra":1,"ei":2}},{"type":"Feature","geometry":{"type":"Point","coordinates":[19.801913,41.320759]},"properties":{"lines":"13B","color":"#0059a9","mode":"bus","arr":["13B"],"angle":-12,"extra":1,"ei":3}},{"type":"Feature","geometry":{"type":"Point","coordinates":[19.804372,41.321153]},"properties":{"lines":"13B","color":"#0059a9","mode":"bus","arr":["13B"],"angle":-11.8,"extra":1,"ei":4}},{"type":"Feature","geometry":{"type":"Point","coordinates":[19.807571,41.319238]},"properties":{"lines":"13B","color":"#0059a9","mode":"bus","arr":["13B"],"angle":33.6,"side":-1,"mi":2}},{"type":"Feature","geometry":{"type":"Point","coordinates":[19.812707,41.31805]},"properties":{"lines":"13B","color":"#0059a9","mode":"bus","arr":["13B"],"angle":-11.9,"side":-1,"mi":6}},{"type":"Feature","geometry":{"type":"Point","coordinates":[19.805949,41.320091]},"properties":{"lines":"13B","color":"#0059a9","mode":"bus","arr":["13B"],"angle":53.6,"extra":1,"ei":0,"side":-1}},{"type":"Feature","geometry":{"type":"Point","coordinates":[19.810099,41.317969]},"properties":{"lines":"13B","color":"#0059a9","mode":"bus","arr":["13B"],"angle":33.2,"extra":1,"ei":1,"side":-1}},{"type":"Feature","geometry":{"type":"Point","coordinates":[19.810567,41.317784]},"properties":{"lines":"13B","color":"#0059a9","mode":"bus","arr":["13B"],"angle":14.3,"side":-1,"mi":4}},{"type":"Feature","geometry":{"type":"Point","coordinates":[19.809233,41.334826]},"properties":{"lines":"13B, 16B","color":"#0059a9","mode":"bus","arr":["13B","16B"],"angle":-12.5}},{"type":"Feature","geometry":{"type":"Point","coordinates":[19.81118,41.33515]},"properties":{"lines":"13B, 16B","color":"#0059a9","mode":"bus","arr":["13B","16B"],"angle":-12.5,"extra":1,"ei":0}},{"type":"Feature","geometry":{"type":"Point","coordinates":[19.806278,41.334317]},"properties":{"lines":"13B, 16B","color":"#0059a9","mode":"bus","arr":["13B","16B"],"angle":-21.4,"extra":1,"ei":1}},{"type":"Feature","geometry":{"type":"Point","coordinates":[19.824223,41.335646]},"properties":{"lines":"15A, 15B","color":"#0059a9","mode":"bus","arr":["15A","15B"],"angle":-68.1}},{"type":"Feature","geometry":{"type":"Point","coordinates":[19.84123,41.345999]},"properties":{"lines":"15A, 15B","color":"#0059a9","mode":"bus","arr":["15A","15B"],"angle":87.1}},{"type":"Feature","geometry":{"type":"Point","coordinates":[19.821448,41.331361]},"properties":{"lines":"15A, 15B","color":"#0059a9","mode":"bus","arr":["15A","15B"],"angle":-51.6,"extra":1,"ei":0}},{"type":"Feature","geometry":{"type":"Point","coordinates":[19.822746,41.33297]},"properties":{"lines":"15A, 15B","color":"#0059a9","mode":"bus","arr":["15A","15B"],"angle":-66.9,"extra":1,"ei":1}},{"type":"Feature","geometry":{"type":"Point","coordinates":[19.825848,41.338124]},"properties":{"lines":"15A, 15B","color":"#0059a9","mode":"bus","arr":["15A","15B"],"angle":-51.4,"extra":1,"ei":2}},{"type":"Feature","geometry":{"type":"Point","coordinates":[19.827817,41.339291]},"properties":{"lines":"15A, 15B","color":"#0059a9","mode":"bus","arr":["15A","15B"],"angle":-36.3,"extra":1,"ei":3}},{"type":"Feature","geometry":{"type":"Point","coordinates":[19.839436,41.345518]},"properties":{"lines":"15A, 15B","color":"#0059a9","mode":"bus","arr":["15A","15B"],"angle":-17.9,"extra":1,"ei":0}},{"type":"Feature","geometry":{"type":"Point","coordinates":[19.845885,41.347027]},"properties":{"lines":"15A","color":"#0059a9","mode":"bus","arr":["15A"],"angle":23.2}},{"type":"Feature","geometry":{"type":"Point","coordinates":[19.842325,41.346479]},"properties":{"lines":"15A","color":"#0059a9","mode":"bus","arr":["15A"],"angle":-32.7,"extra":1,"ei":0,"side":-1}},{"type":"Feature","geometry":{"type":"Point","coordinates":[19.849229,41.345867]},"properties":{"lines":"15A","color":"#0059a9","mode":"bus","arr":["15A"],"angle":24.5,"extra":1,"ei":1}},{"type":"Feature","geometry":{"type":"Point","coordinates":[19.766921,41.314266]},"properties":{"lines":"15A, 15B","color":"#0059a9","mode":"bus","arr":["15A","15B"],"angle":62}},{"type":"Feature","geometry":{"type":"Point","coordinates":[19.765993,41.314227]},"properties":{"lines":"15A, 15B","color":"#0059a9","mode":"bus","arr":["15A","15B"],"angle":-74.6,"mi":1}},{"type":"Feature","geometry":{"type":"Point","coordinates":[19.850737,41.359959]},"properties":{"lines":"15B","color":"#0059a9","mode":"bus","arr":["15B"],"angle":-39.4}},{"type":"Feature","geometry":{"type":"Point","coordinates":[19.84294,41.347909]},"properties":{"lines":"15B","color":"#0059a9","mode":"bus","arr":["15B"],"angle":-67.6}},{"type":"Feature","geometry":{"type":"Point","coordinates":[19.842155,41.346648]},"properties":{"lines":"15B","color":"#0059a9","mode":"bus","arr":["15B"],"angle":-49.3,"extra":1,"ei":0}},{"type":"Feature","geometry":{"type":"Point","coordinates":[19.854596,41.368974]},"properties":{"lines":"15B","color":"#0059a9","mode":"bus","arr":["15B"],"angle":-74.4,"extra":1,"ei":0}},{"type":"Feature","geometry":{"type":"Point","coordinates":[19.853879,41.367165]},"properties":{"lines":"15B","color":"#0059a9","mode":"bus","arr":["15B"],"angle":-73.1,"extra":1,"ei":1}},{"type":"Feature","geometry":{"type":"Point","coordinates":[19.853149,41.365358]},"properties":{"lines":"15B","color":"#0059a9","mode":"bus","arr":["15B"],"angle":-73.2,"extra":1,"ei":2}},{"type":"Feature","geometry":{"type":"Point","coordinates":[19.852513,41.363531]},"properties":{"lines":"15B","color":"#0059a9","mode":"bus","arr":["15B"],"angle":-76,"extra":1,"ei":3}},{"type":"Feature","geometry":{"type":"Point","coordinates":[19.851916,41.361697]},"properties":{"lines":"15B","color":"#0059a9","mode":"bus","arr":["15B"],"angle":-76.7,"extra":1,"ei":4}},{"type":"Feature","geometry":{"type":"Point","coordinates":[19.848913,41.358848]},"properties":{"lines":"15B","color":"#0059a9","mode":"bus","arr":["15B"],"angle":-40.5,"extra":1,"ei":5}},{"type":"Feature","geometry":{"type":"Point","coordinates":[19.847603,41.357285]},"properties":{"lines":"15B","color":"#0059a9","mode":"bus","arr":["15B"],"angle":-72.2,"extra":1,"ei":6}},{"type":"Feature","geometry":{"type":"Point","coordinates":[19.846861,41.35548]},"properties":{"lines":"15B","color":"#0059a9","mode":"bus","arr":["15B"],"angle":-72.4,"extra":1,"ei":7}},{"type":"Feature","geometry":{"type":"Point","coordinates":[19.846099,41.35368]},"properties":{"lines":"15B","color":"#0059a9","mode":"bus","arr":["15B"],"angle":-70.7,"extra":1,"ei":8}},{"type":"Feature","geometry":{"type":"Point","coordinates":[19.845027,41.351974]},"properties":{"lines":"15B","color":"#0059a9","mode":"bus","arr":["15B"],"angle":-62.1,"extra":1,"ei":9}},{"type":"Feature","geometry":{"type":"Point","coordinates":[19.843876,41.350355]},"properties":{"lines":"15B","color":"#0059a9","mode":"bus","arr":["15B"],"angle":89.9,"mi":1}},{"type":"Feature","geometry":{"type":"Point","coordinates":[19.831283,41.336816]},"properties":{"lines":"16A","color":"#0059a9","mode":"bus","arr":["16A"],"angle":62.8,"side":-1}},{"type":"Feature","geometry":{"type":"Point","coordinates":[19.832877,41.334477]},"properties":{"lines":"16A","color":"#0059a9","mode":"bus","arr":["16A"],"angle":62.8,"extra":1,"ei":0,"side":-1}},{"type":"Feature","geometry":{"type":"Point","coordinates":[19.82944,41.33952]},"properties":{"lines":"16A","color":"#0059a9","mode":"bus","arr":["16A"],"angle":63,"extra":1,"ei":1,"side":-1}},{"type":"Feature","geometry":{"type":"Point","coordinates":[19.834002,41.332173]},"properties":{"lines":"16A","color":"#0059a9","mode":"bus","arr":["16A"],"angle":81.5,"side":-1,"mi":1}},{"type":"Feature","geometry":{"type":"Point","coordinates":[19.834262,41.330892]},"properties":{"lines":"16A","color":"#0059a9","mode":"bus","arr":["16A"],"angle":81.5,"extra":1,"ei":0,"side":-1}},{"type":"Feature","geometry":{"type":"Point","coordinates":[19.822488,41.324472]},"properties":{"lines":"16A","color":"#0059a9","mode":"bus","arr":["16A"],"angle":-13.8,"mi":4}},{"type":"Feature","geometry":{"type":"Point","coordinates":[19.824132,41.324936]},"properties":{"lines":"16A","color":"#0059a9","mode":"bus","arr":["16A"],"angle":-28.4,"extra":1,"ei":0}},{"type":"Feature","geometry":{"type":"Point","coordinates":[19.809378,41.322394]},"properties":{"lines":"16A","color":"#0059a9","mode":"bus","arr":["16A"],"angle":-11.9}},{"type":"Feature","geometry":{"type":"Point","coordinates":[19.818492,41.323832]},"properties":{"lines":"16A","color":"#0059a9","mode":"bus","arr":["16A"],"angle":-11.9,"mi":1}},{"type":"Feature","geometry":{"type":"Point","coordinates":[19.812034,41.322813]},"properties":{"lines":"16A","color":"#0059a9","mode":"bus","arr":["16A"],"angle":-11.9,"extra":1,"ei":0}},{"type":"Feature","geometry":{"type":"Point","coordinates":[19.807113,41.322037]},"properties":{"lines":"16A","color":"#0059a9","mode":"bus","arr":["16A"],"angle":-11.8,"extra":1,"ei":1}},{"type":"Feature","geometry":{"type":"Point","coordinates":[19.803426,41.330421]},"properties":{"lines":"16A","color":"#0059a9","mode":"bus","arr":["16A"],"angle":-65.3,"side":-1,"mi":3}},{"type":"Feature","geometry":{"type":"Point","coordinates":[19.804292,41.323986]},"properties":{"lines":"16A","color":"#0059a9","mode":"bus","arr":["16A"],"angle":71.7,"mi":2}},{"type":"Feature","geometry":{"type":"Point","coordinates":[19.804796,41.322841]},"properties":{"lines":"16A","color":"#0059a9","mode":"bus","arr":["16A"],"angle":71.7,"extra":1,"ei":0}},{"type":"Feature","geometry":{"type":"Point","coordinates":[19.802641,41.328982]},"properties":{"lines":"16A","color":"#0059a9","mode":"bus","arr":["16A"],"angle":-79.2,"extra":1,"ei":0,"side":-1}},{"type":"Feature","geometry":{"type":"Point","coordinates":[19.804407,41.332486]},"properties":{"lines":"16A","color":"#0059a9","mode":"bus","arr":["16A"],"angle":-77.4,"extra":1,"ei":1,"side":-1}},{"type":"Feature","geometry":{"type":"Point","coordinates":[19.831341,41.336887]},"properties":{"lines":"16B","color":"#0059a9","mode":"bus","arr":["16B"],"angle":62.8}},{"type":"Feature","geometry":{"type":"Point","coordinates":[19.829748,41.339268]},"properties":{"lines":"16B","color":"#0059a9","mode":"bus","arr":["16B"],"angle":64.1,"extra":1,"ei":0}},{"type":"Feature","geometry":{"type":"Point","coordinates":[19.833161,41.334216]},"properties":{"lines":"16B","color":"#0059a9","mode":"bus","arr":["16B"],"angle":62.9,"extra":1,"ei":1}},{"type":"Feature","geometry":{"type":"Point","coordinates":[19.803347,41.33048]},"properties":{"lines":"16B","color":"#0059a9","mode":"bus","arr":["16B"],"angle":-65.5,"mi":3}},{"type":"Feature","geometry":{"type":"Point","coordinates":[19.80434,41.32367]},"properties":{"lines":"16B","color":"#0059a9","mode":"bus","arr":["16B"],"angle":72.2,"side":-1}},{"type":"Feature","geometry":{"type":"Point","coordinates":[19.804243,41.331959]},"properties":{"lines":"16B","color":"#0059a9","mode":"bus","arr":["16B"],"angle":-75.6,"extra":1,"ei":0}},{"type":"Feature","geometry":{"type":"Point","coordinates":[19.802478,41.328454]},"properties":{"lines":"16B","color":"#0059a9","mode":"bus","arr":["16B"],"angle":-89.8,"extra":1,"ei":1}},{"type":"Feature","geometry":{"type":"Point","coordinates":[19.803843,41.324795]},"properties":{"lines":"16B","color":"#0059a9","mode":"bus","arr":["16B"],"angle":70.9,"extra":1,"ei":0,"side":-1}},{"type":"Feature","geometry":{"type":"Point","coordinates":[19.807825,41.321693]},"properties":{"lines":"16B","color":"#0059a9","mode":"bus","arr":["16B"],"angle":-11.8,"mi":1}},{"type":"Feature","geometry":{"type":"Point","coordinates":[19.815474,41.322899]},"properties":{"lines":"16B","color":"#0059a9","mode":"bus","arr":["16B"],"angle":-11.9,"mi":2}},{"type":"Feature","geometry":{"type":"Point","coordinates":[19.817077,41.323153]},"properties":{"lines":"16B","color":"#0059a9","mode":"bus","arr":["16B"],"angle":-12,"extra":1,"ei":0}},{"type":"Feature","geometry":{"type":"Point","coordinates":[19.834083,41.332208]},"properties":{"lines":"16B","color":"#0059a9","mode":"bus","arr":["16B"],"angle":81.4,"mi":1}},{"type":"Feature","geometry":{"type":"Point","coordinates":[19.833679,41.333457]},"properties":{"lines":"16B","color":"#0059a9","mode":"bus","arr":["16B"],"angle":63.8,"extra":1,"ei":0}}]}