{"type":"FeatureCollection","features":[{"type":"Feature","properties":{"line":"1A","mode":"bus","color":"#b0045c","oi":0.5,"n":2},"geometry":{"type":"LineString","coordinates":[[19.803474,41.31357],[19.803351,41.313132],[19.803381,41.313026],[19.803428,41.312986],[19.803813,41.312853],[19.804695,41.3126],[19.804862,41.312531],[19.805857,41.312338],[19.805876,41.312332],[19.805888,41.312323],[19.805892,41.31231],[19.805889,41.312295],[19.805735,41.311904],[19.805726,41.31189],[19.805713,41.311882],[19.805697,41.31188],[19.805677,41.311884],[19.805174,41.312043],[19.803177,41.312576],[19.80048,41.313648],[19.799988,41.313892],[19.799788,41.314018],[19.799518,41.314233],[19.799224,41.314525],[19.799099,41.314587],[19.799025,41.314716]]}},{"type":"Feature","properties":{"line":"1A","mode":"bus","color":"#b0045c","oi":0.5,"n":2},"geometry":{"type":"LineString","coordinates":[[19.806853,41.317609],[19.806764,41.317383],[19.806774,41.317316],[19.806725,41.317263],[19.806714,41.317245],[19.806714,41.317226],[19.806726,41.317207],[19.806877,41.317054],[19.80687,41.316913],[19.805365,41.313354],[19.805351,41.313336],[19.805331,41.313327],[19.805303,41.313328],[19.803602,41.313616],[19.803571,41.313619],[19.803556,41.313618],[19.803542,41.313612],[19.803474,41.31357],[19.803359,41.31356],[19.801904,41.313728],[19.800709,41.313963],[19.800378,41.314115],[19.799974,41.314383],[19.799706,41.314633],[19.799573,41.314848],[19.799467,41.314927],[19.799322,41.314957],[19.799145,41.314914],[19.79905,41.314827],[19.799033,41.314751],[19.799023,41.314732],[19.799005,41.314721],[19.798977,41.314718],[19.798821,41.314726],[19.798314,41.314822],[19.79791,41.31497],[19.797728,41.315081],[19.797546,41.31542]]}},{"type":"Feature","properties":{"line":"1A","mode":"bus","color":"#b0045c","oi":0.5,"n":2},"geometry":{"type":"LineString","coordinates":[[19.810252,41.321757],[19.81021,41.321628],[19.81004,41.321428],[19.809923,41.321381],[19.809837,41.321367],[19.809811,41.321358],[19.809797,41.321344],[19.809795,41.321323],[19.80982,41.321146],[19.809749,41.320995],[19.808156,41.319095],[19.806853,41.317609],[19.806512,41.31741],[19.806485,41.317386],[19.806475,41.317355],[19.806473,41.317322],[19.80648,41.317293],[19.806501,41.317269],[19.806526,41.31725],[19.80654,41.317235],[19.806543,41.317218],[19.806535,41.317201],[19.806473,41.317114],[19.805219,41.315596],[19.804781,41.31499],[19.804195,41.314341],[19.803653,41.313677],[19.803555,41.31362]]}},{"type":"Feature","properties":{"line":"1A","mode":"bus","color":"#b0045c","oi":0,"n":2,"sw":1},"geometry":{"type":"LineString","coordinates":[[19.810285,41.32208],[19.810282,41.322045]]}},{"type":"Feature","properties":{"line":"1A","mode":"bus","color":"#b0045c","oi":0.017,"n":2,"sw":1},"geometry":{"type":"LineString","coordinates":[[19.810282,41.32205],[19.810278,41.322013]]}},{"type":"Feature","properties":{"line":"1A","mode":"bus","color":"#b0045c","oi":0.063,"n":2,"sw":1},"geometry":{"type":"LineString","coordinates":[[19.810279,41.322018],[19.810275,41.32198]]}},{"type":"Feature","properties":{"line":"1A","mode":"bus","color":"#b0045c","oi":0.13,"n":2,"sw":1},"geometry":{"type":"LineString","coordinates":[[19.810276,41.321986],[19.810272,41.321948]]}},{"type":"Feature","properties":{"line":"1A","mode":"bus","color":"#b0045c","oi":0.209,"n":2,"sw":1},"geometry":{"type":"LineString","coordinates":[[19.810273,41.321953],[19.810269,41.321916]]}},{"type":"Feature","properties":{"line":"1A","mode":"bus","color":"#b0045c","oi":0.291,"n":2,"sw":1},"geometry":{"type":"LineString","coordinates":[[19.81027,41.321921],[19.810266,41.321883]]}},{"type":"Feature","properties":{"line":"1A","mode":"bus","color":"#b0045c","oi":0.37,"n":2,"sw":1},"geometry":{"type":"LineString","coordinates":[[19.810266,41.321889],[19.810263,41.321851]]}},{"type":"Feature","properties":{"line":"1A","mode":"bus","color":"#b0045c","oi":0.437,"n":2,"sw":1},"geometry":{"type":"LineString","coordinates":[[19.810263,41.321857],[19.81026,41.321819]]}},{"type":"Feature","properties":{"line":"1A","mode":"bus","color":"#b0045c","oi":0.483,"n":2,"sw":1},"geometry":{"type":"LineString","coordinates":[[19.81026,41.321824],[19.810256,41.321787]]}},{"type":"Feature","properties":{"line":"1A","mode":"bus","color":"#b0045c","oi":0.5,"n":2,"sw":1},"geometry":{"type":"LineString","coordinates":[[19.810257,41.321792],[19.810254,41.321762],[19.810252,41.321754]]}},{"type":"Feature","properties":{"line":"1A","mode":"bus","color":"#b0045c","oi":0.5,"n":2},"geometry":{"type":"LineString","coordinates":[[19.838292,41.345539],[19.838386,41.345801],[19.838391,41.345903],[19.838237,41.34643],[19.838111,41.346729],[19.83805,41.346821],[19.838032,41.346838],[19.838009,41.346847],[19.837981,41.346848],[19.833538,41.346364],[19.833518,41.346364],[19.833503,41.346369],[19.833495,41.34638],[19.833493,41.346395],[19.83352,41.346986],[19.833365,41.348109],[19.833149,41.348439],[19.832874,41.349366],[19.832728,41.349546],[19.832478,41.350273],[19.832338,41.35041],[19.831915,41.350548],[19.831418,41.350561]]}},{"type":"Feature","properties":{"line":"1A","mode":"bus","color":"#b0045c","oi":0,"n":2,"sw":1},"geometry":{"type":"LineString","coordinates":[[19.838245,41.34522],[19.838244,41.345255]]}},{"type":"Feature","properties":{"line":"1A","mode":"bus","color":"#b0045c","oi":0.017,"n":2,"sw":1},"geometry":{"type":"LineString","coordinates":[[19.838244,41.34525],[19.838243,41.345287]]}},{"type":"Feature","properties":{"line":"1A","mode":"bus","color":"#b0045c","oi":0.063,"n":2,"sw":1},"geometry":{"type":"LineString","coordinates":[[19.838243,41.345282],[19.838242,41.34532]]}},{"type":"Feature","properties":{"line":"1A","mode":"bus","color":"#b0045c","oi":0.13,"n":2,"sw":1},"geometry":{"type":"LineString","coordinates":[[19.838242,41.345314],[19.838241,41.345352]]}},{"type":"Feature","properties":{"line":"1A","mode":"bus","color":"#b0045c","oi":0.209,"n":2,"sw":1},"geometry":{"type":"LineString","coordinates":[[19.838241,41.345347],[19.83824,41.345385]]}},{"type":"Feature","properties":{"line":"1A","mode":"bus","color":"#b0045c","oi":0.291,"n":2,"sw":1},"geometry":{"type":"LineString","coordinates":[[19.83824,41.345379],[19.83824,41.345393],[19.838248,41.345416]]}},{"type":"Feature","properties":{"line":"1A","mode":"bus","color":"#b0045c","oi":0.37,"n":2,"sw":1},"geometry":{"type":"LineString","coordinates":[[19.838246,41.345411],[19.838259,41.345447]]}},{"type":"Feature","properties":{"line":"1A","mode":"bus","color":"#b0045c","oi":0.437,"n":2,"sw":1},"geometry":{"type":"LineString","coordinates":[[19.838258,41.345442],[19.838271,41.345479]]}},{"type":"Feature","properties":{"line":"1A","mode":"bus","color":"#b0045c","oi":0.483,"n":2,"sw":1},"geometry":{"type":"LineString","coordinates":[[19.838269,41.345474],[19.838282,41.34551]]}},{"type":"Feature","properties":{"line":"1A","mode":"bus","color":"#b0045c","oi":0.5,"n":2,"sw":1},"geometry":{"type":"LineString","coordinates":[[19.83828,41.345505],[19.838293,41.345541]]}},{"type":"Feature","properties":{"line":"1A","mode":"bus","color":"#b0045c","oi":1.5,"n":2,"sw":1},"geometry":{"type":"LineString","coordinates":[[19.829467,41.340269],[19.829452,41.340265]]}},{"type":"Feature","properties":{"line":"1A","mode":"bus","color":"#b0045c","oi":1.49,"n":2,"sw":1},"geometry":{"type":"LineString","coordinates":[[19.829459,41.340267],[19.82944,41.340261]]}},{"type":"Feature","properties":{"line":"1A","mode":"bus","color":"#b0045c","oi":1.462,"n":2,"sw":1},"geometry":{"type":"LineString","coordinates":[[19.829447,41.340263],[19.829429,41.340258]]}},{"type":"Feature","properties":{"line":"1A","mode":"bus","color":"#b0045c","oi":1.418,"n":2,"sw":1},"geometry":{"type":"LineString","coordinates":[[19.829436,41.34026],[19.829417,41.340255]]}},{"type":"Feature","properties":{"line":"1A","mode":"bus","color":"#b0045c","oi":1.36,"n":2,"sw":1},"geometry":{"type":"LineString","coordinates":[[19.829424,41.340257],[19.829406,41.340251]]}},{"type":"Feature","properties":{"line":"1A","mode":"bus","color":"#b0045c","oi":1.291,"n":2,"sw":1},"geometry":{"type":"LineString","coordinates":[[19.829412,41.340253],[19.829394,41.340248]]}},{"type":"Feature","properties":{"line":"1A","mode":"bus","color":"#b0045c","oi":1.214,"n":2,"sw":1},"geometry":{"type":"LineString","coordinates":[[19.829401,41.34025],[19.829383,41.340245]]}},{"type":"Feature","properties":{"line":"1A","mode":"bus","color":"#b0045c","oi":1.131,"n":2,"sw":1},"geometry":{"type":"LineString","coordinates":[[19.829389,41.340247],[19.829371,41.340241]]}},{"type":"Feature","properties":{"line":"1A","mode":"bus","color":"#b0045c","oi":1.044,"n":2,"sw":1},"geometry":{"type":"LineString","coordinates":[[19.829378,41.340243],[19.829359,41.340238]]}},{"type":"Feature","properties":{"line":"1A","mode":"bus","color":"#b0045c","oi":0.956,"n":2,"sw":1},"geometry":{"type":"LineString","coordinates":[[19.829366,41.34024],[19.829348,41.340235]]}},{"type":"Feature","properties":{"line":"1A","mode":"bus","color":"#b0045c","oi":0.869,"n":2,"sw":1},"geometry":{"type":"LineString","coordinates":[[19.829354,41.340237],[19.829336,41.340232]]}},{"type":"Feature","properties":{"line":"1A","mode":"bus","color":"#b0045c","oi":0.786,"n":2,"sw":1},"geometry":{"type":"LineString","coordinates":[[19.829343,41.340233],[19.829325,41.340228]]}},{"type":"Feature","properties":{"line":"1A","mode":"bus","color":"#b0045c","oi":0.709,"n":2,"sw":1},"geometry":{"type":"LineString","coordinates":[[19.829331,41.34023],[19.829313,41.340225]]}},{"type":"Feature","properties":{"line":"1A","mode":"bus","color":"#b0045c","oi":0.64,"n":2,"sw":1},"geometry":{"type":"LineString","coordinates":[[19.82932,41.340227],[19.829301,41.340222]]}},{"type":"Feature","properties":{"line":"1A","mode":"bus","color":"#b0045c","oi":0.582,"n":2,"sw":1},"geometry":{"type":"LineString","coordinates":[[19.829308,41.340223],[19.82929,41.340218]]}},{"type":"Feature","properties":{"line":"1A","mode":"bus","color":"#b0045c","oi":0.538,"n":2,"sw":1},"geometry":{"type":"LineString","coordinates":[[19.829296,41.34022],[19.829278,41.340215]]}},{"type":"Feature","properties":{"line":"1A","mode":"bus","color":"#b0045c","oi":0.51,"n":2,"sw":1},"geometry":{"type":"LineString","coordinates":[[19.829285,41.340217],[19.829267,41.340212]]}},{"type":"Feature","properties":{"line":"1A","mode":"bus","color":"#b0045c","oi":0.5,"n":2,"sw":1},"geometry":{"type":"LineString","coordinates":[[19.829273,41.340214],[19.829261,41.34021],[19.829255,41.34021]]}},{"type":"Feature","properties":{"line":"1A","mode":"bus","color":"#b0045c","oi":0.5,"n":2,"sw":1},"geometry":{"type":"LineString","coordinates":[[19.829262,41.34021],[19.829261,41.34021],[19.829232,41.340211]]}},{"type":"Feature","properties":{"line":"1A","mode":"bus","color":"#b0045c","oi":0.483,"n":2,"sw":1},"geometry":{"type":"LineString","coordinates":[[19.829239,41.34021],[19.82921,41.340211]]}},{"type":"Feature","properties":{"line":"1A","mode":"bus","color":"#b0045c","oi":0.437,"n":2,"sw":1},"geometry":{"type":"LineString","coordinates":[[19.829217,41.340211],[19.829188,41.340211]]}},{"type":"Feature","properties":{"line":"1A","mode":"bus","color":"#b0045c","oi":0.37,"n":2,"sw":1},"geometry":{"type":"LineString","coordinates":[[19.829195,41.340211],[19.829165,41.340212]]}},{"type":"Feature","properties":{"line":"1A","mode":"bus","color":"#b0045c","oi":0.291,"n":2,"sw":1},"geometry":{"type":"LineString","coordinates":[[19.829172,41.340212],[19.829143,41.340212]]}},{"type":"Feature","properties":{"line":"1A","mode":"bus","color":"#b0045c","oi":0.209,"n":2,"sw":1},"geometry":{"type":"LineString","coordinates":[[19.82915,41.340212],[19.829121,41.340212]]}},{"type":"Feature","properties":{"line":"1A","mode":"bus","color":"#b0045c","oi":0.13,"n":2,"sw":1},"geometry":{"type":"LineString","coordinates":[[19.829128,41.340212],[19.829098,41.340213]]}},{"type":"Feature","properties":{"line":"1A","mode":"bus","color":"#b0045c","oi":0.063,"n":2,"sw":1},"geometry":{"type":"LineString","coordinates":[[19.829106,41.340213],[19.829076,41.340213]]}},{"type":"Feature","properties":{"line":"1A","mode":"bus","color":"#b0045c","oi":0.017,"n":2,"sw":1},"geometry":{"type":"LineString","coordinates":[[19.829083,41.340213],[19.829054,41.340214]]}},{"type":"Feature","properties":{"line":"1A","mode":"bus","color":"#b0045c","oi":0,"n":2,"sw":1},"geometry":{"type":"LineString","coordinates":[[19.829061,41.340214],[19.829035,41.340214]]}},{"type":"Feature","properties":{"line":"1A","mode":"bus","color":"#b0045c","oi":0.5,"n":2},"geometry":{"type":"LineString","coordinates":[[19.816481,41.325531],[19.812763,41.324944],[19.812738,41.324936],[19.812726,41.324922],[19.812726,41.324902],[19.814376,41.31898]]}},{"type":"Feature","properties":{"line":"1A","mode":"bus","color":"#b0045c","oi":0,"n":2,"sw":1},"geometry":{"type":"LineString","coordinates":[[19.816902,41.325598],[19.816856,41.325591]]}},{"type":"Feature","properties":{"line":"1A","mode":"bus","color":"#b0045c","oi":0.017,"n":2,"sw":1},"geometry":{"type":"LineString","coordinates":[[19.816863,41.325592],[19.816814,41.325584]]}},{"type":"Feature","properties":{"line":"1A","mode":"bus","color":"#b0045c","oi":0.063,"n":2,"sw":1},"geometry":{"type":"LineString","coordinates":[[19.816821,41.325585],[19.816772,41.325577]]}},{"type":"Feature","properties":{"line":"1A","mode":"bus","color":"#b0045c","oi":0.13,"n":2,"sw":1},"geometry":{"type":"LineString","coordinates":[[19.816779,41.325579],[19.81673,41.325571]]}},{"type":"Feature","properties":{"line":"1A","mode":"bus","color":"#b0045c","oi":0.209,"n":2,"sw":1},"geometry":{"type":"LineString","coordinates":[[19.816737,41.325572],[19.816688,41.325564]]}},{"type":"Feature","properties":{"line":"1A","mode":"bus","color":"#b0045c","oi":0.291,"n":2,"sw":1},"geometry":{"type":"LineString","coordinates":[[19.816695,41.325565],[19.816646,41.325558]]}},{"type":"Feature","properties":{"line":"1A","mode":"bus","color":"#b0045c","oi":0.37,"n":2,"sw":1},"geometry":{"type":"LineString","coordinates":[[19.816653,41.325559],[19.816603,41.325551]]}},{"type":"Feature","properties":{"line":"1A","mode":"bus","color":"#b0045c","oi":0.437,"n":2,"sw":1},"geometry":{"type":"LineString","coordinates":[[19.81661,41.325552],[19.816561,41.325544]]}},{"type":"Feature","properties":{"line":"1A","mode":"bus","color":"#b0045c","oi":0.483,"n":2,"sw":1},"geometry":{"type":"LineString","coordinates":[[19.816568,41.325545],[19.816519,41.325538]]}},{"type":"Feature","properties":{"line":"1A","mode":"bus","color":"#b0045c","oi":0.5,"n":2,"sw":1},"geometry":{"type":"LineString","coordinates":[[19.816526,41.325539],[19.816477,41.325531]]}},{"type":"Feature","properties":{"line":"1A","mode":"bus","color":"#b0045c","oi":0.5,"n":2,"sw":1},"geometry":{"type":"LineString","coordinates":[[19.814375,41.318983],[19.814385,41.318946]]}},{"type":"Feature","properties":{"line":"1A","mode":"bus","color":"#b0045c","oi":0.483,"n":2,"sw":1},"geometry":{"type":"LineString","coordinates":[[19.814384,41.318951],[19.814394,41.318914]]}},{"type":"Feature","properties":{"line":"1A","mode":"bus","color":"#b0045c","oi":0.437,"n":2,"sw":1},"geometry":{"type":"LineString","coordinates":[[19.814393,41.318919],[19.814403,41.318882]]}},{"type":"Feature","properties":{"line":"1A","mode":"bus","color":"#b0045c","oi":0.37,"n":2,"sw":1},"geometry":{"type":"LineString","coordinates":[[19.814401,41.318888],[19.814412,41.318851]]}},{"type":"Feature","properties":{"line":"1A","mode":"bus","color":"#b0045c","oi":0.291,"n":2,"sw":1},"geometry":{"type":"LineString","coordinates":[[19.81441,41.318856],[19.814421,41.318819]]}},{"type":"Feature","properties":{"line":"1A","mode":"bus","color":"#b0045c","oi":0.209,"n":2,"sw":1},"geometry":{"type":"LineString","coordinates":[[19.814419,41.318824],[19.814429,41.318787]]}},{"type":"Feature","properties":{"line":"1A","mode":"bus","color":"#b0045c","oi":0.13,"n":2,"sw":1},"geometry":{"type":"LineString","coordinates":[[19.814428,41.318792],[19.814438,41.318755]]}},{"type":"Feature","properties":{"line":"1A","mode":"bus","color":"#b0045c","oi":0.063,"n":2,"sw":1},"geometry":{"type":"LineString","coordinates":[[19.814437,41.318761],[19.814447,41.318724]]}},{"type":"Feature","properties":{"line":"1A","mode":"bus","color":"#b0045c","oi":0.017,"n":2,"sw":1},"geometry":{"type":"LineString","coordinates":[[19.814446,41.318729],[19.814456,41.318692]]}},{"type":"Feature","properties":{"line":"1A","mode":"bus","color":"#b0045c","oi":0,"n":2,"sw":1},"geometry":{"type":"LineString","coordinates":[[19.814454,41.318697],[19.814464,41.318663]]}},{"type":"Feature","properties":{"line":"1A","mode":"bus","color":"#b0045c","oi":1.5,"n":4},"geometry":{"type":"LineString","coordinates":[[19.814464,41.318663],[19.81436,41.318609],[19.81433,41.318566],[19.814331,41.318471]]}},{"type":"Feature","properties":{"line":"1A","mode":"bus","color":"#b0045c","oi":1,"n":3},"geometry":{"type":"LineString","coordinates":[[19.813386,41.322569],[19.810285,41.32208]]}},{"type":"Feature","properties":{"line":"1A","mode":"bus","color":"#b0045c","oi":1,"n":3},"geometry":{"type":"LineString","coordinates":[[19.829035,41.340214],[19.8288,41.340317],[19.828498,41.340357],[19.827711,41.340299],[19.826765,41.340196]]}},{"type":"Feature","properties":{"line":"1A","mode":"bus","color":"#b0045c","oi":1,"n":3,"sw":1},"geometry":{"type":"LineString","coordinates":[[19.826769,41.340196],[19.826751,41.340194]]}},{"type":"Feature","properties":{"line":"1A","mode":"bus","color":"#b0045c","oi":0.995,"n":3,"sw":1},"geometry":{"type":"LineString","coordinates":[[19.826758,41.340195],[19.82674,41.340193]]}},{"type":"Feature","properties":{"line":"1A","mode":"bus","color":"#b0045c","oi":0.981,"n":3,"sw":1},"geometry":{"type":"LineString","coordinates":[[19.826747,41.340194],[19.82673,41.340192]]}},{"type":"Feature","properties":{"line":"1A","mode":"bus","color":"#b0045c","oi":0.958,"n":3,"sw":1},"geometry":{"type":"LineString","coordinates":[[19.826737,41.340192],[19.826719,41.340191]]}},{"type":"Feature","properties":{"line":"1A","mode":"bus","color":"#b0045c","oi":0.926,"n":3,"sw":1},"geometry":{"type":"LineString","coordinates":[[19.826726,41.340191],[19.826708,41.340189]]}},{"type":"Feature","properties":{"line":"1A","mode":"bus","color":"#b0045c","oi":0.887,"n":3,"sw":1},"geometry":{"type":"LineString","coordinates":[[19.826715,41.34019],[19.826698,41.340188]]}},{"type":"Feature","properties":{"line":"1A","mode":"bus","color":"#b0045c","oi":0.841,"n":3,"sw":1},"geometry":{"type":"LineString","coordinates":[[19.826705,41.340189],[19.826687,41.340187]]}},{"type":"Feature","properties":{"line":"1A","mode":"bus","color":"#b0045c","oi":0.787,"n":3,"sw":1},"geometry":{"type":"LineString","coordinates":[[19.826694,41.340188],[19.826676,41.340186]]}},{"type":"Feature","properties":{"line":"1A","mode":"bus","color":"#b0045c","oi":0.728,"n":3,"sw":1},"geometry":{"type":"LineString","coordinates":[[19.826683,41.340187],[19.826666,41.340185]]}},{"type":"Feature","properties":{"line":"1A","mode":"bus","color":"#b0045c","oi":0.662,"n":3,"sw":1},"geometry":{"type":"LineString","coordinates":[[19.826673,41.340185],[19.826655,41.340184]]}},{"type":"Feature","properties":{"line":"1A","mode":"bus","color":"#b0045c","oi":0.591,"n":3,"sw":1},"geometry":{"type":"LineString","coordinates":[[19.826662,41.340184],[19.826644,41.340182]]}},{"type":"Feature","properties":{"line":"1A","mode":"bus","color":"#b0045c","oi":0.516,"n":3,"sw":1},"geometry":{"type":"LineString","coordinates":[[19.826652,41.340183],[19.826634,41.340181]]}},{"type":"Feature","properties":{"line":"1A","mode":"bus","color":"#b0045c","oi":0.436,"n":3,"sw":1},"geometry":{"type":"LineString","coordinates":[[19.826641,41.340182],[19.826623,41.34018]]}},{"type":"Feature","properties":{"line":"1A","mode":"bus","color":"#b0045c","oi":0.352,"n":3,"sw":1},"geometry":{"type":"LineString","coordinates":[[19.82663,41.340181],[19.826612,41.340179]]}},{"type":"Feature","properties":{"line":"1A","mode":"bus","color":"#b0045c","oi":0.265,"n":3,"sw":1},"geometry":{"type":"LineString","coordinates":[[19.82662,41.34018],[19.826602,41.340178]]}},{"type":"Feature","properties":{"line":"1A","mode":"bus","color":"#b0045c","oi":0.175,"n":3,"sw":1},"geometry":{"type":"LineString","coordinates":[[19.826609,41.340179],[19.826591,41.340177]]}},{"type":"Feature","properties":{"line":"1A","mode":"bus","color":"#b0045c","oi":0.083,"n":3,"sw":1},"geometry":{"type":"LineString","coordinates":[[19.826598,41.340177],[19.82658,41.340175]]}},{"type":"Feature","properties":{"line":"1A","mode":"bus","color":"#b0045c","oi":-0.011,"n":3,"sw":1},"geometry":{"type":"LineString","coordinates":[[19.826588,41.340176],[19.82657,41.340174]]}},{"type":"Feature","properties":{"line":"1A","mode":"bus","color":"#b0045c","oi":-0.106,"n":3,"sw":1},"geometry":{"type":"LineString","coordinates":[[19.826577,41.340175],[19.826559,41.340173]]}},{"type":"Feature","properties":{"line":"1A","mode":"bus","color":"#b0045c","oi":-0.202,"n":3,"sw":1},"geometry":{"type":"LineString","coordinates":[[19.826566,41.340174],[19.826549,41.340172]]}},{"type":"Feature","properties":{"line":"1A","mode":"bus","color":"#b0045c","oi":-0.298,"n":3,"sw":1},"geometry":{"type":"LineString","coordinates":[[19.826556,41.340173],[19.826538,41.340171]]}},{"type":"Feature","properties":{"line":"1A","mode":"bus","color":"#b0045c","oi":-0.394,"n":3,"sw":1},"geometry":{"type":"LineString","coordinates":[[19.826545,41.340172],[19.826527,41.34017]]}},{"type":"Feature","properties":{"line":"1A","mode":"bus","color":"#b0045c","oi":-0.489,"n":3,"sw":1},"geometry":{"type":"LineString","coordinates":[[19.826534,41.34017],[19.826517,41.340168]]}},{"type":"Feature","properties":{"line":"1A","mode":"bus","color":"#b0045c","oi":-0.583,"n":3,"sw":1},"geometry":{"type":"LineString","coordinates":[[19.826524,41.340169],[19.826506,41.340167]]}},{"type":"Feature","properties":{"line":"1A","mode":"bus","color":"#b0045c","oi":-0.675,"n":3,"sw":1},"geometry":{"type":"LineString","coordinates":[[19.826513,41.340168],[19.826495,41.340166]]}},{"type":"Feature","properties":{"line":"1A","mode":"bus","color":"#b0045c","oi":-0.765,"n":3,"sw":1},"geometry":{"type":"LineString","coordinates":[[19.826502,41.340167],[19.826485,41.340165]]}},{"type":"Feature","properties":{"line":"1A","mode":"bus","color":"#b0045c","oi":-0.852,"n":3,"sw":1},"geometry":{"type":"LineString","coordinates":[[19.826492,41.340166],[19.826474,41.340164]]}},{"type":"Feature","properties":{"line":"1A","mode":"bus","color":"#b0045c","oi":-0.936,"n":3,"sw":1},"geometry":{"type":"LineString","coordinates":[[19.826481,41.340165],[19.826463,41.340163]]}},{"type":"Feature","properties":{"line":"1A","mode":"bus","color":"#b0045c","oi":-1.016,"n":3,"sw":1},"geometry":{"type":"LineString","coordinates":[[19.82647,41.340163],[19.826453,41.340161]]}},{"type":"Feature","properties":{"line":"1A","mode":"bus","color":"#b0045c","oi":-1.091,"n":3,"sw":1},"geometry":{"type":"LineString","coordinates":[[19.82646,41.340162],[19.826442,41.34016]]}},{"type":"Feature","properties":{"line":"1A","mode":"bus","color":"#b0045c","oi":-1.162,"n":3,"sw":1},"geometry":{"type":"LineString","coordinates":[[19.826449,41.340161],[19.826431,41.340159]]}},{"type":"Feature","properties":{"line":"1A","mode":"bus","color":"#b0045c","oi":-1.228,"n":3,"sw":1},"geometry":{"type":"LineString","coordinates":[[19.826438,41.34016],[19.826421,41.340158]]}},{"type":"Feature","properties":{"line":"1A","mode":"bus","color":"#b0045c","oi":-1.287,"n":3,"sw":1},"geometry":{"type":"LineString","coordinates":[[19.826428,41.340159],[19.82641,41.340157]]}},{"type":"Feature","properties":{"line":"1A","mode":"bus","color":"#b0045c","oi":-1.341,"n":3,"sw":1},"geometry":{"type":"LineString","coordinates":[[19.826417,41.340158],[19.826399,41.340156]]}},{"type":"Feature","properties":{"line":"1A","mode":"bus","color":"#b0045c","oi":-1.387,"n":3,"sw":1},"geometry":{"type":"LineString","coordinates":[[19.826406,41.340156],[19.826389,41.340154]]}},{"type":"Feature","properties":{"line":"1A","mode":"bus","color":"#b0045c","oi":-1.426,"n":3,"sw":1},"geometry":{"type":"LineString","coordinates":[[19.826396,41.340155],[19.826378,41.340153]]}},{"type":"Feature","properties":{"line":"1A","mode":"bus","color":"#b0045c","oi":-1.458,"n":3,"sw":1},"geometry":{"type":"LineString","coordinates":[[19.826385,41.340154],[19.826367,41.340152]]}},{"type":"Feature","properties":{"line":"1A","mode":"bus","color":"#b0045c","oi":-1.481,"n":3,"sw":1},"geometry":{"type":"LineString","coordinates":[[19.826375,41.340153],[19.826357,41.340151]]}},{"type":"Feature","properties":{"line":"1A","mode":"bus","color":"#b0045c","oi":-1.495,"n":3,"sw":1},"geometry":{"type":"LineString","coordinates":[[19.826364,41.340152],[19.826346,41.34015]]}},{"type":"Feature","properties":{"line":"1A","mode":"bus","color":"#b0045c","oi":-1.5,"n":3,"sw":1},"geometry":{"type":"LineString","coordinates":[[19.826353,41.340151],[19.826339,41.340149]]}},{"type":"Feature","properties":{"line":"1A","mode":"bus","color":"#b0045c","oi":1.5,"n":4},"geometry":{"type":"LineString","coordinates":[[19.820414,41.337275],[19.821269,41.337746],[19.821966,41.338214],[19.82299,41.338987],[19.823552,41.339318],[19.824177,41.339591],[19.824777,41.33978],[19.825432,41.339936],[19.826322,41.340071]]}},{"type":"Feature","properties":{"line":"1A","mode":"bus","color":"#b0045c","oi":0,"n":4,"sw":1},"geometry":{"type":"LineString","coordinates":[[19.820067,41.337083],[19.820083,41.337092]]}},{"type":"Feature","properties":{"line":"1A","mode":"bus","color":"#b0045c","oi":0.007,"n":4,"sw":1},"geometry":{"type":"LineString","coordinates":[[19.820077,41.337089],[19.820097,41.337099]]}},{"type":"Feature","properties":{"line":"1A","mode":"bus","color":"#b0045c","oi":0.027,"n":4,"sw":1},"geometry":{"type":"LineString","coordinates":[[19.820091,41.337096],[19.82011,41.337107]]}},{"type":"Feature","properties":{"line":"1A","mode":"bus","color":"#b0045c","oi":0.06,"n":4,"sw":1},"geometry":{"type":"LineString","coordinates":[[19.820104,41.337104],[19.820123,41.337114]]}},{"type":"Feature","properties":{"line":"1A","mode":"bus","color":"#b0045c","oi":0.103,"n":4,"sw":1},"geometry":{"type":"LineString","coordinates":[[19.820118,41.337111],[19.820137,41.337121]]}},{"type":"Feature","properties":{"line":"1A","mode":"bus","color":"#b0045c","oi":0.156,"n":4,"sw":1},"geometry":{"type":"LineString","coordinates":[[19.820131,41.337118],[19.82015,41.337129]]}},{"type":"Feature","properties":{"line":"1A","mode":"bus","color":"#b0045c","oi":0.218,"n":4,"sw":1},"geometry":{"type":"LineString","coordinates":[[19.820144,41.337126],[19.820163,41.337136]]}},{"type":"Feature","properties":{"line":"1A","mode":"bus","color":"#b0045c","oi":0.287,"n":4,"sw":1},"geometry":{"type":"LineString","coordinates":[[19.820158,41.337133],[19.820177,41.337144]]}},{"type":"Feature","properties":{"line":"1A","mode":"bus","color":"#b0045c","oi":0.362,"n":4,"sw":1},"geometry":{"type":"LineString","coordinates":[[19.820171,41.33714],[19.82019,41.337151]]}},{"type":"Feature","properties":{"line":"1A","mode":"bus","color":"#b0045c","oi":0.443,"n":4,"sw":1},"geometry":{"type":"LineString","coordinates":[[19.820184,41.337148],[19.820203,41.337158]]}},{"type":"Feature","properties":{"line":"1A","mode":"bus","color":"#b0045c","oi":0.528,"n":4,"sw":1},"geometry":{"type":"LineString","coordinates":[[19.820198,41.337155],[19.820217,41.337166]]}},{"type":"Feature","properties":{"line":"1A","mode":"bus","color":"#b0045c","oi":0.616,"n":4,"sw":1},"geometry":{"type":"LineString","coordinates":[[19.820211,41.337162],[19.82023,41.337173]]}},{"type":"Feature","properties":{"line":"1A","mode":"bus","color":"#b0045c","oi":0.705,"n":4,"sw":1},"geometry":{"type":"LineString","coordinates":[[19.820224,41.33717],[19.820244,41.33718]]}},{"type":"Feature","properties":{"line":"1A","mode":"bus","color":"#b0045c","oi":0.795,"n":4,"sw":1},"geometry":{"type":"LineString","coordinates":[[19.820238,41.337177],[19.820257,41.337188]]}},{"type":"Feature","properties":{"line":"1A","mode":"bus","color":"#b0045c","oi":0.884,"n":4,"sw":1},"geometry":{"type":"LineString","coordinates":[[19.820251,41.337185],[19.82027,41.337195]]}},{"type":"Feature","properties":{"line":"1A","mode":"bus","color":"#b0045c","oi":0.972,"n":4,"sw":1},"geometry":{"type":"LineString","coordinates":[[19.820264,41.337192],[19.820284,41.337202]]}},{"type":"Feature","properties":{"line":"1A","mode":"bus","color":"#b0045c","oi":1.057,"n":4,"sw":1},"geometry":{"type":"LineString","coordinates":[[19.820278,41.337199],[19.820297,41.33721]]}},{"type":"Feature","properties":{"line":"1A","mode":"bus","color":"#b0045c","oi":1.138,"n":4,"sw":1},"geometry":{"type":"LineString","coordinates":[[19.820291,41.337207],[19.82031,41.337217]]}},{"type":"Feature","properties":{"line":"1A","mode":"bus","color":"#b0045c","oi":1.213,"n":4,"sw":1},"geometry":{"type":"LineString","coordinates":[[19.820305,41.337214],[19.820324,41.337225]]}},{"type":"Feature","properties":{"line":"1A","mode":"bus","color":"#b0045c","oi":1.282,"n":4,"sw":1},"geometry":{"type":"LineString","coordinates":[[19.820318,41.337221],[19.820337,41.337232]]}},{"type":"Feature","properties":{"line":"1A","mode":"bus","color":"#b0045c","oi":1.344,"n":4,"sw":1},"geometry":{"type":"LineString","coordinates":[[19.820331,41.337229],[19.82035,41.337239]]}},{"type":"Feature","properties":{"line":"1A","mode":"bus","color":"#b0045c","oi":1.397,"n":4,"sw":1},"geometry":{"type":"LineString","coordinates":[[19.820345,41.337236],[19.820364,41.337247]]}},{"type":"Feature","properties":{"line":"1A","mode":"bus","color":"#b0045c","oi":1.44,"n":4,"sw":1},"geometry":{"type":"LineString","coordinates":[[19.820358,41.337243],[19.820377,41.337254]]}},{"type":"Feature","properties":{"line":"1A","mode":"bus","color":"#b0045c","oi":1.473,"n":4,"sw":1},"geometry":{"type":"LineString","coordinates":[[19.820371,41.337251],[19.82039,41.337261]]}},{"type":"Feature","properties":{"line":"1A","mode":"bus","color":"#b0045c","oi":1.493,"n":4,"sw":1},"geometry":{"type":"LineString","coordinates":[[19.820385,41.337258],[19.820404,41.337269]]}},{"type":"Feature","properties":{"line":"1A","mode":"bus","color":"#b0045c","oi":1.5,"n":4,"sw":1},"geometry":{"type":"LineString","coordinates":[[19.820398,41.337266],[19.820417,41.337276]]}},{"type":"Feature","properties":{"line":"1A","mode":"bus","color":"#b0045c","oi":1,"n":3},"geometry":{"type":"LineString","coordinates":[[19.826748,41.340118],[19.827945,41.340249],[19.828477,41.340283],[19.828729,41.340252],[19.828813,41.340218]]}},{"type":"Feature","properties":{"line":"1A","mode":"bus","color":"#b0045c","oi":1.5,"n":3,"sw":1},"geometry":{"type":"LineString","coordinates":[[19.826322,41.340071],[19.826368,41.340076]]}},{"type":"Feature","properties":{"line":"1A","mode":"bus","color":"#b0045c","oi":1.483,"n":3,"sw":1},"geometry":{"type":"LineString","coordinates":[[19.826361,41.340075],[19.826411,41.340081]]}},{"type":"Feature","properties":{"line":"1A","mode":"bus","color":"#b0045c","oi":1.437,"n":3,"sw":1},"geometry":{"type":"LineString","coordinates":[[19.826404,41.34008],[19.826453,41.340085]]}},{"type":"Feature","properties":{"line":"1A","mode":"bus","color":"#b0045c","oi":1.37,"n":3,"sw":1},"geometry":{"type":"LineString","coordinates":[[19.826446,41.340085],[19.826496,41.34009]]}},{"type":"Feature","properties":{"line":"1A","mode":"bus","color":"#b0045c","oi":1.291,"n":3,"sw":1},"geometry":{"type":"LineString","coordinates":[[19.826489,41.340089],[19.826539,41.340095]]}},{"type":"Feature","properties":{"line":"1A","mode":"bus","color":"#b0045c","oi":1.209,"n":3,"sw":1},"geometry":{"type":"LineString","coordinates":[[19.826532,41.340094],[19.826581,41.340099]]}},{"type":"Feature","properties":{"line":"1A","mode":"bus","color":"#b0045c","oi":1.13,"n":3,"sw":1},"geometry":{"type":"LineString","coordinates":[[19.826574,41.340099],[19.826624,41.340104]]}},{"type":"Feature","properties":{"line":"1A","mode":"bus","color":"#b0045c","oi":1.063,"n":3,"sw":1},"geometry":{"type":"LineString","coordinates":[[19.826617,41.340103],[19.826666,41.340109]]}},{"type":"Feature","properties":{"line":"1A","mode":"bus","color":"#b0045c","oi":1.017,"n":3,"sw":1},"geometry":{"type":"LineString","coordinates":[[19.826659,41.340108],[19.826709,41.340113]]}},{"type":"Feature","properties":{"line":"1A","mode":"bus","color":"#b0045c","oi":1,"n":3,"sw":1},"geometry":{"type":"LineString","coordinates":[[19.826702,41.340113],[19.826752,41.340118]]}},{"type":"Feature","properties":{"line":"1A","mode":"bus","color":"#b0045c","oi":1,"n":3,"sw":1},"geometry":{"type":"LineString","coordinates":[[19.828809,41.34022],[19.828837,41.340208]]}},{"type":"Feature","properties":{"line":"1A","mode":"bus","color":"#b0045c","oi":0.99,"n":3,"sw":1},"geometry":{"type":"LineString","coordinates":[[19.828831,41.340211],[19.828858,41.3402]]}},{"type":"Feature","properties":{"line":"1A","mode":"bus","color":"#b0045c","oi":0.962,"n":3,"sw":1},"geometry":{"type":"LineString","coordinates":[[19.828852,41.340203],[19.828879,41.340191]]}},{"type":"Feature","properties":{"line":"1A","mode":"bus","color":"#b0045c","oi":0.918,"n":3,"sw":1},"geometry":{"type":"LineString","coordinates":[[19.828873,41.340194],[19.8289,41.340183]]}},{"type":"Feature","properties":{"line":"1A","mode":"bus","color":"#b0045c","oi":0.86,"n":3,"sw":1},"geometry":{"type":"LineString","coordinates":[[19.828894,41.340186],[19.828905,41.340181],[19.828919,41.340172]]}},{"type":"Feature","properties":{"line":"1A","mode":"bus","color":"#b0045c","oi":0.791,"n":3,"sw":1},"geometry":{"type":"LineString","coordinates":[[19.828913,41.340175],[19.828936,41.34016]]}},{"type":"Feature","properties":{"line":"1A","mode":"bus","color":"#b0045c","oi":0.714,"n":3,"sw":1},"geometry":{"type":"LineString","coordinates":[[19.828931,41.340163],[19.828954,41.340147]]}},{"type":"Feature","properties":{"line":"1A","mode":"bus","color":"#b0045c","oi":0.631,"n":3,"sw":1},"geometry":{"type":"LineString","coordinates":[[19.828949,41.340151],[19.828971,41.340135]]}},{"type":"Feature","properties":{"line":"1A","mode":"bus","color":"#b0045c","oi":0.544,"n":3,"sw":1},"geometry":{"type":"LineString","coordinates":[[19.828966,41.340139],[19.828989,41.340123]]}},{"type":"Feature","properties":{"line":"1A","mode":"bus","color":"#b0045c","oi":0.456,"n":3,"sw":1},"geometry":{"type":"LineString","coordinates":[[19.828984,41.340127],[19.829007,41.340111]]}},{"type":"Feature","properties":{"line":"1A","mode":"bus","color":"#b0045c","oi":0.369,"n":3,"sw":1},"geometry":{"type":"LineString","coordinates":[[19.829001,41.340115],[19.829024,41.340099],[19.829024,41.340099]]}},{"type":"Feature","properties":{"line":"1A","mode":"bus","color":"#b0045c","oi":0.286,"n":3,"sw":1},"geometry":{"type":"LineString","coordinates":[[19.829019,41.340102],[19.829024,41.340099],[19.829038,41.340084]]}},{"type":"Feature","properties":{"line":"1A","mode":"bus","color":"#b0045c","oi":0.209,"n":3,"sw":1},"geometry":{"type":"LineString","coordinates":[[19.829034,41.340088],[19.829051,41.340069]]}},{"type":"Feature","properties":{"line":"1A","mode":"bus","color":"#b0045c","oi":0.14,"n":3,"sw":1},"geometry":{"type":"LineString","coordinates":[[19.829047,41.340073],[19.829065,41.340054]]}},{"type":"Feature","properties":{"line":"1A","mode":"bus","color":"#b0045c","oi":0.082,"n":3,"sw":1},"geometry":{"type":"LineString","coordinates":[[19.829061,41.340059],[19.829078,41.340039]]}},{"type":"Feature","properties":{"line":"1A","mode":"bus","color":"#b0045c","oi":0.038,"n":3,"sw":1},"geometry":{"type":"LineString","coordinates":[[19.829074,41.340044],[19.829092,41.340024]]}},{"type":"Feature","properties":{"line":"1A","mode":"bus","color":"#b0045c","oi":0.01,"n":3,"sw":1},"geometry":{"type":"LineString","coordinates":[[19.829088,41.340029],[19.829105,41.34001]]}},{"type":"Feature","properties":{"line":"1A","mode":"bus","color":"#b0045c","oi":0,"n":3,"sw":1},"geometry":{"type":"LineString","coordinates":[[19.829101,41.340014],[19.829117,41.339997]]}},{"type":"Feature","properties":{"line":"1A","mode":"bus","color":"#b0045c","oi":1,"n":3},"geometry":{"type":"LineString","coordinates":[[19.816991,41.325281],[19.817437,41.323702],[19.817438,41.323686],[19.817433,41.323674],[19.81742,41.323665],[19.8174,41.32366],[19.813265,41.323005]]}},{"type":"Feature","properties":{"line":"1A","mode":"bus","color":"#b0045c","oi":0,"n":3,"sw":1},"geometry":{"type":"LineString","coordinates":[[19.816902,41.325598],[19.816908,41.325578]]}},{"type":"Feature","properties":{"line":"1A","mode":"bus","color":"#b0045c","oi":0.01,"n":3,"sw":1},"geometry":{"type":"LineString","coordinates":[[19.816906,41.325583],[19.816913,41.32556]]}},{"type":"Feature","properties":{"line":"1A","mode":"bus","color":"#b0045c","oi":0.038,"n":3,"sw":1},"geometry":{"type":"LineString","coordinates":[[19.816911,41.325565],[19.816918,41.325543]]}},{"type":"Feature","properties":{"line":"1A","mode":"bus","color":"#b0045c","oi":0.082,"n":3,"sw":1},"geometry":{"type":"LineString","coordinates":[[19.816916,41.325548],[19.816923,41.325525]]}},{"type":"Feature","properties":{"line":"1A","mode":"bus","color":"#b0045c","oi":0.14,"n":3,"sw":1},"geometry":{"type":"LineString","coordinates":[[19.816921,41.32553],[19.816928,41.325507]]}},{"type":"Feature","properties":{"line":"1A","mode":"bus","color":"#b0045c","oi":0.209,"n":3,"sw":1},"geometry":{"type":"LineString","coordinates":[[19.816926,41.325513],[19.816933,41.32549]]}},{"type":"Feature","properties":{"line":"1A","mode":"bus","color":"#b0045c","oi":0.286,"n":3,"sw":1},"geometry":{"type":"LineString","coordinates":[[19.816931,41.325495],[19.816938,41.325472]]}},{"type":"Feature","properties":{"line":"1A","mode":"bus","color":"#b0045c","oi":0.369,"n":3,"sw":1},"geometry":{"type":"LineString","coordinates":[[19.816936,41.325477],[19.816942,41.325455]]}},{"type":"Feature","properties":{"line":"1A","mode":"bus","color":"#b0045c","oi":0.456,"n":3,"sw":1},"geometry":{"type":"LineString","coordinates":[[19.816941,41.32546],[19.816947,41.325437]]}},{"type":"Feature","properties":{"line":"1A","mode":"bus","color":"#b0045c","oi":0.544,"n":3,"sw":1},"geometry":{"type":"LineString","coordinates":[[19.816946,41.325442],[19.816952,41.325419]]}},{"type":"Feature","properties":{"line":"1A","mode":"bus","color":"#b0045c","oi":0.631,"n":3,"sw":1},"geometry":{"type":"LineString","coordinates":[[19.816951,41.325425],[19.816957,41.325402]]}},{"type":"Feature","properties":{"line":"1A","mode":"bus","color":"#b0045c","oi":0.714,"n":3,"sw":1},"geometry":{"type":"LineString","coordinates":[[19.816956,41.325407],[19.816962,41.325384]]}},{"type":"Feature","properties":{"line":"1A","mode":"bus","color":"#b0045c","oi":0.791,"n":3,"sw":1},"geometry":{"type":"LineString","coordinates":[[19.816961,41.325389],[19.816967,41.325367]]}},{"type":"Feature","properties":{"line":"1A","mode":"bus","color":"#b0045c","oi":0.86,"n":3,"sw":1},"geometry":{"type":"LineString","coordinates":[[19.816966,41.325372],[19.816972,41.325349]]}},{"type":"Feature","properties":{"line":"1A","mode":"bus","color":"#b0045c","oi":0.918,"n":3,"sw":1},"geometry":{"type":"LineString","coordinates":[[19.816971,41.325354],[19.816977,41.325331]]}},{"type":"Feature","properties":{"line":"1A","mode":"bus","color":"#b0045c","oi":0.962,"n":3,"sw":1},"geometry":{"type":"LineString","coordinates":[[19.816976,41.325337],[19.816982,41.325314]]}},{"type":"Feature","properties":{"line":"1A","mode":"bus","color":"#b0045c","oi":0.99,"n":3,"sw":1},"geometry":{"type":"LineString","coordinates":[[19.816981,41.325319],[19.816987,41.325296]]}},{"type":"Feature","properties":{"line":"1A","mode":"bus","color":"#b0045c","oi":1,"n":3,"sw":1},"geometry":{"type":"LineString","coordinates":[[19.816986,41.325301],[19.816992,41.325278]]}},{"type":"Feature","properties":{"line":"1A","mode":"bus","color":"#b0045c","oi":1.5,"n":4},"geometry":{"type":"LineString","coordinates":[[19.829117,41.339997],[19.834996,41.342975],[19.835319,41.343178],[19.838245,41.34522]]}},{"type":"Feature","properties":{"line":"1A","mode":"bus","color":"#b0045c","oi":1.5,"n":4},"geometry":{"type":"LineString","coordinates":[[19.838234,41.345296],[19.834943,41.343027],[19.83154,41.341285],[19.829467,41.340269]]}},{"type":"Feature","properties":{"line":"1A","mode":"bus","color":"#b0045c","oi":1.5,"n":4},"geometry":{"type":"LineString","coordinates":[[19.820356,41.337337],[19.821199,41.337799],[19.821896,41.338262],[19.822926,41.339034],[19.823498,41.339373],[19.824266,41.339702],[19.824921,41.339896],[19.825478,41.34002],[19.826339,41.340149]]}},{"type":"Feature","properties":{"line":"1A","mode":"bus","color":"#b0045c","oi":0,"n":4,"sw":1},"geometry":{"type":"LineString","coordinates":[[19.820008,41.337146],[19.820024,41.337155]]}},{"type":"Feature","properties":{"line":"1A","mode":"bus","color":"#b0045c","oi":0.007,"n":4,"sw":1},"geometry":{"type":"LineString","coordinates":[[19.820018,41.337152],[19.820038,41.337162]]}},{"type":"Feature","properties":{"line":"1A","mode":"bus","color":"#b0045c","oi":0.027,"n":4,"sw":1},"geometry":{"type":"LineString","coordinates":[[19.820032,41.337159],[19.820051,41.33717]]}},{"type":"Feature","properties":{"line":"1A","mode":"bus","color":"#b0045c","oi":0.06,"n":4,"sw":1},"geometry":{"type":"LineString","coordinates":[[19.820045,41.337166],[19.820064,41.337177]]}},{"type":"Feature","properties":{"line":"1A","mode":"bus","color":"#b0045c","oi":0.103,"n":4,"sw":1},"geometry":{"type":"LineString","coordinates":[[19.820059,41.337174],[19.820078,41.337184]]}},{"type":"Feature","properties":{"line":"1A","mode":"bus","color":"#b0045c","oi":0.156,"n":4,"sw":1},"geometry":{"type":"LineString","coordinates":[[19.820072,41.337181],[19.820091,41.337192]]}},{"type":"Feature","properties":{"line":"1A","mode":"bus","color":"#b0045c","oi":0.218,"n":4,"sw":1},"geometry":{"type":"LineString","coordinates":[[19.820085,41.337188],[19.820105,41.337199]]}},{"type":"Feature","properties":{"line":"1A","mode":"bus","color":"#b0045c","oi":0.287,"n":4,"sw":1},"geometry":{"type":"LineString","coordinates":[[19.820099,41.337196],[19.820118,41.337206]]}},{"type":"Feature","properties":{"line":"1A","mode":"bus","color":"#b0045c","oi":0.362,"n":4,"sw":1},"geometry":{"type":"LineString","coordinates":[[19.820112,41.337203],[19.820131,41.337214]]}},{"type":"Feature","properties":{"line":"1A","mode":"bus","color":"#b0045c","oi":0.443,"n":4,"sw":1},"geometry":{"type":"LineString","coordinates":[[19.820126,41.33721],[19.820145,41.337221]]}},{"type":"Feature","properties":{"line":"1A","mode":"bus","color":"#b0045c","oi":0.528,"n":4,"sw":1},"geometry":{"type":"LineString","coordinates":[[19.820139,41.337218],[19.820158,41.337228]]}},{"type":"Feature","properties":{"line":"1A","mode":"bus","color":"#b0045c","oi":0.616,"n":4,"sw":1},"geometry":{"type":"LineString","coordinates":[[19.820152,41.337225],[19.820172,41.337236]]}},{"type":"Feature","properties":{"line":"1A","mode":"bus","color":"#b0045c","oi":0.705,"n":4,"sw":1},"geometry":{"type":"LineString","coordinates":[[19.820166,41.337232],[19.820185,41.337243]]}},{"type":"Feature","properties":{"line":"1A","mode":"bus","color":"#b0045c","oi":0.795,"n":4,"sw":1},"geometry":{"type":"LineString","coordinates":[[19.820179,41.33724],[19.820198,41.33725]]}},{"type":"Feature","properties":{"line":"1A","mode":"bus","color":"#b0045c","oi":0.884,"n":4,"sw":1},"geometry":{"type":"LineString","coordinates":[[19.820192,41.337247],[19.820212,41.337258]]}},{"type":"Feature","properties":{"line":"1A","mode":"bus","color":"#b0045c","oi":0.972,"n":4,"sw":1},"geometry":{"type":"LineString","coordinates":[[19.820206,41.337254],[19.820225,41.337265]]}},{"type":"Feature","properties":{"line":"1A","mode":"bus","color":"#b0045c","oi":1.057,"n":4,"sw":1},"geometry":{"type":"LineString","coordinates":[[19.820219,41.337262],[19.820238,41.337272]]}},{"type":"Feature","properties":{"line":"1A","mode":"bus","color":"#b0045c","oi":1.138,"n":4,"sw":1},"geometry":{"type":"LineString","coordinates":[[19.820233,41.337269],[19.820252,41.33728]]}},{"type":"Feature","properties":{"line":"1A","mode":"bus","color":"#b0045c","oi":1.213,"n":4,"sw":1},"geometry":{"type":"LineString","coordinates":[[19.820246,41.337277],[19.820265,41.337287]]}},{"type":"Feature","properties":{"line":"1A","mode":"bus","color":"#b0045c","oi":1.282,"n":4,"sw":1},"geometry":{"type":"LineString","coordinates":[[19.820259,41.337284],[19.820279,41.337294]]}},{"type":"Feature","properties":{"line":"1A","mode":"bus","color":"#b0045c","oi":1.344,"n":4,"sw":1},"geometry":{"type":"LineString","coordinates":[[19.820273,41.337291],[19.820292,41.337302]]}},{"type":"Feature","properties":{"line":"1A","mode":"bus","color":"#b0045c","oi":1.397,"n":4,"sw":1},"geometry":{"type":"LineString","coordinates":[[19.820286,41.337299],[19.820305,41.337309]]}},{"type":"Feature","properties":{"line":"1A","mode":"bus","color":"#b0045c","oi":1.44,"n":4,"sw":1},"geometry":{"type":"LineString","coordinates":[[19.8203,41.337306],[19.820319,41.337316]]}},{"type":"Feature","properties":{"line":"1A","mode":"bus","color":"#b0045c","oi":1.473,"n":4,"sw":1},"geometry":{"type":"LineString","coordinates":[[19.820313,41.337313],[19.820332,41.337324]]}},{"type":"Feature","properties":{"line":"1A","mode":"bus","color":"#b0045c","oi":1.493,"n":4,"sw":1},"geometry":{"type":"LineString","coordinates":[[19.820326,41.337321],[19.820346,41.337331]]}},{"type":"Feature","properties":{"line":"1A","mode":"bus","color":"#b0045c","oi":1.5,"n":4,"sw":1},"geometry":{"type":"LineString","coordinates":[[19.82034,41.337328],[19.820359,41.337338]]}},{"type":"Feature","properties":{"line":"1A","mode":"bus","color":"#b0045c","oi":1,"n":3},"geometry":{"type":"LineString","coordinates":[[19.813962,41.318334],[19.81087,41.317839],[19.81069,41.317838],[19.810532,41.317868],[19.810333,41.317947],[19.80812,41.319057]]}},{"type":"Feature","properties":{"line":"1A","mode":"bus","color":"#b0045c","oi":0,"n":3,"sw":1},"geometry":{"type":"LineString","coordinates":[[19.814331,41.318471],[19.814314,41.318455]]}},{"type":"Feature","properties":{"line":"1A","mode":"bus","color":"#b0045c","oi":0.01,"n":3,"sw":1},"geometry":{"type":"LineString","coordinates":[[19.814319,41.318459],[19.8143,41.31844]]}},{"type":"Feature","properties":{"line":"1A","mode":"bus","color":"#b0045c","oi":0.038,"n":3,"sw":1},"geometry":{"type":"LineString","coordinates":[[19.814304,41.318445],[19.814285,41.318426]]}},{"type":"Feature","properties":{"line":"1A","mode":"bus","color":"#b0045c","oi":0.082,"n":3,"sw":1},"geometry":{"type":"LineString","coordinates":[[19.81429,41.31843],[19.814271,41.318412]]}},{"type":"Feature","properties":{"line":"1A","mode":"bus","color":"#b0045c","oi":0.14,"n":3,"sw":1},"geometry":{"type":"LineString","coordinates":[[19.814275,41.318416],[19.81426,41.318401],[19.814255,41.318399]]}},{"type":"Feature","properties":{"line":"1A","mode":"bus","color":"#b0045c","oi":0.209,"n":3,"sw":1},"geometry":{"type":"LineString","coordinates":[[19.814261,41.318402],[19.81426,41.318401],[19.814233,41.31839]]}},{"type":"Feature","properties":{"line":"1A","mode":"bus","color":"#b0045c","oi":0.286,"n":3,"sw":1},"geometry":{"type":"LineString","coordinates":[[19.81424,41.318393],[19.814212,41.318382]]}},{"type":"Feature","properties":{"line":"1A","mode":"bus","color":"#b0045c","oi":0.369,"n":3,"sw":1},"geometry":{"type":"LineString","coordinates":[[19.814219,41.318384],[19.814191,41.318373]]}},{"type":"Feature","properties":{"line":"1A","mode":"bus","color":"#b0045c","oi":0.456,"n":3,"sw":1},"geometry":{"type":"LineString","coordinates":[[19.814198,41.318376],[19.81418,41.318369],[19.814169,41.318367]]}},{"type":"Feature","properties":{"line":"1A","mode":"bus","color":"#b0045c","oi":0.544,"n":3,"sw":1},"geometry":{"type":"LineString","coordinates":[[19.814176,41.318368],[19.814146,41.318363]]}},{"type":"Feature","properties":{"line":"1A","mode":"bus","color":"#b0045c","oi":0.631,"n":3,"sw":1},"geometry":{"type":"LineString","coordinates":[[19.814153,41.318365],[19.814122,41.31836]]}},{"type":"Feature","properties":{"line":"1A","mode":"bus","color":"#b0045c","oi":0.714,"n":3,"sw":1},"geometry":{"type":"LineString","coordinates":[[19.814129,41.318361],[19.814099,41.318356]]}},{"type":"Feature","properties":{"line":"1A","mode":"bus","color":"#b0045c","oi":0.791,"n":3,"sw":1},"geometry":{"type":"LineString","coordinates":[[19.814106,41.318357],[19.814075,41.318352]]}},{"type":"Feature","properties":{"line":"1A","mode":"bus","color":"#b0045c","oi":0.86,"n":3,"sw":1},"geometry":{"type":"LineString","coordinates":[[19.814082,41.318353],[19.814052,41.318349]]}},{"type":"Feature","properties":{"line":"1A","mode":"bus","color":"#b0045c","oi":0.918,"n":3,"sw":1},"geometry":{"type":"LineString","coordinates":[[19.814059,41.31835],[19.814029,41.318345]]}},{"type":"Feature","properties":{"line":"1A","mode":"bus","color":"#b0045c","oi":0.962,"n":3,"sw":1},"geometry":{"type":"LineString","coordinates":[[19.814036,41.318346],[19.814005,41.318341]]}},{"type":"Feature","properties":{"line":"1A","mode":"bus","color":"#b0045c","oi":0.99,"n":3,"sw":1},"geometry":{"type":"LineString","coordinates":[[19.814012,41.318342],[19.813982,41.318337]]}},{"type":"Feature","properties":{"line":"1A","mode":"bus","color":"#b0045c","oi":1,"n":3,"sw":1},"geometry":{"type":"LineString","coordinates":[[19.813989,41.318338],[19.813958,41.318334]]}},{"type":"Feature","properties":{"line":"1B","mode":"bus","color":"#7c5001","oi":-0.5,"n":2},"geometry":{"type":"LineString","coordinates":[[19.803474,41.31357],[19.803351,41.313132],[19.803381,41.313026],[19.803428,41.312986],[19.803813,41.312853],[19.804695,41.3126],[19.804862,41.312531],[19.805857,41.312338],[19.805876,41.312332],[19.805888,41.312323],[19.805892,41.31231],[19.805889,41.312295],[19.805735,41.311904],[19.805726,41.31189],[19.805713,41.311882],[19.805697,41.31188],[19.805677,41.311884],[19.805174,41.312043],[19.803177,41.312576],[19.80048,41.313648],[19.799988,41.313892],[19.799788,41.314018],[19.799518,41.314233],[19.799224,41.314525],[19.799099,41.314587],[19.799025,41.314716]]}},{"type":"Feature","properties":{"line":"1B","mode":"bus","color":"#7c5001","oi":-0.5,"n":2},"geometry":{"type":"LineString","coordinates":[[19.806853,41.317609],[19.806764,41.317383],[19.806774,41.317316],[19.806725,41.317263],[19.806714,41.317245],[19.806714,41.317226],[19.806726,41.317207],[19.806877,41.317054],[19.80687,41.316913],[19.805365,41.313354],[19.805351,41.313336],[19.805331,41.313327],[19.805303,41.313328],[19.803602,41.313616],[19.803571,41.313619],[19.803556,41.313618],[19.803542,41.313612],[19.803474,41.31357],[19.803359,41.31356],[19.801904,41.313728],[19.800709,41.313963],[19.800378,41.314115],[19.799974,41.314383],[19.799706,41.314633],[19.799573,41.314848],[19.799467,41.314927],[19.799322,41.314957],[19.799145,41.314914],[19.79905,41.314827],[19.799033,41.314751],[19.799023,41.314732],[19.799005,41.314721],[19.798977,41.314718],[19.798821,41.314726],[19.798314,41.314822],[19.79791,41.31497],[19.797728,41.315081],[19.797546,41.31542]]}},{"type":"Feature","properties":{"line":"1B","mode":"bus","color":"#7c5001","oi":-0.5,"n":2},"geometry":{"type":"LineString","coordinates":[[19.810252,41.321757],[19.81021,41.321628],[19.81004,41.321428],[19.809923,41.321381],[19.809837,41.321367],[19.809811,41.321358],[19.809797,41.321344],[19.809795,41.321323],[19.80982,41.321146],[19.809749,41.320995],[19.808156,41.319095],[19.806853,41.317609],[19.806512,41.31741],[19.806485,41.317386],[19.806475,41.317355],[19.806473,41.317322],[19.80648,41.317293],[19.806501,41.317269],[19.806526,41.31725],[19.80654,41.317235],[19.806543,41.317218],[19.806535,41.317201],[19.806473,41.317114],[19.805219,41.315596],[19.804781,41.31499],[19.804195,41.314341],[19.803653,41.313677],[19.803555,41.31362]]}},{"type":"Feature","properties":{"line":"1B","mode":"bus","color":"#7c5001","oi":0,"n":2,"sw":1},"geometry":{"type":"LineString","coordinates":[[19.810285,41.32208],[19.810282,41.322045]]}},{"type":"Feature","properties":{"line":"1B","mode":"bus","color":"#7c5001","oi":-0.017,"n":2,"sw":1},"geometry":{"type":"LineString","coordinates":[[19.810282,41.32205],[19.810278,41.322013]]}},{"type":"Feature","properties":{"line":"1B","mode":"bus","color":"#7c5001","oi":-0.063,"n":2,"sw":1},"geometry":{"type":"LineString","coordinates":[[19.810279,41.322018],[19.810275,41.32198]]}},{"type":"Feature","properties":{"line":"1B","mode":"bus","color":"#7c5001","oi":-0.13,"n":2,"sw":1},"geometry":{"type":"LineString","coordinates":[[19.810276,41.321986],[19.810272,41.321948]]}},{"type":"Feature","properties":{"line":"1B","mode":"bus","color":"#7c5001","oi":-0.209,"n":2,"sw":1},"geometry":{"type":"LineString","coordinates":[[19.810273,41.321953],[19.810269,41.321916]]}},{"type":"Feature","properties":{"line":"1B","mode":"bus","color":"#7c5001","oi":-0.291,"n":2,"sw":1},"geometry":{"type":"LineString","coordinates":[[19.81027,41.321921],[19.810266,41.321883]]}},{"type":"Feature","properties":{"line":"1B","mode":"bus","color":"#7c5001","oi":-0.37,"n":2,"sw":1},"geometry":{"type":"LineString","coordinates":[[19.810266,41.321889],[19.810263,41.321851]]}},{"type":"Feature","properties":{"line":"1B","mode":"bus","color":"#7c5001","oi":-0.437,"n":2,"sw":1},"geometry":{"type":"LineString","coordinates":[[19.810263,41.321857],[19.81026,41.321819]]}},{"type":"Feature","properties":{"line":"1B","mode":"bus","color":"#7c5001","oi":-0.483,"n":2,"sw":1},"geometry":{"type":"LineString","coordinates":[[19.81026,41.321824],[19.810256,41.321787]]}},{"type":"Feature","properties":{"line":"1B","mode":"bus","color":"#7c5001","oi":-0.5,"n":2,"sw":1},"geometry":{"type":"LineString","coordinates":[[19.810257,41.321792],[19.810254,41.321762],[19.810252,41.321754]]}},{"type":"Feature","properties":{"line":"1B","mode":"bus","color":"#7c5001","oi":-0.5,"n":2},"geometry":{"type":"LineString","coordinates":[[19.838292,41.345539],[19.838386,41.345801],[19.838391,41.345903],[19.838237,41.34643],[19.838111,41.346729],[19.83805,41.346821],[19.838032,41.346838],[19.838009,41.346847],[19.837981,41.346848],[19.833538,41.346364],[19.833518,41.346364],[19.833503,41.346369],[19.833495,41.34638],[19.833493,41.346395],[19.83352,41.346986],[19.833365,41.348109],[19.833149,41.348439],[19.832874,41.349366],[19.832728,41.349546],[19.832478,41.350273],[19.832338,41.35041],[19.831915,41.350548],[19.831418,41.350561]]}},{"type":"Feature","properties":{"line":"1B","mode":"bus","color":"#7c5001","oi":0,"n":2,"sw":1},"geometry":{"type":"LineString","coordinates":[[19.838245,41.34522],[19.838244,41.345255]]}},{"type":"Feature","properties":{"line":"1B","mode":"bus","color":"#7c5001","oi":-0.017,"n":2,"sw":1},"geometry":{"type":"LineString","coordinates":[[19.838244,41.34525],[19.838243,41.345287]]}},{"type":"Feature","properties":{"line":"1B","mode":"bus","color":"#7c5001","oi":-0.063,"n":2,"sw":1},"geometry":{"type":"LineString","coordinates":[[19.838243,41.345282],[19.838242,41.34532]]}},{"type":"Feature","properties":{"line":"1B","mode":"bus","color":"#7c5001","oi":-0.13,"n":2,"sw":1},"geometry":{"type":"LineString","coordinates":[[19.838242,41.345314],[19.838241,41.345352]]}},{"type":"Feature","properties":{"line":"1B","mode":"bus","color":"#7c5001","oi":-0.209,"n":2,"sw":1},"geometry":{"type":"LineString","coordinates":[[19.838241,41.345347],[19.83824,41.345385]]}},{"type":"Feature","properties":{"line":"1B","mode":"bus","color":"#7c5001","oi":-0.291,"n":2,"sw":1},"geometry":{"type":"LineString","coordinates":[[19.83824,41.345379],[19.83824,41.345393],[19.838248,41.345416]]}},{"type":"Feature","properties":{"line":"1B","mode":"bus","color":"#7c5001","oi":-0.37,"n":2,"sw":1},"geometry":{"type":"LineString","coordinates":[[19.838246,41.345411],[19.838259,41.345447]]}},{"type":"Feature","properties":{"line":"1B","mode":"bus","color":"#7c5001","oi":-0.437,"n":2,"sw":1},"geometry":{"type":"LineString","coordinates":[[19.838258,41.345442],[19.838271,41.345479]]}},{"type":"Feature","properties":{"line":"1B","mode":"bus","color":"#7c5001","oi":-0.483,"n":2,"sw":1},"geometry":{"type":"LineString","coordinates":[[19.838269,41.345474],[19.838282,41.34551]]}},{"type":"Feature","properties":{"line":"1B","mode":"bus","color":"#7c5001","oi":-0.5,"n":2,"sw":1},"geometry":{"type":"LineString","coordinates":[[19.83828,41.345505],[19.838293,41.345541]]}},{"type":"Feature","properties":{"line":"1B","mode":"bus","color":"#7c5001","oi":0.5,"n":2,"sw":1},"geometry":{"type":"LineString","coordinates":[[19.829467,41.340269],[19.829452,41.340265]]}},{"type":"Feature","properties":{"line":"1B","mode":"bus","color":"#7c5001","oi":0.49,"n":2,"sw":1},"geometry":{"type":"LineString","coordinates":[[19.829459,41.340267],[19.82944,41.340261]]}},{"type":"Feature","properties":{"line":"1B","mode":"bus","color":"#7c5001","oi":0.462,"n":2,"sw":1},"geometry":{"type":"LineString","coordinates":[[19.829447,41.340263],[19.829429,41.340258]]}},{"type":"Feature","properties":{"line":"1B","mode":"bus","color":"#7c5001","oi":0.418,"n":2,"sw":1},"geometry":{"type":"LineString","coordinates":[[19.829436,41.34026],[19.829417,41.340255]]}},{"type":"Feature","properties":{"line":"1B","mode":"bus","color":"#7c5001","oi":0.36,"n":2,"sw":1},"geometry":{"type":"LineString","coordinates":[[19.829424,41.340257],[19.829406,41.340251]]}},{"type":"Feature","properties":{"line":"1B","mode":"bus","color":"#7c5001","oi":0.291,"n":2,"sw":1},"geometry":{"type":"LineString","coordinates":[[19.829412,41.340253],[19.829394,41.340248]]}},{"type":"Feature","properties":{"line":"1B","mode":"bus","color":"#7c5001","oi":0.214,"n":2,"sw":1},"geometry":{"type":"LineString","coordinates":[[19.829401,41.34025],[19.829383,41.340245]]}},{"type":"Feature","properties":{"line":"1B","mode":"bus","color":"#7c5001","oi":0.131,"n":2,"sw":1},"geometry":{"type":"LineString","coordinates":[[19.829389,41.340247],[19.829371,41.340241]]}},{"type":"Feature","properties":{"line":"1B","mode":"bus","color":"#7c5001","oi":0.044,"n":2,"sw":1},"geometry":{"type":"LineString","coordinates":[[19.829378,41.340243],[19.829359,41.340238]]}},{"type":"Feature","properties":{"line":"1B","mode":"bus","color":"#7c5001","oi":-0.044,"n":2,"sw":1},"geometry":{"type":"LineString","coordinates":[[19.829366,41.34024],[19.829348,41.340235]]}},{"type":"Feature","properties":{"line":"1B","mode":"bus","color":"#7c5001","oi":-0.131,"n":2,"sw":1},"geometry":{"type":"LineString","coordinates":[[19.829354,41.340237],[19.829336,41.340232]]}},{"type":"Feature","properties":{"line":"1B","mode":"bus","color":"#7c5001","oi":-0.214,"n":2,"sw":1},"geometry":{"type":"LineString","coordinates":[[19.829343,41.340233],[19.829325,41.340228]]}},{"type":"Feature","properties":{"line":"1B","mode":"bus","color":"#7c5001","oi":-0.291,"n":2,"sw":1},"geometry":{"type":"LineString","coordinates":[[19.829331,41.34023],[19.829313,41.340225]]}},{"type":"Feature","properties":{"line":"1B","mode":"bus","color":"#7c5001","oi":-0.36,"n":2,"sw":1},"geometry":{"type":"LineString","coordinates":[[19.82932,41.340227],[19.829301,41.340222]]}},{"type":"Feature","properties":{"line":"1B","mode":"bus","color":"#7c5001","oi":-0.418,"n":2,"sw":1},"geometry":{"type":"LineString","coordinates":[[19.829308,41.340223],[19.82929,41.340218]]}},{"type":"Feature","properties":{"line":"1B","mode":"bus","color":"#7c5001","oi":-0.462,"n":2,"sw":1},"geometry":{"type":"LineString","coordinates":[[19.829296,41.34022],[19.829278,41.340215]]}},{"type":"Feature","properties":{"line":"1B","mode":"bus","color":"#7c5001","oi":-0.49,"n":2,"sw":1},"geometry":{"type":"LineString","coordinates":[[19.829285,41.340217],[19.829267,41.340212]]}},{"type":"Feature","properties":{"line":"1B","mode":"bus","color":"#7c5001","oi":-0.5,"n":2,"sw":1},"geometry":{"type":"LineString","coordinates":[[19.829273,41.340214],[19.829261,41.34021],[19.829255,41.34021]]}},{"type":"Feature","properties":{"line":"1B","mode":"bus","color":"#7c5001","oi":-0.5,"n":2,"sw":1},"geometry":{"type":"LineString","coordinates":[[19.829262,41.34021],[19.829261,41.34021],[19.829232,41.340211]]}},{"type":"Feature","properties":{"line":"1B","mode":"bus","color":"#7c5001","oi":-0.483,"n":2,"sw":1},"geometry":{"type":"LineString","coordinates":[[19.829239,41.34021],[19.82921,41.340211]]}},{"type":"Feature","properties":{"line":"1B","mode":"bus","color":"#7c5001","oi":-0.437,"n":2,"sw":1},"geometry":{"type":"LineString","coordinates":[[19.829217,41.340211],[19.829188,41.340211]]}},{"type":"Feature","properties":{"line":"1B","mode":"bus","color":"#7c5001","oi":-0.37,"n":2,"sw":1},"geometry":{"type":"LineString","coordinates":[[19.829195,41.340211],[19.829165,41.340212]]}},{"type":"Feature","properties":{"line":"1B","mode":"bus","color":"#7c5001","oi":-0.291,"n":2,"sw":1},"geometry":{"type":"LineString","coordinates":[[19.829172,41.340212],[19.829143,41.340212]]}},{"type":"Feature","properties":{"line":"1B","mode":"bus","color":"#7c5001","oi":-0.209,"n":2,"sw":1},"geometry":{"type":"LineString","coordinates":[[19.82915,41.340212],[19.829121,41.340212]]}},{"type":"Feature","properties":{"line":"1B","mode":"bus","color":"#7c5001","oi":-0.13,"n":2,"sw":1},"geometry":{"type":"LineString","coordinates":[[19.829128,41.340212],[19.829098,41.340213]]}},{"type":"Feature","properties":{"line":"1B","mode":"bus","color":"#7c5001","oi":-0.063,"n":2,"sw":1},"geometry":{"type":"LineString","coordinates":[[19.829106,41.340213],[19.829076,41.340213]]}},{"type":"Feature","properties":{"line":"1B","mode":"bus","color":"#7c5001","oi":-0.017,"n":2,"sw":1},"geometry":{"type":"LineString","coordinates":[[19.829083,41.340213],[19.829054,41.340214]]}},{"type":"Feature","properties":{"line":"1B","mode":"bus","color":"#7c5001","oi":0,"n":2,"sw":1},"geometry":{"type":"LineString","coordinates":[[19.829061,41.340214],[19.829035,41.340214]]}},{"type":"Feature","properties":{"line":"1B","mode":"bus","color":"#7c5001","oi":-0.5,"n":2},"geometry":{"type":"LineString","coordinates":[[19.816481,41.325531],[19.812763,41.324944],[19.812738,41.324936],[19.812726,41.324922],[19.812726,41.324902],[19.814376,41.31898]]}},{"type":"Feature","properties":{"line":"1B","mode":"bus","color":"#7c5001","oi":0,"n":2,"sw":1},"geometry":{"type":"LineString","coordinates":[[19.816902,41.325598],[19.816856,41.325591]]}},{"type":"Feature","properties":{"line":"1B","mode":"bus","color":"#7c5001","oi":-0.017,"n":2,"sw":1},"geometry":{"type":"LineString","coordinates":[[19.816863,41.325592],[19.816814,41.325584]]}},{"type":"Feature","properties":{"line":"1B","mode":"bus","color":"#7c5001","oi":-0.063,"n":2,"sw":1},"geometry":{"type":"LineString","coordinates":[[19.816821,41.325585],[19.816772,41.325577]]}},{"type":"Feature","properties":{"line":"1B","mode":"bus","color":"#7c5001","oi":-0.13,"n":2,"sw":1},"geometry":{"type":"LineString","coordinates":[[19.816779,41.325579],[19.81673,41.325571]]}},{"type":"Feature","properties":{"line":"1B","mode":"bus","color":"#7c5001","oi":-0.209,"n":2,"sw":1},"geometry":{"type":"LineString","coordinates":[[19.816737,41.325572],[19.816688,41.325564]]}},{"type":"Feature","properties":{"line":"1B","mode":"bus","color":"#7c5001","oi":-0.291,"n":2,"sw":1},"geometry":{"type":"LineString","coordinates":[[19.816695,41.325565],[19.816646,41.325558]]}},{"type":"Feature","properties":{"line":"1B","mode":"bus","color":"#7c5001","oi":-0.37,"n":2,"sw":1},"geometry":{"type":"LineString","coordinates":[[19.816653,41.325559],[19.816603,41.325551]]}},{"type":"Feature","properties":{"line":"1B","mode":"bus","color":"#7c5001","oi":-0.437,"n":2,"sw":1},"geometry":{"type":"LineString","coordinates":[[19.81661,41.325552],[19.816561,41.325544]]}},{"type":"Feature","properties":{"line":"1B","mode":"bus","color":"#7c5001","oi":-0.483,"n":2,"sw":1},"geometry":{"type":"LineString","coordinates":[[19.816568,41.325545],[19.816519,41.325538]]}},{"type":"Feature","properties":{"line":"1B","mode":"bus","color":"#7c5001","oi":-0.5,"n":2,"sw":1},"geometry":{"type":"LineString","coordinates":[[19.816526,41.325539],[19.816477,41.325531]]}},{"type":"Feature","properties":{"line":"1B","mode":"bus","color":"#7c5001","oi":-0.5,"n":2,"sw":1},"geometry":{"type":"LineString","coordinates":[[19.814375,41.318983],[19.814385,41.318946]]}},{"type":"Feature","properties":{"line":"1B","mode":"bus","color":"#7c5001","oi":-0.483,"n":2,"sw":1},"geometry":{"type":"LineString","coordinates":[[19.814384,41.318951],[19.814394,41.318914]]}},{"type":"Feature","properties":{"line":"1B","mode":"bus","color":"#7c5001","oi":-0.437,"n":2,"sw":1},"geometry":{"type":"LineString","coordinates":[[19.814393,41.318919],[19.814403,41.318882]]}},{"type":"Feature","properties":{"line":"1B","mode":"bus","color":"#7c5001","oi":-0.37,"n":2,"sw":1},"geometry":{"type":"LineString","coordinates":[[19.814401,41.318888],[19.814412,41.318851]]}},{"type":"Feature","properties":{"line":"1B","mode":"bus","color":"#7c5001","oi":-0.291,"n":2,"sw":1},"geometry":{"type":"LineString","coordinates":[[19.81441,41.318856],[19.814421,41.318819]]}},{"type":"Feature","properties":{"line":"1B","mode":"bus","color":"#7c5001","oi":-0.209,"n":2,"sw":1},"geometry":{"type":"LineString","coordinates":[[19.814419,41.318824],[19.814429,41.318787]]}},{"type":"Feature","properties":{"line":"1B","mode":"bus","color":"#7c5001","oi":-0.13,"n":2,"sw":1},"geometry":{"type":"LineString","coordinates":[[19.814428,41.318792],[19.814438,41.318755]]}},{"type":"Feature","properties":{"line":"1B","mode":"bus","color":"#7c5001","oi":-0.063,"n":2,"sw":1},"geometry":{"type":"LineString","coordinates":[[19.814437,41.318761],[19.814447,41.318724]]}},{"type":"Feature","properties":{"line":"1B","mode":"bus","color":"#7c5001","oi":-0.017,"n":2,"sw":1},"geometry":{"type":"LineString","coordinates":[[19.814446,41.318729],[19.814456,41.318692]]}},{"type":"Feature","properties":{"line":"1B","mode":"bus","color":"#7c5001","oi":0,"n":2,"sw":1},"geometry":{"type":"LineString","coordinates":[[19.814454,41.318697],[19.814464,41.318663]]}},{"type":"Feature","properties":{"line":"1B","mode":"bus","color":"#7c5001","oi":0.5,"n":4},"geometry":{"type":"LineString","coordinates":[[19.814464,41.318663],[19.81436,41.318609],[19.81433,41.318566],[19.814331,41.318471]]}},{"type":"Feature","properties":{"line":"1B","mode":"bus","color":"#7c5001","oi":0,"n":3},"geometry":{"type":"LineString","coordinates":[[19.813386,41.322569],[19.810285,41.32208]]}},{"type":"Feature","properties":{"line":"1B","mode":"bus","color":"#7c5001","oi":0,"n":3},"geometry":{"type":"LineString","coordinates":[[19.829035,41.340214],[19.8288,41.340317],[19.828498,41.340357],[19.827711,41.340299],[19.826765,41.340196]]}},{"type":"Feature","properties":{"line":"1B","mode":"bus","color":"#7c5001","oi":0,"n":3,"sw":1},"geometry":{"type":"LineString","coordinates":[[19.826769,41.340196],[19.826719,41.340191]]}},{"type":"Feature","properties":{"line":"1B","mode":"bus","color":"#7c5001","oi":-0.017,"n":3,"sw":1},"geometry":{"type":"LineString","coordinates":[[19.826726,41.340191],[19.826676,41.340186]]}},{"type":"Feature","properties":{"line":"1B","mode":"bus","color":"#7c5001","oi":-0.063,"n":3,"sw":1},"geometry":{"type":"LineString","coordinates":[[19.826683,41.340187],[19.826634,41.340181]]}},{"type":"Feature","properties":{"line":"1B","mode":"bus","color":"#7c5001","oi":-0.13,"n":3,"sw":1},"geometry":{"type":"LineString","coordinates":[[19.826641,41.340182],[19.826591,41.340177]]}},{"type":"Feature","properties":{"line":"1B","mode":"bus","color":"#7c5001","oi":-0.209,"n":3,"sw":1},"geometry":{"type":"LineString","coordinates":[[19.826598,41.340177],[19.826549,41.340172]]}},{"type":"Feature","properties":{"line":"1B","mode":"bus","color":"#7c5001","oi":-0.291,"n":3,"sw":1},"geometry":{"type":"LineString","coordinates":[[19.826556,41.340173],[19.826506,41.340167]]}},{"type":"Feature","properties":{"line":"1B","mode":"bus","color":"#7c5001","oi":-0.37,"n":3,"sw":1},"geometry":{"type":"LineString","coordinates":[[19.826513,41.340168],[19.826463,41.340163]]}},{"type":"Feature","properties":{"line":"1B","mode":"bus","color":"#7c5001","oi":-0.437,"n":3,"sw":1},"geometry":{"type":"LineString","coordinates":[[19.82647,41.340163],[19.826421,41.340158]]}},{"type":"Feature","properties":{"line":"1B","mode":"bus","color":"#7c5001","oi":-0.483,"n":3,"sw":1},"geometry":{"type":"LineString","coordinates":[[19.826428,41.340159],[19.826378,41.340153]]}},{"type":"Feature","properties":{"line":"1B","mode":"bus","color":"#7c5001","oi":-0.5,"n":3,"sw":1},"geometry":{"type":"LineString","coordinates":[[19.826385,41.340154],[19.826339,41.340149]]}},{"type":"Feature","properties":{"line":"1B","mode":"bus","color":"#7c5001","oi":0.5,"n":4},"geometry":{"type":"LineString","coordinates":[[19.820414,41.337275],[19.821269,41.337746],[19.821966,41.338214],[19.82299,41.338987],[19.823552,41.339318],[19.824177,41.339591],[19.824777,41.33978],[19.825432,41.339936],[19.826322,41.340071]]}},{"type":"Feature","properties":{"line":"1B","mode":"bus","color":"#7c5001","oi":0,"n":4,"sw":1},"geometry":{"type":"LineString","coordinates":[[19.820067,41.337083],[19.820105,41.337104]]}},{"type":"Feature","properties":{"line":"1B","mode":"bus","color":"#7c5001","oi":0.017,"n":4,"sw":1},"geometry":{"type":"LineString","coordinates":[[19.820099,41.337101],[19.820139,41.337123]]}},{"type":"Feature","properties":{"line":"1B","mode":"bus","color":"#7c5001","oi":0.063,"n":4,"sw":1},"geometry":{"type":"LineString","coordinates":[[19.820134,41.33712],[19.820174,41.337142]]}},{"type":"Feature","properties":{"line":"1B","mode":"bus","color":"#7c5001","oi":0.13,"n":4,"sw":1},"geometry":{"type":"LineString","coordinates":[[19.820168,41.337139],[19.820209,41.337161]]}},{"type":"Feature","properties":{"line":"1B","mode":"bus","color":"#7c5001","oi":0.209,"n":4,"sw":1},"geometry":{"type":"LineString","coordinates":[[19.820203,41.337158],[19.820244,41.33718]]}},{"type":"Feature","properties":{"line":"1B","mode":"bus","color":"#7c5001","oi":0.291,"n":4,"sw":1},"geometry":{"type":"LineString","coordinates":[[19.820238,41.337177],[19.820278,41.3372]]}},{"type":"Feature","properties":{"line":"1B","mode":"bus","color":"#7c5001","oi":0.37,"n":4,"sw":1},"geometry":{"type":"LineString","coordinates":[[19.820272,41.337196],[19.820313,41.337219]]}},{"type":"Feature","properties":{"line":"1B","mode":"bus","color":"#7c5001","oi":0.437,"n":4,"sw":1},"geometry":{"type":"LineString","coordinates":[[19.820307,41.337215],[19.820348,41.337238]]}},{"type":"Feature","properties":{"line":"1B","mode":"bus","color":"#7c5001","oi":0.483,"n":4,"sw":1},"geometry":{"type":"LineString","coordinates":[[19.820342,41.337235],[19.820382,41.337257]]}},{"type":"Feature","properties":{"line":"1B","mode":"bus","color":"#7c5001","oi":0.5,"n":4,"sw":1},"geometry":{"type":"LineString","coordinates":[[19.820377,41.337254],[19.820417,41.337276]]}},{"type":"Feature","properties":{"line":"1B","mode":"bus","color":"#7c5001","oi":0,"n":3},"geometry":{"type":"LineString","coordinates":[[19.826748,41.340118],[19.827945,41.340249],[19.828477,41.340283],[19.828729,41.340252],[19.828905,41.340181],[19.829024,41.340099],[19.829117,41.339997]]}},{"type":"Feature","properties":{"line":"1B","mode":"bus","color":"#7c5001","oi":0.5,"n":3,"sw":1},"geometry":{"type":"LineString","coordinates":[[19.826322,41.340071],[19.826368,41.340076]]}},{"type":"Feature","properties":{"line":"1B","mode":"bus","color":"#7c5001","oi":0.483,"n":3,"sw":1},"geometry":{"type":"LineString","coordinates":[[19.826361,41.340075],[19.826411,41.340081]]}},{"type":"Feature","properties":{"line":"1B","mode":"bus","color":"#7c5001","oi":0.437,"n":3,"sw":1},"geometry":{"type":"LineString","coordinates":[[19.826404,41.34008],[19.826453,41.340085]]}},{"type":"Feature","properties":{"line":"1B","mode":"bus","color":"#7c5001","oi":0.37,"n":3,"sw":1},"geometry":{"type":"LineString","coordinates":[[19.826446,41.340085],[19.826496,41.34009]]}},{"type":"Feature","properties":{"line":"1B","mode":"bus","color":"#7c5001","oi":0.291,"n":3,"sw":1},"geometry":{"type":"LineString","coordinates":[[19.826489,41.340089],[19.826539,41.340095]]}},{"type":"Feature","properties":{"line":"1B","mode":"bus","color":"#7c5001","oi":0.209,"n":3,"sw":1},"geometry":{"type":"LineString","coordinates":[[19.826532,41.340094],[19.826581,41.340099]]}},{"type":"Feature","properties":{"line":"1B","mode":"bus","color":"#7c5001","oi":0.13,"n":3,"sw":1},"geometry":{"type":"LineString","coordinates":[[19.826574,41.340099],[19.826624,41.340104]]}},{"type":"Feature","properties":{"line":"1B","mode":"bus","color":"#7c5001","oi":0.063,"n":3,"sw":1},"geometry":{"type":"LineString","coordinates":[[19.826617,41.340103],[19.826666,41.340109]]}},{"type":"Feature","properties":{"line":"1B","mode":"bus","color":"#7c5001","oi":0.017,"n":3,"sw":1},"geometry":{"type":"LineString","coordinates":[[19.826659,41.340108],[19.826709,41.340113]]}},{"type":"Feature","properties":{"line":"1B","mode":"bus","color":"#7c5001","oi":0,"n":3,"sw":1},"geometry":{"type":"LineString","coordinates":[[19.826702,41.340113],[19.826752,41.340118]]}},{"type":"Feature","properties":{"line":"1B","mode":"bus","color":"#7c5001","oi":0,"n":3},"geometry":{"type":"LineString","coordinates":[[19.816902,41.325598],[19.817437,41.323702],[19.817438,41.323686],[19.817433,41.323674],[19.81742,41.323665],[19.8174,41.32366],[19.813265,41.323005]]}},{"type":"Feature","properties":{"line":"1B","mode":"bus","color":"#7c5001","oi":0.5,"n":4},"geometry":{"type":"LineString","coordinates":[[19.829117,41.339997],[19.834996,41.342975],[19.835319,41.343178],[19.838245,41.34522]]}},{"type":"Feature","properties":{"line":"1B","mode":"bus","color":"#7c5001","oi":0.5,"n":4},"geometry":{"type":"LineString","coordinates":[[19.838234,41.345296],[19.834943,41.343027],[19.83154,41.341285],[19.829467,41.340269]]}},{"type":"Feature","properties":{"line":"1B","mode":"bus","color":"#7c5001","oi":0.5,"n":4},"geometry":{"type":"LineString","coordinates":[[19.820356,41.337337],[19.821199,41.337799],[19.821896,41.338262],[19.822926,41.339034],[19.823498,41.339373],[19.824266,41.339702],[19.824921,41.339896],[19.825478,41.34002],[19.826339,41.340149]]}},{"type":"Feature","properties":{"line":"1B","mode":"bus","color":"#7c5001","oi":0,"n":4,"sw":1},"geometry":{"type":"LineString","coordinates":[[19.820008,41.337146],[19.820046,41.337167]]}},{"type":"Feature","properties":{"line":"1B","mode":"bus","color":"#7c5001","oi":0.017,"n":4,"sw":1},"geometry":{"type":"LineString","coordinates":[[19.82004,41.337163],[19.820081,41.337186]]}},{"type":"Feature","properties":{"line":"1B","mode":"bus","color":"#7c5001","oi":0.063,"n":4,"sw":1},"geometry":{"type":"LineString","coordinates":[[19.820075,41.337183],[19.820115,41.337205]]}},{"type":"Feature","properties":{"line":"1B","mode":"bus","color":"#7c5001","oi":0.13,"n":4,"sw":1},"geometry":{"type":"LineString","coordinates":[[19.82011,41.337202],[19.82015,41.337224]]}},{"type":"Feature","properties":{"line":"1B","mode":"bus","color":"#7c5001","oi":0.209,"n":4,"sw":1},"geometry":{"type":"LineString","coordinates":[[19.820144,41.337221],[19.820185,41.337243]]}},{"type":"Feature","properties":{"line":"1B","mode":"bus","color":"#7c5001","oi":0.291,"n":4,"sw":1},"geometry":{"type":"LineString","coordinates":[[19.820179,41.33724],[19.82022,41.337262]]}},{"type":"Feature","properties":{"line":"1B","mode":"bus","color":"#7c5001","oi":0.37,"n":4,"sw":1},"geometry":{"type":"LineString","coordinates":[[19.820214,41.337259],[19.820255,41.337281]]}},{"type":"Feature","properties":{"line":"1B","mode":"bus","color":"#7c5001","oi":0.437,"n":4,"sw":1},"geometry":{"type":"LineString","coordinates":[[19.820249,41.337278],[19.820289,41.3373]]}},{"type":"Feature","properties":{"line":"1B","mode":"bus","color":"#7c5001","oi":0.483,"n":4,"sw":1},"geometry":{"type":"LineString","coordinates":[[19.820284,41.337297],[19.820324,41.337319]]}},{"type":"Feature","properties":{"line":"1B","mode":"bus","color":"#7c5001","oi":0.5,"n":4,"sw":1},"geometry":{"type":"LineString","coordinates":[[19.820318,41.337316],[19.820359,41.337338]]}},{"type":"Feature","properties":{"line":"1B","mode":"bus","color":"#7c5001","oi":0,"n":3},"geometry":{"type":"LineString","coordinates":[[19.814331,41.318471],[19.81426,41.318401],[19.81418,41.318369],[19.81087,41.317839],[19.81069,41.317838],[19.810532,41.317868],[19.810333,41.317947],[19.80812,41.319057]]}},{"type":"Feature","properties":{"line":"1B","mode":"bus","color":"#7c5001","oi":0,"n":1},"geometry":{"type":"LineString","coordinates":[[19.798443,41.306925],[19.798534,41.306966],[19.798676,41.307076],[19.7987,41.30714],[19.79892,41.307396],[19.798947,41.307467],[19.798907,41.307715],[19.798786,41.307986],[19.798678,41.308144],[19.798275,41.308582],[19.798271,41.308745],[19.798304,41.308802],[19.798396,41.308881],[19.798593,41.308946],[19.798645,41.309016],[19.798645,41.309065],[19.798635,41.309103],[19.798094,41.309667],[19.798082,41.30975],[19.798086,41.309784],[19.798109,41.309813],[19.798199,41.309889],[19.798315,41.31004],[19.798296,41.310186],[19.797534,41.310843],[19.797509,41.310931],[19.797512,41.311251],[19.797449,41.311554],[19.797476,41.311654],[19.797679,41.312002],[19.798215,41.312435],[19.798302,41.312573],[19.798289,41.312715],[19.798171,41.312941],[19.798156,41.313049],[19.798322,41.313458],[19.798341,41.313925],[19.798406,41.314368],[19.798314,41.314822]]}},{"type":"Feature","properties":{"line":"2","mode":"bus","color":"#119efc","oi":-0.5,"n":4},"geometry":{"type":"LineString","coordinates":[[19.814464,41.318663],[19.81436,41.318609],[19.81433,41.318566],[19.814331,41.318471]]}},{"type":"Feature","properties":{"line":"2","mode":"bus","color":"#119efc","oi":0,"n":1},"geometry":{"type":"LineString","coordinates":[[19.855004,41.282499],[19.855071,41.282502],[19.855161,41.282465],[19.855194,41.282415],[19.855176,41.282333]]}},{"type":"Feature","properties":{"line":"2","mode":"bus","color":"#119efc","oi":0,"n":1},"geometry":{"type":"LineString","coordinates":[[19.810755,41.309345],[19.811049,41.30905],[19.811173,41.308863],[19.811404,41.308379],[19.8116,41.308142],[19.812442,41.307486],[19.812848,41.307234],[19.813673,41.306837],[19.814061,41.306585],[19.814394,41.30632],[19.814838,41.305809],[19.815212,41.305523],[19.815523,41.305365],[19.816521,41.305168],[19.817658,41.304901],[19.818017,41.304994],[19.818155,41.305007],[19.818861,41.304972],[19.819924,41.305012],[19.820653,41.304976],[19.82093,41.304914],[19.821439,41.304667],[19.821631,41.304594],[19.821651,41.30459],[19.821668,41.304594],[19.821681,41.304607],[19.821696,41.304628],[19.821718,41.304648],[19.821748,41.30466],[19.821779,41.304667],[19.821807,41.30468],[19.821822,41.304702],[19.821966,41.30516],[19.821977,41.305177],[19.821997,41.305188],[19.822044,41.305203],[19.822677,41.305234],[19.82301,41.305283],[19.823038,41.305284],[19.823061,41.305276],[19.823078,41.305259],[19.823119,41.305202],[19.823455,41.305003],[19.823781,41.30474],[19.824244,41.304605],[19.824561,41.304453],[19.825262,41.304253],[19.826133,41.303965],[19.827885,41.303286],[19.828381,41.303145],[19.828945,41.303058],[19.829473,41.30304],[19.829935,41.30307],[19.830159,41.303105],[19.830531,41.303187],[19.83263,41.30377],[19.83298,41.303843],[19.833313,41.303882],[19.833848,41.303899],[19.834346,41.303859],[19.834591,41.303818],[19.836338,41.30336],[19.836833,41.303175],[19.837261,41.302946],[19.837614,41.302701],[19.837923,41.302424],[19.839431,41.300658],[19.840263,41.299773],[19.847689,41.29246],[19.848947,41.29121],[19.849192,41.290931],[19.849719,41.290316],[19.85018,41.289715],[19.850737,41.288933],[19.85119,41.28822],[19.851722,41.287214],[19.852143,41.286308],[19.852344,41.286059],[19.852754,41.285194],[19.853168,41.284189],[19.853483,41.283517],[19.853608,41.283383],[19.853805,41.283298],[19.853884,41.283223],[19.853947,41.283063],[19.854046,41.282982],[19.854758,41.282593],[19.854973,41.282511],[19.854985,41.282505],[19.854989,41.282498],[19.854986,41.282491],[19.854976,41.282484],[19.854923,41.282456],[19.854896,41.282379]]}},{"type":"Feature","properties":{"line":"2","mode":"bus","color":"#119efc","oi":0,"n":1},"geometry":{"type":"LineString","coordinates":[[19.811247,41.309878],[19.811225,41.309778],[19.811226,41.309752],[19.811242,41.309729],[19.811284,41.309689],[19.811303,41.30961],[19.811273,41.309534],[19.811222,41.309489],[19.811076,41.30945],[19.810917,41.30948],[19.810822,41.309439],[19.810774,41.309372],[19.810764,41.309361],[19.810752,41.309357],[19.810739,41.309358],[19.810725,41.309365],[19.810699,41.309383],[19.810684,41.309397],[19.810679,41.309413],[19.810685,41.309431],[19.810715,41.309486],[19.810838,41.30959],[19.810919,41.309739],[19.811028,41.309785],[19.811109,41.309781],[19.811136,41.309783],[19.811158,41.309792],[19.811176,41.309807],[19.811325,41.30999],[19.811872,41.310446],[19.814678,41.312548],[19.81548,41.312924],[19.815593,41.313084],[19.815844,41.313823],[19.815795,41.314023]]}},{"type":"Feature","properties":{"line":"2","mode":"bus","color":"#119efc","oi":0,"n":1},"geometry":{"type":"LineString","coordinates":[[19.814566,41.318373],[19.815602,41.314619],[19.815784,41.314058],[19.815803,41.314027],[19.815837,41.314006],[19.815941,41.313963],[19.816029,41.313968],[19.816072,41.313964],[19.816109,41.313945],[19.816161,41.313905],[19.816181,41.313882],[19.816187,41.313855],[19.816186,41.313801],[19.81612,41.313736],[19.815904,41.313678],[19.815774,41.313587]]}},{"type":"Feature","properties":{"line":"2","mode":"bus","color":"#119efc","oi":0,"n":1},"geometry":{"type":"LineString","coordinates":[[19.814503,41.318369],[19.814429,41.318385],[19.814331,41.318471]]}},{"type":"Feature","properties":{"line":"2","mode":"bus","color":"#119efc","oi":0,"n":1},"geometry":{"type":"LineString","coordinates":[[19.85505,41.282277],[19.854935,41.282314],[19.854794,41.282475],[19.854124,41.282835],[19.85387,41.282838],[19.85371,41.282732],[19.853467,41.282691],[19.853335,41.282701],[19.85322,41.282742],[19.853064,41.282866],[19.853024,41.282936],[19.853007,41.283087],[19.853076,41.28323],[19.853102,41.283422],[19.852452,41.284876],[19.852158,41.28571],[19.852143,41.28598],[19.851721,41.286915],[19.85125,41.287844],[19.850858,41.288497],[19.850344,41.289261],[19.84961,41.29026],[19.848822,41.291152],[19.847282,41.292696],[19.839692,41.30016],[19.838877,41.301099],[19.837969,41.3022],[19.837554,41.302611],[19.83719,41.302865],[19.836771,41.30309],[19.836301,41.303268],[19.834831,41.303668],[19.834333,41.303761],[19.833838,41.3038],[19.833313,41.303786],[19.832661,41.303678],[19.83058,41.303098],[19.830182,41.303011],[19.829466,41.302944],[19.828927,41.302957],[19.828661,41.302988],[19.828089,41.303107],[19.826077,41.303876],[19.824522,41.304364],[19.822571,41.304822],[19.821943,41.304949],[19.820956,41.305085],[19.820482,41.305128],[19.819639,41.305163],[19.818709,41.305151],[19.818209,41.305194],[19.817748,41.305281],[19.817472,41.305357],[19.816584,41.305717],[19.816191,41.305774],[19.816023,41.305761],[19.81595,41.305727],[19.815568,41.305489],[19.815465,41.30538]]}},{"type":"Feature","properties":{"line":"2","mode":"bus","color":"#119efc","oi":0,"n":1},"geometry":{"type":"LineString","coordinates":[[19.85505,41.282277],[19.855227,41.282176],[19.85524,41.282169],[19.855249,41.282167],[19.855253,41.28217],[19.855253,41.282176],[19.855248,41.282188],[19.855187,41.282311],[19.855181,41.28232],[19.855173,41.282324],[19.855164,41.282323],[19.855154,41.282317],[19.855112,41.282288],[19.85505,41.282277]]}},{"type":"Feature","properties":{"line":"2","mode":"bus","color":"#119efc","oi":0,"n":1},"geometry":{"type":"LineString","coordinates":[[19.859001,41.283569],[19.859001,41.283569],[19.8591,41.283586]]}},{"type":"Feature","properties":{"line":"2","mode":"bus","color":"#119efc","oi":0.5,"n":1,"sw":1},"geometry":{"type":"LineString","coordinates":[[19.858944,41.283505],[19.858952,41.283514]]}},{"type":"Feature","properties":{"line":"2","mode":"bus","color":"#119efc","oi":0.479,"n":1,"sw":1},"geometry":{"type":"LineString","coordinates":[[19.858948,41.28351],[19.858959,41.283521]]}},{"type":"Feature","properties":{"line":"2","mode":"bus","color":"#119efc","oi":0.422,"n":1,"sw":1},"geometry":{"type":"LineString","coordinates":[[19.858955,41.283517],[19.858965,41.283528]]}},{"type":"Feature","properties":{"line":"2","mode":"bus","color":"#119efc","oi":0.342,"n":1,"sw":1},"geometry":{"type":"LineString","coordinates":[[19.858961,41.283524],[19.858971,41.283536]]}},{"type":"Feature","properties":{"line":"2","mode":"bus","color":"#119efc","oi":0.25,"n":1,"sw":1},"geometry":{"type":"LineString","coordinates":[[19.858967,41.283531],[19.858978,41.283543]]}},{"type":"Feature","properties":{"line":"2","mode":"bus","color":"#119efc","oi":0.158,"n":1,"sw":1},"geometry":{"type":"LineString","coordinates":[[19.858974,41.283538],[19.858984,41.28355]]}},{"type":"Feature","properties":{"line":"2","mode":"bus","color":"#119efc","oi":0.078,"n":1,"sw":1},"geometry":{"type":"LineString","coordinates":[[19.85898,41.283545],[19.85899,41.283557]]}},{"type":"Feature","properties":{"line":"2","mode":"bus","color":"#119efc","oi":0.021,"n":1,"sw":1},"geometry":{"type":"LineString","coordinates":[[19.858986,41.283552],[19.858996,41.283564]]}},{"type":"Feature","properties":{"line":"2","mode":"bus","color":"#119efc","oi":0,"n":1,"sw":1},"geometry":{"type":"LineString","coordinates":[[19.858992,41.283559],[19.859001,41.283569],[19.859004,41.28357]]}},{"type":"Feature","properties":{"line":"2","mode":"bus","color":"#119efc","oi":0,"n":1},"geometry":{"type":"LineString","coordinates":[[19.855958,41.28152],[19.855909,41.281533],[19.855771,41.281599],[19.855626,41.281704],[19.855265,41.282154]]}},{"type":"Feature","properties":{"line":"2","mode":"bus","color":"#119efc","oi":0.5,"n":1,"sw":1},"geometry":{"type":"LineString","coordinates":[[19.856377,41.281457],[19.856331,41.28146]]}},{"type":"Feature","properties":{"line":"2","mode":"bus","color":"#119efc","oi":0.483,"n":1,"sw":1},"geometry":{"type":"LineString","coordinates":[[19.856338,41.28146],[19.856288,41.281464]]}},{"type":"Feature","properties":{"line":"2","mode":"bus","color":"#119efc","oi":0.437,"n":1,"sw":1},"geometry":{"type":"LineString","coordinates":[[19.856295,41.281463],[19.856245,41.281467]]}},{"type":"Feature","properties":{"line":"2","mode":"bus","color":"#119efc","oi":0.37,"n":1,"sw":1},"geometry":{"type":"LineString","coordinates":[[19.856252,41.281466],[19.856202,41.28147]]}},{"type":"Feature","properties":{"line":"2","mode":"bus","color":"#119efc","oi":0.291,"n":1,"sw":1},"geometry":{"type":"LineString","coordinates":[[19.856209,41.281469],[19.856159,41.281473]]}},{"type":"Feature","properties":{"line":"2","mode":"bus","color":"#119efc","oi":0.209,"n":1,"sw":1},"geometry":{"type":"LineString","coordinates":[[19.856166,41.281472],[19.856118,41.281476],[19.856116,41.281476]]}},{"type":"Feature","properties":{"line":"2","mode":"bus","color":"#119efc","oi":0.13,"n":1,"sw":1},"geometry":{"type":"LineString","coordinates":[[19.856123,41.281476],[19.856118,41.281476],[19.856076,41.281487]]}},{"type":"Feature","properties":{"line":"2","mode":"bus","color":"#119efc","oi":0.063,"n":1,"sw":1},"geometry":{"type":"LineString","coordinates":[[19.856083,41.281486],[19.856035,41.281499]]}},{"type":"Feature","properties":{"line":"2","mode":"bus","color":"#119efc","oi":0.017,"n":1,"sw":1},"geometry":{"type":"LineString","coordinates":[[19.856042,41.281497],[19.855995,41.28151]]}},{"type":"Feature","properties":{"line":"2","mode":"bus","color":"#119efc","oi":0,"n":1,"sw":1},"geometry":{"type":"LineString","coordinates":[[19.856002,41.281508],[19.855954,41.281521]]}},{"type":"Feature","properties":{"line":"2","mode":"bus","color":"#119efc","oi":0,"n":1},"geometry":{"type":"LineString","coordinates":[[19.817384,41.336159],[19.817437,41.33609]]}},{"type":"Feature","properties":{"line":"2","mode":"bus","color":"#119efc","oi":0,"n":1},"geometry":{"type":"LineString","coordinates":[[19.814105,41.312207],[19.814248,41.312237]]}},{"type":"Feature","properties":{"line":"2","mode":"bus","color":"#119efc","oi":0,"n":1},"geometry":{"type":"LineString","coordinates":[[19.855898,41.282877],[19.855197,41.282387]]}},{"type":"Feature","properties":{"line":"2","mode":"bus","color":"#119efc","oi":0,"n":1},"geometry":{"type":"LineString","coordinates":[[19.855817,41.282852],[19.855898,41.282877],[19.856195,41.283101]]}},{"type":"Feature","properties":{"line":"2","mode":"bus","color":"#119efc","oi":0,"n":1},"geometry":{"type":"LineString","coordinates":[[19.855304,41.283337],[19.855286,41.283412],[19.855213,41.283466],[19.855113,41.283478]]}},{"type":"Feature","properties":{"line":"2","mode":"bus","color":"#119efc","oi":0,"n":1},"geometry":{"type":"LineString","coordinates":[[19.854468,41.283118],[19.854374,41.283015]]}},{"type":"Feature","properties":{"line":"2","mode":"bus","color":"#119efc","oi":0.5,"n":1,"sw":1},"geometry":{"type":"LineString","coordinates":[[19.8546,41.283195],[19.854584,41.283186]]}},{"type":"Feature","properties":{"line":"2","mode":"bus","color":"#119efc","oi":0.483,"n":1,"sw":1},"geometry":{"type":"LineString","coordinates":[[19.85459,41.283189],[19.854571,41.283178]]}},{"type":"Feature","properties":{"line":"2","mode":"bus","color":"#119efc","oi":0.437,"n":1,"sw":1},"geometry":{"type":"LineString","coordinates":[[19.854576,41.283181],[19.854558,41.28317]]}},{"type":"Feature","properties":{"line":"2","mode":"bus","color":"#119efc","oi":0.37,"n":1,"sw":1},"geometry":{"type":"LineString","coordinates":[[19.854563,41.283174],[19.854544,41.283163]]}},{"type":"Feature","properties":{"line":"2","mode":"bus","color":"#119efc","oi":0.291,"n":1,"sw":1},"geometry":{"type":"LineString","coordinates":[[19.85455,41.283166],[19.854531,41.283155]]}},{"type":"Feature","properties":{"line":"2","mode":"bus","color":"#119efc","oi":0.209,"n":1,"sw":1},"geometry":{"type":"LineString","coordinates":[[19.854537,41.283158],[19.854518,41.283147]]}},{"type":"Feature","properties":{"line":"2","mode":"bus","color":"#119efc","oi":0.13,"n":1,"sw":1},"geometry":{"type":"LineString","coordinates":[[19.854524,41.283151],[19.854505,41.28314]]}},{"type":"Feature","properties":{"line":"2","mode":"bus","color":"#119efc","oi":0.063,"n":1,"sw":1},"geometry":{"type":"LineString","coordinates":[[19.854511,41.283143],[19.854492,41.283132]]}},{"type":"Feature","properties":{"line":"2","mode":"bus","color":"#119efc","oi":0.017,"n":1,"sw":1},"geometry":{"type":"LineString","coordinates":[[19.854497,41.283135],[19.854478,41.283124]]}},{"type":"Feature","properties":{"line":"2","mode":"bus","color":"#119efc","oi":0,"n":1,"sw":1},"geometry":{"type":"LineString","coordinates":[[19.854484,41.283128],[19.854469,41.283119],[19.854466,41.283116]]}},{"type":"Feature","properties":{"line":"2","mode":"bus","color":"#119efc","oi":0,"n":1},"geometry":{"type":"LineString","coordinates":[[19.855685,41.280339],[19.855899,41.28028]]}},{"type":"Feature","properties":{"line":"2","mode":"bus","color":"#119efc","oi":0,"n":1,"sw":1},"geometry":{"type":"LineString","coordinates":[[19.855896,41.280281],[19.855924,41.280273]]}},{"type":"Feature","properties":{"line":"2","mode":"bus","color":"#119efc","oi":0.017,"n":1,"sw":1},"geometry":{"type":"LineString","coordinates":[[19.855917,41.280275],[19.855945,41.280267]]}},{"type":"Feature","properties":{"line":"2","mode":"bus","color":"#119efc","oi":0.063,"n":1,"sw":1},"geometry":{"type":"LineString","coordinates":[[19.855939,41.280269],[19.85595,41.280266],[19.855965,41.280259]]}},{"type":"Feature","properties":{"line":"2","mode":"bus","color":"#119efc","oi":0.13,"n":1,"sw":1},"geometry":{"type":"LineString","coordinates":[[19.855959,41.280262],[19.855984,41.280249]]}},{"type":"Feature","properties":{"line":"2","mode":"bus","color":"#119efc","oi":0.209,"n":1,"sw":1},"geometry":{"type":"LineString","coordinates":[[19.855978,41.280252],[19.856003,41.28024]]}},{"type":"Feature","properties":{"line":"2","mode":"bus","color":"#119efc","oi":0.291,"n":1,"sw":1},"geometry":{"type":"LineString","coordinates":[[19.855997,41.280243],[19.856022,41.280231]]}},{"type":"Feature","properties":{"line":"2","mode":"bus","color":"#119efc","oi":0.37,"n":1,"sw":1},"geometry":{"type":"LineString","coordinates":[[19.856016,41.280234],[19.856042,41.280221]]}},{"type":"Feature","properties":{"line":"2","mode":"bus","color":"#119efc","oi":0.437,"n":1,"sw":1},"geometry":{"type":"LineString","coordinates":[[19.856036,41.280224],[19.856061,41.280212]]}},{"type":"Feature","properties":{"line":"2","mode":"bus","color":"#119efc","oi":0.483,"n":1,"sw":1},"geometry":{"type":"LineString","coordinates":[[19.856055,41.280215],[19.85608,41.280203]]}},{"type":"Feature","properties":{"line":"2","mode":"bus","color":"#119efc","oi":0.5,"n":1,"sw":1},"geometry":{"type":"LineString","coordinates":[[19.856074,41.280206],[19.856096,41.280195]]}},{"type":"Feature","properties":{"line":"2","mode":"bus","color":"#119efc","oi":0,"n":1},"geometry":{"type":"LineString","coordinates":[[19.817504,41.323449],[19.817561,41.32323]]}},{"type":"Feature","properties":{"line":"2","mode":"bus","color":"#119efc","oi":-1,"n":1,"sw":1},"geometry":{"type":"LineString","coordinates":[[19.817447,41.323667],[19.817451,41.323652]]}},{"type":"Feature","properties":{"line":"2","mode":"bus","color":"#119efc","oi":-0.99,"n":1,"sw":1},"geometry":{"type":"LineString","coordinates":[[19.817449,41.323658],[19.817454,41.32364]]}},{"type":"Feature","properties":{"line":"2","mode":"bus","color":"#119efc","oi":-0.962,"n":1,"sw":1},"geometry":{"type":"LineString","coordinates":[[19.817453,41.323645],[19.817457,41.323628]]}},{"type":"Feature","properties":{"line":"2","mode":"bus","color":"#119efc","oi":-0.918,"n":1,"sw":1},"geometry":{"type":"LineString","coordinates":[[19.817456,41.323633],[19.81746,41.323616]]}},{"type":"Feature","properties":{"line":"2","mode":"bus","color":"#119efc","oi":-0.86,"n":1,"sw":1},"geometry":{"type":"LineString","coordinates":[[19.817459,41.323621],[19.817464,41.323604]]}},{"type":"Feature","properties":{"line":"2","mode":"bus","color":"#119efc","oi":-0.791,"n":1,"sw":1},"geometry":{"type":"LineString","coordinates":[[19.817462,41.323609],[19.817467,41.323592]]}},{"type":"Feature","properties":{"line":"2","mode":"bus","color":"#119efc","oi":-0.714,"n":1,"sw":1},"geometry":{"type":"LineString","coordinates":[[19.817465,41.323597],[19.81747,41.323579]]}},{"type":"Feature","properties":{"line":"2","mode":"bus","color":"#119efc","oi":-0.631,"n":1,"sw":1},"geometry":{"type":"LineString","coordinates":[[19.817468,41.323585],[19.817473,41.323567]]}},{"type":"Feature","properties":{"line":"2","mode":"bus","color":"#119efc","oi":-0.544,"n":1,"sw":1},"geometry":{"type":"LineString","coordinates":[[19.817472,41.323573],[19.817476,41.323555]]}},{"type":"Feature","properties":{"line":"2","mode":"bus","color":"#119efc","oi":-0.456,"n":1,"sw":1},"geometry":{"type":"LineString","coordinates":[[19.817475,41.32356],[19.817479,41.323543]]}},{"type":"Feature","properties":{"line":"2","mode":"bus","color":"#119efc","oi":-0.369,"n":1,"sw":1},"geometry":{"type":"LineString","coordinates":[[19.817478,41.323548],[19.817483,41.323531]]}},{"type":"Feature","properties":{"line":"2","mode":"bus","color":"#119efc","oi":-0.286,"n":1,"sw":1},"geometry":{"type":"LineString","coordinates":[[19.817481,41.323536],[19.817486,41.323519]]}},{"type":"Feature","properties":{"line":"2","mode":"bus","color":"#119efc","oi":-0.209,"n":1,"sw":1},"geometry":{"type":"LineString","coordinates":[[19.817484,41.323524],[19.817489,41.323507]]}},{"type":"Feature","properties":{"line":"2","mode":"bus","color":"#119efc","oi":-0.14,"n":1,"sw":1},"geometry":{"type":"LineString","coordinates":[[19.817487,41.323512],[19.817492,41.323494]]}},{"type":"Feature","properties":{"line":"2","mode":"bus","color":"#119efc","oi":-0.082,"n":1,"sw":1},"geometry":{"type":"LineString","coordinates":[[19.817491,41.3235],[19.817495,41.323482]]}},{"type":"Feature","properties":{"line":"2","mode":"bus","color":"#119efc","oi":-0.038,"n":1,"sw":1},"geometry":{"type":"LineString","coordinates":[[19.817494,41.323488],[19.817498,41.32347]]}},{"type":"Feature","properties":{"line":"2","mode":"bus","color":"#119efc","oi":-0.01,"n":1,"sw":1},"geometry":{"type":"LineString","coordinates":[[19.817497,41.323475],[19.817502,41.323458]]}},{"type":"Feature","properties":{"line":"2","mode":"bus","color":"#119efc","oi":0,"n":1,"sw":1},"geometry":{"type":"LineString","coordinates":[[19.8175,41.323463],[19.817505,41.323446]]}},{"type":"Feature","properties":{"line":"2","mode":"bus","color":"#119efc","oi":0.5,"n":2},"geometry":{"type":"LineString","coordinates":[[19.814706,41.318574],[19.814706,41.318574],[19.814713,41.318479],[19.814673,41.318423],[19.814606,41.318383],[19.814503,41.318369]]}},{"type":"Feature","properties":{"line":"2","mode":"bus","color":"#119efc","oi":0,"n":2,"sw":1},"geometry":{"type":"LineString","coordinates":[[19.815046,41.318729],[19.815007,41.318714]]}},{"type":"Feature","properties":{"line":"2","mode":"bus","color":"#119efc","oi":0.017,"n":2,"sw":1},"geometry":{"type":"LineString","coordinates":[[19.815013,41.318716],[19.814971,41.3187]]}},{"type":"Feature","properties":{"line":"2","mode":"bus","color":"#119efc","oi":0.063,"n":2,"sw":1},"geometry":{"type":"LineString","coordinates":[[19.814978,41.318703],[19.814936,41.318686]]}},{"type":"Feature","properties":{"line":"2","mode":"bus","color":"#119efc","oi":0.13,"n":2,"sw":1},"geometry":{"type":"LineString","coordinates":[[19.814942,41.318689],[19.8149,41.318673]]}},{"type":"Feature","properties":{"line":"2","mode":"bus","color":"#119efc","oi":0.209,"n":2,"sw":1},"geometry":{"type":"LineString","coordinates":[[19.814906,41.318675],[19.814864,41.318659]]}},{"type":"Feature","properties":{"line":"2","mode":"bus","color":"#119efc","oi":0.291,"n":2,"sw":1},"geometry":{"type":"LineString","coordinates":[[19.814871,41.318661],[19.814828,41.318645]]}},{"type":"Feature","properties":{"line":"2","mode":"bus","color":"#119efc","oi":0.37,"n":2,"sw":1},"geometry":{"type":"LineString","coordinates":[[19.814835,41.318647],[19.814793,41.318631]]}},{"type":"Feature","properties":{"line":"2","mode":"bus","color":"#119efc","oi":0.437,"n":2,"sw":1},"geometry":{"type":"LineString","coordinates":[[19.814799,41.318634],[19.814757,41.318617]]}},{"type":"Feature","properties":{"line":"2","mode":"bus","color":"#119efc","oi":0.483,"n":2,"sw":1},"geometry":{"type":"LineString","coordinates":[[19.814763,41.31862],[19.814756,41.318617],[19.81473,41.318595]]}},{"type":"Feature","properties":{"line":"2","mode":"bus","color":"#119efc","oi":0.5,"n":2,"sw":1},"geometry":{"type":"LineString","coordinates":[[19.814735,41.318599],[19.814706,41.318574],[19.814706,41.318572]]}},{"type":"Feature","properties":{"line":"2","mode":"bus","color":"#119efc","oi":0.5,"n":2},"geometry":{"type":"LineString","coordinates":[[19.819194,41.325626],[19.821217,41.318391],[19.821253,41.318304],[19.821263,41.318289],[19.82128,41.31828],[19.821302,41.318278],[19.821373,41.318279],[19.821489,41.318234],[19.821573,41.318164],[19.821673,41.317977],[19.821698,41.317817],[19.821678,41.317747],[19.821636,41.317682],[19.821497,41.317583],[19.821304,41.317544],[19.8212,41.317554],[19.821102,41.317583],[19.820954,41.317694],[19.820894,41.317834],[19.820864,41.317977],[19.820878,41.318055],[19.820983,41.31819],[19.821066,41.318234],[19.821086,41.318251],[19.821095,41.318272],[19.8211,41.318317],[19.820849,41.319246]]}},{"type":"Feature","properties":{"line":"2","mode":"bus","color":"#119efc","oi":0,"n":2,"sw":1},"geometry":{"type":"LineString","coordinates":[[19.819105,41.325943],[19.819115,41.325909]]}},{"type":"Feature","properties":{"line":"2","mode":"bus","color":"#119efc","oi":0.017,"n":2,"sw":1},"geometry":{"type":"LineString","coordinates":[[19.819113,41.325914],[19.819123,41.325877]]}},{"type":"Feature","properties":{"line":"2","mode":"bus","color":"#119efc","oi":0.063,"n":2,"sw":1},"geometry":{"type":"LineString","coordinates":[[19.819122,41.325882],[19.819132,41.325845]]}},{"type":"Feature","properties":{"line":"2","mode":"bus","color":"#119efc","oi":0.13,"n":2,"sw":1},"geometry":{"type":"LineString","coordinates":[[19.819131,41.325851],[19.819141,41.325814]]}},{"type":"Feature","properties":{"line":"2","mode":"bus","color":"#119efc","oi":0.209,"n":2,"sw":1},"geometry":{"type":"LineString","coordinates":[[19.81914,41.325819],[19.81915,41.325782]]}},{"type":"Feature","properties":{"line":"2","mode":"bus","color":"#119efc","oi":0.291,"n":2,"sw":1},"geometry":{"type":"LineString","coordinates":[[19.819149,41.325787],[19.819159,41.32575]]}},{"type":"Feature","properties":{"line":"2","mode":"bus","color":"#119efc","oi":0.37,"n":2,"sw":1},"geometry":{"type":"LineString","coordinates":[[19.819157,41.325755],[19.819168,41.325718]]}},{"type":"Feature","properties":{"line":"2","mode":"bus","color":"#119efc","oi":0.437,"n":2,"sw":1},"geometry":{"type":"LineString","coordinates":[[19.819166,41.325724],[19.819177,41.325687]]}},{"type":"Feature","properties":{"line":"2","mode":"bus","color":"#119efc","oi":0.483,"n":2,"sw":1},"geometry":{"type":"LineString","coordinates":[[19.819175,41.325692],[19.819186,41.325655]]}},{"type":"Feature","properties":{"line":"2","mode":"bus","color":"#119efc","oi":0.5,"n":2,"sw":1},"geometry":{"type":"LineString","coordinates":[[19.819184,41.32566],[19.819194,41.325623]]}},{"type":"Feature","properties":{"line":"2","mode":"bus","color":"#119efc","oi":0.5,"n":2,"sw":1},"geometry":{"type":"LineString","coordinates":[[19.82085,41.319243],[19.82084,41.31928]]}},{"type":"Feature","properties":{"line":"2","mode":"bus","color":"#119efc","oi":0.483,"n":2,"sw":1},"geometry":{"type":"LineString","coordinates":[[19.820841,41.319275],[19.820831,41.319312]]}},{"type":"Feature","properties":{"line":"2","mode":"bus","color":"#119efc","oi":0.437,"n":2,"sw":1},"geometry":{"type":"LineString","coordinates":[[19.820832,41.319306],[19.820822,41.319343]]}},{"type":"Feature","properties":{"line":"2","mode":"bus","color":"#119efc","oi":0.37,"n":2,"sw":1},"geometry":{"type":"LineString","coordinates":[[19.820824,41.319338],[19.820814,41.319375]]}},{"type":"Feature","properties":{"line":"2","mode":"bus","color":"#119efc","oi":0.291,"n":2,"sw":1},"geometry":{"type":"LineString","coordinates":[[19.820815,41.31937],[19.820805,41.319407]]}},{"type":"Feature","properties":{"line":"2","mode":"bus","color":"#119efc","oi":0.209,"n":2,"sw":1},"geometry":{"type":"LineString","coordinates":[[19.820807,41.319402],[19.820797,41.319439]]}},{"type":"Feature","properties":{"line":"2","mode":"bus","color":"#119efc","oi":0.13,"n":2,"sw":1},"geometry":{"type":"LineString","coordinates":[[19.820798,41.319433],[19.820788,41.31947]]}},{"type":"Feature","properties":{"line":"2","mode":"bus","color":"#119efc","oi":0.063,"n":2,"sw":1},"geometry":{"type":"LineString","coordinates":[[19.820789,41.319465],[19.820779,41.319502]]}},{"type":"Feature","properties":{"line":"2","mode":"bus","color":"#119efc","oi":0.017,"n":2,"sw":1},"geometry":{"type":"LineString","coordinates":[[19.820781,41.319497],[19.820771,41.319534]]}},{"type":"Feature","properties":{"line":"2","mode":"bus","color":"#119efc","oi":0,"n":2,"sw":1},"geometry":{"type":"LineString","coordinates":[[19.820772,41.319529],[19.820763,41.319563]]}},{"type":"Feature","properties":{"line":"2","mode":"bus","color":"#119efc","oi":0,"n":2,"sw":1},"geometry":{"type":"LineString","coordinates":[[19.815046,41.318729],[19.815013,41.318729]]}},{"type":"Feature","properties":{"line":"2","mode":"bus","color":"#119efc","oi":0.017,"n":2,"sw":1},"geometry":{"type":"LineString","coordinates":[[19.81502,41.318729],[19.814983,41.318729]]}},{"type":"Feature","properties":{"line":"2","mode":"bus","color":"#119efc","oi":0.063,"n":2,"sw":1},"geometry":{"type":"LineString","coordinates":[[19.81499,41.318729],[19.814954,41.318729]]}},{"type":"Feature","properties":{"line":"2","mode":"bus","color":"#119efc","oi":0.13,"n":2,"sw":1},"geometry":{"type":"LineString","coordinates":[[19.814961,41.318729],[19.814924,41.318728]]}},{"type":"Feature","properties":{"line":"2","mode":"bus","color":"#119efc","oi":0.209,"n":2,"sw":1},"geometry":{"type":"LineString","coordinates":[[19.814931,41.318728],[19.814894,41.318728]]}},{"type":"Feature","properties":{"line":"2","mode":"bus","color":"#119efc","oi":0.291,"n":2,"sw":1},"geometry":{"type":"LineString","coordinates":[[19.814902,41.318728],[19.814865,41.318728]]}},{"type":"Feature","properties":{"line":"2","mode":"bus","color":"#119efc","oi":0.37,"n":2,"sw":1},"geometry":{"type":"LineString","coordinates":[[19.814872,41.318728],[19.814835,41.318728]]}},{"type":"Feature","properties":{"line":"2","mode":"bus","color":"#119efc","oi":0.437,"n":2,"sw":1},"geometry":{"type":"LineString","coordinates":[[19.814842,41.318728],[19.81483,41.318728],[19.814806,41.318724]]}},{"type":"Feature","properties":{"line":"2","mode":"bus","color":"#119efc","oi":0.483,"n":2,"sw":1},"geometry":{"type":"LineString","coordinates":[[19.814813,41.318725],[19.814777,41.318719]]}},{"type":"Feature","properties":{"line":"2","mode":"bus","color":"#119efc","oi":0.5,"n":2,"sw":1},"geometry":{"type":"LineString","coordinates":[[19.814784,41.31872],[19.814749,41.318714]]}},{"type":"Feature","properties":{"line":"2","mode":"bus","color":"#119efc","oi":0.5,"n":2,"sw":1},"geometry":{"type":"LineString","coordinates":[[19.814756,41.318715],[19.814733,41.318711]]}},{"type":"Feature","properties":{"line":"2","mode":"bus","color":"#119efc","oi":0.49,"n":2,"sw":1},"geometry":{"type":"LineString","coordinates":[[19.81474,41.318712],[19.814717,41.318708]]}},{"type":"Feature","properties":{"line":"2","mode":"bus","color":"#119efc","oi":0.462,"n":2,"sw":1},"geometry":{"type":"LineString","coordinates":[[19.814724,41.318709],[19.814701,41.318705]]}},{"type":"Feature","properties":{"line":"2","mode":"bus","color":"#119efc","oi":0.418,"n":2,"sw":1},"geometry":{"type":"LineString","coordinates":[[19.814708,41.318706],[19.814685,41.318702]]}},{"type":"Feature","properties":{"line":"2","mode":"bus","color":"#119efc","oi":0.36,"n":2,"sw":1},"geometry":{"type":"LineString","coordinates":[[19.814692,41.318703],[19.814669,41.318699]]}},{"type":"Feature","properties":{"line":"2","mode":"bus","color":"#119efc","oi":0.291,"n":2,"sw":1},"geometry":{"type":"LineString","coordinates":[[19.814676,41.318701],[19.814653,41.318696]]}},{"type":"Feature","properties":{"line":"2","mode":"bus","color":"#119efc","oi":0.214,"n":2,"sw":1},"geometry":{"type":"LineString","coordinates":[[19.81466,41.318698],[19.814637,41.318694]]}},{"type":"Feature","properties":{"line":"2","mode":"bus","color":"#119efc","oi":0.131,"n":2,"sw":1},"geometry":{"type":"LineString","coordinates":[[19.814644,41.318695],[19.814621,41.318691]]}},{"type":"Feature","properties":{"line":"2","mode":"bus","color":"#119efc","oi":0.044,"n":2,"sw":1},"geometry":{"type":"LineString","coordinates":[[19.814628,41.318692],[19.814605,41.318688]]}},{"type":"Feature","properties":{"line":"2","mode":"bus","color":"#119efc","oi":-0.044,"n":2,"sw":1},"geometry":{"type":"LineString","coordinates":[[19.814612,41.318689],[19.814589,41.318685]]}},{"type":"Feature","properties":{"line":"2","mode":"bus","color":"#119efc","oi":-0.131,"n":2,"sw":1},"geometry":{"type":"LineString","coordinates":[[19.814596,41.318686],[19.814573,41.318682]]}},{"type":"Feature","properties":{"line":"2","mode":"bus","color":"#119efc","oi":-0.214,"n":2,"sw":1},"geometry":{"type":"LineString","coordinates":[[19.81458,41.318684],[19.814557,41.318679]]}},{"type":"Feature","properties":{"line":"2","mode":"bus","color":"#119efc","oi":-0.291,"n":2,"sw":1},"geometry":{"type":"LineString","coordinates":[[19.814564,41.318681],[19.814541,41.318677]]}},{"type":"Feature","properties":{"line":"2","mode":"bus","color":"#119efc","oi":-0.36,"n":2,"sw":1},"geometry":{"type":"LineString","coordinates":[[19.814548,41.318678],[19.814525,41.318674]]}},{"type":"Feature","properties":{"line":"2","mode":"bus","color":"#119efc","oi":-0.418,"n":2,"sw":1},"geometry":{"type":"LineString","coordinates":[[19.814532,41.318675],[19.814509,41.318671]]}},{"type":"Feature","properties":{"line":"2","mode":"bus","color":"#119efc","oi":-0.462,"n":2,"sw":1},"geometry":{"type":"LineString","coordinates":[[19.814516,41.318672],[19.814493,41.318668]]}},{"type":"Feature","properties":{"line":"2","mode":"bus","color":"#119efc","oi":-0.49,"n":2,"sw":1},"geometry":{"type":"LineString","coordinates":[[19.8145,41.318669],[19.814477,41.318665]]}},{"type":"Feature","properties":{"line":"2","mode":"bus","color":"#119efc","oi":-0.5,"n":2,"sw":1},"geometry":{"type":"LineString","coordinates":[[19.814483,41.318666],[19.814464,41.318663]]}},{"type":"Feature","properties":{"line":"2","mode":"bus","color":"#119efc","oi":0.5,"n":2},"geometry":{"type":"LineString","coordinates":[[19.820675,41.31988],[19.819667,41.323527],[19.81966,41.323542],[19.819648,41.323551],[19.819631,41.323556],[19.81961,41.323555],[19.817561,41.32323]]}},{"type":"Feature","properties":{"line":"2","mode":"bus","color":"#119efc","oi":0,"n":2,"sw":1},"geometry":{"type":"LineString","coordinates":[[19.820763,41.319563],[19.820753,41.319597]]}},{"type":"Feature","properties":{"line":"2","mode":"bus","color":"#119efc","oi":0.017,"n":2,"sw":1},"geometry":{"type":"LineString","coordinates":[[19.820755,41.319592],[19.820745,41.319629]]}},{"type":"Feature","properties":{"line":"2","mode":"bus","color":"#119efc","oi":0.063,"n":2,"sw":1},"geometry":{"type":"LineString","coordinates":[[19.820746,41.319624],[19.820736,41.319661]]}},{"type":"Feature","properties":{"line":"2","mode":"bus","color":"#119efc","oi":0.13,"n":2,"sw":1},"geometry":{"type":"LineString","coordinates":[[19.820737,41.319656],[19.820727,41.319693]]}},{"type":"Feature","properties":{"line":"2","mode":"bus","color":"#119efc","oi":0.209,"n":2,"sw":1},"geometry":{"type":"LineString","coordinates":[[19.820729,41.319687],[19.820718,41.319724]]}},{"type":"Feature","properties":{"line":"2","mode":"bus","color":"#119efc","oi":0.291,"n":2,"sw":1},"geometry":{"type":"LineString","coordinates":[[19.82072,41.319719],[19.82071,41.319756]]}},{"type":"Feature","properties":{"line":"2","mode":"bus","color":"#119efc","oi":0.37,"n":2,"sw":1},"geometry":{"type":"LineString","coordinates":[[19.820711,41.319751],[19.820701,41.319788]]}},{"type":"Feature","properties":{"line":"2","mode":"bus","color":"#119efc","oi":0.437,"n":2,"sw":1},"geometry":{"type":"LineString","coordinates":[[19.820702,41.319782],[19.820692,41.319819]]}},{"type":"Feature","properties":{"line":"2","mode":"bus","color":"#119efc","oi":0.483,"n":2,"sw":1},"geometry":{"type":"LineString","coordinates":[[19.820694,41.319814],[19.820683,41.319851]]}},{"type":"Feature","properties":{"line":"2","mode":"bus","color":"#119efc","oi":0.5,"n":2,"sw":1},"geometry":{"type":"LineString","coordinates":[[19.820685,41.319846],[19.820675,41.319883]]}},{"type":"Feature","properties":{"line":"2","mode":"bus","color":"#119efc","oi":0.5,"n":2},"geometry":{"type":"LineString","coordinates":[[19.8591,41.283586],[19.85919,41.283545],[19.859217,41.283493],[19.859202,41.283435],[19.859148,41.283393],[19.858897,41.283317],[19.858882,41.283314],[19.858871,41.283314],[19.858866,41.283318],[19.858865,41.283326],[19.858868,41.283338],[19.858944,41.283505]]}},{"type":"Feature","properties":{"line":"2","mode":"bus","color":"#119efc","oi":0.5,"n":2},"geometry":{"type":"LineString","coordinates":[[19.858853,41.283304],[19.857033,41.281704],[19.85684,41.281572],[19.856724,41.281527],[19.856377,41.281457]]}},{"type":"Feature","properties":{"line":"2","mode":"bus","color":"#119efc","oi":0.5,"n":2},"geometry":{"type":"LineString","coordinates":[[19.856296,41.280723],[19.856274,41.280888],[19.856458,41.281293],[19.856464,41.281464]]}},{"type":"Feature","properties":{"line":"2","mode":"bus","color":"#119efc","oi":0.5,"n":2},"geometry":{"type":"LineString","coordinates":[[19.856096,41.280195],[19.856161,41.280126],[19.856328,41.280084],[19.856468,41.28013],[19.856542,41.280223],[19.856537,41.280314],[19.856386,41.280491],[19.856309,41.280688],[19.856305,41.280698],[19.856301,41.280704],[19.856298,41.280705],[19.856295,41.280703],[19.856292,41.280697],[19.856289,41.280687],[19.856263,41.280546],[19.856179,41.280413],[19.856152,41.280385],[19.856112,41.280369],[19.855952,41.280331],[19.855685,41.280339],[19.8554,41.28039],[19.855147,41.280516],[19.855073,41.280593],[19.854589,41.28158],[19.854184,41.282482],[19.854194,41.282637],[19.854358,41.282981],[19.854372,41.283001],[19.854393,41.283014],[19.854421,41.283021],[19.854646,41.283049],[19.854782,41.283013],[19.854858,41.283035],[19.855304,41.283337]]}},{"type":"Feature","properties":{"line":"2","mode":"bus","color":"#119efc","oi":0.5,"n":2},"geometry":{"type":"LineString","coordinates":[[19.855113,41.283478],[19.8546,41.283195]]}},{"type":"Feature","properties":{"line":"2","mode":"bus","color":"#119efc","oi":-1,"n":3},"geometry":{"type":"LineString","coordinates":[[19.816991,41.325281],[19.817447,41.323667]]}},{"type":"Feature","properties":{"line":"2","mode":"bus","color":"#119efc","oi":0,"n":3,"sw":1},"geometry":{"type":"LineString","coordinates":[[19.816902,41.325598],[19.816908,41.325578]]}},{"type":"Feature","properties":{"line":"2","mode":"bus","color":"#119efc","oi":-0.01,"n":3,"sw":1},"geometry":{"type":"LineString","coordinates":[[19.816906,41.325583],[19.816913,41.32556]]}},{"type":"Feature","properties":{"line":"2","mode":"bus","color":"#119efc","oi":-0.038,"n":3,"sw":1},"geometry":{"type":"LineString","coordinates":[[19.816911,41.325565],[19.816918,41.325543]]}},{"type":"Feature","properties":{"line":"2","mode":"bus","color":"#119efc","oi":-0.082,"n":3,"sw":1},"geometry":{"type":"LineString","coordinates":[[19.816916,41.325548],[19.816923,41.325525]]}},{"type":"Feature","properties":{"line":"2","mode":"bus","color":"#119efc","oi":-0.14,"n":3,"sw":1},"geometry":{"type":"LineString","coordinates":[[19.816921,41.32553],[19.816928,41.325507]]}},{"type":"Feature","properties":{"line":"2","mode":"bus","color":"#119efc","oi":-0.209,"n":3,"sw":1},"geometry":{"type":"LineString","coordinates":[[19.816926,41.325513],[19.816933,41.32549]]}},{"type":"Feature","properties":{"line":"2","mode":"bus","color":"#119efc","oi":-0.286,"n":3,"sw":1},"geometry":{"type":"LineString","coordinates":[[19.816931,41.325495],[19.816938,41.325472]]}},{"type":"Feature","properties":{"line":"2","mode":"bus","color":"#119efc","oi":-0.369,"n":3,"sw":1},"geometry":{"type":"LineString","coordinates":[[19.816936,41.325477],[19.816942,41.325455]]}},{"type":"Feature","properties":{"line":"2","mode":"bus","color":"#119efc","oi":-0.456,"n":3,"sw":1},"geometry":{"type":"LineString","coordinates":[[19.816941,41.32546],[19.816947,41.325437]]}},{"type":"Feature","properties":{"line":"2","mode":"bus","color":"#119efc","oi":-0.544,"n":3,"sw":1},"geometry":{"type":"LineString","coordinates":[[19.816946,41.325442],[19.816952,41.325419]]}},{"type":"Feature","properties":{"line":"2","mode":"bus","color":"#119efc","oi":-0.631,"n":3,"sw":1},"geometry":{"type":"LineString","coordinates":[[19.816951,41.325425],[19.816957,41.325402]]}},{"type":"Feature","properties":{"line":"2","mode":"bus","color":"#119efc","oi":-0.714,"n":3,"sw":1},"geometry":{"type":"LineString","coordinates":[[19.816956,41.325407],[19.816962,41.325384]]}},{"type":"Feature","properties":{"line":"2","mode":"bus","color":"#119efc","oi":-0.791,"n":3,"sw":1},"geometry":{"type":"LineString","coordinates":[[19.816961,41.325389],[19.816967,41.325367]]}},{"type":"Feature","properties":{"line":"2","mode":"bus","color":"#119efc","oi":-0.86,"n":3,"sw":1},"geometry":{"type":"LineString","coordinates":[[19.816966,41.325372],[19.816972,41.325349]]}},{"type":"Feature","properties":{"line":"2","mode":"bus","color":"#119efc","oi":-0.918,"n":3,"sw":1},"geometry":{"type":"LineString","coordinates":[[19.816971,41.325354],[19.816977,41.325331]]}},{"type":"Feature","properties":{"line":"2","mode":"bus","color":"#119efc","oi":-0.962,"n":3,"sw":1},"geometry":{"type":"LineString","coordinates":[[19.816976,41.325337],[19.816982,41.325314]]}},{"type":"Feature","properties":{"line":"2","mode":"bus","color":"#119efc","oi":-0.99,"n":3,"sw":1},"geometry":{"type":"LineString","coordinates":[[19.816981,41.325319],[19.816987,41.325296]]}},{"type":"Feature","properties":{"line":"2","mode":"bus","color":"#119efc","oi":-1,"n":3,"sw":1},"geometry":{"type":"LineString","coordinates":[[19.816986,41.325301],[19.816992,41.325278]]}},{"type":"Feature","properties":{"line":"2","mode":"bus","color":"#119efc","oi":1,"n":3},"geometry":{"type":"LineString","coordinates":[[19.820339,41.319507],[19.818756,41.319299],[19.815468,41.318794]]}},{"type":"Feature","properties":{"line":"2","mode":"bus","color":"#119efc","oi":0,"n":3,"sw":1},"geometry":{"type":"LineString","coordinates":[[19.820763,41.319563],[19.820736,41.319559]]}},{"type":"Feature","properties":{"line":"2","mode":"bus","color":"#119efc","oi":0.01,"n":3,"sw":1},"geometry":{"type":"LineString","coordinates":[[19.820743,41.31956],[19.820712,41.319556]]}},{"type":"Feature","properties":{"line":"2","mode":"bus","color":"#119efc","oi":0.038,"n":3,"sw":1},"geometry":{"type":"LineString","coordinates":[[19.820719,41.319557],[19.820689,41.319553]]}},{"type":"Feature","properties":{"line":"2","mode":"bus","color":"#119efc","oi":0.082,"n":3,"sw":1},"geometry":{"type":"LineString","coordinates":[[19.820696,41.319554],[19.820665,41.31955]]}},{"type":"Feature","properties":{"line":"2","mode":"bus","color":"#119efc","oi":0.14,"n":3,"sw":1},"geometry":{"type":"LineString","coordinates":[[19.820672,41.319551],[19.820642,41.319547]]}},{"type":"Feature","properties":{"line":"2","mode":"bus","color":"#119efc","oi":0.209,"n":3,"sw":1},"geometry":{"type":"LineString","coordinates":[[19.820649,41.319548],[19.820618,41.319544]]}},{"type":"Feature","properties":{"line":"2","mode":"bus","color":"#119efc","oi":0.286,"n":3,"sw":1},"geometry":{"type":"LineString","coordinates":[[19.820625,41.319545],[19.820594,41.319541]]}},{"type":"Feature","properties":{"line":"2","mode":"bus","color":"#119efc","oi":0.369,"n":3,"sw":1},"geometry":{"type":"LineString","coordinates":[[19.820602,41.319542],[19.820571,41.319538]]}},{"type":"Feature","properties":{"line":"2","mode":"bus","color":"#119efc","oi":0.456,"n":3,"sw":1},"geometry":{"type":"LineString","coordinates":[[19.820578,41.319539],[19.820547,41.319535]]}},{"type":"Feature","properties":{"line":"2","mode":"bus","color":"#119efc","oi":0.544,"n":3,"sw":1},"geometry":{"type":"LineString","coordinates":[[19.820554,41.319536],[19.820524,41.319532]]}},{"type":"Feature","properties":{"line":"2","mode":"bus","color":"#119efc","oi":0.631,"n":3,"sw":1},"geometry":{"type":"LineString","coordinates":[[19.820531,41.319532],[19.8205,41.319528]]}},{"type":"Feature","properties":{"line":"2","mode":"bus","color":"#119efc","oi":0.714,"n":3,"sw":1},"geometry":{"type":"LineString","coordinates":[[19.820507,41.319529],[19.820477,41.319525]]}},{"type":"Feature","properties":{"line":"2","mode":"bus","color":"#119efc","oi":0.791,"n":3,"sw":1},"geometry":{"type":"LineString","coordinates":[[19.820484,41.319526],[19.820453,41.319522]]}},{"type":"Feature","properties":{"line":"2","mode":"bus","color":"#119efc","oi":0.86,"n":3,"sw":1},"geometry":{"type":"LineString","coordinates":[[19.82046,41.319523],[19.82043,41.319519]]}},{"type":"Feature","properties":{"line":"2","mode":"bus","color":"#119efc","oi":0.918,"n":3,"sw":1},"geometry":{"type":"LineString","coordinates":[[19.820437,41.31952],[19.820406,41.319516]]}},{"type":"Feature","properties":{"line":"2","mode":"bus","color":"#119efc","oi":0.962,"n":3,"sw":1},"geometry":{"type":"LineString","coordinates":[[19.820413,41.319517],[19.820382,41.319513]]}},{"type":"Feature","properties":{"line":"2","mode":"bus","color":"#119efc","oi":0.99,"n":3,"sw":1},"geometry":{"type":"LineString","coordinates":[[19.820389,41.319514],[19.820359,41.31951]]}},{"type":"Feature","properties":{"line":"2","mode":"bus","color":"#119efc","oi":1,"n":3,"sw":1},"geometry":{"type":"LineString","coordinates":[[19.820366,41.319511],[19.820335,41.319507]]}},{"type":"Feature","properties":{"line":"2","mode":"bus","color":"#119efc","oi":1,"n":3,"sw":1},"geometry":{"type":"LineString","coordinates":[[19.815471,41.318794],[19.815441,41.31879]]}},{"type":"Feature","properties":{"line":"2","mode":"bus","color":"#119efc","oi":0.99,"n":3,"sw":1},"geometry":{"type":"LineString","coordinates":[[19.815448,41.318791],[19.815418,41.318786]]}},{"type":"Feature","properties":{"line":"2","mode":"bus","color":"#119efc","oi":0.962,"n":3,"sw":1},"geometry":{"type":"LineString","coordinates":[[19.815425,41.318787],[19.815394,41.318782]]}},{"type":"Feature","properties":{"line":"2","mode":"bus","color":"#119efc","oi":0.918,"n":3,"sw":1},"geometry":{"type":"LineString","coordinates":[[19.815401,41.318784],[19.815371,41.318779]]}},{"type":"Feature","properties":{"line":"2","mode":"bus","color":"#119efc","oi":0.86,"n":3,"sw":1},"geometry":{"type":"LineString","coordinates":[[19.815378,41.31878],[19.815347,41.318775]]}},{"type":"Feature","properties":{"line":"2","mode":"bus","color":"#119efc","oi":0.791,"n":3,"sw":1},"geometry":{"type":"LineString","coordinates":[[19.815354,41.318776],[19.815324,41.318772]]}},{"type":"Feature","properties":{"line":"2","mode":"bus","color":"#119efc","oi":0.714,"n":3,"sw":1},"geometry":{"type":"LineString","coordinates":[[19.815331,41.318773],[19.8153,41.318768]]}},{"type":"Feature","properties":{"line":"2","mode":"bus","color":"#119efc","oi":0.631,"n":3,"sw":1},"geometry":{"type":"LineString","coordinates":[[19.815307,41.318769],[19.815277,41.318764]]}},{"type":"Feature","properties":{"line":"2","mode":"bus","color":"#119efc","oi":0.544,"n":3,"sw":1},"geometry":{"type":"LineString","coordinates":[[19.815284,41.318766],[19.815253,41.318761]]}},{"type":"Feature","properties":{"line":"2","mode":"bus","color":"#119efc","oi":0.456,"n":3,"sw":1},"geometry":{"type":"LineString","coordinates":[[19.81526,41.318762],[19.81523,41.318757]]}},{"type":"Feature","properties":{"line":"2","mode":"bus","color":"#119efc","oi":0.369,"n":3,"sw":1},"geometry":{"type":"LineString","coordinates":[[19.815237,41.318758],[19.815207,41.318754]]}},{"type":"Feature","properties":{"line":"2","mode":"bus","color":"#119efc","oi":0.286,"n":3,"sw":1},"geometry":{"type":"LineString","coordinates":[[19.815214,41.318755],[19.815183,41.31875]]}},{"type":"Feature","properties":{"line":"2","mode":"bus","color":"#119efc","oi":0.209,"n":3,"sw":1},"geometry":{"type":"LineString","coordinates":[[19.81519,41.318751],[19.81516,41.318746]]}},{"type":"Feature","properties":{"line":"2","mode":"bus","color":"#119efc","oi":0.14,"n":3,"sw":1},"geometry":{"type":"LineString","coordinates":[[19.815167,41.318748],[19.815136,41.318743]]}},{"type":"Feature","properties":{"line":"2","mode":"bus","color":"#119efc","oi":0.082,"n":3,"sw":1},"geometry":{"type":"LineString","coordinates":[[19.815143,41.318744],[19.815113,41.318739]]}},{"type":"Feature","properties":{"line":"2","mode":"bus","color":"#119efc","oi":0.038,"n":3,"sw":1},"geometry":{"type":"LineString","coordinates":[[19.81512,41.31874],[19.815089,41.318736]]}},{"type":"Feature","properties":{"line":"2","mode":"bus","color":"#119efc","oi":0.01,"n":3,"sw":1},"geometry":{"type":"LineString","coordinates":[[19.815096,41.318737],[19.815066,41.318732]]}},{"type":"Feature","properties":{"line":"2","mode":"bus","color":"#119efc","oi":0,"n":3,"sw":1},"geometry":{"type":"LineString","coordinates":[[19.815073,41.318733],[19.815046,41.318729]]}},{"type":"Feature","properties":{"line":"2","mode":"bus","color":"#119efc","oi":0.5,"n":2},"geometry":{"type":"LineString","coordinates":[[19.817437,41.33609],[19.817608,41.336043],[19.817777,41.335788],[19.820598,41.330932]]}},{"type":"Feature","properties":{"line":"2","mode":"bus","color":"#119efc","oi":0.5,"n":2,"sw":1},"geometry":{"type":"LineString","coordinates":[[19.820596,41.330935],[19.820616,41.3309]]}},{"type":"Feature","properties":{"line":"2","mode":"bus","color":"#119efc","oi":0.483,"n":2,"sw":1},"geometry":{"type":"LineString","coordinates":[[19.820613,41.330905],[19.820634,41.33087]]}},{"type":"Feature","properties":{"line":"2","mode":"bus","color":"#119efc","oi":0.437,"n":2,"sw":1},"geometry":{"type":"LineString","coordinates":[[19.820631,41.330875],[19.820646,41.330849],[19.820647,41.33084]]}},{"type":"Feature","properties":{"line":"2","mode":"bus","color":"#119efc","oi":0.37,"n":2,"sw":1},"geometry":{"type":"LineString","coordinates":[[19.820646,41.330845],[19.820651,41.330808]]}},{"type":"Feature","properties":{"line":"2","mode":"bus","color":"#119efc","oi":0.291,"n":2,"sw":1},"geometry":{"type":"LineString","coordinates":[[19.82065,41.330813],[19.820655,41.330776]]}},{"type":"Feature","properties":{"line":"2","mode":"bus","color":"#119efc","oi":0.209,"n":2,"sw":1},"geometry":{"type":"LineString","coordinates":[[19.820655,41.330781],[19.820659,41.330743]]}},{"type":"Feature","properties":{"line":"2","mode":"bus","color":"#119efc","oi":0.13,"n":2,"sw":1},"geometry":{"type":"LineString","coordinates":[[19.820659,41.330749],[19.820663,41.330711]]}},{"type":"Feature","properties":{"line":"2","mode":"bus","color":"#119efc","oi":0.063,"n":2,"sw":1},"geometry":{"type":"LineString","coordinates":[[19.820663,41.330716],[19.820667,41.330679]]}},{"type":"Feature","properties":{"line":"2","mode":"bus","color":"#119efc","oi":0.017,"n":2,"sw":1},"geometry":{"type":"LineString","coordinates":[[19.820667,41.330684],[19.820671,41.330647]]}},{"type":"Feature","properties":{"line":"2","mode":"bus","color":"#119efc","oi":0,"n":2,"sw":1},"geometry":{"type":"LineString","coordinates":[[19.820671,41.330652],[19.820675,41.330617]]}},{"type":"Feature","properties":{"line":"13A","mode":"bus","color":"#05617d","oi":-1.5,"n":4},"geometry":{"type":"LineString","coordinates":[[19.814464,41.318663],[19.81436,41.318609],[19.81433,41.318566],[19.814331,41.318471]]}},{"type":"Feature","properties":{"line":"13A","mode":"bus","color":"#05617d","oi":0,"n":2,"sw":1},"geometry":{"type":"LineString","coordinates":[[19.815046,41.318729],[19.815013,41.318729]]}},{"type":"Feature","properties":{"line":"13A","mode":"bus","color":"#05617d","oi":-0.017,"n":2,"sw":1},"geometry":{"type":"LineString","coordinates":[[19.81502,41.318729],[19.814983,41.318729]]}},{"type":"Feature","properties":{"line":"13A","mode":"bus","color":"#05617d","oi":-0.063,"n":2,"sw":1},"geometry":{"type":"LineString","coordinates":[[19.81499,41.318729],[19.814954,41.318729]]}},{"type":"Feature","properties":{"line":"13A","mode":"bus","color":"#05617d","oi":-0.13,"n":2,"sw":1},"geometry":{"type":"LineString","coordinates":[[19.814961,41.318729],[19.814924,41.318728]]}},{"type":"Feature","properties":{"line":"13A","mode":"bus","color":"#05617d","oi":-0.209,"n":2,"sw":1},"geometry":{"type":"LineString","coordinates":[[19.814931,41.318728],[19.814894,41.318728]]}},{"type":"Feature","properties":{"line":"13A","mode":"bus","color":"#05617d","oi":-0.291,"n":2,"sw":1},"geometry":{"type":"LineString","coordinates":[[19.814902,41.318728],[19.814865,41.318728]]}},{"type":"Feature","properties":{"line":"13A","mode":"bus","color":"#05617d","oi":-0.37,"n":2,"sw":1},"geometry":{"type":"LineString","coordinates":[[19.814872,41.318728],[19.814835,41.318728]]}},{"type":"Feature","properties":{"line":"13A","mode":"bus","color":"#05617d","oi":-0.437,"n":2,"sw":1},"geometry":{"type":"LineString","coordinates":[[19.814842,41.318728],[19.81483,41.318728],[19.814806,41.318724]]}},{"type":"Feature","properties":{"line":"13A","mode":"bus","color":"#05617d","oi":-0.483,"n":2,"sw":1},"geometry":{"type":"LineString","coordinates":[[19.814813,41.318725],[19.814777,41.318719]]}},{"type":"Feature","properties":{"line":"13A","mode":"bus","color":"#05617d","oi":-0.5,"n":2,"sw":1},"geometry":{"type":"LineString","coordinates":[[19.814784,41.31872],[19.814749,41.318714]]}},{"type":"Feature","properties":{"line":"13A","mode":"bus","color":"#05617d","oi":-0.5,"n":2,"sw":1},"geometry":{"type":"LineString","coordinates":[[19.814756,41.318715],[19.814733,41.318711]]}},{"type":"Feature","properties":{"line":"13A","mode":"bus","color":"#05617d","oi":-0.51,"n":2,"sw":1},"geometry":{"type":"LineString","coordinates":[[19.81474,41.318712],[19.814717,41.318708]]}},{"type":"Feature","properties":{"line":"13A","mode":"bus","color":"#05617d","oi":-0.538,"n":2,"sw":1},"geometry":{"type":"LineString","coordinates":[[19.814724,41.318709],[19.814701,41.318705]]}},{"type":"Feature","properties":{"line":"13A","mode":"bus","color":"#05617d","oi":-0.582,"n":2,"sw":1},"geometry":{"type":"LineString","coordinates":[[19.814708,41.318706],[19.814685,41.318702]]}},{"type":"Feature","properties":{"line":"13A","mode":"bus","color":"#05617d","oi":-0.64,"n":2,"sw":1},"geometry":{"type":"LineString","coordinates":[[19.814692,41.318703],[19.814669,41.318699]]}},{"type":"Feature","properties":{"line":"13A","mode":"bus","color":"#05617d","oi":-0.709,"n":2,"sw":1},"geometry":{"type":"LineString","coordinates":[[19.814676,41.318701],[19.814653,41.318696]]}},{"type":"Feature","properties":{"line":"13A","mode":"bus","color":"#05617d","oi":-0.786,"n":2,"sw":1},"geometry":{"type":"LineString","coordinates":[[19.81466,41.318698],[19.814637,41.318694]]}},{"type":"Feature","properties":{"line":"13A","mode":"bus","color":"#05617d","oi":-0.869,"n":2,"sw":1},"geometry":{"type":"LineString","coordinates":[[19.814644,41.318695],[19.814621,41.318691]]}},{"type":"Feature","properties":{"line":"13A","mode":"bus","color":"#05617d","oi":-0.956,"n":2,"sw":1},"geometry":{"type":"LineString","coordinates":[[19.814628,41.318692],[19.814605,41.318688]]}},{"type":"Feature","properties":{"line":"13A","mode":"bus","color":"#05617d","oi":-1.044,"n":2,"sw":1},"geometry":{"type":"LineString","coordinates":[[19.814612,41.318689],[19.814589,41.318685]]}},{"type":"Feature","properties":{"line":"13A","mode":"bus","color":"#05617d","oi":-1.131,"n":2,"sw":1},"geometry":{"type":"LineString","coordinates":[[19.814596,41.318686],[19.814573,41.318682]]}},{"type":"Feature","properties":{"line":"13A","mode":"bus","color":"#05617d","oi":-1.214,"n":2,"sw":1},"geometry":{"type":"LineString","coordinates":[[19.81458,41.318684],[19.814557,41.318679]]}},{"type":"Feature","properties":{"line":"13A","mode":"bus","color":"#05617d","oi":-1.291,"n":2,"sw":1},"geometry":{"type":"LineString","coordinates":[[19.814564,41.318681],[19.814541,41.318677]]}},{"type":"Feature","properties":{"line":"13A","mode":"bus","color":"#05617d","oi":-1.36,"n":2,"sw":1},"geometry":{"type":"LineString","coordinates":[[19.814548,41.318678],[19.814525,41.318674]]}},{"type":"Feature","properties":{"line":"13A","mode":"bus","color":"#05617d","oi":-1.418,"n":2,"sw":1},"geometry":{"type":"LineString","coordinates":[[19.814532,41.318675],[19.814509,41.318671]]}},{"type":"Feature","properties":{"line":"13A","mode":"bus","color":"#05617d","oi":-1.462,"n":2,"sw":1},"geometry":{"type":"LineString","coordinates":[[19.814516,41.318672],[19.814493,41.318668]]}},{"type":"Feature","properties":{"line":"13A","mode":"bus","color":"#05617d","oi":-1.49,"n":2,"sw":1},"geometry":{"type":"LineString","coordinates":[[19.8145,41.318669],[19.814477,41.318665]]}},{"type":"Feature","properties":{"line":"13A","mode":"bus","color":"#05617d","oi":-1.5,"n":2,"sw":1},"geometry":{"type":"LineString","coordinates":[[19.814483,41.318666],[19.814464,41.318663]]}},{"type":"Feature","properties":{"line":"13A","mode":"bus","color":"#05617d","oi":-0.5,"n":2},"geometry":{"type":"LineString","coordinates":[[19.820675,41.31988],[19.819657,41.323562],[19.819101,41.325612]]}},{"type":"Feature","properties":{"line":"13A","mode":"bus","color":"#05617d","oi":0,"n":2,"sw":1},"geometry":{"type":"LineString","coordinates":[[19.820763,41.319563],[19.820753,41.319597]]}},{"type":"Feature","properties":{"line":"13A","mode":"bus","color":"#05617d","oi":-0.017,"n":2,"sw":1},"geometry":{"type":"LineString","coordinates":[[19.820755,41.319592],[19.820745,41.319629]]}},{"type":"Feature","properties":{"line":"13A","mode":"bus","color":"#05617d","oi":-0.063,"n":2,"sw":1},"geometry":{"type":"LineString","coordinates":[[19.820746,41.319624],[19.820736,41.319661]]}},{"type":"Feature","properties":{"line":"13A","mode":"bus","color":"#05617d","oi":-0.13,"n":2,"sw":1},"geometry":{"type":"LineString","coordinates":[[19.820737,41.319656],[19.820727,41.319693]]}},{"type":"Feature","properties":{"line":"13A","mode":"bus","color":"#05617d","oi":-0.209,"n":2,"sw":1},"geometry":{"type":"LineString","coordinates":[[19.820729,41.319687],[19.820718,41.319724]]}},{"type":"Feature","properties":{"line":"13A","mode":"bus","color":"#05617d","oi":-0.291,"n":2,"sw":1},"geometry":{"type":"LineString","coordinates":[[19.82072,41.319719],[19.82071,41.319756]]}},{"type":"Feature","properties":{"line":"13A","mode":"bus","color":"#05617d","oi":-0.37,"n":2,"sw":1},"geometry":{"type":"LineString","coordinates":[[19.820711,41.319751],[19.820701,41.319788]]}},{"type":"Feature","properties":{"line":"13A","mode":"bus","color":"#05617d","oi":-0.437,"n":2,"sw":1},"geometry":{"type":"LineString","coordinates":[[19.820702,41.319782],[19.820692,41.319819]]}},{"type":"Feature","properties":{"line":"13A","mode":"bus","color":"#05617d","oi":-0.483,"n":2,"sw":1},"geometry":{"type":"LineString","coordinates":[[19.820694,41.319814],[19.820683,41.319851]]}},{"type":"Feature","properties":{"line":"13A","mode":"bus","color":"#05617d","oi":-0.5,"n":2,"sw":1},"geometry":{"type":"LineString","coordinates":[[19.820685,41.319846],[19.820675,41.319883]]}},{"type":"Feature","properties":{"line":"13A","mode":"bus","color":"#05617d","oi":-0.5,"n":2,"sw":1},"geometry":{"type":"LineString","coordinates":[[19.819102,41.325609],[19.819092,41.325646]]}},{"type":"Feature","properties":{"line":"13A","mode":"bus","color":"#05617d","oi":-0.483,"n":2,"sw":1},"geometry":{"type":"LineString","coordinates":[[19.819093,41.325641],[19.819083,41.325678]]}},{"type":"Feature","properties":{"line":"13A","mode":"bus","color":"#05617d","oi":-0.437,"n":2,"sw":1},"geometry":{"type":"LineString","coordinates":[[19.819085,41.325672],[19.819075,41.325709]]}},{"type":"Feature","properties":{"line":"13A","mode":"bus","color":"#05617d","oi":-0.37,"n":2,"sw":1},"geometry":{"type":"LineString","coordinates":[[19.819076,41.325704],[19.819066,41.325741]]}},{"type":"Feature","properties":{"line":"13A","mode":"bus","color":"#05617d","oi":-0.291,"n":2,"sw":1},"geometry":{"type":"LineString","coordinates":[[19.819067,41.325736],[19.819057,41.325773]]}},{"type":"Feature","properties":{"line":"13A","mode":"bus","color":"#05617d","oi":-0.209,"n":2,"sw":1},"geometry":{"type":"LineString","coordinates":[[19.819059,41.325768],[19.819049,41.325805]]}},{"type":"Feature","properties":{"line":"13A","mode":"bus","color":"#05617d","oi":-0.13,"n":2,"sw":1},"geometry":{"type":"LineString","coordinates":[[19.81905,41.325799],[19.81904,41.325836]]}},{"type":"Feature","properties":{"line":"13A","mode":"bus","color":"#05617d","oi":-0.063,"n":2,"sw":1},"geometry":{"type":"LineString","coordinates":[[19.819042,41.325831],[19.819032,41.325868]]}},{"type":"Feature","properties":{"line":"13A","mode":"bus","color":"#05617d","oi":-0.017,"n":2,"sw":1},"geometry":{"type":"LineString","coordinates":[[19.819033,41.325863],[19.819023,41.3259]]}},{"type":"Feature","properties":{"line":"13A","mode":"bus","color":"#05617d","oi":0,"n":2,"sw":1},"geometry":{"type":"LineString","coordinates":[[19.819024,41.325895],[19.819015,41.325929]]}},{"type":"Feature","properties":{"line":"13A","mode":"bus","color":"#05617d","oi":0,"n":4,"sw":1},"geometry":{"type":"LineString","coordinates":[[19.804553,41.332748],[19.804539,41.332745]]}},{"type":"Feature","properties":{"line":"13A","mode":"bus","color":"#05617d","oi":-0.007,"n":4,"sw":1},"geometry":{"type":"LineString","coordinates":[[19.804546,41.332746],[19.804528,41.332743]]}},{"type":"Feature","properties":{"line":"13A","mode":"bus","color":"#05617d","oi":-0.027,"n":4,"sw":1},"geometry":{"type":"LineString","coordinates":[[19.804535,41.332744],[19.804517,41.33274]]}},{"type":"Feature","properties":{"line":"13A","mode":"bus","color":"#05617d","oi":-0.06,"n":4,"sw":1},"geometry":{"type":"LineString","coordinates":[[19.804524,41.332742],[19.804507,41.332738]]}},{"type":"Feature","properties":{"line":"13A","mode":"bus","color":"#05617d","oi":-0.103,"n":4,"sw":1},"geometry":{"type":"LineString","coordinates":[[19.804514,41.33274],[19.804496,41.332736]]}},{"type":"Feature","properties":{"line":"13A","mode":"bus","color":"#05617d","oi":-0.156,"n":4,"sw":1},"geometry":{"type":"LineString","coordinates":[[19.804503,41.332737],[19.804485,41.332733]]}},{"type":"Feature","properties":{"line":"13A","mode":"bus","color":"#05617d","oi":-0.218,"n":4,"sw":1},"geometry":{"type":"LineString","coordinates":[[19.804492,41.332735],[19.804474,41.332731]]}},{"type":"Feature","properties":{"line":"13A","mode":"bus","color":"#05617d","oi":-0.287,"n":4,"sw":1},"geometry":{"type":"LineString","coordinates":[[19.804481,41.332733],[19.804464,41.332729]]}},{"type":"Feature","properties":{"line":"13A","mode":"bus","color":"#05617d","oi":-0.362,"n":4,"sw":1},"geometry":{"type":"LineString","coordinates":[[19.804471,41.33273],[19.80446,41.332728],[19.804453,41.332728]]}},{"type":"Feature","properties":{"line":"13A","mode":"bus","color":"#05617d","oi":-0.443,"n":4,"sw":1},"geometry":{"type":"LineString","coordinates":[[19.80446,41.332728],[19.804442,41.332729]]}},{"type":"Feature","properties":{"line":"13A","mode":"bus","color":"#05617d","oi":-0.528,"n":4,"sw":1},"geometry":{"type":"LineString","coordinates":[[19.804449,41.332729],[19.804431,41.33273]]}},{"type":"Feature","properties":{"line":"13A","mode":"bus","color":"#05617d","oi":-0.616,"n":4,"sw":1},"geometry":{"type":"LineString","coordinates":[[19.804438,41.332729],[19.804419,41.33273]]}},{"type":"Feature","properties":{"line":"13A","mode":"bus","color":"#05617d","oi":-0.705,"n":4,"sw":1},"geometry":{"type":"LineString","coordinates":[[19.804427,41.33273],[19.804408,41.332731]]}},{"type":"Feature","properties":{"line":"13A","mode":"bus","color":"#05617d","oi":-0.795,"n":4,"sw":1},"geometry":{"type":"LineString","coordinates":[[19.804415,41.332731],[19.804397,41.332732]]}},{"type":"Feature","properties":{"line":"13A","mode":"bus","color":"#05617d","oi":-0.884,"n":4,"sw":1},"geometry":{"type":"LineString","coordinates":[[19.804404,41.332731],[19.804386,41.332732]]}},{"type":"Feature","properties":{"line":"13A","mode":"bus","color":"#05617d","oi":-0.972,"n":4,"sw":1},"geometry":{"type":"LineString","coordinates":[[19.804393,41.332732],[19.804375,41.332733]]}},{"type":"Feature","properties":{"line":"13A","mode":"bus","color":"#05617d","oi":-1.057,"n":4,"sw":1},"geometry":{"type":"LineString","coordinates":[[19.804382,41.332732],[19.804364,41.332734]]}},{"type":"Feature","properties":{"line":"13A","mode":"bus","color":"#05617d","oi":-1.138,"n":4,"sw":1},"geometry":{"type":"LineString","coordinates":[[19.804371,41.332733],[19.804353,41.332734]]}},{"type":"Feature","properties":{"line":"13A","mode":"bus","color":"#05617d","oi":-1.213,"n":4,"sw":1},"geometry":{"type":"LineString","coordinates":[[19.80436,41.332734],[19.804342,41.332735]]}},{"type":"Feature","properties":{"line":"13A","mode":"bus","color":"#05617d","oi":-1.282,"n":4,"sw":1},"geometry":{"type":"LineString","coordinates":[[19.804349,41.332734],[19.80433,41.332735]]}},{"type":"Feature","properties":{"line":"13A","mode":"bus","color":"#05617d","oi":-1.344,"n":4,"sw":1},"geometry":{"type":"LineString","coordinates":[[19.804338,41.332735],[19.804319,41.332736]]}},{"type":"Feature","properties":{"line":"13A","mode":"bus","color":"#05617d","oi":-1.397,"n":4,"sw":1},"geometry":{"type":"LineString","coordinates":[[19.804326,41.332736],[19.804308,41.332737]]}},{"type":"Feature","properties":{"line":"13A","mode":"bus","color":"#05617d","oi":-1.44,"n":4,"sw":1},"geometry":{"type":"LineString","coordinates":[[19.804315,41.332736],[19.804297,41.332737]]}},{"type":"Feature","properties":{"line":"13A","mode":"bus","color":"#05617d","oi":-1.473,"n":4,"sw":1},"geometry":{"type":"LineString","coordinates":[[19.804304,41.332737],[19.804286,41.332738]]}},{"type":"Feature","properties":{"line":"13A","mode":"bus","color":"#05617d","oi":-1.493,"n":4,"sw":1},"geometry":{"type":"LineString","coordinates":[[19.804293,41.332738],[19.804275,41.332739]]}},{"type":"Feature","properties":{"line":"13A","mode":"bus","color":"#05617d","oi":-1.5,"n":4,"sw":1},"geometry":{"type":"LineString","coordinates":[[19.804282,41.332738],[19.804268,41.332739],[19.804264,41.33274]]}},{"type":"Feature","properties":{"line":"13A","mode":"bus","color":"#05617d","oi":-1.5,"n":4,"sw":1},"geometry":{"type":"LineString","coordinates":[[19.804271,41.332739],[19.804268,41.332739],[19.804254,41.332744]]}},{"type":"Feature","properties":{"line":"13A","mode":"bus","color":"#05617d","oi":-1.493,"n":4,"sw":1},"geometry":{"type":"LineString","coordinates":[[19.804261,41.332742],[19.804244,41.332747]]}},{"type":"Feature","properties":{"line":"13A","mode":"bus","color":"#05617d","oi":-1.473,"n":4,"sw":1},"geometry":{"type":"LineString","coordinates":[[19.80425,41.332745],[19.804234,41.332751]]}},{"type":"Feature","properties":{"line":"13A","mode":"bus","color":"#05617d","oi":-1.44,"n":4,"sw":1},"geometry":{"type":"LineString","coordinates":[[19.80424,41.332749],[19.804224,41.332755]]}},{"type":"Feature","properties":{"line":"13A","mode":"bus","color":"#05617d","oi":-1.397,"n":4,"sw":1},"geometry":{"type":"LineString","coordinates":[[19.80423,41.332752],[19.804214,41.332758]]}},{"type":"Feature","properties":{"line":"13A","mode":"bus","color":"#05617d","oi":-1.344,"n":4,"sw":1},"geometry":{"type":"LineString","coordinates":[[19.80422,41.332756],[19.804204,41.332762]]}},{"type":"Feature","properties":{"line":"13A","mode":"bus","color":"#05617d","oi":-1.282,"n":4,"sw":1},"geometry":{"type":"LineString","coordinates":[[19.80421,41.332759],[19.804193,41.332765]]}},{"type":"Feature","properties":{"line":"13A","mode":"bus","color":"#05617d","oi":-1.213,"n":4,"sw":1},"geometry":{"type":"LineString","coordinates":[[19.8042,41.332763],[19.804183,41.332769]]}},{"type":"Feature","properties":{"line":"13A","mode":"bus","color":"#05617d","oi":-1.138,"n":4,"sw":1},"geometry":{"type":"LineString","coordinates":[[19.80419,41.332767],[19.80418,41.33277],[19.804175,41.332774]]}},{"type":"Feature","properties":{"line":"13A","mode":"bus","color":"#05617d","oi":-1.057,"n":4,"sw":1},"geometry":{"type":"LineString","coordinates":[[19.80418,41.33277],[19.804167,41.33278]]}},{"type":"Feature","properties":{"line":"13A","mode":"bus","color":"#05617d","oi":-0.972,"n":4,"sw":1},"geometry":{"type":"LineString","coordinates":[[19.804172,41.332776],[19.804159,41.332786]]}},{"type":"Feature","properties":{"line":"13A","mode":"bus","color":"#05617d","oi":-0.884,"n":4,"sw":1},"geometry":{"type":"LineString","coordinates":[[19.804164,41.332782],[19.804152,41.332792]]}},{"type":"Feature","properties":{"line":"13A","mode":"bus","color":"#05617d","oi":-0.795,"n":4,"sw":1},"geometry":{"type":"LineString","coordinates":[[19.804157,41.332788],[19.804144,41.332798]]}},{"type":"Feature","properties":{"line":"13A","mode":"bus","color":"#05617d","oi":-0.705,"n":4,"sw":1},"geometry":{"type":"LineString","coordinates":[[19.804149,41.332794],[19.804136,41.332804]]}},{"type":"Feature","properties":{"line":"13A","mode":"bus","color":"#05617d","oi":-0.616,"n":4,"sw":1},"geometry":{"type":"LineString","coordinates":[[19.804141,41.3328],[19.804128,41.33281]]}},{"type":"Feature","properties":{"line":"13A","mode":"bus","color":"#05617d","oi":-0.528,"n":4,"sw":1},"geometry":{"type":"LineString","coordinates":[[19.804133,41.332806],[19.804121,41.332816]]}},{"type":"Feature","properties":{"line":"13A","mode":"bus","color":"#05617d","oi":-0.443,"n":4,"sw":1},"geometry":{"type":"LineString","coordinates":[[19.804126,41.332813],[19.804113,41.332822]]}},{"type":"Feature","properties":{"line":"13A","mode":"bus","color":"#05617d","oi":-0.362,"n":4,"sw":1},"geometry":{"type":"LineString","coordinates":[[19.804118,41.332819],[19.804105,41.332829]]}},{"type":"Feature","properties":{"line":"13A","mode":"bus","color":"#05617d","oi":-0.287,"n":4,"sw":1},"geometry":{"type":"LineString","coordinates":[[19.80411,41.332825],[19.804098,41.332835]]}},{"type":"Feature","properties":{"line":"13A","mode":"bus","color":"#05617d","oi":-0.218,"n":4,"sw":1},"geometry":{"type":"LineString","coordinates":[[19.804103,41.332831],[19.80409,41.332841]]}},{"type":"Feature","properties":{"line":"13A","mode":"bus","color":"#05617d","oi":-0.156,"n":4,"sw":1},"geometry":{"type":"LineString","coordinates":[[19.804095,41.332837],[19.804082,41.332847]]}},{"type":"Feature","properties":{"line":"13A","mode":"bus","color":"#05617d","oi":-0.103,"n":4,"sw":1},"geometry":{"type":"LineString","coordinates":[[19.804087,41.332843],[19.804074,41.332853]]}},{"type":"Feature","properties":{"line":"13A","mode":"bus","color":"#05617d","oi":-0.06,"n":4,"sw":1},"geometry":{"type":"LineString","coordinates":[[19.804079,41.332849],[19.804067,41.332859]]}},{"type":"Feature","properties":{"line":"13A","mode":"bus","color":"#05617d","oi":-0.027,"n":4,"sw":1},"geometry":{"type":"LineString","coordinates":[[19.804072,41.332855],[19.804059,41.332865]]}},{"type":"Feature","properties":{"line":"13A","mode":"bus","color":"#05617d","oi":-0.007,"n":4,"sw":1},"geometry":{"type":"LineString","coordinates":[[19.804064,41.332861],[19.804051,41.332871]]}},{"type":"Feature","properties":{"line":"13A","mode":"bus","color":"#05617d","oi":0,"n":4,"sw":1},"geometry":{"type":"LineString","coordinates":[[19.804056,41.332867],[19.804046,41.332875]]}},{"type":"Feature","properties":{"line":"13A","mode":"bus","color":"#05617d","oi":-1.5,"n":4},"geometry":{"type":"LineString","coordinates":[[19.803716,41.333185],[19.803564,41.333264],[19.788292,41.338563],[19.786577,41.339096]]}},{"type":"Feature","properties":{"line":"13A","mode":"bus","color":"#05617d","oi":0,"n":4,"sw":1},"geometry":{"type":"LineString","coordinates":[[19.804006,41.332948],[19.803993,41.33296]]}},{"type":"Feature","properties":{"line":"13A","mode":"bus","color":"#05617d","oi":-0.007,"n":4,"sw":1},"geometry":{"type":"LineString","coordinates":[[19.803998,41.332955],[19.803982,41.332969]]}},{"type":"Feature","properties":{"line":"13A","mode":"bus","color":"#05617d","oi":-0.027,"n":4,"sw":1},"geometry":{"type":"LineString","coordinates":[[19.803987,41.332965],[19.803972,41.332979]]}},{"type":"Feature","properties":{"line":"13A","mode":"bus","color":"#05617d","oi":-0.06,"n":4,"sw":1},"geometry":{"type":"LineString","coordinates":[[19.803976,41.332975],[19.803961,41.332988]]}},{"type":"Feature","properties":{"line":"13A","mode":"bus","color":"#05617d","oi":-0.103,"n":4,"sw":1},"geometry":{"type":"LineString","coordinates":[[19.803966,41.332984],[19.803951,41.332998]]}},{"type":"Feature","properties":{"line":"13A","mode":"bus","color":"#05617d","oi":-0.156,"n":4,"sw":1},"geometry":{"type":"LineString","coordinates":[[19.803955,41.332994],[19.80394,41.333007]]}},{"type":"Feature","properties":{"line":"13A","mode":"bus","color":"#05617d","oi":-0.218,"n":4,"sw":1},"geometry":{"type":"LineString","coordinates":[[19.803945,41.333003],[19.803929,41.333017]]}},{"type":"Feature","properties":{"line":"13A","mode":"bus","color":"#05617d","oi":-0.287,"n":4,"sw":1},"geometry":{"type":"LineString","coordinates":[[19.803934,41.333013],[19.803919,41.333027]]}},{"type":"Feature","properties":{"line":"13A","mode":"bus","color":"#05617d","oi":-0.362,"n":4,"sw":1},"geometry":{"type":"LineString","coordinates":[[19.803923,41.333022],[19.803908,41.333036]]}},{"type":"Feature","properties":{"line":"13A","mode":"bus","color":"#05617d","oi":-0.443,"n":4,"sw":1},"geometry":{"type":"LineString","coordinates":[[19.803913,41.333032],[19.803897,41.333046]]}},{"type":"Feature","properties":{"line":"13A","mode":"bus","color":"#05617d","oi":-0.528,"n":4,"sw":1},"geometry":{"type":"LineString","coordinates":[[19.803902,41.333041],[19.803887,41.333055]]}},{"type":"Feature","properties":{"line":"13A","mode":"bus","color":"#05617d","oi":-0.616,"n":4,"sw":1},"geometry":{"type":"LineString","coordinates":[[19.803891,41.333051],[19.803876,41.333065]]}},{"type":"Feature","properties":{"line":"13A","mode":"bus","color":"#05617d","oi":-0.705,"n":4,"sw":1},"geometry":{"type":"LineString","coordinates":[[19.803881,41.333061],[19.803866,41.333074]]}},{"type":"Feature","properties":{"line":"13A","mode":"bus","color":"#05617d","oi":-0.795,"n":4,"sw":1},"geometry":{"type":"LineString","coordinates":[[19.80387,41.33307],[19.803855,41.333084]]}},{"type":"Feature","properties":{"line":"13A","mode":"bus","color":"#05617d","oi":-0.884,"n":4,"sw":1},"geometry":{"type":"LineString","coordinates":[[19.80386,41.33308],[19.803844,41.333093]]}},{"type":"Feature","properties":{"line":"13A","mode":"bus","color":"#05617d","oi":-0.972,"n":4,"sw":1},"geometry":{"type":"LineString","coordinates":[[19.803849,41.333089],[19.803834,41.333103]]}},{"type":"Feature","properties":{"line":"13A","mode":"bus","color":"#05617d","oi":-1.057,"n":4,"sw":1},"geometry":{"type":"LineString","coordinates":[[19.803838,41.333099],[19.803823,41.333113]]}},{"type":"Feature","properties":{"line":"13A","mode":"bus","color":"#05617d","oi":-1.138,"n":4,"sw":1},"geometry":{"type":"LineString","coordinates":[[19.803828,41.333108],[19.803812,41.333122]]}},{"type":"Feature","properties":{"line":"13A","mode":"bus","color":"#05617d","oi":-1.213,"n":4,"sw":1},"geometry":{"type":"LineString","coordinates":[[19.803817,41.333118],[19.803802,41.333132]]}},{"type":"Feature","properties":{"line":"13A","mode":"bus","color":"#05617d","oi":-1.282,"n":4,"sw":1},"geometry":{"type":"LineString","coordinates":[[19.803806,41.333127],[19.803791,41.333141]]}},{"type":"Feature","properties":{"line":"13A","mode":"bus","color":"#05617d","oi":-1.344,"n":4,"sw":1},"geometry":{"type":"LineString","coordinates":[[19.803796,41.333137],[19.803781,41.333151]]}},{"type":"Feature","properties":{"line":"13A","mode":"bus","color":"#05617d","oi":-1.397,"n":4,"sw":1},"geometry":{"type":"LineString","coordinates":[[19.803785,41.333147],[19.803778,41.333153],[19.803768,41.333158]]}},{"type":"Feature","properties":{"line":"13A","mode":"bus","color":"#05617d","oi":-1.44,"n":4,"sw":1},"geometry":{"type":"LineString","coordinates":[[19.803773,41.333155],[19.803754,41.333165]]}},{"type":"Feature","properties":{"line":"13A","mode":"bus","color":"#05617d","oi":-1.473,"n":4,"sw":1},"geometry":{"type":"LineString","coordinates":[[19.80376,41.333162],[19.80374,41.333173]]}},{"type":"Feature","properties":{"line":"13A","mode":"bus","color":"#05617d","oi":-1.493,"n":4,"sw":1},"geometry":{"type":"LineString","coordinates":[[19.803746,41.333169],[19.803727,41.33318]]}},{"type":"Feature","properties":{"line":"13A","mode":"bus","color":"#05617d","oi":-1.5,"n":4,"sw":1},"geometry":{"type":"LineString","coordinates":[[19.803733,41.333177],[19.803713,41.333187]]}},{"type":"Feature","properties":{"line":"13A","mode":"bus","color":"#05617d","oi":0.5,"n":2},"geometry":{"type":"LineString","coordinates":[[19.80479,41.333066],[19.804785,41.333098],[19.804979,41.333421],[19.80511,41.333535],[19.805566,41.333841],[19.805784,41.333976]]}},{"type":"Feature","properties":{"line":"13A","mode":"bus","color":"#05617d","oi":0,"n":2,"sw":1},"geometry":{"type":"LineString","coordinates":[[19.804629,41.332781],[19.80466,41.332808]]}},{"type":"Feature","properties":{"line":"13A","mode":"bus","color":"#05617d","oi":0.017,"n":2,"sw":1},"geometry":{"type":"LineString","coordinates":[[19.804655,41.332803],[19.804688,41.332832]]}},{"type":"Feature","properties":{"line":"13A","mode":"bus","color":"#05617d","oi":0.063,"n":2,"sw":1},"geometry":{"type":"LineString","coordinates":[[19.804683,41.332828],[19.804716,41.332857]]}},{"type":"Feature","properties":{"line":"13A","mode":"bus","color":"#05617d","oi":0.13,"n":2,"sw":1},"geometry":{"type":"LineString","coordinates":[[19.804711,41.332852],[19.804744,41.332881]]}},{"type":"Feature","properties":{"line":"13A","mode":"bus","color":"#05617d","oi":0.209,"n":2,"sw":1},"geometry":{"type":"LineString","coordinates":[[19.804739,41.332877],[19.804752,41.332888],[19.804759,41.332911]]}},{"type":"Feature","properties":{"line":"13A","mode":"bus","color":"#05617d","oi":0.291,"n":2,"sw":1},"geometry":{"type":"LineString","coordinates":[[19.804758,41.332905],[19.804769,41.332942]]}},{"type":"Feature","properties":{"line":"13A","mode":"bus","color":"#05617d","oi":0.37,"n":2,"sw":1},"geometry":{"type":"LineString","coordinates":[[19.804768,41.332937],[19.804779,41.332974]]}},{"type":"Feature","properties":{"line":"13A","mode":"bus","color":"#05617d","oi":0.437,"n":2,"sw":1},"geometry":{"type":"LineString","coordinates":[[19.804778,41.332968],[19.80479,41.333005]]}},{"type":"Feature","properties":{"line":"13A","mode":"bus","color":"#05617d","oi":0.483,"n":2,"sw":1},"geometry":{"type":"LineString","coordinates":[[19.804788,41.333],[19.804796,41.333025],[19.804794,41.333037]]}},{"type":"Feature","properties":{"line":"13A","mode":"bus","color":"#05617d","oi":0.5,"n":2,"sw":1},"geometry":{"type":"LineString","coordinates":[[19.804795,41.333031],[19.804789,41.333069]]}},{"type":"Feature","properties":{"line":"13A","mode":"bus","color":"#05617d","oi":0.5,"n":2,"sw":1},"geometry":{"type":"LineString","coordinates":[[19.805781,41.333974],[19.80582,41.333998]]}},{"type":"Feature","properties":{"line":"13A","mode":"bus","color":"#05617d","oi":0.483,"n":2,"sw":1},"geometry":{"type":"LineString","coordinates":[[19.805814,41.333994],[19.805853,41.334018]]}},{"type":"Feature","properties":{"line":"13A","mode":"bus","color":"#05617d","oi":0.437,"n":2,"sw":1},"geometry":{"type":"LineString","coordinates":[[19.805847,41.334015],[19.805886,41.334039]]}},{"type":"Feature","properties":{"line":"13A","mode":"bus","color":"#05617d","oi":0.37,"n":2,"sw":1},"geometry":{"type":"LineString","coordinates":[[19.805881,41.334036],[19.80592,41.33406]]}},{"type":"Feature","properties":{"line":"13A","mode":"bus","color":"#05617d","oi":0.291,"n":2,"sw":1},"geometry":{"type":"LineString","coordinates":[[19.805914,41.334056],[19.805922,41.334061],[19.805956,41.334077]]}},{"type":"Feature","properties":{"line":"13A","mode":"bus","color":"#05617d","oi":0.209,"n":2,"sw":1},"geometry":{"type":"LineString","coordinates":[[19.80595,41.334074],[19.805992,41.334095]]}},{"type":"Feature","properties":{"line":"13A","mode":"bus","color":"#05617d","oi":0.13,"n":2,"sw":1},"geometry":{"type":"LineString","coordinates":[[19.805986,41.334092],[19.806028,41.334112]]}},{"type":"Feature","properties":{"line":"13A","mode":"bus","color":"#05617d","oi":0.063,"n":2,"sw":1},"geometry":{"type":"LineString","coordinates":[[19.806022,41.334109],[19.806064,41.33413]]}},{"type":"Feature","properties":{"line":"13A","mode":"bus","color":"#05617d","oi":0.017,"n":2,"sw":1},"geometry":{"type":"LineString","coordinates":[[19.806058,41.334127],[19.806101,41.334147]]}},{"type":"Feature","properties":{"line":"13A","mode":"bus","color":"#05617d","oi":0,"n":2,"sw":1},"geometry":{"type":"LineString","coordinates":[[19.806095,41.334144],[19.806134,41.334163]]}},{"type":"Feature","properties":{"line":"13A","mode":"bus","color":"#05617d","oi":-1,"n":3},"geometry":{"type":"LineString","coordinates":[[19.813962,41.318334],[19.81087,41.317839],[19.81069,41.317838],[19.810532,41.317868],[19.810333,41.317947],[19.80812,41.319057]]}},{"type":"Feature","properties":{"line":"13A","mode":"bus","color":"#05617d","oi":0,"n":3,"sw":1},"geometry":{"type":"LineString","coordinates":[[19.814331,41.318471],[19.814314,41.318455]]}},{"type":"Feature","properties":{"line":"13A","mode":"bus","color":"#05617d","oi":-0.01,"n":3,"sw":1},"geometry":{"type":"LineString","coordinates":[[19.814319,41.318459],[19.8143,41.31844]]}},{"type":"Feature","properties":{"line":"13A","mode":"bus","color":"#05617d","oi":-0.038,"n":3,"sw":1},"geometry":{"type":"LineString","coordinates":[[19.814304,41.318445],[19.814285,41.318426]]}},{"type":"Feature","properties":{"line":"13A","mode":"bus","color":"#05617d","oi":-0.082,"n":3,"sw":1},"geometry":{"type":"LineString","coordinates":[[19.81429,41.31843],[19.814271,41.318412]]}},{"type":"Feature","properties":{"line":"13A","mode":"bus","color":"#05617d","oi":-0.14,"n":3,"sw":1},"geometry":{"type":"LineString","coordinates":[[19.814275,41.318416],[19.81426,41.318401],[19.814255,41.318399]]}},{"type":"Feature","properties":{"line":"13A","mode":"bus","color":"#05617d","oi":-0.209,"n":3,"sw":1},"geometry":{"type":"LineString","coordinates":[[19.814261,41.318402],[19.81426,41.318401],[19.814233,41.31839]]}},{"type":"Feature","properties":{"line":"13A","mode":"bus","color":"#05617d","oi":-0.286,"n":3,"sw":1},"geometry":{"type":"LineString","coordinates":[[19.81424,41.318393],[19.814212,41.318382]]}},{"type":"Feature","properties":{"line":"13A","mode":"bus","color":"#05617d","oi":-0.369,"n":3,"sw":1},"geometry":{"type":"LineString","coordinates":[[19.814219,41.318384],[19.814191,41.318373]]}},{"type":"Feature","properties":{"line":"13A","mode":"bus","color":"#05617d","oi":-0.456,"n":3,"sw":1},"geometry":{"type":"LineString","coordinates":[[19.814198,41.318376],[19.81418,41.318369],[19.814169,41.318367]]}},{"type":"Feature","properties":{"line":"13A","mode":"bus","color":"#05617d","oi":-0.544,"n":3,"sw":1},"geometry":{"type":"LineString","coordinates":[[19.814176,41.318368],[19.814146,41.318363]]}},{"type":"Feature","properties":{"line":"13A","mode":"bus","color":"#05617d","oi":-0.631,"n":3,"sw":1},"geometry":{"type":"LineString","coordinates":[[19.814153,41.318365],[19.814122,41.31836]]}},{"type":"Feature","properties":{"line":"13A","mode":"bus","color":"#05617d","oi":-0.714,"n":3,"sw":1},"geometry":{"type":"LineString","coordinates":[[19.814129,41.318361],[19.814099,41.318356]]}},{"type":"Feature","properties":{"line":"13A","mode":"bus","color":"#05617d","oi":-0.791,"n":3,"sw":1},"geometry":{"type":"LineString","coordinates":[[19.814106,41.318357],[19.814075,41.318352]]}},{"type":"Feature","properties":{"line":"13A","mode":"bus","color":"#05617d","oi":-0.86,"n":3,"sw":1},"geometry":{"type":"LineString","coordinates":[[19.814082,41.318353],[19.814052,41.318349]]}},{"type":"Feature","properties":{"line":"13A","mode":"bus","color":"#05617d","oi":-0.918,"n":3,"sw":1},"geometry":{"type":"LineString","coordinates":[[19.814059,41.31835],[19.814029,41.318345]]}},{"type":"Feature","properties":{"line":"13A","mode":"bus","color":"#05617d","oi":-0.962,"n":3,"sw":1},"geometry":{"type":"LineString","coordinates":[[19.814036,41.318346],[19.814005,41.318341]]}},{"type":"Feature","properties":{"line":"13A","mode":"bus","color":"#05617d","oi":-0.99,"n":3,"sw":1},"geometry":{"type":"LineString","coordinates":[[19.814012,41.318342],[19.813982,41.318337]]}},{"type":"Feature","properties":{"line":"13A","mode":"bus","color":"#05617d","oi":-1,"n":3,"sw":1},"geometry":{"type":"LineString","coordinates":[[19.813989,41.318338],[19.813958,41.318334]]}},{"type":"Feature","properties":{"line":"13A","mode":"bus","color":"#05617d","oi":0,"n":3},"geometry":{"type":"LineString","coordinates":[[19.820763,41.319563],[19.818756,41.319299],[19.815046,41.318729]]}},{"type":"Feature","properties":{"line":"13A","mode":"bus","color":"#05617d","oi":-0.5,"n":2},"geometry":{"type":"LineString","coordinates":[[19.786346,41.338823],[19.786117,41.338552],[19.785042,41.337497],[19.784555,41.336974],[19.783831,41.336122],[19.783534,41.335649],[19.783378,41.335299],[19.783223,41.334624],[19.783242,41.3339],[19.783375,41.333382],[19.783863,41.332418],[19.784148,41.331981],[19.784691,41.330833],[19.785313,41.329697]]}},{"type":"Feature","properties":{"line":"13A","mode":"bus","color":"#05617d","oi":0,"n":2,"sw":1},"geometry":{"type":"LineString","coordinates":[[19.786577,41.339096],[19.786552,41.339066]]}},{"type":"Feature","properties":{"line":"13A","mode":"bus","color":"#05617d","oi":-0.017,"n":2,"sw":1},"geometry":{"type":"LineString","coordinates":[[19.786556,41.339071],[19.786529,41.339039]]}},{"type":"Feature","properties":{"line":"13A","mode":"bus","color":"#05617d","oi":-0.063,"n":2,"sw":1},"geometry":{"type":"LineString","coordinates":[[19.786533,41.339044],[19.786506,41.339012]]}},{"type":"Feature","properties":{"line":"13A","mode":"bus","color":"#05617d","oi":-0.13,"n":2,"sw":1},"geometry":{"type":"LineString","coordinates":[[19.78651,41.339016],[19.786483,41.338984]]}},{"type":"Feature","properties":{"line":"13A","mode":"bus","color":"#05617d","oi":-0.209,"n":2,"sw":1},"geometry":{"type":"LineString","coordinates":[[19.786486,41.338989],[19.78646,41.338957]]}},{"type":"Feature","properties":{"line":"13A","mode":"bus","color":"#05617d","oi":-0.291,"n":2,"sw":1},"geometry":{"type":"LineString","coordinates":[[19.786463,41.338962],[19.786436,41.33893]]}},{"type":"Feature","properties":{"line":"13A","mode":"bus","color":"#05617d","oi":-0.37,"n":2,"sw":1},"geometry":{"type":"LineString","coordinates":[[19.78644,41.338934],[19.786413,41.338902]]}},{"type":"Feature","properties":{"line":"13A","mode":"bus","color":"#05617d","oi":-0.437,"n":2,"sw":1},"geometry":{"type":"LineString","coordinates":[[19.786417,41.338907],[19.78639,41.338875]]}},{"type":"Feature","properties":{"line":"13A","mode":"bus","color":"#05617d","oi":-0.483,"n":2,"sw":1},"geometry":{"type":"LineString","coordinates":[[19.786394,41.33888],[19.786367,41.338848]]}},{"type":"Feature","properties":{"line":"13A","mode":"bus","color":"#05617d","oi":-0.5,"n":2,"sw":1},"geometry":{"type":"LineString","coordinates":[[19.786371,41.338852],[19.786344,41.33882]]}},{"type":"Feature","properties":{"line":"13A","mode":"bus","color":"#05617d","oi":0,"n":3},"geometry":{"type":"LineString","coordinates":[[19.806134,41.334163],[19.80648,41.334289],[19.806738,41.334342],[19.812436,41.335279]]}},{"type":"Feature","properties":{"line":"13A","mode":"bus","color":"#05617d","oi":0,"n":3,"sw":1},"geometry":{"type":"LineString","coordinates":[[19.815767,41.335817],[19.815787,41.335814]]}},{"type":"Feature","properties":{"line":"13A","mode":"bus","color":"#05617d","oi":-0.01,"n":3,"sw":1},"geometry":{"type":"LineString","coordinates":[[19.81578,41.335815],[19.815803,41.335811]]}},{"type":"Feature","properties":{"line":"13A","mode":"bus","color":"#05617d","oi":-0.038,"n":3,"sw":1},"geometry":{"type":"LineString","coordinates":[[19.815796,41.335812],[19.815819,41.335809]]}},{"type":"Feature","properties":{"line":"13A","mode":"bus","color":"#05617d","oi":-0.082,"n":3,"sw":1},"geometry":{"type":"LineString","coordinates":[[19.815812,41.33581],[19.815835,41.335806]]}},{"type":"Feature","properties":{"line":"13A","mode":"bus","color":"#05617d","oi":-0.14,"n":3,"sw":1},"geometry":{"type":"LineString","coordinates":[[19.815828,41.335807],[19.815851,41.335804]]}},{"type":"Feature","properties":{"line":"13A","mode":"bus","color":"#05617d","oi":-0.209,"n":3,"sw":1},"geometry":{"type":"LineString","coordinates":[[19.815844,41.335805],[19.815867,41.335801]]}},{"type":"Feature","properties":{"line":"13A","mode":"bus","color":"#05617d","oi":-0.286,"n":3,"sw":1},"geometry":{"type":"LineString","coordinates":[[19.81586,41.335802],[19.815883,41.335798]]}},{"type":"Feature","properties":{"line":"13A","mode":"bus","color":"#05617d","oi":-0.369,"n":3,"sw":1},"geometry":{"type":"LineString","coordinates":[[19.815876,41.3358],[19.815899,41.335796]]}},{"type":"Feature","properties":{"line":"13A","mode":"bus","color":"#05617d","oi":-0.456,"n":3,"sw":1},"geometry":{"type":"LineString","coordinates":[[19.815892,41.335797],[19.815915,41.335793]]}},{"type":"Feature","properties":{"line":"13A","mode":"bus","color":"#05617d","oi":-0.544,"n":3,"sw":1},"geometry":{"type":"LineString","coordinates":[[19.815908,41.335794],[19.815931,41.335791]]}},{"type":"Feature","properties":{"line":"13A","mode":"bus","color":"#05617d","oi":-0.631,"n":3,"sw":1},"geometry":{"type":"LineString","coordinates":[[19.815924,41.335792],[19.815947,41.335788]]}},{"type":"Feature","properties":{"line":"13A","mode":"bus","color":"#05617d","oi":-0.714,"n":3,"sw":1},"geometry":{"type":"LineString","coordinates":[[19.81594,41.335789],[19.815963,41.335786]]}},{"type":"Feature","properties":{"line":"13A","mode":"bus","color":"#05617d","oi":-0.791,"n":3,"sw":1},"geometry":{"type":"LineString","coordinates":[[19.815956,41.335787],[19.815979,41.335783]]}},{"type":"Feature","properties":{"line":"13A","mode":"bus","color":"#05617d","oi":-0.86,"n":3,"sw":1},"geometry":{"type":"LineString","coordinates":[[19.815972,41.335784],[19.815995,41.33578]]}},{"type":"Feature","properties":{"line":"13A","mode":"bus","color":"#05617d","oi":-0.918,"n":3,"sw":1},"geometry":{"type":"LineString","coordinates":[[19.815988,41.335782],[19.816011,41.335778]]}},{"type":"Feature","properties":{"line":"13A","mode":"bus","color":"#05617d","oi":-0.962,"n":3,"sw":1},"geometry":{"type":"LineString","coordinates":[[19.816004,41.335779],[19.816023,41.335776],[19.816027,41.335774]]}},{"type":"Feature","properties":{"line":"13A","mode":"bus","color":"#05617d","oi":-0.99,"n":3,"sw":1},"geometry":{"type":"LineString","coordinates":[[19.816021,41.335776],[19.816023,41.335776],[19.816041,41.335768]]}},{"type":"Feature","properties":{"line":"13A","mode":"bus","color":"#05617d","oi":-1,"n":3,"sw":1},"geometry":{"type":"LineString","coordinates":[[19.816035,41.33577],[19.816055,41.335761]]}},{"type":"Feature","properties":{"line":"13A","mode":"bus","color":"#05617d","oi":-1,"n":3,"sw":1},"geometry":{"type":"LineString","coordinates":[[19.816049,41.335764],[19.816069,41.335754]]}},{"type":"Feature","properties":{"line":"13A","mode":"bus","color":"#05617d","oi":-0.99,"n":3,"sw":1},"geometry":{"type":"LineString","coordinates":[[19.816063,41.335757],[19.816083,41.335748]]}},{"type":"Feature","properties":{"line":"13A","mode":"bus","color":"#05617d","oi":-0.962,"n":3,"sw":1},"geometry":{"type":"LineString","coordinates":[[19.816076,41.335751],[19.816096,41.335741]]}},{"type":"Feature","properties":{"line":"13A","mode":"bus","color":"#05617d","oi":-0.918,"n":3,"sw":1},"geometry":{"type":"LineString","coordinates":[[19.81609,41.335744],[19.81611,41.335735]]}},{"type":"Feature","properties":{"line":"13A","mode":"bus","color":"#05617d","oi":-0.86,"n":3,"sw":1},"geometry":{"type":"LineString","coordinates":[[19.816104,41.335738],[19.816124,41.335728]]}},{"type":"Feature","properties":{"line":"13A","mode":"bus","color":"#05617d","oi":-0.791,"n":3,"sw":1},"geometry":{"type":"LineString","coordinates":[[19.816118,41.335731],[19.816138,41.335722]]}},{"type":"Feature","properties":{"line":"13A","mode":"bus","color":"#05617d","oi":-0.714,"n":3,"sw":1},"geometry":{"type":"LineString","coordinates":[[19.816132,41.335724],[19.816152,41.335715]]}},{"type":"Feature","properties":{"line":"13A","mode":"bus","color":"#05617d","oi":-0.631,"n":3,"sw":1},"geometry":{"type":"LineString","coordinates":[[19.816146,41.335718],[19.816166,41.335708]]}},{"type":"Feature","properties":{"line":"13A","mode":"bus","color":"#05617d","oi":-0.544,"n":3,"sw":1},"geometry":{"type":"LineString","coordinates":[[19.81616,41.335711],[19.81618,41.335702]]}},{"type":"Feature","properties":{"line":"13A","mode":"bus","color":"#05617d","oi":-0.456,"n":3,"sw":1},"geometry":{"type":"LineString","coordinates":[[19.816174,41.335705],[19.816194,41.335695]]}},{"type":"Feature","properties":{"line":"13A","mode":"bus","color":"#05617d","oi":-0.369,"n":3,"sw":1},"geometry":{"type":"LineString","coordinates":[[19.816188,41.335698],[19.816208,41.335689]]}},{"type":"Feature","properties":{"line":"13A","mode":"bus","color":"#05617d","oi":-0.286,"n":3,"sw":1},"geometry":{"type":"LineString","coordinates":[[19.816202,41.335691],[19.816222,41.335682]]}},{"type":"Feature","properties":{"line":"13A","mode":"bus","color":"#05617d","oi":-0.209,"n":3,"sw":1},"geometry":{"type":"LineString","coordinates":[[19.816216,41.335685],[19.816236,41.335675]]}},{"type":"Feature","properties":{"line":"13A","mode":"bus","color":"#05617d","oi":-0.14,"n":3,"sw":1},"geometry":{"type":"LineString","coordinates":[[19.816229,41.335678],[19.816249,41.335669]]}},{"type":"Feature","properties":{"line":"13A","mode":"bus","color":"#05617d","oi":-0.082,"n":3,"sw":1},"geometry":{"type":"LineString","coordinates":[[19.816243,41.335672],[19.816263,41.335662]]}},{"type":"Feature","properties":{"line":"13A","mode":"bus","color":"#05617d","oi":-0.038,"n":3,"sw":1},"geometry":{"type":"LineString","coordinates":[[19.816257,41.335665],[19.816277,41.335656]]}},{"type":"Feature","properties":{"line":"13A","mode":"bus","color":"#05617d","oi":-0.01,"n":3,"sw":1},"geometry":{"type":"LineString","coordinates":[[19.816271,41.335659],[19.816291,41.335649]]}},{"type":"Feature","properties":{"line":"13A","mode":"bus","color":"#05617d","oi":0,"n":3,"sw":1},"geometry":{"type":"LineString","coordinates":[[19.816285,41.335652],[19.816302,41.335644]]}},{"type":"Feature","properties":{"line":"13A","mode":"bus","color":"#05617d","oi":0,"n":1},"geometry":{"type":"LineString","coordinates":[[19.80776,41.319235],[19.806276,41.319967],[19.806023,41.320145],[19.805895,41.320344],[19.805291,41.321716],[19.805277,41.321734],[19.805257,41.321743],[19.805229,41.321743],[19.79918,41.320807],[19.797932,41.320574],[19.797472,41.320539],[19.796897,41.320553],[19.796196,41.320624],[19.795587,41.32076],[19.795071,41.320906],[19.793208,41.321542],[19.792991,41.32164],[19.792886,41.321717],[19.792039,41.322476]]}},{"type":"Feature","properties":{"line":"13A","mode":"bus","color":"#05617d","oi":-1,"n":1,"sw":1},"geometry":{"type":"LineString","coordinates":[[19.80812,41.319057],[19.808097,41.319068]]}},{"type":"Feature","properties":{"line":"13A","mode":"bus","color":"#05617d","oi":-0.99,"n":1,"sw":1},"geometry":{"type":"LineString","coordinates":[[19.808103,41.319065],[19.808077,41.319078]]}},{"type":"Feature","properties":{"line":"13A","mode":"bus","color":"#05617d","oi":-0.962,"n":1,"sw":1},"geometry":{"type":"LineString","coordinates":[[19.808083,41.319075],[19.808057,41.319088]]}},{"type":"Feature","properties":{"line":"13A","mode":"bus","color":"#05617d","oi":-0.918,"n":1,"sw":1},"geometry":{"type":"LineString","coordinates":[[19.808063,41.319085],[19.808037,41.319098]]}},{"type":"Feature","properties":{"line":"13A","mode":"bus","color":"#05617d","oi":-0.86,"n":1,"sw":1},"geometry":{"type":"LineString","coordinates":[[19.808043,41.319095],[19.808017,41.319108]]}},{"type":"Feature","properties":{"line":"13A","mode":"bus","color":"#05617d","oi":-0.791,"n":1,"sw":1},"geometry":{"type":"LineString","coordinates":[[19.808023,41.319105],[19.807997,41.319118]]}},{"type":"Feature","properties":{"line":"13A","mode":"bus","color":"#05617d","oi":-0.714,"n":1,"sw":1},"geometry":{"type":"LineString","coordinates":[[19.808003,41.319115],[19.807977,41.319128]]}},{"type":"Feature","properties":{"line":"13A","mode":"bus","color":"#05617d","oi":-0.631,"n":1,"sw":1},"geometry":{"type":"LineString","coordinates":[[19.807983,41.319125],[19.807957,41.319137]]}},{"type":"Feature","properties":{"line":"13A","mode":"bus","color":"#05617d","oi":-0.544,"n":1,"sw":1},"geometry":{"type":"LineString","coordinates":[[19.807963,41.319134],[19.807937,41.319147]]}},{"type":"Feature","properties":{"line":"13A","mode":"bus","color":"#05617d","oi":-0.456,"n":1,"sw":1},"geometry":{"type":"LineString","coordinates":[[19.807943,41.319144],[19.807917,41.319157]]}},{"type":"Feature","properties":{"line":"13A","mode":"bus","color":"#05617d","oi":-0.369,"n":1,"sw":1},"geometry":{"type":"LineString","coordinates":[[19.807923,41.319154],[19.807897,41.319167]]}},{"type":"Feature","properties":{"line":"13A","mode":"bus","color":"#05617d","oi":-0.286,"n":1,"sw":1},"geometry":{"type":"LineString","coordinates":[[19.807903,41.319164],[19.807877,41.319177]]}},{"type":"Feature","properties":{"line":"13A","mode":"bus","color":"#05617d","oi":-0.209,"n":1,"sw":1},"geometry":{"type":"LineString","coordinates":[[19.807883,41.319174],[19.807857,41.319187]]}},{"type":"Feature","properties":{"line":"13A","mode":"bus","color":"#05617d","oi":-0.14,"n":1,"sw":1},"geometry":{"type":"LineString","coordinates":[[19.807863,41.319184],[19.807837,41.319197]]}},{"type":"Feature","properties":{"line":"13A","mode":"bus","color":"#05617d","oi":-0.082,"n":1,"sw":1},"geometry":{"type":"LineString","coordinates":[[19.807843,41.319194],[19.807817,41.319207]]}},{"type":"Feature","properties":{"line":"13A","mode":"bus","color":"#05617d","oi":-0.038,"n":1,"sw":1},"geometry":{"type":"LineString","coordinates":[[19.807823,41.319204],[19.807797,41.319216]]}},{"type":"Feature","properties":{"line":"13A","mode":"bus","color":"#05617d","oi":-0.01,"n":1,"sw":1},"geometry":{"type":"LineString","coordinates":[[19.807803,41.319213],[19.807777,41.319226]]}},{"type":"Feature","properties":{"line":"13A","mode":"bus","color":"#05617d","oi":0,"n":1,"sw":1},"geometry":{"type":"LineString","coordinates":[[19.807783,41.319223],[19.807757,41.319236]]}},{"type":"Feature","properties":{"line":"13A","mode":"bus","color":"#05617d","oi":0,"n":1},"geometry":{"type":"LineString","coordinates":[[19.790485,41.322063],[19.790045,41.3221],[19.789881,41.322158],[19.789727,41.322247],[19.789619,41.322341],[19.789511,41.322484],[19.789182,41.323073],[19.788871,41.32374],[19.788779,41.323885],[19.788275,41.324506],[19.787463,41.325681],[19.787144,41.32623],[19.786096,41.328274],[19.785478,41.329398]]}},{"type":"Feature","properties":{"line":"13A","mode":"bus","color":"#05617d","oi":0,"n":1,"sw":1},"geometry":{"type":"LineString","coordinates":[[19.785479,41.329395],[19.78546,41.32943]]}},{"type":"Feature","properties":{"line":"13A","mode":"bus","color":"#05617d","oi":0.017,"n":1,"sw":1},"geometry":{"type":"LineString","coordinates":[[19.785463,41.329425],[19.785443,41.32946]]}},{"type":"Feature","properties":{"line":"13A","mode":"bus","color":"#05617d","oi":0.063,"n":1,"sw":1},"geometry":{"type":"LineString","coordinates":[[19.785446,41.329455],[19.785427,41.32949]]}},{"type":"Feature","properties":{"line":"13A","mode":"bus","color":"#05617d","oi":0.13,"n":1,"sw":1},"geometry":{"type":"LineString","coordinates":[[19.78543,41.329485],[19.78541,41.32952]]}},{"type":"Feature","properties":{"line":"13A","mode":"bus","color":"#05617d","oi":0.209,"n":1,"sw":1},"geometry":{"type":"LineString","coordinates":[[19.785413,41.329515],[19.785394,41.32955]]}},{"type":"Feature","properties":{"line":"13A","mode":"bus","color":"#05617d","oi":0.291,"n":1,"sw":1},"geometry":{"type":"LineString","coordinates":[[19.785397,41.329545],[19.785378,41.32958]]}},{"type":"Feature","properties":{"line":"13A","mode":"bus","color":"#05617d","oi":0.37,"n":1,"sw":1},"geometry":{"type":"LineString","coordinates":[[19.78538,41.329575],[19.785361,41.32961]]}},{"type":"Feature","properties":{"line":"13A","mode":"bus","color":"#05617d","oi":0.437,"n":1,"sw":1},"geometry":{"type":"LineString","coordinates":[[19.785364,41.329605],[19.785345,41.32964]]}},{"type":"Feature","properties":{"line":"13A","mode":"bus","color":"#05617d","oi":0.483,"n":1,"sw":1},"geometry":{"type":"LineString","coordinates":[[19.785347,41.329635],[19.785328,41.32967]]}},{"type":"Feature","properties":{"line":"13A","mode":"bus","color":"#05617d","oi":0.5,"n":1,"sw":1},"geometry":{"type":"LineString","coordinates":[[19.785331,41.329665],[19.785313,41.329697]]}},{"type":"Feature","properties":{"line":"13B","mode":"bus","color":"#e16cd6","oi":-0.5,"n":2},"geometry":{"type":"LineString","coordinates":[[19.814706,41.318574],[19.814706,41.318574],[19.814713,41.318479],[19.814673,41.318423],[19.814606,41.318383],[19.814503,41.318369]]}},{"type":"Feature","properties":{"line":"13B","mode":"bus","color":"#e16cd6","oi":-1,"n":2,"sw":1},"geometry":{"type":"LineString","coordinates":[[19.815046,41.318729],[19.815007,41.318714]]}},{"type":"Feature","properties":{"line":"13B","mode":"bus","color":"#e16cd6","oi":-0.983,"n":2,"sw":1},"geometry":{"type":"LineString","coordinates":[[19.815013,41.318716],[19.814971,41.3187]]}},{"type":"Feature","properties":{"line":"13B","mode":"bus","color":"#e16cd6","oi":-0.937,"n":2,"sw":1},"geometry":{"type":"LineString","coordinates":[[19.814978,41.318703],[19.814936,41.318686]]}},{"type":"Feature","properties":{"line":"13B","mode":"bus","color":"#e16cd6","oi":-0.87,"n":2,"sw":1},"geometry":{"type":"LineString","coordinates":[[19.814942,41.318689],[19.8149,41.318673]]}},{"type":"Feature","properties":{"line":"13B","mode":"bus","color":"#e16cd6","oi":-0.791,"n":2,"sw":1},"geometry":{"type":"LineString","coordinates":[[19.814906,41.318675],[19.814864,41.318659]]}},{"type":"Feature","properties":{"line":"13B","mode":"bus","color":"#e16cd6","oi":-0.709,"n":2,"sw":1},"geometry":{"type":"LineString","coordinates":[[19.814871,41.318661],[19.814828,41.318645]]}},{"type":"Feature","properties":{"line":"13B","mode":"bus","color":"#e16cd6","oi":-0.63,"n":2,"sw":1},"geometry":{"type":"LineString","coordinates":[[19.814835,41.318647],[19.814793,41.318631]]}},{"type":"Feature","properties":{"line":"13B","mode":"bus","color":"#e16cd6","oi":-0.563,"n":2,"sw":1},"geometry":{"type":"LineString","coordinates":[[19.814799,41.318634],[19.814757,41.318617]]}},{"type":"Feature","properties":{"line":"13B","mode":"bus","color":"#e16cd6","oi":-0.517,"n":2,"sw":1},"geometry":{"type":"LineString","coordinates":[[19.814763,41.31862],[19.814756,41.318617],[19.81473,41.318595]]}},{"type":"Feature","properties":{"line":"13B","mode":"bus","color":"#e16cd6","oi":-0.5,"n":2,"sw":1},"geometry":{"type":"LineString","coordinates":[[19.814735,41.318599],[19.814706,41.318574],[19.814706,41.318572]]}},{"type":"Feature","properties":{"line":"13B","mode":"bus","color":"#e16cd6","oi":-0.5,"n":2},"geometry":{"type":"LineString","coordinates":[[19.819194,41.325626],[19.821217,41.318391],[19.821253,41.318304],[19.821263,41.318289],[19.82128,41.31828],[19.821302,41.318278],[19.821373,41.318279],[19.821489,41.318234],[19.821573,41.318164],[19.821673,41.317977],[19.821698,41.317817],[19.821678,41.317747],[19.821636,41.317682],[19.821497,41.317583],[19.821304,41.317544],[19.8212,41.317554],[19.821102,41.317583],[19.820954,41.317694],[19.820894,41.317834],[19.820864,41.317977],[19.820878,41.318055],[19.820983,41.31819],[19.821066,41.318234],[19.821086,41.318251],[19.821095,41.318272],[19.8211,41.318317],[19.820849,41.319246]]}},{"type":"Feature","properties":{"line":"13B","mode":"bus","color":"#e16cd6","oi":0,"n":2,"sw":1},"geometry":{"type":"LineString","coordinates":[[19.819105,41.325943],[19.819115,41.325909]]}},{"type":"Feature","properties":{"line":"13B","mode":"bus","color":"#e16cd6","oi":-0.017,"n":2,"sw":1},"geometry":{"type":"LineString","coordinates":[[19.819113,41.325914],[19.819123,41.325877]]}},{"type":"Feature","properties":{"line":"13B","mode":"bus","color":"#e16cd6","oi":-0.063,"n":2,"sw":1},"geometry":{"type":"LineString","coordinates":[[19.819122,41.325882],[19.819132,41.325845]]}},{"type":"Feature","properties":{"line":"13B","mode":"bus","color":"#e16cd6","oi":-0.13,"n":2,"sw":1},"geometry":{"type":"LineString","coordinates":[[19.819131,41.325851],[19.819141,41.325814]]}},{"type":"Feature","properties":{"line":"13B","mode":"bus","color":"#e16cd6","oi":-0.209,"n":2,"sw":1},"geometry":{"type":"LineString","coordinates":[[19.81914,41.325819],[19.81915,41.325782]]}},{"type":"Feature","properties":{"line":"13B","mode":"bus","color":"#e16cd6","oi":-0.291,"n":2,"sw":1},"geometry":{"type":"LineString","coordinates":[[19.819149,41.325787],[19.819159,41.32575]]}},{"type":"Feature","properties":{"line":"13B","mode":"bus","color":"#e16cd6","oi":-0.37,"n":2,"sw":1},"geometry":{"type":"LineString","coordinates":[[19.819157,41.325755],[19.819168,41.325718]]}},{"type":"Feature","properties":{"line":"13B","mode":"bus","color":"#e16cd6","oi":-0.437,"n":2,"sw":1},"geometry":{"type":"LineString","coordinates":[[19.819166,41.325724],[19.819177,41.325687]]}},{"type":"Feature","properties":{"line":"13B","mode":"bus","color":"#e16cd6","oi":-0.483,"n":2,"sw":1},"geometry":{"type":"LineString","coordinates":[[19.819175,41.325692],[19.819186,41.325655]]}},{"type":"Feature","properties":{"line":"13B","mode":"bus","color":"#e16cd6","oi":-0.5,"n":2,"sw":1},"geometry":{"type":"LineString","coordinates":[[19.819184,41.32566],[19.819194,41.325623]]}},{"type":"Feature","properties":{"line":"13B","mode":"bus","color":"#e16cd6","oi":-0.5,"n":2,"sw":1},"geometry":{"type":"LineString","coordinates":[[19.82085,41.319243],[19.82084,41.31928]]}},{"type":"Feature","properties":{"line":"13B","mode":"bus","color":"#e16cd6","oi":-0.483,"n":2,"sw":1},"geometry":{"type":"LineString","coordinates":[[19.820841,41.319275],[19.820831,41.319312]]}},{"type":"Feature","properties":{"line":"13B","mode":"bus","color":"#e16cd6","oi":-0.437,"n":2,"sw":1},"geometry":{"type":"LineString","coordinates":[[19.820832,41.319306],[19.820822,41.319343]]}},{"type":"Feature","properties":{"line":"13B","mode":"bus","color":"#e16cd6","oi":-0.37,"n":2,"sw":1},"geometry":{"type":"LineString","coordinates":[[19.820824,41.319338],[19.820814,41.319375]]}},{"type":"Feature","properties":{"line":"13B","mode":"bus","color":"#e16cd6","oi":-0.291,"n":2,"sw":1},"geometry":{"type":"LineString","coordinates":[[19.820815,41.31937],[19.820805,41.319407]]}},{"type":"Feature","properties":{"line":"13B","mode":"bus","color":"#e16cd6","oi":-0.209,"n":2,"sw":1},"geometry":{"type":"LineString","coordinates":[[19.820807,41.319402],[19.820797,41.319439]]}},{"type":"Feature","properties":{"line":"13B","mode":"bus","color":"#e16cd6","oi":-0.13,"n":2,"sw":1},"geometry":{"type":"LineString","coordinates":[[19.820798,41.319433],[19.820788,41.31947]]}},{"type":"Feature","properties":{"line":"13B","mode":"bus","color":"#e16cd6","oi":-0.063,"n":2,"sw":1},"geometry":{"type":"LineString","coordinates":[[19.820789,41.319465],[19.820779,41.319502]]}},{"type":"Feature","properties":{"line":"13B","mode":"bus","color":"#e16cd6","oi":-0.017,"n":2,"sw":1},"geometry":{"type":"LineString","coordinates":[[19.820781,41.319497],[19.820771,41.319534]]}},{"type":"Feature","properties":{"line":"13B","mode":"bus","color":"#e16cd6","oi":0,"n":2,"sw":1},"geometry":{"type":"LineString","coordinates":[[19.820772,41.319529],[19.820763,41.319563]]}},{"type":"Feature","properties":{"line":"13B","mode":"bus","color":"#e16cd6","oi":-1,"n":3},"geometry":{"type":"LineString","coordinates":[[19.785786,41.339627],[19.785527,41.339734],[19.78503,41.340012],[19.784156,41.34027],[19.783084,41.340621],[19.7828,41.340627],[19.781116,41.341219],[19.78108,41.341287],[19.780345,41.341618],[19.778001,41.34248],[19.777835,41.342589],[19.777625,41.342789],[19.777488,41.342842],[19.777267,41.343006],[19.776966,41.343174]]}},{"type":"Feature","properties":{"line":"13B","mode":"bus","color":"#e16cd6","oi":-1.5,"n":3,"sw":1},"geometry":{"type":"LineString","coordinates":[[19.786163,41.33947],[19.786122,41.339487]]}},{"type":"Feature","properties":{"line":"13B","mode":"bus","color":"#e16cd6","oi":-1.483,"n":3,"sw":1},"geometry":{"type":"LineString","coordinates":[[19.786128,41.339484],[19.786084,41.339503]]}},{"type":"Feature","properties":{"line":"13B","mode":"bus","color":"#e16cd6","oi":-1.437,"n":3,"sw":1},"geometry":{"type":"LineString","coordinates":[[19.786091,41.3395],[19.786047,41.339518]]}},{"type":"Feature","properties":{"line":"13B","mode":"bus","color":"#e16cd6","oi":-1.37,"n":3,"sw":1},"geometry":{"type":"LineString","coordinates":[[19.786053,41.339516],[19.786009,41.339534]]}},{"type":"Feature","properties":{"line":"13B","mode":"bus","color":"#e16cd6","oi":-1.291,"n":3,"sw":1},"geometry":{"type":"LineString","coordinates":[[19.786015,41.339531],[19.785971,41.33955]]}},{"type":"Feature","properties":{"line":"13B","mode":"bus","color":"#e16cd6","oi":-1.209,"n":3,"sw":1},"geometry":{"type":"LineString","coordinates":[[19.785978,41.339547],[19.785934,41.339565]]}},{"type":"Feature","properties":{"line":"13B","mode":"bus","color":"#e16cd6","oi":-1.13,"n":3,"sw":1},"geometry":{"type":"LineString","coordinates":[[19.78594,41.339563],[19.785896,41.339581]]}},{"type":"Feature","properties":{"line":"13B","mode":"bus","color":"#e16cd6","oi":-1.063,"n":3,"sw":1},"geometry":{"type":"LineString","coordinates":[[19.785902,41.339578],[19.785858,41.339597]]}},{"type":"Feature","properties":{"line":"13B","mode":"bus","color":"#e16cd6","oi":-1.017,"n":3,"sw":1},"geometry":{"type":"LineString","coordinates":[[19.785865,41.339594],[19.785821,41.339612]]}},{"type":"Feature","properties":{"line":"13B","mode":"bus","color":"#e16cd6","oi":-1,"n":3,"sw":1},"geometry":{"type":"LineString","coordinates":[[19.785827,41.33961],[19.785783,41.339628]]}},{"type":"Feature","properties":{"line":"13B","mode":"bus","color":"#e16cd6","oi":-1,"n":3},"geometry":{"type":"LineString","coordinates":[[19.785992,41.339285],[19.784754,41.339653],[19.782601,41.340469],[19.782435,41.34063],[19.780738,41.341227],[19.780457,41.341222],[19.779968,41.341342],[19.777559,41.342168],[19.777266,41.342253],[19.77697,41.342248],[19.775728,41.342678],[19.775526,41.342788],[19.775458,41.342897],[19.775459,41.343064],[19.775519,41.343252],[19.775613,41.34339],[19.775752,41.343509],[19.77586,41.343565],[19.776102,41.343584]]}},{"type":"Feature","properties":{"line":"13B","mode":"bus","color":"#e16cd6","oi":-0.5,"n":2},"geometry":{"type":"LineString","coordinates":[[19.776479,41.343431],[19.776613,41.34336]]}},{"type":"Feature","properties":{"line":"13B","mode":"bus","color":"#e16cd6","oi":0,"n":2,"sw":1},"geometry":{"type":"LineString","coordinates":[[19.776102,41.343584],[19.776145,41.34357]]}},{"type":"Feature","properties":{"line":"13B","mode":"bus","color":"#e16cd6","oi":-0.017,"n":2,"sw":1},"geometry":{"type":"LineString","coordinates":[[19.776138,41.343572],[19.776185,41.343558]]}},{"type":"Feature","properties":{"line":"13B","mode":"bus","color":"#e16cd6","oi":-0.063,"n":2,"sw":1},"geometry":{"type":"LineString","coordinates":[[19.776178,41.34356],[19.776224,41.343545]]}},{"type":"Feature","properties":{"line":"13B","mode":"bus","color":"#e16cd6","oi":-0.13,"n":2,"sw":1},"geometry":{"type":"LineString","coordinates":[[19.776218,41.343547],[19.776264,41.343533]]}},{"type":"Feature","properties":{"line":"13B","mode":"bus","color":"#e16cd6","oi":-0.209,"n":2,"sw":1},"geometry":{"type":"LineString","coordinates":[[19.776257,41.343535],[19.776304,41.34352]]}},{"type":"Feature","properties":{"line":"13B","mode":"bus","color":"#e16cd6","oi":-0.291,"n":2,"sw":1},"geometry":{"type":"LineString","coordinates":[[19.776297,41.343522],[19.77632,41.343515],[19.776341,41.343504]]}},{"type":"Feature","properties":{"line":"13B","mode":"bus","color":"#e16cd6","oi":-0.37,"n":2,"sw":1},"geometry":{"type":"LineString","coordinates":[[19.776335,41.343507],[19.776376,41.343485]]}},{"type":"Feature","properties":{"line":"13B","mode":"bus","color":"#e16cd6","oi":-0.437,"n":2,"sw":1},"geometry":{"type":"LineString","coordinates":[[19.77637,41.343488],[19.776411,41.343467]]}},{"type":"Feature","properties":{"line":"13B","mode":"bus","color":"#e16cd6","oi":-0.483,"n":2,"sw":1},"geometry":{"type":"LineString","coordinates":[[19.776405,41.34347],[19.776447,41.343448]]}},{"type":"Feature","properties":{"line":"13B","mode":"bus","color":"#e16cd6","oi":-0.5,"n":2,"sw":1},"geometry":{"type":"LineString","coordinates":[[19.776441,41.343451],[19.776482,41.34343]]}},{"type":"Feature","properties":{"line":"13B","mode":"bus","color":"#e16cd6","oi":-0.5,"n":2,"sw":1},"geometry":{"type":"LineString","coordinates":[[19.776611,41.343362],[19.77663,41.343351]]}},{"type":"Feature","properties":{"line":"13B","mode":"bus","color":"#e16cd6","oi":-0.493,"n":2,"sw":1},"geometry":{"type":"LineString","coordinates":[[19.776624,41.343354],[19.776644,41.343344]]}},{"type":"Feature","properties":{"line":"13B","mode":"bus","color":"#e16cd6","oi":-0.473,"n":2,"sw":1},"geometry":{"type":"LineString","coordinates":[[19.776638,41.343347],[19.776657,41.343337]]}},{"type":"Feature","properties":{"line":"13B","mode":"bus","color":"#e16cd6","oi":-0.44,"n":2,"sw":1},"geometry":{"type":"LineString","coordinates":[[19.776651,41.34334],[19.776671,41.34333]]}},{"type":"Feature","properties":{"line":"13B","mode":"bus","color":"#e16cd6","oi":-0.397,"n":2,"sw":1},"geometry":{"type":"LineString","coordinates":[[19.776665,41.343333],[19.776684,41.343323]]}},{"type":"Feature","properties":{"line":"13B","mode":"bus","color":"#e16cd6","oi":-0.344,"n":2,"sw":1},"geometry":{"type":"LineString","coordinates":[[19.776678,41.343326],[19.776698,41.343316]]}},{"type":"Feature","properties":{"line":"13B","mode":"bus","color":"#e16cd6","oi":-0.282,"n":2,"sw":1},"geometry":{"type":"LineString","coordinates":[[19.776692,41.343319],[19.776711,41.343308]]}},{"type":"Feature","properties":{"line":"13B","mode":"bus","color":"#e16cd6","oi":-0.213,"n":2,"sw":1},"geometry":{"type":"LineString","coordinates":[[19.776705,41.343312],[19.776725,41.343301]]}},{"type":"Feature","properties":{"line":"13B","mode":"bus","color":"#e16cd6","oi":-0.138,"n":2,"sw":1},"geometry":{"type":"LineString","coordinates":[[19.776719,41.343304],[19.776738,41.343294]]}},{"type":"Feature","properties":{"line":"13B","mode":"bus","color":"#e16cd6","oi":-0.057,"n":2,"sw":1},"geometry":{"type":"LineString","coordinates":[[19.776733,41.343297],[19.776752,41.343287]]}},{"type":"Feature","properties":{"line":"13B","mode":"bus","color":"#e16cd6","oi":0.028,"n":2,"sw":1},"geometry":{"type":"LineString","coordinates":[[19.776746,41.34329],[19.776766,41.34328]]}},{"type":"Feature","properties":{"line":"13B","mode":"bus","color":"#e16cd6","oi":0.116,"n":2,"sw":1},"geometry":{"type":"LineString","coordinates":[[19.77676,41.343283],[19.776779,41.343273]]}},{"type":"Feature","properties":{"line":"13B","mode":"bus","color":"#e16cd6","oi":0.205,"n":2,"sw":1},"geometry":{"type":"LineString","coordinates":[[19.776773,41.343276],[19.776793,41.343265]]}},{"type":"Feature","properties":{"line":"13B","mode":"bus","color":"#e16cd6","oi":0.295,"n":2,"sw":1},"geometry":{"type":"LineString","coordinates":[[19.776787,41.343269],[19.776806,41.343258]]}},{"type":"Feature","properties":{"line":"13B","mode":"bus","color":"#e16cd6","oi":0.384,"n":2,"sw":1},"geometry":{"type":"LineString","coordinates":[[19.7768,41.343261],[19.77682,41.343251]]}},{"type":"Feature","properties":{"line":"13B","mode":"bus","color":"#e16cd6","oi":0.472,"n":2,"sw":1},"geometry":{"type":"LineString","coordinates":[[19.776814,41.343254],[19.776833,41.343244]]}},{"type":"Feature","properties":{"line":"13B","mode":"bus","color":"#e16cd6","oi":0.557,"n":2,"sw":1},"geometry":{"type":"LineString","coordinates":[[19.776827,41.343247],[19.776847,41.343237]]}},{"type":"Feature","properties":{"line":"13B","mode":"bus","color":"#e16cd6","oi":0.638,"n":2,"sw":1},"geometry":{"type":"LineString","coordinates":[[19.776841,41.34324],[19.77686,41.34323]]}},{"type":"Feature","properties":{"line":"13B","mode":"bus","color":"#e16cd6","oi":0.713,"n":2,"sw":1},"geometry":{"type":"LineString","coordinates":[[19.776855,41.343233],[19.776874,41.343223]]}},{"type":"Feature","properties":{"line":"13B","mode":"bus","color":"#e16cd6","oi":0.782,"n":2,"sw":1},"geometry":{"type":"LineString","coordinates":[[19.776868,41.343226],[19.776888,41.343215]]}},{"type":"Feature","properties":{"line":"13B","mode":"bus","color":"#e16cd6","oi":0.844,"n":2,"sw":1},"geometry":{"type":"LineString","coordinates":[[19.776882,41.343218],[19.776901,41.343208]]}},{"type":"Feature","properties":{"line":"13B","mode":"bus","color":"#e16cd6","oi":0.897,"n":2,"sw":1},"geometry":{"type":"LineString","coordinates":[[19.776895,41.343211],[19.776915,41.343201]]}},{"type":"Feature","properties":{"line":"13B","mode":"bus","color":"#e16cd6","oi":0.94,"n":2,"sw":1},"geometry":{"type":"LineString","coordinates":[[19.776909,41.343204],[19.776928,41.343194]]}},{"type":"Feature","properties":{"line":"13B","mode":"bus","color":"#e16cd6","oi":0.973,"n":2,"sw":1},"geometry":{"type":"LineString","coordinates":[[19.776922,41.343197],[19.776942,41.343187]]}},{"type":"Feature","properties":{"line":"13B","mode":"bus","color":"#e16cd6","oi":0.993,"n":2,"sw":1},"geometry":{"type":"LineString","coordinates":[[19.776936,41.34319],[19.776955,41.34318]]}},{"type":"Feature","properties":{"line":"13B","mode":"bus","color":"#e16cd6","oi":1,"n":2,"sw":1},"geometry":{"type":"LineString","coordinates":[[19.77695,41.343183],[19.776966,41.343174]]}},{"type":"Feature","properties":{"line":"13B","mode":"bus","color":"#e16cd6","oi":0,"n":1},"geometry":{"type":"LineString","coordinates":[[19.789349,41.321417],[19.789202,41.321496],[19.789153,41.321558],[19.78913,41.321628],[19.789145,41.321736]]}},{"type":"Feature","properties":{"line":"13B","mode":"bus","color":"#e16cd6","oi":0,"n":1},"geometry":{"type":"LineString","coordinates":[[19.789187,41.321793],[19.788933,41.322443],[19.788785,41.322713],[19.788536,41.32297],[19.788542,41.323066],[19.787625,41.324524],[19.78725,41.325199],[19.787135,41.325263],[19.786828,41.325955],[19.785823,41.327795],[19.78541,41.328654],[19.784812,41.329735]]}},{"type":"Feature","properties":{"line":"13B","mode":"bus","color":"#e16cd6","oi":0,"n":1,"sw":1},"geometry":{"type":"LineString","coordinates":[[19.784814,41.329732],[19.784794,41.329767]]}},{"type":"Feature","properties":{"line":"13B","mode":"bus","color":"#e16cd6","oi":-0.017,"n":1,"sw":1},"geometry":{"type":"LineString","coordinates":[[19.784797,41.329762],[19.784778,41.329797]]}},{"type":"Feature","properties":{"line":"13B","mode":"bus","color":"#e16cd6","oi":-0.063,"n":1,"sw":1},"geometry":{"type":"LineString","coordinates":[[19.784781,41.329792],[19.784761,41.329827]]}},{"type":"Feature","properties":{"line":"13B","mode":"bus","color":"#e16cd6","oi":-0.13,"n":1,"sw":1},"geometry":{"type":"LineString","coordinates":[[19.784764,41.329822],[19.784745,41.329857]]}},{"type":"Feature","properties":{"line":"13B","mode":"bus","color":"#e16cd6","oi":-0.209,"n":1,"sw":1},"geometry":{"type":"LineString","coordinates":[[19.784748,41.329852],[19.784728,41.329887]]}},{"type":"Feature","properties":{"line":"13B","mode":"bus","color":"#e16cd6","oi":-0.291,"n":1,"sw":1},"geometry":{"type":"LineString","coordinates":[[19.784731,41.329882],[19.784712,41.329917]]}},{"type":"Feature","properties":{"line":"13B","mode":"bus","color":"#e16cd6","oi":-0.37,"n":1,"sw":1},"geometry":{"type":"LineString","coordinates":[[19.784715,41.329912],[19.784695,41.329947]]}},{"type":"Feature","properties":{"line":"13B","mode":"bus","color":"#e16cd6","oi":-0.437,"n":1,"sw":1},"geometry":{"type":"LineString","coordinates":[[19.784698,41.329942],[19.784679,41.329977]]}},{"type":"Feature","properties":{"line":"13B","mode":"bus","color":"#e16cd6","oi":-0.483,"n":1,"sw":1},"geometry":{"type":"LineString","coordinates":[[19.784681,41.329972],[19.784662,41.330007]]}},{"type":"Feature","properties":{"line":"13B","mode":"bus","color":"#e16cd6","oi":-0.5,"n":1,"sw":1},"geometry":{"type":"LineString","coordinates":[[19.784665,41.330002],[19.784647,41.330034]]}},{"type":"Feature","properties":{"line":"13B","mode":"bus","color":"#e16cd6","oi":0,"n":1},"geometry":{"type":"LineString","coordinates":[[19.814503,41.318369],[19.814439,41.318331],[19.814297,41.318303],[19.810891,41.317766],[19.81071,41.31776],[19.810478,41.317807],[19.810269,41.317885],[19.808393,41.3188],[19.807915,41.319064],[19.806077,41.31998],[19.805859,41.320194],[19.80551,41.320971],[19.805364,41.321112],[19.805147,41.321209],[19.804907,41.321237],[19.799684,41.320404],[19.798159,41.320195],[19.79752,41.320144],[19.796658,41.320155],[19.795945,41.320238],[19.795419,41.320348],[19.794931,41.320487],[19.793203,41.321071],[19.792715,41.321295],[19.791494,41.322208]]}},{"type":"Feature","properties":{"line":"13B","mode":"bus","color":"#e16cd6","oi":-1,"n":3},"geometry":{"type":"LineString","coordinates":[[19.820763,41.319563],[19.818756,41.319299],[19.815046,41.318729]]}},{"type":"Feature","properties":{"line":"13B","mode":"bus","color":"#e16cd6","oi":-1.5,"n":4},"geometry":{"type":"LineString","coordinates":[[19.802513,41.333741],[19.789706,41.338201],[19.786163,41.33947]]}},{"type":"Feature","properties":{"line":"13B","mode":"bus","color":"#e16cd6","oi":-0.5,"n":2},"geometry":{"type":"LineString","coordinates":[[19.784647,41.330034],[19.783282,41.332609],[19.783046,41.333112],[19.782921,41.33345],[19.782816,41.33387],[19.782798,41.334602],[19.782937,41.335283],[19.783107,41.335701],[19.783342,41.336106],[19.784598,41.337732],[19.785179,41.338431],[19.785741,41.339022]]}},{"type":"Feature","properties":{"line":"13B","mode":"bus","color":"#e16cd6","oi":-0.5,"n":2,"sw":1},"geometry":{"type":"LineString","coordinates":[[19.785739,41.339019],[19.785768,41.33905]]}},{"type":"Feature","properties":{"line":"13B","mode":"bus","color":"#e16cd6","oi":-0.483,"n":2,"sw":1},"geometry":{"type":"LineString","coordinates":[[19.785764,41.339046],[19.785794,41.339076]]}},{"type":"Feature","properties":{"line":"13B","mode":"bus","color":"#e16cd6","oi":-0.437,"n":2,"sw":1},"geometry":{"type":"LineString","coordinates":[[19.785789,41.339072],[19.785819,41.339103]]}},{"type":"Feature","properties":{"line":"13B","mode":"bus","color":"#e16cd6","oi":-0.37,"n":2,"sw":1},"geometry":{"type":"LineString","coordinates":[[19.785814,41.339098],[19.785844,41.339129]]}},{"type":"Feature","properties":{"line":"13B","mode":"bus","color":"#e16cd6","oi":-0.291,"n":2,"sw":1},"geometry":{"type":"LineString","coordinates":[[19.785839,41.339125],[19.785869,41.339156]]}},{"type":"Feature","properties":{"line":"13B","mode":"bus","color":"#e16cd6","oi":-0.209,"n":2,"sw":1},"geometry":{"type":"LineString","coordinates":[[19.785865,41.339151],[19.785894,41.339182]]}},{"type":"Feature","properties":{"line":"13B","mode":"bus","color":"#e16cd6","oi":-0.13,"n":2,"sw":1},"geometry":{"type":"LineString","coordinates":[[19.78589,41.339177],[19.785919,41.339208]]}},{"type":"Feature","properties":{"line":"13B","mode":"bus","color":"#e16cd6","oi":-0.063,"n":2,"sw":1},"geometry":{"type":"LineString","coordinates":[[19.785915,41.339204],[19.785944,41.339235]]}},{"type":"Feature","properties":{"line":"13B","mode":"bus","color":"#e16cd6","oi":-0.017,"n":2,"sw":1},"geometry":{"type":"LineString","coordinates":[[19.78594,41.33923],[19.785969,41.339261]]}},{"type":"Feature","properties":{"line":"13B","mode":"bus","color":"#e16cd6","oi":0,"n":2,"sw":1},"geometry":{"type":"LineString","coordinates":[[19.785965,41.339256],[19.785992,41.339285]]}},{"type":"Feature","properties":{"line":"13B","mode":"bus","color":"#e16cd6","oi":-0.5,"n":2},"geometry":{"type":"LineString","coordinates":[[19.804777,41.333559],[19.804535,41.333485],[19.803941,41.333427],[19.803555,41.333485],[19.802929,41.333701]]}},{"type":"Feature","properties":{"line":"13B","mode":"bus","color":"#e16cd6","oi":0,"n":2,"sw":1},"geometry":{"type":"LineString","coordinates":[[19.805176,41.33368],[19.805133,41.333667]]}},{"type":"Feature","properties":{"line":"13B","mode":"bus","color":"#e16cd6","oi":-0.017,"n":2,"sw":1},"geometry":{"type":"LineString","coordinates":[[19.805139,41.333669],[19.805093,41.333655]]}},{"type":"Feature","properties":{"line":"13B","mode":"bus","color":"#e16cd6","oi":-0.063,"n":2,"sw":1},"geometry":{"type":"LineString","coordinates":[[19.805099,41.333657],[19.805053,41.333643]]}},{"type":"Feature","properties":{"line":"13B","mode":"bus","color":"#e16cd6","oi":-0.13,"n":2,"sw":1},"geometry":{"type":"LineString","coordinates":[[19.80506,41.333645],[19.805013,41.33363]]}},{"type":"Feature","properties":{"line":"13B","mode":"bus","color":"#e16cd6","oi":-0.209,"n":2,"sw":1},"geometry":{"type":"LineString","coordinates":[[19.80502,41.333632],[19.804973,41.333618]]}},{"type":"Feature","properties":{"line":"13B","mode":"bus","color":"#e16cd6","oi":-0.291,"n":2,"sw":1},"geometry":{"type":"LineString","coordinates":[[19.80498,41.33362],[19.804933,41.333606]]}},{"type":"Feature","properties":{"line":"13B","mode":"bus","color":"#e16cd6","oi":-0.37,"n":2,"sw":1},"geometry":{"type":"LineString","coordinates":[[19.80494,41.333608],[19.804893,41.333594]]}},{"type":"Feature","properties":{"line":"13B","mode":"bus","color":"#e16cd6","oi":-0.437,"n":2,"sw":1},"geometry":{"type":"LineString","coordinates":[[19.8049,41.333596],[19.804853,41.333582]]}},{"type":"Feature","properties":{"line":"13B","mode":"bus","color":"#e16cd6","oi":-0.483,"n":2,"sw":1},"geometry":{"type":"LineString","coordinates":[[19.80486,41.333584],[19.804813,41.33357]]}},{"type":"Feature","properties":{"line":"13B","mode":"bus","color":"#e16cd6","oi":-0.5,"n":2,"sw":1},"geometry":{"type":"LineString","coordinates":[[19.80482,41.333572],[19.804773,41.333558]]}},{"type":"Feature","properties":{"line":"13B","mode":"bus","color":"#e16cd6","oi":-0.5,"n":2,"sw":1},"geometry":{"type":"LineString","coordinates":[[19.802933,41.3337],[19.802887,41.333716]]}},{"type":"Feature","properties":{"line":"13B","mode":"bus","color":"#e16cd6","oi":-0.483,"n":2,"sw":1},"geometry":{"type":"LineString","coordinates":[[19.802893,41.333714],[19.802848,41.33373]]}},{"type":"Feature","properties":{"line":"13B","mode":"bus","color":"#e16cd6","oi":-0.437,"n":2,"sw":1},"geometry":{"type":"LineString","coordinates":[[19.802854,41.333727],[19.802812,41.333742],[19.802808,41.333742]]}},{"type":"Feature","properties":{"line":"13B","mode":"bus","color":"#e16cd6","oi":-0.37,"n":2,"sw":1},"geometry":{"type":"LineString","coordinates":[[19.802815,41.333741],[19.802812,41.333742],[19.802766,41.333746]]}},{"type":"Feature","properties":{"line":"13B","mode":"bus","color":"#e16cd6","oi":-0.291,"n":2,"sw":1},"geometry":{"type":"LineString","coordinates":[[19.802773,41.333746],[19.802723,41.33375]]}},{"type":"Feature","properties":{"line":"13B","mode":"bus","color":"#e16cd6","oi":-0.209,"n":2,"sw":1},"geometry":{"type":"LineString","coordinates":[[19.80273,41.33375],[19.80268,41.333754]]}},{"type":"Feature","properties":{"line":"13B","mode":"bus","color":"#e16cd6","oi":-0.13,"n":2,"sw":1},"geometry":{"type":"LineString","coordinates":[[19.802687,41.333754],[19.802664,41.333756],[19.802638,41.333753]]}},{"type":"Feature","properties":{"line":"13B","mode":"bus","color":"#e16cd6","oi":-0.063,"n":2,"sw":1},"geometry":{"type":"LineString","coordinates":[[19.802645,41.333754],[19.802595,41.333749]]}},{"type":"Feature","properties":{"line":"13B","mode":"bus","color":"#e16cd6","oi":-0.017,"n":2,"sw":1},"geometry":{"type":"LineString","coordinates":[[19.802602,41.33375],[19.802552,41.333745]]}},{"type":"Feature","properties":{"line":"13B","mode":"bus","color":"#e16cd6","oi":0,"n":2,"sw":1},"geometry":{"type":"LineString","coordinates":[[19.802559,41.333746],[19.802513,41.333741]]}},{"type":"Feature","properties":{"line":"13B","mode":"bus","color":"#e16cd6","oi":0,"n":3,"sw":1},"geometry":{"type":"LineString","coordinates":[[19.816358,41.335988],[19.816363,41.335976]]}},{"type":"Feature","properties":{"line":"13B","mode":"bus","color":"#e16cd6","oi":-0.259,"n":3,"sw":1},"geometry":{"type":"LineString","coordinates":[[19.816361,41.335981],[19.816366,41.335966]]}},{"type":"Feature","properties":{"line":"13B","mode":"bus","color":"#e16cd6","oi":-0.741,"n":3,"sw":1},"geometry":{"type":"LineString","coordinates":[[19.816364,41.335971],[19.81637,41.335957]]}},{"type":"Feature","properties":{"line":"13B","mode":"bus","color":"#e16cd6","oi":-1,"n":3,"sw":1},"geometry":{"type":"LineString","coordinates":[[19.816368,41.335962],[19.816373,41.335947]]}},{"type":"Feature","properties":{"line":"13B","mode":"bus","color":"#e16cd6","oi":-1,"n":3,"sw":1},"geometry":{"type":"LineString","coordinates":[[19.816372,41.335952],[19.816377,41.335937]]}},{"type":"Feature","properties":{"line":"13B","mode":"bus","color":"#e16cd6","oi":-0.741,"n":3,"sw":1},"geometry":{"type":"LineString","coordinates":[[19.816375,41.335942],[19.816381,41.335928]]}},{"type":"Feature","properties":{"line":"13B","mode":"bus","color":"#e16cd6","oi":-0.259,"n":3,"sw":1},"geometry":{"type":"LineString","coordinates":[[19.816379,41.335933],[19.816384,41.335918]]}},{"type":"Feature","properties":{"line":"13B","mode":"bus","color":"#e16cd6","oi":0,"n":3,"sw":1},"geometry":{"type":"LineString","coordinates":[[19.816382,41.335923],[19.816387,41.335911]]}},{"type":"Feature","properties":{"line":"13B","mode":"bus","color":"#e16cd6","oi":-0.5,"n":4},"geometry":{"type":"LineString","coordinates":[[19.812408,41.335352],[19.815793,41.335897]]}},{"type":"Feature","properties":{"line":"13B","mode":"bus","color":"#e16cd6","oi":-0.5,"n":4,"sw":1},"geometry":{"type":"LineString","coordinates":[[19.815789,41.335897],[19.815839,41.335905]]}},{"type":"Feature","properties":{"line":"13B","mode":"bus","color":"#e16cd6","oi":-0.483,"n":4,"sw":1},"geometry":{"type":"LineString","coordinates":[[19.815832,41.335903],[19.815881,41.335911]]}},{"type":"Feature","properties":{"line":"13B","mode":"bus","color":"#e16cd6","oi":-0.437,"n":4,"sw":1},"geometry":{"type":"LineString","coordinates":[[19.815874,41.33591],[19.815923,41.335918]]}},{"type":"Feature","properties":{"line":"13B","mode":"bus","color":"#e16cd6","oi":-0.37,"n":4,"sw":1},"geometry":{"type":"LineString","coordinates":[[19.815916,41.335917],[19.815965,41.335925]]}},{"type":"Feature","properties":{"line":"13B","mode":"bus","color":"#e16cd6","oi":-0.291,"n":4,"sw":1},"geometry":{"type":"LineString","coordinates":[[19.815958,41.335924],[19.816007,41.335932]]}},{"type":"Feature","properties":{"line":"13B","mode":"bus","color":"#e16cd6","oi":-0.209,"n":4,"sw":1},"geometry":{"type":"LineString","coordinates":[[19.816,41.335931],[19.816049,41.335938]]}},{"type":"Feature","properties":{"line":"13B","mode":"bus","color":"#e16cd6","oi":-0.13,"n":4,"sw":1},"geometry":{"type":"LineString","coordinates":[[19.816042,41.335937],[19.816091,41.335945]]}},{"type":"Feature","properties":{"line":"13B","mode":"bus","color":"#e16cd6","oi":-0.063,"n":4,"sw":1},"geometry":{"type":"LineString","coordinates":[[19.816084,41.335944],[19.816133,41.335952]]}},{"type":"Feature","properties":{"line":"13B","mode":"bus","color":"#e16cd6","oi":-0.017,"n":4,"sw":1},"geometry":{"type":"LineString","coordinates":[[19.816126,41.335951],[19.816175,41.335959]]}},{"type":"Feature","properties":{"line":"13B","mode":"bus","color":"#e16cd6","oi":0,"n":4,"sw":1},"geometry":{"type":"LineString","coordinates":[[19.816168,41.335958],[19.816214,41.335965]]}},{"type":"Feature","properties":{"line":"13B","mode":"bus","color":"#e16cd6","oi":0.5,"n":2},"geometry":{"type":"LineString","coordinates":[[19.80648,41.33437],[19.806583,41.334395],[19.811987,41.335283]]}},{"type":"Feature","properties":{"line":"13B","mode":"bus","color":"#e16cd6","oi":0,"n":2,"sw":1},"geometry":{"type":"LineString","coordinates":[[19.806085,41.334244],[19.806127,41.33426]]}},{"type":"Feature","properties":{"line":"13B","mode":"bus","color":"#e16cd6","oi":0.017,"n":2,"sw":1},"geometry":{"type":"LineString","coordinates":[[19.80612,41.334257],[19.806165,41.334274]]}},{"type":"Feature","properties":{"line":"13B","mode":"bus","color":"#e16cd6","oi":0.063,"n":2,"sw":1},"geometry":{"type":"LineString","coordinates":[[19.806159,41.334272],[19.806204,41.334288]]}},{"type":"Feature","properties":{"line":"13B","mode":"bus","color":"#e16cd6","oi":0.13,"n":2,"sw":1},"geometry":{"type":"LineString","coordinates":[[19.806197,41.334286],[19.806242,41.334303]]}},{"type":"Feature","properties":{"line":"13B","mode":"bus","color":"#e16cd6","oi":0.209,"n":2,"sw":1},"geometry":{"type":"LineString","coordinates":[[19.806236,41.3343],[19.806281,41.334317]]}},{"type":"Feature","properties":{"line":"13B","mode":"bus","color":"#e16cd6","oi":0.291,"n":2,"sw":1},"geometry":{"type":"LineString","coordinates":[[19.806275,41.334315],[19.80632,41.334332]]}},{"type":"Feature","properties":{"line":"13B","mode":"bus","color":"#e16cd6","oi":0.37,"n":2,"sw":1},"geometry":{"type":"LineString","coordinates":[[19.806313,41.334329],[19.806323,41.334333],[19.80636,41.334342]]}},{"type":"Feature","properties":{"line":"13B","mode":"bus","color":"#e16cd6","oi":0.437,"n":2,"sw":1},"geometry":{"type":"LineString","coordinates":[[19.806354,41.33434],[19.806401,41.334352]]}},{"type":"Feature","properties":{"line":"13B","mode":"bus","color":"#e16cd6","oi":0.483,"n":2,"sw":1},"geometry":{"type":"LineString","coordinates":[[19.806395,41.33435],[19.806443,41.334361]]}},{"type":"Feature","properties":{"line":"13B","mode":"bus","color":"#e16cd6","oi":0.5,"n":2,"sw":1},"geometry":{"type":"LineString","coordinates":[[19.806436,41.33436],[19.806484,41.334371]]}},{"type":"Feature","properties":{"line":"13B","mode":"bus","color":"#e16cd6","oi":0.5,"n":2,"sw":1},"geometry":{"type":"LineString","coordinates":[[19.811984,41.335282],[19.812014,41.335287]]}},{"type":"Feature","properties":{"line":"13B","mode":"bus","color":"#e16cd6","oi":0.49,"n":2,"sw":1},"geometry":{"type":"LineString","coordinates":[[19.812007,41.335286],[19.812038,41.335291]]}},{"type":"Feature","properties":{"line":"13B","mode":"bus","color":"#e16cd6","oi":0.462,"n":2,"sw":1},"geometry":{"type":"LineString","coordinates":[[19.812031,41.33529],[19.812061,41.335295]]}},{"type":"Feature","properties":{"line":"13B","mode":"bus","color":"#e16cd6","oi":0.418,"n":2,"sw":1},"geometry":{"type":"LineString","coordinates":[[19.812054,41.335294],[19.812084,41.335299]]}},{"type":"Feature","properties":{"line":"13B","mode":"bus","color":"#e16cd6","oi":0.36,"n":2,"sw":1},"geometry":{"type":"LineString","coordinates":[[19.812077,41.335298],[19.812108,41.335303]]}},{"type":"Feature","properties":{"line":"13B","mode":"bus","color":"#e16cd6","oi":0.291,"n":2,"sw":1},"geometry":{"type":"LineString","coordinates":[[19.812101,41.335302],[19.812131,41.335306]]}},{"type":"Feature","properties":{"line":"13B","mode":"bus","color":"#e16cd6","oi":0.214,"n":2,"sw":1},"geometry":{"type":"LineString","coordinates":[[19.812124,41.335305],[19.812154,41.33531]]}},{"type":"Feature","properties":{"line":"13B","mode":"bus","color":"#e16cd6","oi":0.131,"n":2,"sw":1},"geometry":{"type":"LineString","coordinates":[[19.812147,41.335309],[19.812178,41.335314]]}},{"type":"Feature","properties":{"line":"13B","mode":"bus","color":"#e16cd6","oi":0.044,"n":2,"sw":1},"geometry":{"type":"LineString","coordinates":[[19.812171,41.335313],[19.812201,41.335318]]}},{"type":"Feature","properties":{"line":"13B","mode":"bus","color":"#e16cd6","oi":-0.044,"n":2,"sw":1},"geometry":{"type":"LineString","coordinates":[[19.812194,41.335317],[19.812225,41.335322]]}},{"type":"Feature","properties":{"line":"13B","mode":"bus","color":"#e16cd6","oi":-0.131,"n":2,"sw":1},"geometry":{"type":"LineString","coordinates":[[19.812218,41.335321],[19.812248,41.335326]]}},{"type":"Feature","properties":{"line":"13B","mode":"bus","color":"#e16cd6","oi":-0.214,"n":2,"sw":1},"geometry":{"type":"LineString","coordinates":[[19.812241,41.335325],[19.812271,41.33533]]}},{"type":"Feature","properties":{"line":"13B","mode":"bus","color":"#e16cd6","oi":-0.291,"n":2,"sw":1},"geometry":{"type":"LineString","coordinates":[[19.812264,41.335328],[19.812295,41.335333]]}},{"type":"Feature","properties":{"line":"13B","mode":"bus","color":"#e16cd6","oi":-0.36,"n":2,"sw":1},"geometry":{"type":"LineString","coordinates":[[19.812288,41.335332],[19.812318,41.335337]]}},{"type":"Feature","properties":{"line":"13B","mode":"bus","color":"#e16cd6","oi":-0.418,"n":2,"sw":1},"geometry":{"type":"LineString","coordinates":[[19.812311,41.335336],[19.812341,41.335341]]}},{"type":"Feature","properties":{"line":"13B","mode":"bus","color":"#e16cd6","oi":-0.462,"n":2,"sw":1},"geometry":{"type":"LineString","coordinates":[[19.812334,41.33534],[19.812365,41.335345]]}},{"type":"Feature","properties":{"line":"13B","mode":"bus","color":"#e16cd6","oi":-0.49,"n":2,"sw":1},"geometry":{"type":"LineString","coordinates":[[19.812358,41.335344],[19.812388,41.335349]]}},{"type":"Feature","properties":{"line":"13B","mode":"bus","color":"#e16cd6","oi":-0.5,"n":2,"sw":1},"geometry":{"type":"LineString","coordinates":[[19.812381,41.335348],[19.812408,41.335352]]}},{"type":"Feature","properties":{"line":"8A","mode":"bus","color":"#446303","oi":-0.5,"n":2},"geometry":{"type":"LineString","coordinates":[[19.8591,41.283586],[19.85919,41.283545],[19.859217,41.283493],[19.859202,41.283435],[19.859148,41.283393],[19.858897,41.283317],[19.858882,41.283314],[19.858871,41.283314],[19.858866,41.283318],[19.858865,41.283326],[19.858868,41.283338],[19.858944,41.283505]]}},{"type":"Feature","properties":{"line":"8A","mode":"bus","color":"#446303","oi":-0.5,"n":2},"geometry":{"type":"LineString","coordinates":[[19.858853,41.283304],[19.857033,41.281704],[19.85684,41.281572],[19.856724,41.281527],[19.856377,41.281457]]}},{"type":"Feature","properties":{"line":"8A","mode":"bus","color":"#446303","oi":-0.5,"n":2},"geometry":{"type":"LineString","coordinates":[[19.856296,41.280723],[19.856274,41.280888],[19.856458,41.281293],[19.856464,41.281464]]}},{"type":"Feature","properties":{"line":"8A","mode":"bus","color":"#446303","oi":-0.5,"n":2},"geometry":{"type":"LineString","coordinates":[[19.856096,41.280195],[19.856161,41.280126],[19.856328,41.280084],[19.856468,41.28013],[19.856542,41.280223],[19.856537,41.280314],[19.856386,41.280491],[19.856309,41.280688],[19.856305,41.280698],[19.856301,41.280704],[19.856298,41.280705],[19.856295,41.280703],[19.856292,41.280697],[19.856289,41.280687],[19.856263,41.280546],[19.856179,41.280413],[19.856152,41.280385],[19.856112,41.280369],[19.855952,41.280331],[19.855685,41.280339],[19.8554,41.28039],[19.855147,41.280516],[19.855073,41.280593],[19.854589,41.28158],[19.854184,41.282482],[19.854194,41.282637],[19.854358,41.282981],[19.854372,41.283001],[19.854393,41.283014],[19.854421,41.283021],[19.854646,41.283049],[19.854782,41.283013],[19.854858,41.283035],[19.855304,41.283337]]}},{"type":"Feature","properties":{"line":"8A","mode":"bus","color":"#446303","oi":-0.5,"n":2},"geometry":{"type":"LineString","coordinates":[[19.855113,41.283478],[19.8546,41.283195]]}},{"type":"Feature","properties":{"line":"8A","mode":"bus","color":"#446303","oi":1,"n":3},"geometry":{"type":"LineString","coordinates":[[19.840028,41.307338],[19.839889,41.307445],[19.839712,41.30749],[19.838609,41.307535],[19.83842,41.307569],[19.838215,41.307641],[19.837928,41.307805],[19.837616,41.308061],[19.837293,41.308421],[19.837174,41.308622],[19.836221,41.310956],[19.834519,41.313328],[19.834447,41.313613],[19.834471,41.314175],[19.834428,41.314388],[19.83299,41.316867]]}},{"type":"Feature","properties":{"line":"8A","mode":"bus","color":"#446303","oi":1,"n":3,"sw":1},"geometry":{"type":"LineString","coordinates":[[19.832992,41.316865],[19.832972,41.316899]]}},{"type":"Feature","properties":{"line":"8A","mode":"bus","color":"#446303","oi":1.017,"n":3,"sw":1},"geometry":{"type":"LineString","coordinates":[[19.832974,41.316894],[19.832954,41.316929]]}},{"type":"Feature","properties":{"line":"8A","mode":"bus","color":"#446303","oi":1.063,"n":3,"sw":1},"geometry":{"type":"LineString","coordinates":[[19.832957,41.316924],[19.832937,41.316959]]}},{"type":"Feature","properties":{"line":"8A","mode":"bus","color":"#446303","oi":1.13,"n":3,"sw":1},"geometry":{"type":"LineString","coordinates":[[19.83294,41.316954],[19.83292,41.316988]]}},{"type":"Feature","properties":{"line":"8A","mode":"bus","color":"#446303","oi":1.209,"n":3,"sw":1},"geometry":{"type":"LineString","coordinates":[[19.832923,41.316983],[19.832903,41.317018]]}},{"type":"Feature","properties":{"line":"8A","mode":"bus","color":"#446303","oi":1.291,"n":3,"sw":1},"geometry":{"type":"LineString","coordinates":[[19.832906,41.317013],[19.832885,41.317048]]}},{"type":"Feature","properties":{"line":"8A","mode":"bus","color":"#446303","oi":1.37,"n":3,"sw":1},"geometry":{"type":"LineString","coordinates":[[19.832888,41.317043],[19.832868,41.317077]]}},{"type":"Feature","properties":{"line":"8A","mode":"bus","color":"#446303","oi":1.437,"n":3,"sw":1},"geometry":{"type":"LineString","coordinates":[[19.832871,41.317072],[19.832851,41.317107]]}},{"type":"Feature","properties":{"line":"8A","mode":"bus","color":"#446303","oi":1.483,"n":3,"sw":1},"geometry":{"type":"LineString","coordinates":[[19.832854,41.317102],[19.832834,41.317137]]}},{"type":"Feature","properties":{"line":"8A","mode":"bus","color":"#446303","oi":1.5,"n":3,"sw":1},"geometry":{"type":"LineString","coordinates":[[19.832837,41.317132],[19.832818,41.317164]]}},{"type":"Feature","properties":{"line":"8A","mode":"bus","color":"#446303","oi":1,"n":3},"geometry":{"type":"LineString","coordinates":[[19.840305,41.307332],[19.840289,41.307325]]}},{"type":"Feature","properties":{"line":"8A","mode":"bus","color":"#446303","oi":1,"n":3},"geometry":{"type":"LineString","coordinates":[[19.840428,41.307444],[19.840433,41.307456]]}},{"type":"Feature","properties":{"line":"8A","mode":"bus","color":"#446303","oi":1,"n":3},"geometry":{"type":"LineString","coordinates":[[19.840397,41.307618],[19.840302,41.307683],[19.840179,41.307708],[19.840054,41.307686],[19.839908,41.307597],[19.839715,41.307574],[19.838767,41.307609],[19.838464,41.307653],[19.838193,41.307753],[19.838015,41.30786],[19.837709,41.308106],[19.837471,41.308356],[19.837339,41.308542],[19.837238,41.308744],[19.836347,41.310965],[19.836193,41.311207],[19.834768,41.313134],[19.834644,41.313338],[19.834568,41.313593],[19.834586,41.314193],[19.834522,41.31446],[19.8332,41.316723]]}},{"type":"Feature","properties":{"line":"8A","mode":"bus","color":"#446303","oi":1,"n":3,"sw":1},"geometry":{"type":"LineString","coordinates":[[19.833202,41.316721],[19.833181,41.316756]]}},{"type":"Feature","properties":{"line":"8A","mode":"bus","color":"#446303","oi":1.017,"n":3,"sw":1},"geometry":{"type":"LineString","coordinates":[[19.833184,41.316751],[19.833164,41.316785]]}},{"type":"Feature","properties":{"line":"8A","mode":"bus","color":"#446303","oi":1.063,"n":3,"sw":1},"geometry":{"type":"LineString","coordinates":[[19.833167,41.31678],[19.833147,41.316815]]}},{"type":"Feature","properties":{"line":"8A","mode":"bus","color":"#446303","oi":1.13,"n":3,"sw":1},"geometry":{"type":"LineString","coordinates":[[19.83315,41.31681],[19.833129,41.316845]]}},{"type":"Feature","properties":{"line":"8A","mode":"bus","color":"#446303","oi":1.209,"n":3,"sw":1},"geometry":{"type":"LineString","coordinates":[[19.833132,41.31684],[19.833112,41.316874]]}},{"type":"Feature","properties":{"line":"8A","mode":"bus","color":"#446303","oi":1.291,"n":3,"sw":1},"geometry":{"type":"LineString","coordinates":[[19.833115,41.316869],[19.833095,41.316904]]}},{"type":"Feature","properties":{"line":"8A","mode":"bus","color":"#446303","oi":1.37,"n":3,"sw":1},"geometry":{"type":"LineString","coordinates":[[19.833098,41.316899],[19.833078,41.316933]]}},{"type":"Feature","properties":{"line":"8A","mode":"bus","color":"#446303","oi":1.437,"n":3,"sw":1},"geometry":{"type":"LineString","coordinates":[[19.83308,41.316929],[19.83306,41.316963]]}},{"type":"Feature","properties":{"line":"8A","mode":"bus","color":"#446303","oi":1.483,"n":3,"sw":1},"geometry":{"type":"LineString","coordinates":[[19.833063,41.316958],[19.833043,41.316993]]}},{"type":"Feature","properties":{"line":"8A","mode":"bus","color":"#446303","oi":1.5,"n":3,"sw":1},"geometry":{"type":"LineString","coordinates":[[19.833046,41.316988],[19.833027,41.31702]]}},{"type":"Feature","properties":{"line":"8A","mode":"bus","color":"#446303","oi":1,"n":2,"sw":1},"geometry":{"type":"LineString","coordinates":[[19.840289,41.307325],[19.840272,41.307323]]}},{"type":"Feature","properties":{"line":"8A","mode":"bus","color":"#446303","oi":0.983,"n":2,"sw":1},"geometry":{"type":"LineString","coordinates":[[19.840279,41.307324],[19.840259,41.307321]]}},{"type":"Feature","properties":{"line":"8A","mode":"bus","color":"#446303","oi":0.937,"n":2,"sw":1},"geometry":{"type":"LineString","coordinates":[[19.840266,41.307322],[19.840246,41.307319]]}},{"type":"Feature","properties":{"line":"8A","mode":"bus","color":"#446303","oi":0.87,"n":2,"sw":1},"geometry":{"type":"LineString","coordinates":[[19.840253,41.30732],[19.840232,41.307317]]}},{"type":"Feature","properties":{"line":"8A","mode":"bus","color":"#446303","oi":0.791,"n":2,"sw":1},"geometry":{"type":"LineString","coordinates":[[19.840239,41.307318],[19.840219,41.307315]]}},{"type":"Feature","properties":{"line":"8A","mode":"bus","color":"#446303","oi":0.709,"n":2,"sw":1},"geometry":{"type":"LineString","coordinates":[[19.840226,41.307316],[19.840206,41.307313]]}},{"type":"Feature","properties":{"line":"8A","mode":"bus","color":"#446303","oi":0.63,"n":2,"sw":1},"geometry":{"type":"LineString","coordinates":[[19.840213,41.307314],[19.840193,41.307311]]}},{"type":"Feature","properties":{"line":"8A","mode":"bus","color":"#446303","oi":0.563,"n":2,"sw":1},"geometry":{"type":"LineString","coordinates":[[19.8402,41.307312],[19.840179,41.307309]]}},{"type":"Feature","properties":{"line":"8A","mode":"bus","color":"#446303","oi":0.517,"n":2,"sw":1},"geometry":{"type":"LineString","coordinates":[[19.840186,41.30731],[19.840166,41.307307]]}},{"type":"Feature","properties":{"line":"8A","mode":"bus","color":"#446303","oi":0.5,"n":2,"sw":1},"geometry":{"type":"LineString","coordinates":[[19.840173,41.307308],[19.840156,41.307306],[19.840153,41.307307]]}},{"type":"Feature","properties":{"line":"8A","mode":"bus","color":"#446303","oi":0.5,"n":2,"sw":1},"geometry":{"type":"LineString","coordinates":[[19.84016,41.307307],[19.840156,41.307306],[19.84014,41.30731]]}},{"type":"Feature","properties":{"line":"8A","mode":"bus","color":"#446303","oi":0.483,"n":2,"sw":1},"geometry":{"type":"LineString","coordinates":[[19.840147,41.307308],[19.840127,41.307313]]}},{"type":"Feature","properties":{"line":"8A","mode":"bus","color":"#446303","oi":0.437,"n":2,"sw":1},"geometry":{"type":"LineString","coordinates":[[19.840134,41.307312],[19.840114,41.307316]]}},{"type":"Feature","properties":{"line":"8A","mode":"bus","color":"#446303","oi":0.37,"n":2,"sw":1},"geometry":{"type":"LineString","coordinates":[[19.840121,41.307315],[19.840102,41.30732]]}},{"type":"Feature","properties":{"line":"8A","mode":"bus","color":"#446303","oi":0.291,"n":2,"sw":1},"geometry":{"type":"LineString","coordinates":[[19.840108,41.307318],[19.840089,41.307323]]}},{"type":"Feature","properties":{"line":"8A","mode":"bus","color":"#446303","oi":0.209,"n":2,"sw":1},"geometry":{"type":"LineString","coordinates":[[19.840096,41.307321],[19.840076,41.307326]]}},{"type":"Feature","properties":{"line":"8A","mode":"bus","color":"#446303","oi":0.13,"n":2,"sw":1},"geometry":{"type":"LineString","coordinates":[[19.840083,41.307324],[19.840063,41.307329]]}},{"type":"Feature","properties":{"line":"8A","mode":"bus","color":"#446303","oi":0.063,"n":2,"sw":1},"geometry":{"type":"LineString","coordinates":[[19.84007,41.307328],[19.84005,41.307332]]}},{"type":"Feature","properties":{"line":"8A","mode":"bus","color":"#446303","oi":0.017,"n":2,"sw":1},"geometry":{"type":"LineString","coordinates":[[19.840057,41.307331],[19.840037,41.307336]]}},{"type":"Feature","properties":{"line":"8A","mode":"bus","color":"#446303","oi":0,"n":2,"sw":1},"geometry":{"type":"LineString","coordinates":[[19.840044,41.307334],[19.840028,41.307338]]}},{"type":"Feature","properties":{"line":"8A","mode":"bus","color":"#446303","oi":1,"n":2,"sw":1},"geometry":{"type":"LineString","coordinates":[[19.840433,41.307456],[19.840434,41.307467]]}},{"type":"Feature","properties":{"line":"8A","mode":"bus","color":"#446303","oi":0.983,"n":2,"sw":1},"geometry":{"type":"LineString","coordinates":[[19.840434,41.307462],[19.840435,41.307475]]}},{"type":"Feature","properties":{"line":"8A","mode":"bus","color":"#446303","oi":0.937,"n":2,"sw":1},"geometry":{"type":"LineString","coordinates":[[19.840434,41.30747],[19.840436,41.307484]]}},{"type":"Feature","properties":{"line":"8A","mode":"bus","color":"#446303","oi":0.87,"n":2,"sw":1},"geometry":{"type":"LineString","coordinates":[[19.840435,41.307478],[19.840437,41.307492]]}},{"type":"Feature","properties":{"line":"8A","mode":"bus","color":"#446303","oi":0.791,"n":2,"sw":1},"geometry":{"type":"LineString","coordinates":[[19.840436,41.307487],[19.840437,41.307501]]}},{"type":"Feature","properties":{"line":"8A","mode":"bus","color":"#446303","oi":0.709,"n":2,"sw":1},"geometry":{"type":"LineString","coordinates":[[19.840437,41.307495],[19.840438,41.307509]]}},{"type":"Feature","properties":{"line":"8A","mode":"bus","color":"#446303","oi":0.63,"n":2,"sw":1},"geometry":{"type":"LineString","coordinates":[[19.840438,41.307504],[19.840439,41.307517]]}},{"type":"Feature","properties":{"line":"8A","mode":"bus","color":"#446303","oi":0.563,"n":2,"sw":1},"geometry":{"type":"LineString","coordinates":[[19.840438,41.307512],[19.84044,41.307526]]}},{"type":"Feature","properties":{"line":"8A","mode":"bus","color":"#446303","oi":0.517,"n":2,"sw":1},"geometry":{"type":"LineString","coordinates":[[19.840439,41.30752],[19.84044,41.307528],[19.840437,41.307534]]}},{"type":"Feature","properties":{"line":"8A","mode":"bus","color":"#446303","oi":0.5,"n":2,"sw":1},"geometry":{"type":"LineString","coordinates":[[19.84044,41.307529],[19.840434,41.307542]]}},{"type":"Feature","properties":{"line":"8A","mode":"bus","color":"#446303","oi":0.5,"n":2,"sw":1},"geometry":{"type":"LineString","coordinates":[[19.840436,41.307536],[19.84043,41.307549]]}},{"type":"Feature","properties":{"line":"8A","mode":"bus","color":"#446303","oi":0.483,"n":2,"sw":1},"geometry":{"type":"LineString","coordinates":[[19.840432,41.307544],[19.840426,41.307557]]}},{"type":"Feature","properties":{"line":"8A","mode":"bus","color":"#446303","oi":0.437,"n":2,"sw":1},"geometry":{"type":"LineString","coordinates":[[19.840428,41.307552],[19.840422,41.307565]]}},{"type":"Feature","properties":{"line":"8A","mode":"bus","color":"#446303","oi":0.37,"n":2,"sw":1},"geometry":{"type":"LineString","coordinates":[[19.840425,41.30756],[19.840418,41.307573]]}},{"type":"Feature","properties":{"line":"8A","mode":"bus","color":"#446303","oi":0.291,"n":2,"sw":1},"geometry":{"type":"LineString","coordinates":[[19.840421,41.307568],[19.840415,41.307581]]}},{"type":"Feature","properties":{"line":"8A","mode":"bus","color":"#446303","oi":0.209,"n":2,"sw":1},"geometry":{"type":"LineString","coordinates":[[19.840417,41.307576],[19.840411,41.307589]]}},{"type":"Feature","properties":{"line":"8A","mode":"bus","color":"#446303","oi":0.13,"n":2,"sw":1},"geometry":{"type":"LineString","coordinates":[[19.840413,41.307584],[19.840407,41.307597]]}},{"type":"Feature","properties":{"line":"8A","mode":"bus","color":"#446303","oi":0.063,"n":2,"sw":1},"geometry":{"type":"LineString","coordinates":[[19.84041,41.307592],[19.840403,41.307605]]}},{"type":"Feature","properties":{"line":"8A","mode":"bus","color":"#446303","oi":0.017,"n":2,"sw":1},"geometry":{"type":"LineString","coordinates":[[19.840406,41.3076],[19.8404,41.307613]]}},{"type":"Feature","properties":{"line":"8A","mode":"bus","color":"#446303","oi":0,"n":2,"sw":1},"geometry":{"type":"LineString","coordinates":[[19.840402,41.307608],[19.840397,41.307618]]}},{"type":"Feature","properties":{"line":"8A","mode":"bus","color":"#446303","oi":0,"n":4,"sw":1},"geometry":{"type":"LineString","coordinates":[[19.830906,41.318203],[19.830901,41.318214]]}},{"type":"Feature","properties":{"line":"8A","mode":"bus","color":"#446303","oi":0.035,"n":4,"sw":1},"geometry":{"type":"LineString","coordinates":[[19.830903,41.318208],[19.830897,41.318221]]}},{"type":"Feature","properties":{"line":"8A","mode":"bus","color":"#446303","oi":0.131,"n":4,"sw":1},"geometry":{"type":"LineString","coordinates":[[19.8309,41.318216],[19.830893,41.318229]]}},{"type":"Feature","properties":{"line":"8A","mode":"bus","color":"#446303","oi":0.274,"n":4,"sw":1},"geometry":{"type":"LineString","coordinates":[[19.830896,41.318224],[19.83089,41.318237]]}},{"type":"Feature","properties":{"line":"8A","mode":"bus","color":"#446303","oi":0.451,"n":4,"sw":1},"geometry":{"type":"LineString","coordinates":[[19.830892,41.318232],[19.830886,41.318245]]}},{"type":"Feature","properties":{"line":"8A","mode":"bus","color":"#446303","oi":0.648,"n":4,"sw":1},"geometry":{"type":"LineString","coordinates":[[19.830888,41.31824],[19.830882,41.318253]]}},{"type":"Feature","properties":{"line":"8A","mode":"bus","color":"#446303","oi":0.852,"n":4,"sw":1},"geometry":{"type":"LineString","coordinates":[[19.830884,41.318248],[19.830878,41.318261]]}},{"type":"Feature","properties":{"line":"8A","mode":"bus","color":"#446303","oi":1.049,"n":4,"sw":1},"geometry":{"type":"LineString","coordinates":[[19.830881,41.318256],[19.830874,41.318269]]}},{"type":"Feature","properties":{"line":"8A","mode":"bus","color":"#446303","oi":1.226,"n":4,"sw":1},"geometry":{"type":"LineString","coordinates":[[19.830877,41.318264],[19.830871,41.318277]]}},{"type":"Feature","properties":{"line":"8A","mode":"bus","color":"#446303","oi":1.369,"n":4,"sw":1},"geometry":{"type":"LineString","coordinates":[[19.830873,41.318272],[19.830867,41.318285],[19.830867,41.318285]]}},{"type":"Feature","properties":{"line":"8A","mode":"bus","color":"#446303","oi":1.465,"n":4,"sw":1},"geometry":{"type":"LineString","coordinates":[[19.830869,41.31828],[19.830867,41.318285],[19.830858,41.31829]]}},{"type":"Feature","properties":{"line":"8A","mode":"bus","color":"#446303","oi":1.5,"n":4,"sw":1},"geometry":{"type":"LineString","coordinates":[[19.830863,41.318287],[19.830848,41.318295]]}},{"type":"Feature","properties":{"line":"8A","mode":"bus","color":"#446303","oi":1.5,"n":4,"sw":1},"geometry":{"type":"LineString","coordinates":[[19.830854,41.318292],[19.830839,41.3183]]}},{"type":"Feature","properties":{"line":"8A","mode":"bus","color":"#446303","oi":1.465,"n":4,"sw":1},"geometry":{"type":"LineString","coordinates":[[19.830845,41.318297],[19.83083,41.318305]]}},{"type":"Feature","properties":{"line":"8A","mode":"bus","color":"#446303","oi":1.369,"n":4,"sw":1},"geometry":{"type":"LineString","coordinates":[[19.830836,41.318302],[19.830821,41.31831]]}},{"type":"Feature","properties":{"line":"8A","mode":"bus","color":"#446303","oi":1.226,"n":4,"sw":1},"geometry":{"type":"LineString","coordinates":[[19.830827,41.318307],[19.830812,41.318315]]}},{"type":"Feature","properties":{"line":"8A","mode":"bus","color":"#446303","oi":1.049,"n":4,"sw":1},"geometry":{"type":"LineString","coordinates":[[19.830818,41.318312],[19.830803,41.31832]]}},{"type":"Feature","properties":{"line":"8A","mode":"bus","color":"#446303","oi":0.852,"n":4,"sw":1},"geometry":{"type":"LineString","coordinates":[[19.830809,41.318317],[19.830794,41.318325]]}},{"type":"Feature","properties":{"line":"8A","mode":"bus","color":"#446303","oi":0.648,"n":4,"sw":1},"geometry":{"type":"LineString","coordinates":[[19.8308,41.318322],[19.830785,41.31833]]}},{"type":"Feature","properties":{"line":"8A","mode":"bus","color":"#446303","oi":0.451,"n":4,"sw":1},"geometry":{"type":"LineString","coordinates":[[19.83079,41.318327],[19.830776,41.318335]]}},{"type":"Feature","properties":{"line":"8A","mode":"bus","color":"#446303","oi":0.274,"n":4,"sw":1},"geometry":{"type":"LineString","coordinates":[[19.830781,41.318332],[19.830766,41.31834]]}},{"type":"Feature","properties":{"line":"8A","mode":"bus","color":"#446303","oi":0.131,"n":4,"sw":1},"geometry":{"type":"LineString","coordinates":[[19.830772,41.318337],[19.830757,41.318345]]}},{"type":"Feature","properties":{"line":"8A","mode":"bus","color":"#446303","oi":0.035,"n":4,"sw":1},"geometry":{"type":"LineString","coordinates":[[19.830763,41.318341],[19.830748,41.31835]]}},{"type":"Feature","properties":{"line":"8A","mode":"bus","color":"#446303","oi":0,"n":4,"sw":1},"geometry":{"type":"LineString","coordinates":[[19.830754,41.318346],[19.830742,41.318353]]}},{"type":"Feature","properties":{"line":"8A","mode":"bus","color":"#446303","oi":1.5,"n":4},"geometry":{"type":"LineString","coordinates":[[19.832818,41.317164],[19.832635,41.317383],[19.832498,41.317487],[19.832338,41.317568],[19.831215,41.317963],[19.831199,41.317965]]}},{"type":"Feature","properties":{"line":"8A","mode":"bus","color":"#446303","oi":1.5,"n":4,"sw":1},"geometry":{"type":"LineString","coordinates":[[19.831202,41.317965],[19.831179,41.317968]]}},{"type":"Feature","properties":{"line":"8A","mode":"bus","color":"#446303","oi":1.493,"n":4,"sw":1},"geometry":{"type":"LineString","coordinates":[[19.831186,41.317967],[19.831163,41.317971]]}},{"type":"Feature","properties":{"line":"8A","mode":"bus","color":"#446303","oi":1.473,"n":4,"sw":1},"geometry":{"type":"LineString","coordinates":[[19.83117,41.31797],[19.831146,41.317973]]}},{"type":"Feature","properties":{"line":"8A","mode":"bus","color":"#446303","oi":1.44,"n":4,"sw":1},"geometry":{"type":"LineString","coordinates":[[19.831153,41.317972],[19.83113,41.317976]]}},{"type":"Feature","properties":{"line":"8A","mode":"bus","color":"#446303","oi":1.397,"n":4,"sw":1},"geometry":{"type":"LineString","coordinates":[[19.831137,41.317975],[19.831114,41.317978]]}},{"type":"Feature","properties":{"line":"8A","mode":"bus","color":"#446303","oi":1.344,"n":4,"sw":1},"geometry":{"type":"LineString","coordinates":[[19.831121,41.317977],[19.831097,41.31798]]}},{"type":"Feature","properties":{"line":"8A","mode":"bus","color":"#446303","oi":1.282,"n":4,"sw":1},"geometry":{"type":"LineString","coordinates":[[19.831105,41.317979],[19.831081,41.317983]]}},{"type":"Feature","properties":{"line":"8A","mode":"bus","color":"#446303","oi":1.213,"n":4,"sw":1},"geometry":{"type":"LineString","coordinates":[[19.831088,41.317982],[19.831065,41.317985]]}},{"type":"Feature","properties":{"line":"8A","mode":"bus","color":"#446303","oi":1.138,"n":4,"sw":1},"geometry":{"type":"LineString","coordinates":[[19.831072,41.317984],[19.831049,41.317988]]}},{"type":"Feature","properties":{"line":"8A","mode":"bus","color":"#446303","oi":1.057,"n":4,"sw":1},"geometry":{"type":"LineString","coordinates":[[19.831056,41.317987],[19.831032,41.31799]]}},{"type":"Feature","properties":{"line":"8A","mode":"bus","color":"#446303","oi":0.972,"n":4,"sw":1},"geometry":{"type":"LineString","coordinates":[[19.83104,41.317989],[19.831016,41.317992]]}},{"type":"Feature","properties":{"line":"8A","mode":"bus","color":"#446303","oi":0.884,"n":4,"sw":1},"geometry":{"type":"LineString","coordinates":[[19.831023,41.317991],[19.831,41.317995]]}},{"type":"Feature","properties":{"line":"8A","mode":"bus","color":"#446303","oi":0.795,"n":4,"sw":1},"geometry":{"type":"LineString","coordinates":[[19.831007,41.317994],[19.830984,41.317997]]}},{"type":"Feature","properties":{"line":"8A","mode":"bus","color":"#446303","oi":0.705,"n":4,"sw":1},"geometry":{"type":"LineString","coordinates":[[19.830991,41.317996],[19.830967,41.318]]}},{"type":"Feature","properties":{"line":"8A","mode":"bus","color":"#446303","oi":0.616,"n":4,"sw":1},"geometry":{"type":"LineString","coordinates":[[19.830975,41.317999],[19.830951,41.318002]]}},{"type":"Feature","properties":{"line":"8A","mode":"bus","color":"#446303","oi":0.528,"n":4,"sw":1},"geometry":{"type":"LineString","coordinates":[[19.830958,41.318001],[19.830935,41.318004]]}},{"type":"Feature","properties":{"line":"8A","mode":"bus","color":"#446303","oi":0.443,"n":4,"sw":1},"geometry":{"type":"LineString","coordinates":[[19.830942,41.318003],[19.830919,41.318007]]}},{"type":"Feature","properties":{"line":"8A","mode":"bus","color":"#446303","oi":0.362,"n":4,"sw":1},"geometry":{"type":"LineString","coordinates":[[19.830926,41.318006],[19.830902,41.318009]]}},{"type":"Feature","properties":{"line":"8A","mode":"bus","color":"#446303","oi":0.287,"n":4,"sw":1},"geometry":{"type":"LineString","coordinates":[[19.83091,41.318008],[19.830886,41.318012]]}},{"type":"Feature","properties":{"line":"8A","mode":"bus","color":"#446303","oi":0.218,"n":4,"sw":1},"geometry":{"type":"LineString","coordinates":[[19.830893,41.318011],[19.83087,41.318014]]}},{"type":"Feature","properties":{"line":"8A","mode":"bus","color":"#446303","oi":0.156,"n":4,"sw":1},"geometry":{"type":"LineString","coordinates":[[19.830877,41.318013],[19.830854,41.318016]]}},{"type":"Feature","properties":{"line":"8A","mode":"bus","color":"#446303","oi":0.103,"n":4,"sw":1},"geometry":{"type":"LineString","coordinates":[[19.830861,41.318015],[19.830837,41.318019]]}},{"type":"Feature","properties":{"line":"8A","mode":"bus","color":"#446303","oi":0.06,"n":4,"sw":1},"geometry":{"type":"LineString","coordinates":[[19.830845,41.318018],[19.830821,41.318021]]}},{"type":"Feature","properties":{"line":"8A","mode":"bus","color":"#446303","oi":0.027,"n":4,"sw":1},"geometry":{"type":"LineString","coordinates":[[19.830828,41.31802],[19.830805,41.318024]]}},{"type":"Feature","properties":{"line":"8A","mode":"bus","color":"#446303","oi":0.007,"n":4,"sw":1},"geometry":{"type":"LineString","coordinates":[[19.830812,41.318023],[19.830789,41.318026]]}},{"type":"Feature","properties":{"line":"8A","mode":"bus","color":"#446303","oi":0,"n":4,"sw":1},"geometry":{"type":"LineString","coordinates":[[19.830796,41.318025],[19.830776,41.318028]]}},{"type":"Feature","properties":{"line":"8A","mode":"bus","color":"#446303","oi":1.5,"n":4},"geometry":{"type":"LineString","coordinates":[[19.833027,41.31702],[19.832816,41.317346],[19.832646,41.317498],[19.832515,41.317579],[19.832278,41.317686],[19.831283,41.318026]]}},{"type":"Feature","properties":{"line":"8A","mode":"bus","color":"#446303","oi":1.5,"n":4,"sw":1},"geometry":{"type":"LineString","coordinates":[[19.831286,41.318025],[19.831264,41.318032]]}},{"type":"Feature","properties":{"line":"8A","mode":"bus","color":"#446303","oi":1.493,"n":4,"sw":1},"geometry":{"type":"LineString","coordinates":[[19.831271,41.31803],[19.831249,41.318037]]}},{"type":"Feature","properties":{"line":"8A","mode":"bus","color":"#446303","oi":1.473,"n":4,"sw":1},"geometry":{"type":"LineString","coordinates":[[19.831256,41.318035],[19.831234,41.318042]]}},{"type":"Feature","properties":{"line":"8A","mode":"bus","color":"#446303","oi":1.44,"n":4,"sw":1},"geometry":{"type":"LineString","coordinates":[[19.831241,41.31804],[19.831219,41.318047]]}},{"type":"Feature","properties":{"line":"8A","mode":"bus","color":"#446303","oi":1.397,"n":4,"sw":1},"geometry":{"type":"LineString","coordinates":[[19.831226,41.318045],[19.831204,41.318053]]}},{"type":"Feature","properties":{"line":"8A","mode":"bus","color":"#446303","oi":1.344,"n":4,"sw":1},"geometry":{"type":"LineString","coordinates":[[19.83121,41.31805],[19.831189,41.318058]]}},{"type":"Feature","properties":{"line":"8A","mode":"bus","color":"#446303","oi":1.282,"n":4,"sw":1},"geometry":{"type":"LineString","coordinates":[[19.831195,41.318055],[19.831174,41.318063]]}},{"type":"Feature","properties":{"line":"8A","mode":"bus","color":"#446303","oi":1.213,"n":4,"sw":1},"geometry":{"type":"LineString","coordinates":[[19.83118,41.318061],[19.831159,41.318068]]}},{"type":"Feature","properties":{"line":"8A","mode":"bus","color":"#446303","oi":1.138,"n":4,"sw":1},"geometry":{"type":"LineString","coordinates":[[19.831165,41.318066],[19.831144,41.318073]]}},{"type":"Feature","properties":{"line":"8A","mode":"bus","color":"#446303","oi":1.057,"n":4,"sw":1},"geometry":{"type":"LineString","coordinates":[[19.83115,41.318071],[19.831129,41.318078]]}},{"type":"Feature","properties":{"line":"8A","mode":"bus","color":"#446303","oi":0.972,"n":4,"sw":1},"geometry":{"type":"LineString","coordinates":[[19.831135,41.318076],[19.831113,41.318083]]}},{"type":"Feature","properties":{"line":"8A","mode":"bus","color":"#446303","oi":0.884,"n":4,"sw":1},"geometry":{"type":"LineString","coordinates":[[19.83112,41.318081],[19.831098,41.318089]]}},{"type":"Feature","properties":{"line":"8A","mode":"bus","color":"#446303","oi":0.795,"n":4,"sw":1},"geometry":{"type":"LineString","coordinates":[[19.831105,41.318086],[19.831083,41.318094]]}},{"type":"Feature","properties":{"line":"8A","mode":"bus","color":"#446303","oi":0.705,"n":4,"sw":1},"geometry":{"type":"LineString","coordinates":[[19.83109,41.318091],[19.831068,41.318099]]}},{"type":"Feature","properties":{"line":"8A","mode":"bus","color":"#446303","oi":0.616,"n":4,"sw":1},"geometry":{"type":"LineString","coordinates":[[19.831075,41.318097],[19.831053,41.318104]]}},{"type":"Feature","properties":{"line":"8A","mode":"bus","color":"#446303","oi":0.528,"n":4,"sw":1},"geometry":{"type":"LineString","coordinates":[[19.83106,41.318102],[19.831038,41.318109]]}},{"type":"Feature","properties":{"line":"8A","mode":"bus","color":"#446303","oi":0.443,"n":4,"sw":1},"geometry":{"type":"LineString","coordinates":[[19.831045,41.318107],[19.831023,41.318114]]}},{"type":"Feature","properties":{"line":"8A","mode":"bus","color":"#446303","oi":0.362,"n":4,"sw":1},"geometry":{"type":"LineString","coordinates":[[19.831029,41.318112],[19.831015,41.318117],[19.831009,41.318121]]}},{"type":"Feature","properties":{"line":"8A","mode":"bus","color":"#446303","oi":0.287,"n":4,"sw":1},"geometry":{"type":"LineString","coordinates":[[19.831014,41.318117],[19.830996,41.318129]]}},{"type":"Feature","properties":{"line":"8A","mode":"bus","color":"#446303","oi":0.218,"n":4,"sw":1},"geometry":{"type":"LineString","coordinates":[[19.831002,41.318125],[19.830983,41.318136]]}},{"type":"Feature","properties":{"line":"8A","mode":"bus","color":"#446303","oi":0.156,"n":4,"sw":1},"geometry":{"type":"LineString","coordinates":[[19.830989,41.318133],[19.83097,41.318144]]}},{"type":"Feature","properties":{"line":"8A","mode":"bus","color":"#446303","oi":0.103,"n":4,"sw":1},"geometry":{"type":"LineString","coordinates":[[19.830976,41.318141],[19.830958,41.318152]]}},{"type":"Feature","properties":{"line":"8A","mode":"bus","color":"#446303","oi":0.06,"n":4,"sw":1},"geometry":{"type":"LineString","coordinates":[[19.830963,41.318149],[19.830945,41.31816]]}},{"type":"Feature","properties":{"line":"8A","mode":"bus","color":"#446303","oi":0.027,"n":4,"sw":1},"geometry":{"type":"LineString","coordinates":[[19.83095,41.318157],[19.830932,41.318168]]}},{"type":"Feature","properties":{"line":"8A","mode":"bus","color":"#446303","oi":0.007,"n":4,"sw":1},"geometry":{"type":"LineString","coordinates":[[19.830937,41.318165],[19.830919,41.318176]]}},{"type":"Feature","properties":{"line":"8A","mode":"bus","color":"#446303","oi":0,"n":4,"sw":1},"geometry":{"type":"LineString","coordinates":[[19.830925,41.318172],[19.830909,41.318182]]}},{"type":"Feature","properties":{"line":"8A","mode":"bus","color":"#446303","oi":0,"n":1},"geometry":{"type":"LineString","coordinates":[[19.840748,41.307161],[19.84047,41.30729],[19.840305,41.307332]]}},{"type":"Feature","properties":{"line":"8A","mode":"bus","color":"#446303","oi":0,"n":1},"geometry":{"type":"LineString","coordinates":[[19.858837,41.283748],[19.85871,41.283949],[19.858416,41.28465],[19.858334,41.284736],[19.858212,41.284774],[19.857153,41.284901],[19.856779,41.285051],[19.856386,41.285362],[19.85635,41.285439],[19.856254,41.285978],[19.856223,41.28629],[19.856263,41.286617],[19.856369,41.286972],[19.8564,41.287222],[19.856327,41.287572],[19.856118,41.287991],[19.85542,41.289116],[19.854429,41.290807],[19.853344,41.292365],[19.853078,41.292985],[19.852531,41.294581],[19.851066,41.298549],[19.85091,41.298887],[19.85013,41.299529],[19.84892,41.300447],[19.848431,41.300706],[19.847143,41.301256],[19.846929,41.301385],[19.846722,41.301594],[19.845505,41.303195],[19.844244,41.304966],[19.843122,41.305514],[19.840875,41.307069],[19.840428,41.307444]]}},{"type":"Feature","properties":{"line":"8A","mode":"bus","color":"#446303","oi":0,"n":1},"geometry":{"type":"LineString","coordinates":[[19.858944,41.283505],[19.858852,41.283714],[19.858848,41.283725],[19.858848,41.283732],[19.85885,41.283733]]}},{"type":"Feature","properties":{"line":"8A","mode":"bus","color":"#446303","oi":0,"n":1,"sw":1},"geometry":{"type":"LineString","coordinates":[[19.858848,41.283731],[19.858848,41.283732],[19.858853,41.283734],[19.858861,41.283732],[19.858874,41.283725],[19.85888,41.283721]]}},{"type":"Feature","properties":{"line":"8A","mode":"bus","color":"#446303","oi":-0.017,"n":1,"sw":1},"geometry":{"type":"LineString","coordinates":[[19.858875,41.283725],[19.858905,41.283706]]}},{"type":"Feature","properties":{"line":"8A","mode":"bus","color":"#446303","oi":-0.063,"n":1,"sw":1},"geometry":{"type":"LineString","coordinates":[[19.858899,41.28371],[19.85893,41.283691]]}},{"type":"Feature","properties":{"line":"8A","mode":"bus","color":"#446303","oi":-0.13,"n":1,"sw":1},"geometry":{"type":"LineString","coordinates":[[19.858924,41.283694],[19.858954,41.283676]]}},{"type":"Feature","properties":{"line":"8A","mode":"bus","color":"#446303","oi":-0.209,"n":1,"sw":1},"geometry":{"type":"LineString","coordinates":[[19.858949,41.283679],[19.858979,41.28366]]}},{"type":"Feature","properties":{"line":"8A","mode":"bus","color":"#446303","oi":-0.291,"n":1,"sw":1},"geometry":{"type":"LineString","coordinates":[[19.858974,41.283664],[19.859004,41.283645]]}},{"type":"Feature","properties":{"line":"8A","mode":"bus","color":"#446303","oi":-0.37,"n":1,"sw":1},"geometry":{"type":"LineString","coordinates":[[19.858998,41.283649],[19.859029,41.28363]]}},{"type":"Feature","properties":{"line":"8A","mode":"bus","color":"#446303","oi":-0.437,"n":1,"sw":1},"geometry":{"type":"LineString","coordinates":[[19.859023,41.283633],[19.859053,41.283615]]}},{"type":"Feature","properties":{"line":"8A","mode":"bus","color":"#446303","oi":-0.483,"n":1,"sw":1},"geometry":{"type":"LineString","coordinates":[[19.859048,41.283618],[19.859078,41.2836]]}},{"type":"Feature","properties":{"line":"8A","mode":"bus","color":"#446303","oi":-0.5,"n":1,"sw":1},"geometry":{"type":"LineString","coordinates":[[19.859072,41.283603],[19.8591,41.283586]]}},{"type":"Feature","properties":{"line":"8A","mode":"bus","color":"#446303","oi":0,"n":1},"geometry":{"type":"LineString","coordinates":[[19.855582,41.283578],[19.855589,41.28359],[19.855591,41.283597],[19.85559,41.283601],[19.855584,41.283603],[19.855576,41.283604],[19.855536,41.283602],[19.855483,41.283627],[19.855463,41.283682],[19.855458,41.283691],[19.855452,41.283697],[19.855444,41.283698],[19.855436,41.283695],[19.855432,41.283692]]}},{"type":"Feature","properties":{"line":"8A","mode":"bus","color":"#446303","oi":-0.5,"n":1,"sw":1},"geometry":{"type":"LineString","coordinates":[[19.855304,41.283337],[19.855338,41.283361]]}},{"type":"Feature","properties":{"line":"8A","mode":"bus","color":"#446303","oi":-0.483,"n":1,"sw":1},"geometry":{"type":"LineString","coordinates":[[19.855333,41.283357],[19.855369,41.283383]]}},{"type":"Feature","properties":{"line":"8A","mode":"bus","color":"#446303","oi":-0.437,"n":1,"sw":1},"geometry":{"type":"LineString","coordinates":[[19.855364,41.28338],[19.8554,41.283406]]}},{"type":"Feature","properties":{"line":"8A","mode":"bus","color":"#446303","oi":-0.37,"n":1,"sw":1},"geometry":{"type":"LineString","coordinates":[[19.855395,41.283402],[19.855432,41.283428]]}},{"type":"Feature","properties":{"line":"8A","mode":"bus","color":"#446303","oi":-0.291,"n":1,"sw":1},"geometry":{"type":"LineString","coordinates":[[19.855426,41.283424],[19.855463,41.28345]]}},{"type":"Feature","properties":{"line":"8A","mode":"bus","color":"#446303","oi":-0.209,"n":1,"sw":1},"geometry":{"type":"LineString","coordinates":[[19.855458,41.283447],[19.855494,41.283473]]}},{"type":"Feature","properties":{"line":"8A","mode":"bus","color":"#446303","oi":-0.13,"n":1,"sw":1},"geometry":{"type":"LineString","coordinates":[[19.855489,41.283469],[19.855525,41.283495]]}},{"type":"Feature","properties":{"line":"8A","mode":"bus","color":"#446303","oi":-0.063,"n":1,"sw":1},"geometry":{"type":"LineString","coordinates":[[19.85552,41.283491],[19.855544,41.283508],[19.855551,41.28352]]}},{"type":"Feature","properties":{"line":"8A","mode":"bus","color":"#446303","oi":-0.017,"n":1,"sw":1},"geometry":{"type":"LineString","coordinates":[[19.855548,41.283515],[19.855567,41.28355]]}},{"type":"Feature","properties":{"line":"8A","mode":"bus","color":"#446303","oi":0,"n":1,"sw":1},"geometry":{"type":"LineString","coordinates":[[19.855564,41.283545],[19.855583,41.28358]]}},{"type":"Feature","properties":{"line":"8A","mode":"bus","color":"#446303","oi":0,"n":1,"sw":1},"geometry":{"type":"LineString","coordinates":[[19.855435,41.283694],[19.855426,41.283688],[19.855402,41.283666]]}},{"type":"Feature","properties":{"line":"8A","mode":"bus","color":"#446303","oi":-0.017,"n":1,"sw":1},"geometry":{"type":"LineString","coordinates":[[19.855406,41.28367],[19.855374,41.283641]]}},{"type":"Feature","properties":{"line":"8A","mode":"bus","color":"#446303","oi":-0.063,"n":1,"sw":1},"geometry":{"type":"LineString","coordinates":[[19.855379,41.283645],[19.855346,41.283616]]}},{"type":"Feature","properties":{"line":"8A","mode":"bus","color":"#446303","oi":-0.13,"n":1,"sw":1},"geometry":{"type":"LineString","coordinates":[[19.855351,41.28362],[19.855325,41.283597],[19.855317,41.283593]]}},{"type":"Feature","properties":{"line":"8A","mode":"bus","color":"#446303","oi":-0.209,"n":1,"sw":1},"geometry":{"type":"LineString","coordinates":[[19.855323,41.283596],[19.855283,41.283573]]}},{"type":"Feature","properties":{"line":"8A","mode":"bus","color":"#446303","oi":-0.291,"n":1,"sw":1},"geometry":{"type":"LineString","coordinates":[[19.855288,41.283576],[19.855248,41.283554]]}},{"type":"Feature","properties":{"line":"8A","mode":"bus","color":"#446303","oi":-0.37,"n":1,"sw":1},"geometry":{"type":"LineString","coordinates":[[19.855254,41.283557],[19.855214,41.283535]]}},{"type":"Feature","properties":{"line":"8A","mode":"bus","color":"#446303","oi":-0.437,"n":1,"sw":1},"geometry":{"type":"LineString","coordinates":[[19.855219,41.283538],[19.855179,41.283515]]}},{"type":"Feature","properties":{"line":"8A","mode":"bus","color":"#446303","oi":-0.483,"n":1,"sw":1},"geometry":{"type":"LineString","coordinates":[[19.855185,41.283518],[19.855145,41.283496]]}},{"type":"Feature","properties":{"line":"8A","mode":"bus","color":"#446303","oi":-0.5,"n":1,"sw":1},"geometry":{"type":"LineString","coordinates":[[19.85515,41.283499],[19.855113,41.283478]]}},{"type":"Feature","properties":{"line":"8A","mode":"bus","color":"#446303","oi":0,"n":1},"geometry":{"type":"LineString","coordinates":[[19.8546,41.283195],[19.854604,41.283119],[19.854646,41.283049]]}},{"type":"Feature","properties":{"line":"8A","mode":"bus","color":"#446303","oi":0,"n":1},"geometry":{"type":"LineString","coordinates":[[19.856158,41.28038],[19.856085,41.280273],[19.856096,41.280195]]}},{"type":"Feature","properties":{"line":"3A","mode":"bus","color":"#119efc","oi":0,"n":1},"geometry":{"type":"LineString","coordinates":[[19.785313,41.329697],[19.783495,41.32916],[19.783458,41.329142],[19.783437,41.329112],[19.783406,41.329031],[19.783273,41.328955],[19.78319,41.328945],[19.783032,41.328985],[19.782933,41.329106],[19.782947,41.329212],[19.782922,41.329301],[19.779592,41.331438],[19.778536,41.332143],[19.773449,41.335581],[19.773137,41.3358]]}},{"type":"Feature","properties":{"line":"3A","mode":"bus","color":"#119efc","oi":0,"n":1,"sw":1},"geometry":{"type":"LineString","coordinates":[[19.77314,41.335798],[19.773103,41.335824]]}},{"type":"Feature","properties":{"line":"3A","mode":"bus","color":"#119efc","oi":0.017,"n":1,"sw":1},"geometry":{"type":"LineString","coordinates":[[19.773108,41.33582],[19.773072,41.335846]]}},{"type":"Feature","properties":{"line":"3A","mode":"bus","color":"#119efc","oi":0.063,"n":1,"sw":1},"geometry":{"type":"LineString","coordinates":[[19.773077,41.335842],[19.77304,41.335868]]}},{"type":"Feature","properties":{"line":"3A","mode":"bus","color":"#119efc","oi":0.13,"n":1,"sw":1},"geometry":{"type":"LineString","coordinates":[[19.773045,41.335864],[19.773009,41.33589]]}},{"type":"Feature","properties":{"line":"3A","mode":"bus","color":"#119efc","oi":0.209,"n":1,"sw":1},"geometry":{"type":"LineString","coordinates":[[19.773014,41.335887],[19.772977,41.335912]]}},{"type":"Feature","properties":{"line":"3A","mode":"bus","color":"#119efc","oi":0.291,"n":1,"sw":1},"geometry":{"type":"LineString","coordinates":[[19.772983,41.335909],[19.772946,41.335934]]}},{"type":"Feature","properties":{"line":"3A","mode":"bus","color":"#119efc","oi":0.37,"n":1,"sw":1},"geometry":{"type":"LineString","coordinates":[[19.772951,41.335931],[19.772935,41.335942],[19.772919,41.33596]]}},{"type":"Feature","properties":{"line":"3A","mode":"bus","color":"#119efc","oi":0.437,"n":1,"sw":1},"geometry":{"type":"LineString","coordinates":[[19.772923,41.335955],[19.772895,41.335987]]}},{"type":"Feature","properties":{"line":"3A","mode":"bus","color":"#119efc","oi":0.483,"n":1,"sw":1},"geometry":{"type":"LineString","coordinates":[[19.772899,41.335982],[19.772871,41.336013]]}},{"type":"Feature","properties":{"line":"3A","mode":"bus","color":"#119efc","oi":0.5,"n":1,"sw":1},"geometry":{"type":"LineString","coordinates":[[19.772875,41.336009],[19.772849,41.336038]]}},{"type":"Feature","properties":{"line":"3A","mode":"bus","color":"#119efc","oi":0,"n":1},"geometry":{"type":"LineString","coordinates":[[19.771726,41.336741],[19.771059,41.337212]]}},{"type":"Feature","properties":{"line":"3A","mode":"bus","color":"#119efc","oi":0.5,"n":1,"sw":1},"geometry":{"type":"LineString","coordinates":[[19.772085,41.336563],[19.772045,41.336581]]}},{"type":"Feature","properties":{"line":"3A","mode":"bus","color":"#119efc","oi":0.483,"n":1,"sw":1},"geometry":{"type":"LineString","coordinates":[[19.772051,41.336579],[19.772009,41.336598]]}},{"type":"Feature","properties":{"line":"3A","mode":"bus","color":"#119efc","oi":0.437,"n":1,"sw":1},"geometry":{"type":"LineString","coordinates":[[19.772015,41.336596],[19.771972,41.336615]]}},{"type":"Feature","properties":{"line":"3A","mode":"bus","color":"#119efc","oi":0.37,"n":1,"sw":1},"geometry":{"type":"LineString","coordinates":[[19.771978,41.336613],[19.771935,41.336632]]}},{"type":"Feature","properties":{"line":"3A","mode":"bus","color":"#119efc","oi":0.291,"n":1,"sw":1},"geometry":{"type":"LineString","coordinates":[[19.771941,41.33663],[19.771899,41.336649]]}},{"type":"Feature","properties":{"line":"3A","mode":"bus","color":"#119efc","oi":0.209,"n":1,"sw":1},"geometry":{"type":"LineString","coordinates":[[19.771905,41.336646],[19.771862,41.336666]]}},{"type":"Feature","properties":{"line":"3A","mode":"bus","color":"#119efc","oi":0.13,"n":1,"sw":1},"geometry":{"type":"LineString","coordinates":[[19.771868,41.336663],[19.771825,41.336683]]}},{"type":"Feature","properties":{"line":"3A","mode":"bus","color":"#119efc","oi":0.063,"n":1,"sw":1},"geometry":{"type":"LineString","coordinates":[[19.771831,41.33668],[19.771789,41.3367]]}},{"type":"Feature","properties":{"line":"3A","mode":"bus","color":"#119efc","oi":0.017,"n":1,"sw":1},"geometry":{"type":"LineString","coordinates":[[19.771795,41.336697],[19.771774,41.336707],[19.771755,41.33672]]}},{"type":"Feature","properties":{"line":"3A","mode":"bus","color":"#119efc","oi":0,"n":1,"sw":1},"geometry":{"type":"LineString","coordinates":[[19.77176,41.336717],[19.771724,41.336743]]}},{"type":"Feature","properties":{"line":"3A","mode":"bus","color":"#119efc","oi":0,"n":1,"sw":1},"geometry":{"type":"LineString","coordinates":[[19.771061,41.33721],[19.771025,41.337236]]}},{"type":"Feature","properties":{"line":"3A","mode":"bus","color":"#119efc","oi":-0.017,"n":1,"sw":1},"geometry":{"type":"LineString","coordinates":[[19.77103,41.337232],[19.770993,41.337258]]}},{"type":"Feature","properties":{"line":"3A","mode":"bus","color":"#119efc","oi":-0.063,"n":1,"sw":1},"geometry":{"type":"LineString","coordinates":[[19.770998,41.337255],[19.770962,41.33728]]}},{"type":"Feature","properties":{"line":"3A","mode":"bus","color":"#119efc","oi":-0.13,"n":1,"sw":1},"geometry":{"type":"LineString","coordinates":[[19.770967,41.337277],[19.770961,41.337281],[19.770935,41.337306]]}},{"type":"Feature","properties":{"line":"3A","mode":"bus","color":"#119efc","oi":-0.209,"n":1,"sw":1},"geometry":{"type":"LineString","coordinates":[[19.770939,41.337301],[19.770908,41.337331]]}},{"type":"Feature","properties":{"line":"3A","mode":"bus","color":"#119efc","oi":-0.291,"n":1,"sw":1},"geometry":{"type":"LineString","coordinates":[[19.770912,41.337327],[19.770881,41.337356]]}},{"type":"Feature","properties":{"line":"3A","mode":"bus","color":"#119efc","oi":-0.37,"n":1,"sw":1},"geometry":{"type":"LineString","coordinates":[[19.770885,41.337352],[19.770854,41.337381]]}},{"type":"Feature","properties":{"line":"3A","mode":"bus","color":"#119efc","oi":-0.437,"n":1,"sw":1},"geometry":{"type":"LineString","coordinates":[[19.770858,41.337377],[19.770827,41.337407]]}},{"type":"Feature","properties":{"line":"3A","mode":"bus","color":"#119efc","oi":-0.483,"n":1,"sw":1},"geometry":{"type":"LineString","coordinates":[[19.770831,41.337402],[19.7708,41.337432]]}},{"type":"Feature","properties":{"line":"3A","mode":"bus","color":"#119efc","oi":-0.5,"n":1,"sw":1},"geometry":{"type":"LineString","coordinates":[[19.770804,41.337428],[19.770775,41.337455]]}},{"type":"Feature","properties":{"line":"3A","mode":"bus","color":"#119efc","oi":0,"n":4,"sw":1},"geometry":{"type":"LineString","coordinates":[[19.804553,41.332748],[19.804539,41.332745]]}},{"type":"Feature","properties":{"line":"3A","mode":"bus","color":"#119efc","oi":0.007,"n":4,"sw":1},"geometry":{"type":"LineString","coordinates":[[19.804546,41.332746],[19.804528,41.332743]]}},{"type":"Feature","properties":{"line":"3A","mode":"bus","color":"#119efc","oi":0.027,"n":4,"sw":1},"geometry":{"type":"LineString","coordinates":[[19.804535,41.332744],[19.804517,41.33274]]}},{"type":"Feature","properties":{"line":"3A","mode":"bus","color":"#119efc","oi":0.06,"n":4,"sw":1},"geometry":{"type":"LineString","coordinates":[[19.804524,41.332742],[19.804507,41.332738]]}},{"type":"Feature","properties":{"line":"3A","mode":"bus","color":"#119efc","oi":0.103,"n":4,"sw":1},"geometry":{"type":"LineString","coordinates":[[19.804514,41.33274],[19.804496,41.332736]]}},{"type":"Feature","properties":{"line":"3A","mode":"bus","color":"#119efc","oi":0.156,"n":4,"sw":1},"geometry":{"type":"LineString","coordinates":[[19.804503,41.332737],[19.804485,41.332733]]}},{"type":"Feature","properties":{"line":"3A","mode":"bus","color":"#119efc","oi":0.218,"n":4,"sw":1},"geometry":{"type":"LineString","coordinates":[[19.804492,41.332735],[19.804474,41.332731]]}},{"type":"Feature","properties":{"line":"3A","mode":"bus","color":"#119efc","oi":0.287,"n":4,"sw":1},"geometry":{"type":"LineString","coordinates":[[19.804481,41.332733],[19.804464,41.332729]]}},{"type":"Feature","properties":{"line":"3A","mode":"bus","color":"#119efc","oi":0.362,"n":4,"sw":1},"geometry":{"type":"LineString","coordinates":[[19.804471,41.33273],[19.80446,41.332728],[19.804453,41.332728]]}},{"type":"Feature","properties":{"line":"3A","mode":"bus","color":"#119efc","oi":0.443,"n":4,"sw":1},"geometry":{"type":"LineString","coordinates":[[19.80446,41.332728],[19.804442,41.332729]]}},{"type":"Feature","properties":{"line":"3A","mode":"bus","color":"#119efc","oi":0.528,"n":4,"sw":1},"geometry":{"type":"LineString","coordinates":[[19.804449,41.332729],[19.804431,41.33273]]}},{"type":"Feature","properties":{"line":"3A","mode":"bus","color":"#119efc","oi":0.616,"n":4,"sw":1},"geometry":{"type":"LineString","coordinates":[[19.804438,41.332729],[19.804419,41.33273]]}},{"type":"Feature","properties":{"line":"3A","mode":"bus","color":"#119efc","oi":0.705,"n":4,"sw":1},"geometry":{"type":"LineString","coordinates":[[19.804427,41.33273],[19.804408,41.332731]]}},{"type":"Feature","properties":{"line":"3A","mode":"bus","color":"#119efc","oi":0.795,"n":4,"sw":1},"geometry":{"type":"LineString","coordinates":[[19.804415,41.332731],[19.804397,41.332732]]}},{"type":"Feature","properties":{"line":"3A","mode":"bus","color":"#119efc","oi":0.884,"n":4,"sw":1},"geometry":{"type":"LineString","coordinates":[[19.804404,41.332731],[19.804386,41.332732]]}},{"type":"Feature","properties":{"line":"3A","mode":"bus","color":"#119efc","oi":0.972,"n":4,"sw":1},"geometry":{"type":"LineString","coordinates":[[19.804393,41.332732],[19.804375,41.332733]]}},{"type":"Feature","properties":{"line":"3A","mode":"bus","color":"#119efc","oi":1.057,"n":4,"sw":1},"geometry":{"type":"LineString","coordinates":[[19.804382,41.332732],[19.804364,41.332734]]}},{"type":"Feature","properties":{"line":"3A","mode":"bus","color":"#119efc","oi":1.138,"n":4,"sw":1},"geometry":{"type":"LineString","coordinates":[[19.804371,41.332733],[19.804353,41.332734]]}},{"type":"Feature","properties":{"line":"3A","mode":"bus","color":"#119efc","oi":1.213,"n":4,"sw":1},"geometry":{"type":"LineString","coordinates":[[19.80436,41.332734],[19.804342,41.332735]]}},{"type":"Feature","properties":{"line":"3A","mode":"bus","color":"#119efc","oi":1.282,"n":4,"sw":1},"geometry":{"type":"LineString","coordinates":[[19.804349,41.332734],[19.80433,41.332735]]}},{"type":"Feature","properties":{"line":"3A","mode":"bus","color":"#119efc","oi":1.344,"n":4,"sw":1},"geometry":{"type":"LineString","coordinates":[[19.804338,41.332735],[19.804319,41.332736]]}},{"type":"Feature","properties":{"line":"3A","mode":"bus","color":"#119efc","oi":1.397,"n":4,"sw":1},"geometry":{"type":"LineString","coordinates":[[19.804326,41.332736],[19.804308,41.332737]]}},{"type":"Feature","properties":{"line":"3A","mode":"bus","color":"#119efc","oi":1.44,"n":4,"sw":1},"geometry":{"type":"LineString","coordinates":[[19.804315,41.332736],[19.804297,41.332737]]}},{"type":"Feature","properties":{"line":"3A","mode":"bus","color":"#119efc","oi":1.473,"n":4,"sw":1},"geometry":{"type":"LineString","coordinates":[[19.804304,41.332737],[19.804286,41.332738]]}},{"type":"Feature","properties":{"line":"3A","mode":"bus","color":"#119efc","oi":1.493,"n":4,"sw":1},"geometry":{"type":"LineString","coordinates":[[19.804293,41.332738],[19.804275,41.332739]]}},{"type":"Feature","properties":{"line":"3A","mode":"bus","color":"#119efc","oi":1.5,"n":4,"sw":1},"geometry":{"type":"LineString","coordinates":[[19.804282,41.332738],[19.804268,41.332739],[19.804264,41.33274]]}},{"type":"Feature","properties":{"line":"3A","mode":"bus","color":"#119efc","oi":1.5,"n":4,"sw":1},"geometry":{"type":"LineString","coordinates":[[19.804271,41.332739],[19.804268,41.332739],[19.804254,41.332744]]}},{"type":"Feature","properties":{"line":"3A","mode":"bus","color":"#119efc","oi":1.493,"n":4,"sw":1},"geometry":{"type":"LineString","coordinates":[[19.804261,41.332742],[19.804244,41.332747]]}},{"type":"Feature","properties":{"line":"3A","mode":"bus","color":"#119efc","oi":1.473,"n":4,"sw":1},"geometry":{"type":"LineString","coordinates":[[19.80425,41.332745],[19.804234,41.332751]]}},{"type":"Feature","properties":{"line":"3A","mode":"bus","color":"#119efc","oi":1.44,"n":4,"sw":1},"geometry":{"type":"LineString","coordinates":[[19.80424,41.332749],[19.804224,41.332755]]}},{"type":"Feature","properties":{"line":"3A","mode":"bus","color":"#119efc","oi":1.397,"n":4,"sw":1},"geometry":{"type":"LineString","coordinates":[[19.80423,41.332752],[19.804214,41.332758]]}},{"type":"Feature","properties":{"line":"3A","mode":"bus","color":"#119efc","oi":1.344,"n":4,"sw":1},"geometry":{"type":"LineString","coordinates":[[19.80422,41.332756],[19.804204,41.332762]]}},{"type":"Feature","properties":{"line":"3A","mode":"bus","color":"#119efc","oi":1.282,"n":4,"sw":1},"geometry":{"type":"LineString","coordinates":[[19.80421,41.332759],[19.804193,41.332765]]}},{"type":"Feature","properties":{"line":"3A","mode":"bus","color":"#119efc","oi":1.213,"n":4,"sw":1},"geometry":{"type":"LineString","coordinates":[[19.8042,41.332763],[19.804183,41.332769]]}},{"type":"Feature","properties":{"line":"3A","mode":"bus","color":"#119efc","oi":1.138,"n":4,"sw":1},"geometry":{"type":"LineString","coordinates":[[19.80419,41.332767],[19.80418,41.33277],[19.804175,41.332774]]}},{"type":"Feature","properties":{"line":"3A","mode":"bus","color":"#119efc","oi":1.057,"n":4,"sw":1},"geometry":{"type":"LineString","coordinates":[[19.80418,41.33277],[19.804167,41.33278]]}},{"type":"Feature","properties":{"line":"3A","mode":"bus","color":"#119efc","oi":0.972,"n":4,"sw":1},"geometry":{"type":"LineString","coordinates":[[19.804172,41.332776],[19.804159,41.332786]]}},{"type":"Feature","properties":{"line":"3A","mode":"bus","color":"#119efc","oi":0.884,"n":4,"sw":1},"geometry":{"type":"LineString","coordinates":[[19.804164,41.332782],[19.804152,41.332792]]}},{"type":"Feature","properties":{"line":"3A","mode":"bus","color":"#119efc","oi":0.795,"n":4,"sw":1},"geometry":{"type":"LineString","coordinates":[[19.804157,41.332788],[19.804144,41.332798]]}},{"type":"Feature","properties":{"line":"3A","mode":"bus","color":"#119efc","oi":0.705,"n":4,"sw":1},"geometry":{"type":"LineString","coordinates":[[19.804149,41.332794],[19.804136,41.332804]]}},{"type":"Feature","properties":{"line":"3A","mode":"bus","color":"#119efc","oi":0.616,"n":4,"sw":1},"geometry":{"type":"LineString","coordinates":[[19.804141,41.3328],[19.804128,41.33281]]}},{"type":"Feature","properties":{"line":"3A","mode":"bus","color":"#119efc","oi":0.528,"n":4,"sw":1},"geometry":{"type":"LineString","coordinates":[[19.804133,41.332806],[19.804121,41.332816]]}},{"type":"Feature","properties":{"line":"3A","mode":"bus","color":"#119efc","oi":0.443,"n":4,"sw":1},"geometry":{"type":"LineString","coordinates":[[19.804126,41.332813],[19.804113,41.332822]]}},{"type":"Feature","properties":{"line":"3A","mode":"bus","color":"#119efc","oi":0.362,"n":4,"sw":1},"geometry":{"type":"LineString","coordinates":[[19.804118,41.332819],[19.804105,41.332829]]}},{"type":"Feature","properties":{"line":"3A","mode":"bus","color":"#119efc","oi":0.287,"n":4,"sw":1},"geometry":{"type":"LineString","coordinates":[[19.80411,41.332825],[19.804098,41.332835]]}},{"type":"Feature","properties":{"line":"3A","mode":"bus","color":"#119efc","oi":0.218,"n":4,"sw":1},"geometry":{"type":"LineString","coordinates":[[19.804103,41.332831],[19.80409,41.332841]]}},{"type":"Feature","properties":{"line":"3A","mode":"bus","color":"#119efc","oi":0.156,"n":4,"sw":1},"geometry":{"type":"LineString","coordinates":[[19.804095,41.332837],[19.804082,41.332847]]}},{"type":"Feature","properties":{"line":"3A","mode":"bus","color":"#119efc","oi":0.103,"n":4,"sw":1},"geometry":{"type":"LineString","coordinates":[[19.804087,41.332843],[19.804074,41.332853]]}},{"type":"Feature","properties":{"line":"3A","mode":"bus","color":"#119efc","oi":0.06,"n":4,"sw":1},"geometry":{"type":"LineString","coordinates":[[19.804079,41.332849],[19.804067,41.332859]]}},{"type":"Feature","properties":{"line":"3A","mode":"bus","color":"#119efc","oi":0.027,"n":4,"sw":1},"geometry":{"type":"LineString","coordinates":[[19.804072,41.332855],[19.804059,41.332865]]}},{"type":"Feature","properties":{"line":"3A","mode":"bus","color":"#119efc","oi":0.007,"n":4,"sw":1},"geometry":{"type":"LineString","coordinates":[[19.804064,41.332861],[19.804051,41.332871]]}},{"type":"Feature","properties":{"line":"3A","mode":"bus","color":"#119efc","oi":0,"n":4,"sw":1},"geometry":{"type":"LineString","coordinates":[[19.804056,41.332867],[19.804046,41.332875]]}},{"type":"Feature","properties":{"line":"3A","mode":"bus","color":"#119efc","oi":1.5,"n":4},"geometry":{"type":"LineString","coordinates":[[19.803716,41.333185],[19.803564,41.333264],[19.788292,41.338563],[19.786577,41.339096]]}},{"type":"Feature","properties":{"line":"3A","mode":"bus","color":"#119efc","oi":0,"n":4,"sw":1},"geometry":{"type":"LineString","coordinates":[[19.804006,41.332948],[19.803993,41.33296]]}},{"type":"Feature","properties":{"line":"3A","mode":"bus","color":"#119efc","oi":0.007,"n":4,"sw":1},"geometry":{"type":"LineString","coordinates":[[19.803998,41.332955],[19.803982,41.332969]]}},{"type":"Feature","properties":{"line":"3A","mode":"bus","color":"#119efc","oi":0.027,"n":4,"sw":1},"geometry":{"type":"LineString","coordinates":[[19.803987,41.332965],[19.803972,41.332979]]}},{"type":"Feature","properties":{"line":"3A","mode":"bus","color":"#119efc","oi":0.06,"n":4,"sw":1},"geometry":{"type":"LineString","coordinates":[[19.803976,41.332975],[19.803961,41.332988]]}},{"type":"Feature","properties":{"line":"3A","mode":"bus","color":"#119efc","oi":0.103,"n":4,"sw":1},"geometry":{"type":"LineString","coordinates":[[19.803966,41.332984],[19.803951,41.332998]]}},{"type":"Feature","properties":{"line":"3A","mode":"bus","color":"#119efc","oi":0.156,"n":4,"sw":1},"geometry":{"type":"LineString","coordinates":[[19.803955,41.332994],[19.80394,41.333007]]}},{"type":"Feature","properties":{"line":"3A","mode":"bus","color":"#119efc","oi":0.218,"n":4,"sw":1},"geometry":{"type":"LineString","coordinates":[[19.803945,41.333003],[19.803929,41.333017]]}},{"type":"Feature","properties":{"line":"3A","mode":"bus","color":"#119efc","oi":0.287,"n":4,"sw":1},"geometry":{"type":"LineString","coordinates":[[19.803934,41.333013],[19.803919,41.333027]]}},{"type":"Feature","properties":{"line":"3A","mode":"bus","color":"#119efc","oi":0.362,"n":4,"sw":1},"geometry":{"type":"LineString","coordinates":[[19.803923,41.333022],[19.803908,41.333036]]}},{"type":"Feature","properties":{"line":"3A","mode":"bus","color":"#119efc","oi":0.443,"n":4,"sw":1},"geometry":{"type":"LineString","coordinates":[[19.803913,41.333032],[19.803897,41.333046]]}},{"type":"Feature","properties":{"line":"3A","mode":"bus","color":"#119efc","oi":0.528,"n":4,"sw":1},"geometry":{"type":"LineString","coordinates":[[19.803902,41.333041],[19.803887,41.333055]]}},{"type":"Feature","properties":{"line":"3A","mode":"bus","color":"#119efc","oi":0.616,"n":4,"sw":1},"geometry":{"type":"LineString","coordinates":[[19.803891,41.333051],[19.803876,41.333065]]}},{"type":"Feature","properties":{"line":"3A","mode":"bus","color":"#119efc","oi":0.705,"n":4,"sw":1},"geometry":{"type":"LineString","coordinates":[[19.803881,41.333061],[19.803866,41.333074]]}},{"type":"Feature","properties":{"line":"3A","mode":"bus","color":"#119efc","oi":0.795,"n":4,"sw":1},"geometry":{"type":"LineString","coordinates":[[19.80387,41.33307],[19.803855,41.333084]]}},{"type":"Feature","properties":{"line":"3A","mode":"bus","color":"#119efc","oi":0.884,"n":4,"sw":1},"geometry":{"type":"LineString","coordinates":[[19.80386,41.33308],[19.803844,41.333093]]}},{"type":"Feature","properties":{"line":"3A","mode":"bus","color":"#119efc","oi":0.972,"n":4,"sw":1},"geometry":{"type":"LineString","coordinates":[[19.803849,41.333089],[19.803834,41.333103]]}},{"type":"Feature","properties":{"line":"3A","mode":"bus","color":"#119efc","oi":1.057,"n":4,"sw":1},"geometry":{"type":"LineString","coordinates":[[19.803838,41.333099],[19.803823,41.333113]]}},{"type":"Feature","properties":{"line":"3A","mode":"bus","color":"#119efc","oi":1.138,"n":4,"sw":1},"geometry":{"type":"LineString","coordinates":[[19.803828,41.333108],[19.803812,41.333122]]}},{"type":"Feature","properties":{"line":"3A","mode":"bus","color":"#119efc","oi":1.213,"n":4,"sw":1},"geometry":{"type":"LineString","coordinates":[[19.803817,41.333118],[19.803802,41.333132]]}},{"type":"Feature","properties":{"line":"3A","mode":"bus","color":"#119efc","oi":1.282,"n":4,"sw":1},"geometry":{"type":"LineString","coordinates":[[19.803806,41.333127],[19.803791,41.333141]]}},{"type":"Feature","properties":{"line":"3A","mode":"bus","color":"#119efc","oi":1.344,"n":4,"sw":1},"geometry":{"type":"LineString","coordinates":[[19.803796,41.333137],[19.803781,41.333151]]}},{"type":"Feature","properties":{"line":"3A","mode":"bus","color":"#119efc","oi":1.397,"n":4,"sw":1},"geometry":{"type":"LineString","coordinates":[[19.803785,41.333147],[19.803778,41.333153],[19.803768,41.333158]]}},{"type":"Feature","properties":{"line":"3A","mode":"bus","color":"#119efc","oi":1.44,"n":4,"sw":1},"geometry":{"type":"LineString","coordinates":[[19.803773,41.333155],[19.803754,41.333165]]}},{"type":"Feature","properties":{"line":"3A","mode":"bus","color":"#119efc","oi":1.473,"n":4,"sw":1},"geometry":{"type":"LineString","coordinates":[[19.80376,41.333162],[19.80374,41.333173]]}},{"type":"Feature","properties":{"line":"3A","mode":"bus","color":"#119efc","oi":1.493,"n":4,"sw":1},"geometry":{"type":"LineString","coordinates":[[19.803746,41.333169],[19.803727,41.33318]]}},{"type":"Feature","properties":{"line":"3A","mode":"bus","color":"#119efc","oi":1.5,"n":4,"sw":1},"geometry":{"type":"LineString","coordinates":[[19.803733,41.333177],[19.803713,41.333187]]}},{"type":"Feature","properties":{"line":"3A","mode":"bus","color":"#119efc","oi":0.5,"n":2},"geometry":{"type":"LineString","coordinates":[[19.774243,41.325388],[19.774246,41.325426],[19.774238,41.325436]]}},{"type":"Feature","properties":{"line":"3A","mode":"bus","color":"#119efc","oi":1,"n":2,"sw":1},"geometry":{"type":"LineString","coordinates":[[19.774097,41.325103],[19.774102,41.325138]]}},{"type":"Feature","properties":{"line":"3A","mode":"bus","color":"#119efc","oi":0.983,"n":2,"sw":1},"geometry":{"type":"LineString","coordinates":[[19.774101,41.325133],[19.774107,41.32517]]}},{"type":"Feature","properties":{"line":"3A","mode":"bus","color":"#119efc","oi":0.937,"n":2,"sw":1},"geometry":{"type":"LineString","coordinates":[[19.774106,41.325165],[19.774112,41.325202]]}},{"type":"Feature","properties":{"line":"3A","mode":"bus","color":"#119efc","oi":0.87,"n":2,"sw":1},"geometry":{"type":"LineString","coordinates":[[19.774111,41.325197],[19.774116,41.325234]]}},{"type":"Feature","properties":{"line":"3A","mode":"bus","color":"#119efc","oi":0.791,"n":2,"sw":1},"geometry":{"type":"LineString","coordinates":[[19.774115,41.325229],[19.774119,41.325253],[19.774132,41.325263]]}},{"type":"Feature","properties":{"line":"3A","mode":"bus","color":"#119efc","oi":0.709,"n":2,"sw":1},"geometry":{"type":"LineString","coordinates":[[19.774127,41.325259],[19.774163,41.325285]]}},{"type":"Feature","properties":{"line":"3A","mode":"bus","color":"#119efc","oi":0.63,"n":2,"sw":1},"geometry":{"type":"LineString","coordinates":[[19.774158,41.325281],[19.774194,41.325308]]}},{"type":"Feature","properties":{"line":"3A","mode":"bus","color":"#119efc","oi":0.563,"n":2,"sw":1},"geometry":{"type":"LineString","coordinates":[[19.774189,41.325304],[19.774225,41.32533]]}},{"type":"Feature","properties":{"line":"3A","mode":"bus","color":"#119efc","oi":0.517,"n":2,"sw":1},"geometry":{"type":"LineString","coordinates":[[19.774219,41.325327],[19.774239,41.325341],[19.77424,41.325358]]}},{"type":"Feature","properties":{"line":"3A","mode":"bus","color":"#119efc","oi":0.5,"n":2,"sw":1},"geometry":{"type":"LineString","coordinates":[[19.77424,41.325353],[19.774243,41.325391]]}},{"type":"Feature","properties":{"line":"3A","mode":"bus","color":"#119efc","oi":0.5,"n":2,"sw":1},"geometry":{"type":"LineString","coordinates":[[19.77424,41.325434],[19.774213,41.325466]]}},{"type":"Feature","properties":{"line":"3A","mode":"bus","color":"#119efc","oi":0.483,"n":2,"sw":1},"geometry":{"type":"LineString","coordinates":[[19.774217,41.325461],[19.774191,41.325493]]}},{"type":"Feature","properties":{"line":"3A","mode":"bus","color":"#119efc","oi":0.437,"n":2,"sw":1},"geometry":{"type":"LineString","coordinates":[[19.774195,41.325489],[19.774183,41.325503],[19.774157,41.325511]]}},{"type":"Feature","properties":{"line":"3A","mode":"bus","color":"#119efc","oi":0.37,"n":2,"sw":1},"geometry":{"type":"LineString","coordinates":[[19.774164,41.325509],[19.774117,41.325524]]}},{"type":"Feature","properties":{"line":"3A","mode":"bus","color":"#119efc","oi":0.291,"n":2,"sw":1},"geometry":{"type":"LineString","coordinates":[[19.774124,41.325522],[19.774078,41.325536]]}},{"type":"Feature","properties":{"line":"3A","mode":"bus","color":"#119efc","oi":0.209,"n":2,"sw":1},"geometry":{"type":"LineString","coordinates":[[19.774084,41.325534],[19.774072,41.325538],[19.774048,41.325559]]}},{"type":"Feature","properties":{"line":"3A","mode":"bus","color":"#119efc","oi":0.13,"n":2,"sw":1},"geometry":{"type":"LineString","coordinates":[[19.774053,41.325555],[19.77402,41.325584]]}},{"type":"Feature","properties":{"line":"3A","mode":"bus","color":"#119efc","oi":0.063,"n":2,"sw":1},"geometry":{"type":"LineString","coordinates":[[19.774025,41.32558],[19.773992,41.325609]]}},{"type":"Feature","properties":{"line":"3A","mode":"bus","color":"#119efc","oi":0.017,"n":2,"sw":1},"geometry":{"type":"LineString","coordinates":[[19.773997,41.325605],[19.773965,41.325633]]}},{"type":"Feature","properties":{"line":"3A","mode":"bus","color":"#119efc","oi":0,"n":2,"sw":1},"geometry":{"type":"LineString","coordinates":[[19.773969,41.325629],[19.773939,41.325656]]}},{"type":"Feature","properties":{"line":"3A","mode":"bus","color":"#119efc","oi":0.5,"n":2},"geometry":{"type":"LineString","coordinates":[[19.76365,41.338961],[19.764355,41.339589],[19.765697,41.340877],[19.765713,41.340888],[19.765729,41.340892],[19.765745,41.34089],[19.765763,41.340881],[19.767623,41.33964],[19.768299,41.339143],[19.770775,41.337455]]}},{"type":"Feature","properties":{"line":"3A","mode":"bus","color":"#119efc","oi":0,"n":2,"sw":1},"geometry":{"type":"LineString","coordinates":[[19.763372,41.338714],[19.763402,41.338741]]}},{"type":"Feature","properties":{"line":"3A","mode":"bus","color":"#119efc","oi":0.017,"n":2,"sw":1},"geometry":{"type":"LineString","coordinates":[[19.763397,41.338737],[19.76343,41.338766]]}},{"type":"Feature","properties":{"line":"3A","mode":"bus","color":"#119efc","oi":0.063,"n":2,"sw":1},"geometry":{"type":"LineString","coordinates":[[19.763425,41.338761],[19.763458,41.33879]]}},{"type":"Feature","properties":{"line":"3A","mode":"bus","color":"#119efc","oi":0.13,"n":2,"sw":1},"geometry":{"type":"LineString","coordinates":[[19.763453,41.338786],[19.763486,41.338815]]}},{"type":"Feature","properties":{"line":"3A","mode":"bus","color":"#119efc","oi":0.209,"n":2,"sw":1},"geometry":{"type":"LineString","coordinates":[[19.763481,41.338811],[19.763513,41.33884]]}},{"type":"Feature","properties":{"line":"3A","mode":"bus","color":"#119efc","oi":0.291,"n":2,"sw":1},"geometry":{"type":"LineString","coordinates":[[19.763509,41.338836],[19.763541,41.338865]]}},{"type":"Feature","properties":{"line":"3A","mode":"bus","color":"#119efc","oi":0.37,"n":2,"sw":1},"geometry":{"type":"LineString","coordinates":[[19.763536,41.33886],[19.763569,41.338889]]}},{"type":"Feature","properties":{"line":"3A","mode":"bus","color":"#119efc","oi":0.437,"n":2,"sw":1},"geometry":{"type":"LineString","coordinates":[[19.763564,41.338885],[19.763597,41.338914]]}},{"type":"Feature","properties":{"line":"3A","mode":"bus","color":"#119efc","oi":0.483,"n":2,"sw":1},"geometry":{"type":"LineString","coordinates":[[19.763592,41.33891],[19.763624,41.338939]]}},{"type":"Feature","properties":{"line":"3A","mode":"bus","color":"#119efc","oi":0.5,"n":2,"sw":1},"geometry":{"type":"LineString","coordinates":[[19.76362,41.338935],[19.763652,41.338963]]}},{"type":"Feature","properties":{"line":"3A","mode":"bus","color":"#119efc","oi":0.5,"n":2},"geometry":{"type":"LineString","coordinates":[[19.772849,41.336038],[19.772085,41.336563]]}},{"type":"Feature","properties":{"line":"3A","mode":"bus","color":"#119efc","oi":0.5,"n":2},"geometry":{"type":"LineString","coordinates":[[19.786346,41.338823],[19.786117,41.338552],[19.785042,41.337497],[19.784555,41.336974],[19.783831,41.336122],[19.783534,41.335649],[19.783378,41.335299],[19.783223,41.334624],[19.783242,41.3339],[19.783375,41.333382],[19.783863,41.332418],[19.784148,41.331981],[19.784691,41.330833],[19.785313,41.329697]]}},{"type":"Feature","properties":{"line":"3A","mode":"bus","color":"#119efc","oi":0,"n":2,"sw":1},"geometry":{"type":"LineString","coordinates":[[19.786577,41.339096],[19.786552,41.339066]]}},{"type":"Feature","properties":{"line":"3A","mode":"bus","color":"#119efc","oi":0.017,"n":2,"sw":1},"geometry":{"type":"LineString","coordinates":[[19.786556,41.339071],[19.786529,41.339039]]}},{"type":"Feature","properties":{"line":"3A","mode":"bus","color":"#119efc","oi":0.063,"n":2,"sw":1},"geometry":{"type":"LineString","coordinates":[[19.786533,41.339044],[19.786506,41.339012]]}},{"type":"Feature","properties":{"line":"3A","mode":"bus","color":"#119efc","oi":0.13,"n":2,"sw":1},"geometry":{"type":"LineString","coordinates":[[19.78651,41.339016],[19.786483,41.338984]]}},{"type":"Feature","properties":{"line":"3A","mode":"bus","color":"#119efc","oi":0.209,"n":2,"sw":1},"geometry":{"type":"LineString","coordinates":[[19.786486,41.338989],[19.78646,41.338957]]}},{"type":"Feature","properties":{"line":"3A","mode":"bus","color":"#119efc","oi":0.291,"n":2,"sw":1},"geometry":{"type":"LineString","coordinates":[[19.786463,41.338962],[19.786436,41.33893]]}},{"type":"Feature","properties":{"line":"3A","mode":"bus","color":"#119efc","oi":0.37,"n":2,"sw":1},"geometry":{"type":"LineString","coordinates":[[19.78644,41.338934],[19.786413,41.338902]]}},{"type":"Feature","properties":{"line":"3A","mode":"bus","color":"#119efc","oi":0.437,"n":2,"sw":1},"geometry":{"type":"LineString","coordinates":[[19.786417,41.338907],[19.78639,41.338875]]}},{"type":"Feature","properties":{"line":"3A","mode":"bus","color":"#119efc","oi":0.483,"n":2,"sw":1},"geometry":{"type":"LineString","coordinates":[[19.786394,41.33888],[19.786367,41.338848]]}},{"type":"Feature","properties":{"line":"3A","mode":"bus","color":"#119efc","oi":0.5,"n":2,"sw":1},"geometry":{"type":"LineString","coordinates":[[19.786371,41.338852],[19.786344,41.33882]]}},{"type":"Feature","properties":{"line":"3A","mode":"bus","color":"#119efc","oi":1,"n":3},"geometry":{"type":"LineString","coordinates":[[19.814893,41.329374],[19.805608,41.332603],[19.805054,41.33275]]}},{"type":"Feature","properties":{"line":"3A","mode":"bus","color":"#119efc","oi":0,"n":3,"sw":1},"geometry":{"type":"LineString","coordinates":[[19.815284,41.329238],[19.815259,41.329247]]}},{"type":"Feature","properties":{"line":"3A","mode":"bus","color":"#119efc","oi":0.01,"n":3,"sw":1},"geometry":{"type":"LineString","coordinates":[[19.815266,41.329244],[19.815237,41.329254]]}},{"type":"Feature","properties":{"line":"3A","mode":"bus","color":"#119efc","oi":0.038,"n":3,"sw":1},"geometry":{"type":"LineString","coordinates":[[19.815244,41.329252],[19.815216,41.329262]]}},{"type":"Feature","properties":{"line":"3A","mode":"bus","color":"#119efc","oi":0.082,"n":3,"sw":1},"geometry":{"type":"LineString","coordinates":[[19.815222,41.32926],[19.815194,41.329269]]}},{"type":"Feature","properties":{"line":"3A","mode":"bus","color":"#119efc","oi":0.14,"n":3,"sw":1},"geometry":{"type":"LineString","coordinates":[[19.8152,41.329267],[19.815172,41.329277]]}},{"type":"Feature","properties":{"line":"3A","mode":"bus","color":"#119efc","oi":0.209,"n":3,"sw":1},"geometry":{"type":"LineString","coordinates":[[19.815179,41.329275],[19.81515,41.329284]]}},{"type":"Feature","properties":{"line":"3A","mode":"bus","color":"#119efc","oi":0.286,"n":3,"sw":1},"geometry":{"type":"LineString","coordinates":[[19.815157,41.329282],[19.815129,41.329292]]}},{"type":"Feature","properties":{"line":"3A","mode":"bus","color":"#119efc","oi":0.369,"n":3,"sw":1},"geometry":{"type":"LineString","coordinates":[[19.815135,41.32929],[19.815107,41.3293]]}},{"type":"Feature","properties":{"line":"3A","mode":"bus","color":"#119efc","oi":0.456,"n":3,"sw":1},"geometry":{"type":"LineString","coordinates":[[19.815114,41.329297],[19.815085,41.329307]]}},{"type":"Feature","properties":{"line":"3A","mode":"bus","color":"#119efc","oi":0.544,"n":3,"sw":1},"geometry":{"type":"LineString","coordinates":[[19.815092,41.329305],[19.815064,41.329315]]}},{"type":"Feature","properties":{"line":"3A","mode":"bus","color":"#119efc","oi":0.631,"n":3,"sw":1},"geometry":{"type":"LineString","coordinates":[[19.81507,41.329312],[19.815042,41.329322]]}},{"type":"Feature","properties":{"line":"3A","mode":"bus","color":"#119efc","oi":0.714,"n":3,"sw":1},"geometry":{"type":"LineString","coordinates":[[19.815048,41.32932],[19.81502,41.32933]]}},{"type":"Feature","properties":{"line":"3A","mode":"bus","color":"#119efc","oi":0.791,"n":3,"sw":1},"geometry":{"type":"LineString","coordinates":[[19.815027,41.329327],[19.814998,41.329337]]}},{"type":"Feature","properties":{"line":"3A","mode":"bus","color":"#119efc","oi":0.86,"n":3,"sw":1},"geometry":{"type":"LineString","coordinates":[[19.815005,41.329335],[19.814977,41.329345]]}},{"type":"Feature","properties":{"line":"3A","mode":"bus","color":"#119efc","oi":0.918,"n":3,"sw":1},"geometry":{"type":"LineString","coordinates":[[19.814983,41.329343],[19.814955,41.329352]]}},{"type":"Feature","properties":{"line":"3A","mode":"bus","color":"#119efc","oi":0.962,"n":3,"sw":1},"geometry":{"type":"LineString","coordinates":[[19.814962,41.32935],[19.814933,41.32936]]}},{"type":"Feature","properties":{"line":"3A","mode":"bus","color":"#119efc","oi":0.99,"n":3,"sw":1},"geometry":{"type":"LineString","coordinates":[[19.81494,41.329358],[19.814912,41.329368]]}},{"type":"Feature","properties":{"line":"3A","mode":"bus","color":"#119efc","oi":1,"n":3,"sw":1},"geometry":{"type":"LineString","coordinates":[[19.814918,41.329365],[19.81489,41.329375]]}},{"type":"Feature","properties":{"line":"3A","mode":"bus","color":"#119efc","oi":1,"n":3,"sw":1},"geometry":{"type":"LineString","coordinates":[[19.805057,41.332749],[19.805028,41.332757]]}},{"type":"Feature","properties":{"line":"3A","mode":"bus","color":"#119efc","oi":0.99,"n":3,"sw":1},"geometry":{"type":"LineString","coordinates":[[19.805035,41.332755],[19.805006,41.332763]]}},{"type":"Feature","properties":{"line":"3A","mode":"bus","color":"#119efc","oi":0.962,"n":3,"sw":1},"geometry":{"type":"LineString","coordinates":[[19.805012,41.332761],[19.804983,41.332769]]}},{"type":"Feature","properties":{"line":"3A","mode":"bus","color":"#119efc","oi":0.918,"n":3,"sw":1},"geometry":{"type":"LineString","coordinates":[[19.80499,41.332767],[19.804964,41.332774],[19.80496,41.332774]]}},{"type":"Feature","properties":{"line":"3A","mode":"bus","color":"#119efc","oi":0.86,"n":3,"sw":1},"geometry":{"type":"LineString","coordinates":[[19.804967,41.332773],[19.804964,41.332774],[19.804936,41.332775]]}},{"type":"Feature","properties":{"line":"3A","mode":"bus","color":"#119efc","oi":0.791,"n":3,"sw":1},"geometry":{"type":"LineString","coordinates":[[19.804943,41.332774],[19.804912,41.332775]]}},{"type":"Feature","properties":{"line":"3A","mode":"bus","color":"#119efc","oi":0.714,"n":3,"sw":1},"geometry":{"type":"LineString","coordinates":[[19.80492,41.332775],[19.804888,41.332776]]}},{"type":"Feature","properties":{"line":"3A","mode":"bus","color":"#119efc","oi":0.631,"n":3,"sw":1},"geometry":{"type":"LineString","coordinates":[[19.804896,41.332775],[19.804865,41.332776]]}},{"type":"Feature","properties":{"line":"3A","mode":"bus","color":"#119efc","oi":0.544,"n":3,"sw":1},"geometry":{"type":"LineString","coordinates":[[19.804872,41.332776],[19.804841,41.332777]]}},{"type":"Feature","properties":{"line":"3A","mode":"bus","color":"#119efc","oi":0.456,"n":3,"sw":1},"geometry":{"type":"LineString","coordinates":[[19.804848,41.332776],[19.804817,41.332777]]}},{"type":"Feature","properties":{"line":"3A","mode":"bus","color":"#119efc","oi":0.369,"n":3,"sw":1},"geometry":{"type":"LineString","coordinates":[[19.804824,41.332777],[19.804793,41.332778]]}},{"type":"Feature","properties":{"line":"3A","mode":"bus","color":"#119efc","oi":0.286,"n":3,"sw":1},"geometry":{"type":"LineString","coordinates":[[19.8048,41.332777],[19.804769,41.332778]]}},{"type":"Feature","properties":{"line":"3A","mode":"bus","color":"#119efc","oi":0.209,"n":3,"sw":1},"geometry":{"type":"LineString","coordinates":[[19.804776,41.332778],[19.804745,41.332779]]}},{"type":"Feature","properties":{"line":"3A","mode":"bus","color":"#119efc","oi":0.14,"n":3,"sw":1},"geometry":{"type":"LineString","coordinates":[[19.804752,41.332778],[19.804721,41.332779]]}},{"type":"Feature","properties":{"line":"3A","mode":"bus","color":"#119efc","oi":0.082,"n":3,"sw":1},"geometry":{"type":"LineString","coordinates":[[19.804728,41.332779],[19.804697,41.33278]]}},{"type":"Feature","properties":{"line":"3A","mode":"bus","color":"#119efc","oi":0.038,"n":3,"sw":1},"geometry":{"type":"LineString","coordinates":[[19.804704,41.332779],[19.804673,41.33278]]}},{"type":"Feature","properties":{"line":"3A","mode":"bus","color":"#119efc","oi":0.01,"n":3,"sw":1},"geometry":{"type":"LineString","coordinates":[[19.80468,41.33278],[19.804649,41.332781]]}},{"type":"Feature","properties":{"line":"3A","mode":"bus","color":"#119efc","oi":0,"n":3,"sw":1},"geometry":{"type":"LineString","coordinates":[[19.804657,41.33278],[19.804629,41.332781]]}},{"type":"Feature","properties":{"line":"3A","mode":"bus","color":"#119efc","oi":0,"n":3,"sw":1},"geometry":{"type":"LineString","coordinates":[[19.815978,41.328988],[19.815965,41.328993]]}},{"type":"Feature","properties":{"line":"3A","mode":"bus","color":"#119efc","oi":0.011,"n":3,"sw":1},"geometry":{"type":"LineString","coordinates":[[19.815971,41.328991],[19.815954,41.328997]]}},{"type":"Feature","properties":{"line":"3A","mode":"bus","color":"#119efc","oi":0.043,"n":3,"sw":1},"geometry":{"type":"LineString","coordinates":[[19.815961,41.328994],[19.815944,41.329]]}},{"type":"Feature","properties":{"line":"3A","mode":"bus","color":"#119efc","oi":0.092,"n":3,"sw":1},"geometry":{"type":"LineString","coordinates":[[19.815951,41.328998],[19.815934,41.329004]]}},{"type":"Feature","properties":{"line":"3A","mode":"bus","color":"#119efc","oi":0.156,"n":3,"sw":1},"geometry":{"type":"LineString","coordinates":[[19.81594,41.329002],[19.815924,41.329008]]}},{"type":"Feature","properties":{"line":"3A","mode":"bus","color":"#119efc","oi":0.232,"n":3,"sw":1},"geometry":{"type":"LineString","coordinates":[[19.81593,41.329006],[19.815914,41.329012]]}},{"type":"Feature","properties":{"line":"3A","mode":"bus","color":"#119efc","oi":0.316,"n":3,"sw":1},"geometry":{"type":"LineString","coordinates":[[19.81592,41.329009],[19.815903,41.329016]]}},{"type":"Feature","properties":{"line":"3A","mode":"bus","color":"#119efc","oi":0.407,"n":3,"sw":1},"geometry":{"type":"LineString","coordinates":[[19.81591,41.329013],[19.815893,41.329019]]}},{"type":"Feature","properties":{"line":"3A","mode":"bus","color":"#119efc","oi":0.5,"n":3,"sw":1},"geometry":{"type":"LineString","coordinates":[[19.8159,41.329017],[19.815883,41.329023]]}},{"type":"Feature","properties":{"line":"3A","mode":"bus","color":"#119efc","oi":0.593,"n":3,"sw":1},"geometry":{"type":"LineString","coordinates":[[19.815889,41.329021],[19.815873,41.329027]]}},{"type":"Feature","properties":{"line":"3A","mode":"bus","color":"#119efc","oi":0.684,"n":3,"sw":1},"geometry":{"type":"LineString","coordinates":[[19.815879,41.329024],[19.815863,41.329031]]}},{"type":"Feature","properties":{"line":"3A","mode":"bus","color":"#119efc","oi":0.768,"n":3,"sw":1},"geometry":{"type":"LineString","coordinates":[[19.815869,41.329028],[19.815852,41.329034]]}},{"type":"Feature","properties":{"line":"3A","mode":"bus","color":"#119efc","oi":0.844,"n":3,"sw":1},"geometry":{"type":"LineString","coordinates":[[19.815859,41.329032],[19.815842,41.329038]]}},{"type":"Feature","properties":{"line":"3A","mode":"bus","color":"#119efc","oi":0.908,"n":3,"sw":1},"geometry":{"type":"LineString","coordinates":[[19.815849,41.329036],[19.815832,41.329042]]}},{"type":"Feature","properties":{"line":"3A","mode":"bus","color":"#119efc","oi":0.957,"n":3,"sw":1},"geometry":{"type":"LineString","coordinates":[[19.815838,41.32904],[19.815822,41.329046]]}},{"type":"Feature","properties":{"line":"3A","mode":"bus","color":"#119efc","oi":0.989,"n":3,"sw":1},"geometry":{"type":"LineString","coordinates":[[19.815828,41.329043],[19.815811,41.329049]]}},{"type":"Feature","properties":{"line":"3A","mode":"bus","color":"#119efc","oi":1,"n":3,"sw":1},"geometry":{"type":"LineString","coordinates":[[19.815818,41.329047],[19.815801,41.329053]]}},{"type":"Feature","properties":{"line":"3A","mode":"bus","color":"#119efc","oi":1,"n":3,"sw":1},"geometry":{"type":"LineString","coordinates":[[19.815808,41.329051],[19.815791,41.329057]]}},{"type":"Feature","properties":{"line":"3A","mode":"bus","color":"#119efc","oi":0.989,"n":3,"sw":1},"geometry":{"type":"LineString","coordinates":[[19.815798,41.329055],[19.815781,41.329061]]}},{"type":"Feature","properties":{"line":"3A","mode":"bus","color":"#119efc","oi":0.957,"n":3,"sw":1},"geometry":{"type":"LineString","coordinates":[[19.815787,41.329058],[19.815771,41.329064]]}},{"type":"Feature","properties":{"line":"3A","mode":"bus","color":"#119efc","oi":0.908,"n":3,"sw":1},"geometry":{"type":"LineString","coordinates":[[19.815777,41.329062],[19.81576,41.329068]]}},{"type":"Feature","properties":{"line":"3A","mode":"bus","color":"#119efc","oi":0.844,"n":3,"sw":1},"geometry":{"type":"LineString","coordinates":[[19.815767,41.329066],[19.81575,41.329072]]}},{"type":"Feature","properties":{"line":"3A","mode":"bus","color":"#119efc","oi":0.768,"n":3,"sw":1},"geometry":{"type":"LineString","coordinates":[[19.815757,41.32907],[19.81574,41.329076]]}},{"type":"Feature","properties":{"line":"3A","mode":"bus","color":"#119efc","oi":0.684,"n":3,"sw":1},"geometry":{"type":"LineString","coordinates":[[19.815746,41.329073],[19.81573,41.32908]]}},{"type":"Feature","properties":{"line":"3A","mode":"bus","color":"#119efc","oi":0.593,"n":3,"sw":1},"geometry":{"type":"LineString","coordinates":[[19.815736,41.329077],[19.81572,41.329083]]}},{"type":"Feature","properties":{"line":"3A","mode":"bus","color":"#119efc","oi":0.5,"n":3,"sw":1},"geometry":{"type":"LineString","coordinates":[[19.815726,41.329081],[19.815709,41.329087]]}},{"type":"Feature","properties":{"line":"3A","mode":"bus","color":"#119efc","oi":0.407,"n":3,"sw":1},"geometry":{"type":"LineString","coordinates":[[19.815716,41.329085],[19.815699,41.329091]]}},{"type":"Feature","properties":{"line":"3A","mode":"bus","color":"#119efc","oi":0.316,"n":3,"sw":1},"geometry":{"type":"LineString","coordinates":[[19.815706,41.329088],[19.815689,41.329095]]}},{"type":"Feature","properties":{"line":"3A","mode":"bus","color":"#119efc","oi":0.232,"n":3,"sw":1},"geometry":{"type":"LineString","coordinates":[[19.815695,41.329092],[19.815679,41.329098]]}},{"type":"Feature","properties":{"line":"3A","mode":"bus","color":"#119efc","oi":0.156,"n":3,"sw":1},"geometry":{"type":"LineString","coordinates":[[19.815685,41.329096],[19.815669,41.329102]]}},{"type":"Feature","properties":{"line":"3A","mode":"bus","color":"#119efc","oi":0.092,"n":3,"sw":1},"geometry":{"type":"LineString","coordinates":[[19.815675,41.3291],[19.815658,41.329106]]}},{"type":"Feature","properties":{"line":"3A","mode":"bus","color":"#119efc","oi":0.043,"n":3,"sw":1},"geometry":{"type":"LineString","coordinates":[[19.815665,41.329104],[19.815648,41.32911]]}},{"type":"Feature","properties":{"line":"3A","mode":"bus","color":"#119efc","oi":0.011,"n":3,"sw":1},"geometry":{"type":"LineString","coordinates":[[19.815655,41.329107],[19.815638,41.329113]]}},{"type":"Feature","properties":{"line":"3A","mode":"bus","color":"#119efc","oi":0,"n":3,"sw":1},"geometry":{"type":"LineString","coordinates":[[19.815644,41.329111],[19.815631,41.329116]]}},{"type":"Feature","properties":{"line":"3A","mode":"bus","color":"#119efc","oi":1,"n":3},"geometry":{"type":"LineString","coordinates":[[19.783674,41.320068],[19.783544,41.320226],[19.783424,41.320482],[19.783414,41.320681],[19.783608,41.321079],[19.783605,41.321172],[19.783539,41.321369],[19.782709,41.322591],[19.782576,41.322701],[19.781845,41.322983],[19.781386,41.323094],[19.780203,41.323257],[19.776439,41.323835],[19.774272,41.324812],[19.774158,41.324959],[19.774097,41.325103]]}},{"type":"Feature","properties":{"line":"3A","mode":"bus","color":"#119efc","oi":0,"n":3,"sw":1},"geometry":{"type":"LineString","coordinates":[[19.78396,41.319831],[19.783938,41.319843]]}},{"type":"Feature","properties":{"line":"3A","mode":"bus","color":"#119efc","oi":0.01,"n":3,"sw":1},"geometry":{"type":"LineString","coordinates":[[19.783944,41.31984],[19.783919,41.319854]]}},{"type":"Feature","properties":{"line":"3A","mode":"bus","color":"#119efc","oi":0.038,"n":3,"sw":1},"geometry":{"type":"LineString","coordinates":[[19.783925,41.319851],[19.7839,41.319865]]}},{"type":"Feature","properties":{"line":"3A","mode":"bus","color":"#119efc","oi":0.082,"n":3,"sw":1},"geometry":{"type":"LineString","coordinates":[[19.783906,41.319862],[19.783881,41.319876]]}},{"type":"Feature","properties":{"line":"3A","mode":"bus","color":"#119efc","oi":0.14,"n":3,"sw":1},"geometry":{"type":"LineString","coordinates":[[19.783886,41.319873],[19.783862,41.319887]]}},{"type":"Feature","properties":{"line":"3A","mode":"bus","color":"#119efc","oi":0.209,"n":3,"sw":1},"geometry":{"type":"LineString","coordinates":[[19.783867,41.319884],[19.783842,41.319898]]}},{"type":"Feature","properties":{"line":"3A","mode":"bus","color":"#119efc","oi":0.286,"n":3,"sw":1},"geometry":{"type":"LineString","coordinates":[[19.783848,41.319894],[19.783823,41.319908]]}},{"type":"Feature","properties":{"line":"3A","mode":"bus","color":"#119efc","oi":0.369,"n":3,"sw":1},"geometry":{"type":"LineString","coordinates":[[19.783829,41.319905],[19.783817,41.319912],[19.783808,41.319922]]}},{"type":"Feature","properties":{"line":"3A","mode":"bus","color":"#119efc","oi":0.456,"n":3,"sw":1},"geometry":{"type":"LineString","coordinates":[[19.783812,41.319917],[19.783794,41.319936]]}},{"type":"Feature","properties":{"line":"3A","mode":"bus","color":"#119efc","oi":0.544,"n":3,"sw":1},"geometry":{"type":"LineString","coordinates":[[19.783798,41.319932],[19.78378,41.319951]]}},{"type":"Feature","properties":{"line":"3A","mode":"bus","color":"#119efc","oi":0.631,"n":3,"sw":1},"geometry":{"type":"LineString","coordinates":[[19.783784,41.319947],[19.783766,41.319966]]}},{"type":"Feature","properties":{"line":"3A","mode":"bus","color":"#119efc","oi":0.714,"n":3,"sw":1},"geometry":{"type":"LineString","coordinates":[[19.78377,41.319961],[19.783752,41.31998]]}},{"type":"Feature","properties":{"line":"3A","mode":"bus","color":"#119efc","oi":0.791,"n":3,"sw":1},"geometry":{"type":"LineString","coordinates":[[19.783756,41.319976],[19.783738,41.319995]]}},{"type":"Feature","properties":{"line":"3A","mode":"bus","color":"#119efc","oi":0.86,"n":3,"sw":1},"geometry":{"type":"LineString","coordinates":[[19.783742,41.319991],[19.783724,41.32001]]}},{"type":"Feature","properties":{"line":"3A","mode":"bus","color":"#119efc","oi":0.918,"n":3,"sw":1},"geometry":{"type":"LineString","coordinates":[[19.783729,41.320005],[19.78371,41.320024]]}},{"type":"Feature","properties":{"line":"3A","mode":"bus","color":"#119efc","oi":0.962,"n":3,"sw":1},"geometry":{"type":"LineString","coordinates":[[19.783715,41.32002],[19.783706,41.320029],[19.783697,41.320039]]}},{"type":"Feature","properties":{"line":"3A","mode":"bus","color":"#119efc","oi":0.99,"n":3,"sw":1},"geometry":{"type":"LineString","coordinates":[[19.783701,41.320035],[19.783685,41.320055]]}},{"type":"Feature","properties":{"line":"3A","mode":"bus","color":"#119efc","oi":1,"n":3,"sw":1},"geometry":{"type":"LineString","coordinates":[[19.783689,41.32005],[19.783672,41.32007]]}},{"type":"Feature","properties":{"line":"3A","mode":"bus","color":"#119efc","oi":1,"n":3},"geometry":{"type":"LineString","coordinates":[[19.773939,41.325656],[19.773792,41.326167],[19.773783,41.326282],[19.774029,41.328371],[19.773988,41.328667],[19.77391,41.328849],[19.773272,41.329933],[19.772702,41.330776],[19.771169,41.33213],[19.771078,41.332264],[19.770905,41.332765],[19.770775,41.333009],[19.770401,41.333432],[19.769893,41.33395],[19.7697,41.334043],[19.768942,41.334254],[19.768767,41.334316],[19.768653,41.334387],[19.768037,41.335036],[19.765757,41.336859],[19.763905,41.338264],[19.763372,41.338714]]}},{"type":"Feature","properties":{"line":"4","mode":"bus","color":"#07ad80","oi":0,"n":4,"sw":1},"geometry":{"type":"LineString","coordinates":[[19.804553,41.332748],[19.804522,41.332741]]}},{"type":"Feature","properties":{"line":"4","mode":"bus","color":"#07ad80","oi":0.017,"n":4,"sw":1},"geometry":{"type":"LineString","coordinates":[[19.804529,41.332743],[19.804494,41.332735]]}},{"type":"Feature","properties":{"line":"4","mode":"bus","color":"#07ad80","oi":0.063,"n":4,"sw":1},"geometry":{"type":"LineString","coordinates":[[19.804501,41.332737],[19.804466,41.332729]]}},{"type":"Feature","properties":{"line":"4","mode":"bus","color":"#07ad80","oi":0.13,"n":4,"sw":1},"geometry":{"type":"LineString","coordinates":[[19.804473,41.332731],[19.80446,41.332728],[19.804437,41.332729]]}},{"type":"Feature","properties":{"line":"4","mode":"bus","color":"#07ad80","oi":0.209,"n":4,"sw":1},"geometry":{"type":"LineString","coordinates":[[19.804444,41.332729],[19.804408,41.332731]]}},{"type":"Feature","properties":{"line":"4","mode":"bus","color":"#07ad80","oi":0.291,"n":4,"sw":1},"geometry":{"type":"LineString","coordinates":[[19.804415,41.332731],[19.804379,41.332733]]}},{"type":"Feature","properties":{"line":"4","mode":"bus","color":"#07ad80","oi":0.37,"n":4,"sw":1},"geometry":{"type":"LineString","coordinates":[[19.804387,41.332732],[19.80435,41.332734]]}},{"type":"Feature","properties":{"line":"4","mode":"bus","color":"#07ad80","oi":0.437,"n":4,"sw":1},"geometry":{"type":"LineString","coordinates":[[19.804358,41.332734],[19.804322,41.332736]]}},{"type":"Feature","properties":{"line":"4","mode":"bus","color":"#07ad80","oi":0.483,"n":4,"sw":1},"geometry":{"type":"LineString","coordinates":[[19.804329,41.332736],[19.804293,41.332738]]}},{"type":"Feature","properties":{"line":"4","mode":"bus","color":"#07ad80","oi":0.5,"n":4,"sw":1},"geometry":{"type":"LineString","coordinates":[[19.8043,41.332737],[19.804268,41.332739],[19.804264,41.33274]]}},{"type":"Feature","properties":{"line":"4","mode":"bus","color":"#07ad80","oi":0.5,"n":4,"sw":1},"geometry":{"type":"LineString","coordinates":[[19.804271,41.332739],[19.804268,41.332739],[19.804238,41.33275]]}},{"type":"Feature","properties":{"line":"4","mode":"bus","color":"#07ad80","oi":0.483,"n":4,"sw":1},"geometry":{"type":"LineString","coordinates":[[19.804244,41.332747],[19.804212,41.332759]]}},{"type":"Feature","properties":{"line":"4","mode":"bus","color":"#07ad80","oi":0.437,"n":4,"sw":1},"geometry":{"type":"LineString","coordinates":[[19.804218,41.332757],[19.804185,41.332768]]}},{"type":"Feature","properties":{"line":"4","mode":"bus","color":"#07ad80","oi":0.37,"n":4,"sw":1},"geometry":{"type":"LineString","coordinates":[[19.804192,41.332766],[19.80418,41.33277],[19.804164,41.332783]]}},{"type":"Feature","properties":{"line":"4","mode":"bus","color":"#07ad80","oi":0.291,"n":4,"sw":1},"geometry":{"type":"LineString","coordinates":[[19.804169,41.332779],[19.804144,41.332798]]}},{"type":"Feature","properties":{"line":"4","mode":"bus","color":"#07ad80","oi":0.209,"n":4,"sw":1},"geometry":{"type":"LineString","coordinates":[[19.804149,41.332794],[19.804124,41.332814]]}},{"type":"Feature","properties":{"line":"4","mode":"bus","color":"#07ad80","oi":0.13,"n":4,"sw":1},"geometry":{"type":"LineString","coordinates":[[19.804129,41.33281],[19.804104,41.33283]]}},{"type":"Feature","properties":{"line":"4","mode":"bus","color":"#07ad80","oi":0.063,"n":4,"sw":1},"geometry":{"type":"LineString","coordinates":[[19.804109,41.332826],[19.804084,41.332845]]}},{"type":"Feature","properties":{"line":"4","mode":"bus","color":"#07ad80","oi":0.017,"n":4,"sw":1},"geometry":{"type":"LineString","coordinates":[[19.804089,41.332842],[19.804064,41.332861]]}},{"type":"Feature","properties":{"line":"4","mode":"bus","color":"#07ad80","oi":0,"n":4,"sw":1},"geometry":{"type":"LineString","coordinates":[[19.804069,41.332857],[19.804046,41.332875]]}},{"type":"Feature","properties":{"line":"4","mode":"bus","color":"#07ad80","oi":0.5,"n":4},"geometry":{"type":"LineString","coordinates":[[19.803716,41.333185],[19.803564,41.333264],[19.788292,41.338563],[19.786577,41.339096],[19.786388,41.339157]]}},{"type":"Feature","properties":{"line":"4","mode":"bus","color":"#07ad80","oi":0,"n":4,"sw":1},"geometry":{"type":"LineString","coordinates":[[19.804006,41.332948],[19.803976,41.332975]]}},{"type":"Feature","properties":{"line":"4","mode":"bus","color":"#07ad80","oi":0.017,"n":4,"sw":1},"geometry":{"type":"LineString","coordinates":[[19.803981,41.332971],[19.803948,41.333]]}},{"type":"Feature","properties":{"line":"4","mode":"bus","color":"#07ad80","oi":0.063,"n":4,"sw":1},"geometry":{"type":"LineString","coordinates":[[19.803953,41.332996],[19.803921,41.333025]]}},{"type":"Feature","properties":{"line":"4","mode":"bus","color":"#07ad80","oi":0.13,"n":4,"sw":1},"geometry":{"type":"LineString","coordinates":[[19.803925,41.33302],[19.803893,41.333049]]}},{"type":"Feature","properties":{"line":"4","mode":"bus","color":"#07ad80","oi":0.209,"n":4,"sw":1},"geometry":{"type":"LineString","coordinates":[[19.803898,41.333045],[19.803866,41.333074]]}},{"type":"Feature","properties":{"line":"4","mode":"bus","color":"#07ad80","oi":0.291,"n":4,"sw":1},"geometry":{"type":"LineString","coordinates":[[19.80387,41.33307],[19.803838,41.333099]]}},{"type":"Feature","properties":{"line":"4","mode":"bus","color":"#07ad80","oi":0.37,"n":4,"sw":1},"geometry":{"type":"LineString","coordinates":[[19.803843,41.333095],[19.80381,41.333124]]}},{"type":"Feature","properties":{"line":"4","mode":"bus","color":"#07ad80","oi":0.437,"n":4,"sw":1},"geometry":{"type":"LineString","coordinates":[[19.803815,41.33312],[19.803783,41.333149]]}},{"type":"Feature","properties":{"line":"4","mode":"bus","color":"#07ad80","oi":0.483,"n":4,"sw":1},"geometry":{"type":"LineString","coordinates":[[19.803787,41.333145],[19.803778,41.333153],[19.803748,41.333168]]}},{"type":"Feature","properties":{"line":"4","mode":"bus","color":"#07ad80","oi":0.5,"n":4,"sw":1},"geometry":{"type":"LineString","coordinates":[[19.803754,41.333165],[19.803713,41.333187]]}},{"type":"Feature","properties":{"line":"4","mode":"bus","color":"#07ad80","oi":0.5,"n":4,"sw":1},"geometry":{"type":"LineString","coordinates":[[19.786391,41.339156],[19.786345,41.339171]]}},{"type":"Feature","properties":{"line":"4","mode":"bus","color":"#07ad80","oi":0.517,"n":4,"sw":1},"geometry":{"type":"LineString","coordinates":[[19.786351,41.339169],[19.786305,41.339184]]}},{"type":"Feature","properties":{"line":"4","mode":"bus","color":"#07ad80","oi":0.563,"n":4,"sw":1},"geometry":{"type":"LineString","coordinates":[[19.786312,41.339182],[19.786266,41.339197]]}},{"type":"Feature","properties":{"line":"4","mode":"bus","color":"#07ad80","oi":0.63,"n":4,"sw":1},"geometry":{"type":"LineString","coordinates":[[19.786272,41.339194],[19.786226,41.339209]]}},{"type":"Feature","properties":{"line":"4","mode":"bus","color":"#07ad80","oi":0.709,"n":4,"sw":1},"geometry":{"type":"LineString","coordinates":[[19.786233,41.339207],[19.786187,41.339222]]}},{"type":"Feature","properties":{"line":"4","mode":"bus","color":"#07ad80","oi":0.791,"n":4,"sw":1},"geometry":{"type":"LineString","coordinates":[[19.786193,41.33922],[19.786147,41.339235]]}},{"type":"Feature","properties":{"line":"4","mode":"bus","color":"#07ad80","oi":0.87,"n":4,"sw":1},"geometry":{"type":"LineString","coordinates":[[19.786154,41.339233],[19.786107,41.339248]]}},{"type":"Feature","properties":{"line":"4","mode":"bus","color":"#07ad80","oi":0.937,"n":4,"sw":1},"geometry":{"type":"LineString","coordinates":[[19.786114,41.339246],[19.786068,41.33926]]}},{"type":"Feature","properties":{"line":"4","mode":"bus","color":"#07ad80","oi":0.983,"n":4,"sw":1},"geometry":{"type":"LineString","coordinates":[[19.786074,41.339258],[19.786028,41.339273]]}},{"type":"Feature","properties":{"line":"4","mode":"bus","color":"#07ad80","oi":1,"n":4,"sw":1},"geometry":{"type":"LineString","coordinates":[[19.786035,41.339271],[19.785992,41.339285]]}},{"type":"Feature","properties":{"line":"4","mode":"bus","color":"#07ad80","oi":0,"n":3},"geometry":{"type":"LineString","coordinates":[[19.80425,41.333307],[19.804733,41.333442],[19.804986,41.33356],[19.805176,41.33368]]}},{"type":"Feature","properties":{"line":"4","mode":"bus","color":"#07ad80","oi":1,"n":3},"geometry":{"type":"LineString","coordinates":[[19.785786,41.339627],[19.785527,41.339734],[19.78503,41.340012],[19.784156,41.34027],[19.783084,41.340621],[19.7828,41.340627],[19.781116,41.341219],[19.78108,41.341287],[19.780345,41.341618],[19.778001,41.34248],[19.777835,41.342589],[19.777625,41.342789],[19.777488,41.342842],[19.777267,41.343006],[19.776966,41.343174]]}},{"type":"Feature","properties":{"line":"4","mode":"bus","color":"#07ad80","oi":0.5,"n":3,"sw":1},"geometry":{"type":"LineString","coordinates":[[19.786163,41.33947],[19.786122,41.339487]]}},{"type":"Feature","properties":{"line":"4","mode":"bus","color":"#07ad80","oi":0.517,"n":3,"sw":1},"geometry":{"type":"LineString","coordinates":[[19.786128,41.339484],[19.786084,41.339503]]}},{"type":"Feature","properties":{"line":"4","mode":"bus","color":"#07ad80","oi":0.563,"n":3,"sw":1},"geometry":{"type":"LineString","coordinates":[[19.786091,41.3395],[19.786047,41.339518]]}},{"type":"Feature","properties":{"line":"4","mode":"bus","color":"#07ad80","oi":0.63,"n":3,"sw":1},"geometry":{"type":"LineString","coordinates":[[19.786053,41.339516],[19.786009,41.339534]]}},{"type":"Feature","properties":{"line":"4","mode":"bus","color":"#07ad80","oi":0.709,"n":3,"sw":1},"geometry":{"type":"LineString","coordinates":[[19.786015,41.339531],[19.785971,41.33955]]}},{"type":"Feature","properties":{"line":"4","mode":"bus","color":"#07ad80","oi":0.791,"n":3,"sw":1},"geometry":{"type":"LineString","coordinates":[[19.785978,41.339547],[19.785934,41.339565]]}},{"type":"Feature","properties":{"line":"4","mode":"bus","color":"#07ad80","oi":0.87,"n":3,"sw":1},"geometry":{"type":"LineString","coordinates":[[19.78594,41.339563],[19.785896,41.339581]]}},{"type":"Feature","properties":{"line":"4","mode":"bus","color":"#07ad80","oi":0.937,"n":3,"sw":1},"geometry":{"type":"LineString","coordinates":[[19.785902,41.339578],[19.785858,41.339597]]}},{"type":"Feature","properties":{"line":"4","mode":"bus","color":"#07ad80","oi":0.983,"n":3,"sw":1},"geometry":{"type":"LineString","coordinates":[[19.785865,41.339594],[19.785821,41.339612]]}},{"type":"Feature","properties":{"line":"4","mode":"bus","color":"#07ad80","oi":1,"n":3,"sw":1},"geometry":{"type":"LineString","coordinates":[[19.785827,41.33961],[19.785783,41.339628]]}},{"type":"Feature","properties":{"line":"4","mode":"bus","color":"#07ad80","oi":1,"n":3},"geometry":{"type":"LineString","coordinates":[[19.785992,41.339285],[19.784754,41.339653],[19.782601,41.340469],[19.782435,41.34063],[19.780738,41.341227],[19.780457,41.341222],[19.779968,41.341342],[19.777559,41.342168],[19.777266,41.342253],[19.77697,41.342248],[19.775728,41.342678],[19.775526,41.342788],[19.775458,41.342897],[19.775459,41.343064],[19.775519,41.343252],[19.775613,41.34339],[19.775715,41.343477]]}},{"type":"Feature","properties":{"line":"4","mode":"bus","color":"#07ad80","oi":1,"n":3,"sw":1},"geometry":{"type":"LineString","coordinates":[[19.775713,41.343475],[19.775733,41.343493]]}},{"type":"Feature","properties":{"line":"4","mode":"bus","color":"#07ad80","oi":0.99,"n":3,"sw":1},"geometry":{"type":"LineString","coordinates":[[19.775728,41.343489],[19.775749,41.343506]]}},{"type":"Feature","properties":{"line":"4","mode":"bus","color":"#07ad80","oi":0.962,"n":3,"sw":1},"geometry":{"type":"LineString","coordinates":[[19.775744,41.343502],[19.775752,41.343509],[19.775768,41.343517]]}},{"type":"Feature","properties":{"line":"4","mode":"bus","color":"#07ad80","oi":0.918,"n":3,"sw":1},"geometry":{"type":"LineString","coordinates":[[19.775762,41.343514],[19.775788,41.343527]]}},{"type":"Feature","properties":{"line":"4","mode":"bus","color":"#07ad80","oi":0.86,"n":3,"sw":1},"geometry":{"type":"LineString","coordinates":[[19.775782,41.343524],[19.775807,41.343538]]}},{"type":"Feature","properties":{"line":"4","mode":"bus","color":"#07ad80","oi":0.791,"n":3,"sw":1},"geometry":{"type":"LineString","coordinates":[[19.775801,41.343535],[19.775827,41.343548]]}},{"type":"Feature","properties":{"line":"4","mode":"bus","color":"#07ad80","oi":0.714,"n":3,"sw":1},"geometry":{"type":"LineString","coordinates":[[19.775821,41.343545],[19.775847,41.343558]]}},{"type":"Feature","properties":{"line":"4","mode":"bus","color":"#07ad80","oi":0.631,"n":3,"sw":1},"geometry":{"type":"LineString","coordinates":[[19.775841,41.343555],[19.77586,41.343565],[19.775868,41.343566]]}},{"type":"Feature","properties":{"line":"4","mode":"bus","color":"#07ad80","oi":0.544,"n":3,"sw":1},"geometry":{"type":"LineString","coordinates":[[19.77586,41.343565],[19.775891,41.343567]]}},{"type":"Feature","properties":{"line":"4","mode":"bus","color":"#07ad80","oi":0.456,"n":3,"sw":1},"geometry":{"type":"LineString","coordinates":[[19.775884,41.343567],[19.775915,41.343569]]}},{"type":"Feature","properties":{"line":"4","mode":"bus","color":"#07ad80","oi":0.369,"n":3,"sw":1},"geometry":{"type":"LineString","coordinates":[[19.775908,41.343569],[19.775939,41.343571]]}},{"type":"Feature","properties":{"line":"4","mode":"bus","color":"#07ad80","oi":0.286,"n":3,"sw":1},"geometry":{"type":"LineString","coordinates":[[19.775932,41.343571],[19.775963,41.343573]]}},{"type":"Feature","properties":{"line":"4","mode":"bus","color":"#07ad80","oi":0.209,"n":3,"sw":1},"geometry":{"type":"LineString","coordinates":[[19.775956,41.343573],[19.775987,41.343575]]}},{"type":"Feature","properties":{"line":"4","mode":"bus","color":"#07ad80","oi":0.14,"n":3,"sw":1},"geometry":{"type":"LineString","coordinates":[[19.775979,41.343574],[19.77601,41.343577]]}},{"type":"Feature","properties":{"line":"4","mode":"bus","color":"#07ad80","oi":0.082,"n":3,"sw":1},"geometry":{"type":"LineString","coordinates":[[19.776003,41.343576],[19.776034,41.343579]]}},{"type":"Feature","properties":{"line":"4","mode":"bus","color":"#07ad80","oi":0.038,"n":3,"sw":1},"geometry":{"type":"LineString","coordinates":[[19.776027,41.343578],[19.776058,41.343581]]}},{"type":"Feature","properties":{"line":"4","mode":"bus","color":"#07ad80","oi":0.01,"n":3,"sw":1},"geometry":{"type":"LineString","coordinates":[[19.776051,41.34358],[19.776082,41.343582]]}},{"type":"Feature","properties":{"line":"4","mode":"bus","color":"#07ad80","oi":0,"n":3,"sw":1},"geometry":{"type":"LineString","coordinates":[[19.776075,41.343582],[19.776102,41.343584]]}},{"type":"Feature","properties":{"line":"4","mode":"bus","color":"#07ad80","oi":0.5,"n":2},"geometry":{"type":"LineString","coordinates":[[19.776479,41.343431],[19.776613,41.34336]]}},{"type":"Feature","properties":{"line":"4","mode":"bus","color":"#07ad80","oi":0,"n":2,"sw":1},"geometry":{"type":"LineString","coordinates":[[19.776102,41.343584],[19.776145,41.34357]]}},{"type":"Feature","properties":{"line":"4","mode":"bus","color":"#07ad80","oi":0.017,"n":2,"sw":1},"geometry":{"type":"LineString","coordinates":[[19.776138,41.343572],[19.776185,41.343558]]}},{"type":"Feature","properties":{"line":"4","mode":"bus","color":"#07ad80","oi":0.063,"n":2,"sw":1},"geometry":{"type":"LineString","coordinates":[[19.776178,41.34356],[19.776224,41.343545]]}},{"type":"Feature","properties":{"line":"4","mode":"bus","color":"#07ad80","oi":0.13,"n":2,"sw":1},"geometry":{"type":"LineString","coordinates":[[19.776218,41.343547],[19.776264,41.343533]]}},{"type":"Feature","properties":{"line":"4","mode":"bus","color":"#07ad80","oi":0.209,"n":2,"sw":1},"geometry":{"type":"LineString","coordinates":[[19.776257,41.343535],[19.776304,41.34352]]}},{"type":"Feature","properties":{"line":"4","mode":"bus","color":"#07ad80","oi":0.291,"n":2,"sw":1},"geometry":{"type":"LineString","coordinates":[[19.776297,41.343522],[19.77632,41.343515],[19.776341,41.343504]]}},{"type":"Feature","properties":{"line":"4","mode":"bus","color":"#07ad80","oi":0.37,"n":2,"sw":1},"geometry":{"type":"LineString","coordinates":[[19.776335,41.343507],[19.776376,41.343485]]}},{"type":"Feature","properties":{"line":"4","mode":"bus","color":"#07ad80","oi":0.437,"n":2,"sw":1},"geometry":{"type":"LineString","coordinates":[[19.77637,41.343488],[19.776411,41.343467]]}},{"type":"Feature","properties":{"line":"4","mode":"bus","color":"#07ad80","oi":0.483,"n":2,"sw":1},"geometry":{"type":"LineString","coordinates":[[19.776405,41.34347],[19.776447,41.343448]]}},{"type":"Feature","properties":{"line":"4","mode":"bus","color":"#07ad80","oi":0.5,"n":2,"sw":1},"geometry":{"type":"LineString","coordinates":[[19.776441,41.343451],[19.776482,41.34343]]}},{"type":"Feature","properties":{"line":"4","mode":"bus","color":"#07ad80","oi":0.5,"n":2,"sw":1},"geometry":{"type":"LineString","coordinates":[[19.776611,41.343362],[19.77663,41.343351]]}},{"type":"Feature","properties":{"line":"4","mode":"bus","color":"#07ad80","oi":0.493,"n":2,"sw":1},"geometry":{"type":"LineString","coordinates":[[19.776624,41.343354],[19.776644,41.343344]]}},{"type":"Feature","properties":{"line":"4","mode":"bus","color":"#07ad80","oi":0.473,"n":2,"sw":1},"geometry":{"type":"LineString","coordinates":[[19.776638,41.343347],[19.776657,41.343337]]}},{"type":"Feature","properties":{"line":"4","mode":"bus","color":"#07ad80","oi":0.44,"n":2,"sw":1},"geometry":{"type":"LineString","coordinates":[[19.776651,41.34334],[19.776671,41.34333]]}},{"type":"Feature","properties":{"line":"4","mode":"bus","color":"#07ad80","oi":0.397,"n":2,"sw":1},"geometry":{"type":"LineString","coordinates":[[19.776665,41.343333],[19.776684,41.343323]]}},{"type":"Feature","properties":{"line":"4","mode":"bus","color":"#07ad80","oi":0.344,"n":2,"sw":1},"geometry":{"type":"LineString","coordinates":[[19.776678,41.343326],[19.776698,41.343316]]}},{"type":"Feature","properties":{"line":"4","mode":"bus","color":"#07ad80","oi":0.282,"n":2,"sw":1},"geometry":{"type":"LineString","coordinates":[[19.776692,41.343319],[19.776711,41.343308]]}},{"type":"Feature","properties":{"line":"4","mode":"bus","color":"#07ad80","oi":0.213,"n":2,"sw":1},"geometry":{"type":"LineString","coordinates":[[19.776705,41.343312],[19.776725,41.343301]]}},{"type":"Feature","properties":{"line":"4","mode":"bus","color":"#07ad80","oi":0.138,"n":2,"sw":1},"geometry":{"type":"LineString","coordinates":[[19.776719,41.343304],[19.776738,41.343294]]}},{"type":"Feature","properties":{"line":"4","mode":"bus","color":"#07ad80","oi":0.057,"n":2,"sw":1},"geometry":{"type":"LineString","coordinates":[[19.776733,41.343297],[19.776752,41.343287]]}},{"type":"Feature","properties":{"line":"4","mode":"bus","color":"#07ad80","oi":-0.028,"n":2,"sw":1},"geometry":{"type":"LineString","coordinates":[[19.776746,41.34329],[19.776766,41.34328]]}},{"type":"Feature","properties":{"line":"4","mode":"bus","color":"#07ad80","oi":-0.116,"n":2,"sw":1},"geometry":{"type":"LineString","coordinates":[[19.77676,41.343283],[19.776779,41.343273]]}},{"type":"Feature","properties":{"line":"4","mode":"bus","color":"#07ad80","oi":-0.205,"n":2,"sw":1},"geometry":{"type":"LineString","coordinates":[[19.776773,41.343276],[19.776793,41.343265]]}},{"type":"Feature","properties":{"line":"4","mode":"bus","color":"#07ad80","oi":-0.295,"n":2,"sw":1},"geometry":{"type":"LineString","coordinates":[[19.776787,41.343269],[19.776806,41.343258]]}},{"type":"Feature","properties":{"line":"4","mode":"bus","color":"#07ad80","oi":-0.384,"n":2,"sw":1},"geometry":{"type":"LineString","coordinates":[[19.7768,41.343261],[19.77682,41.343251]]}},{"type":"Feature","properties":{"line":"4","mode":"bus","color":"#07ad80","oi":-0.472,"n":2,"sw":1},"geometry":{"type":"LineString","coordinates":[[19.776814,41.343254],[19.776833,41.343244]]}},{"type":"Feature","properties":{"line":"4","mode":"bus","color":"#07ad80","oi":-0.557,"n":2,"sw":1},"geometry":{"type":"LineString","coordinates":[[19.776827,41.343247],[19.776847,41.343237]]}},{"type":"Feature","properties":{"line":"4","mode":"bus","color":"#07ad80","oi":-0.638,"n":2,"sw":1},"geometry":{"type":"LineString","coordinates":[[19.776841,41.34324],[19.77686,41.34323]]}},{"type":"Feature","properties":{"line":"4","mode":"bus","color":"#07ad80","oi":-0.713,"n":2,"sw":1},"geometry":{"type":"LineString","coordinates":[[19.776855,41.343233],[19.776874,41.343223]]}},{"type":"Feature","properties":{"line":"4","mode":"bus","color":"#07ad80","oi":-0.782,"n":2,"sw":1},"geometry":{"type":"LineString","coordinates":[[19.776868,41.343226],[19.776888,41.343215]]}},{"type":"Feature","properties":{"line":"4","mode":"bus","color":"#07ad80","oi":-0.844,"n":2,"sw":1},"geometry":{"type":"LineString","coordinates":[[19.776882,41.343218],[19.776901,41.343208]]}},{"type":"Feature","properties":{"line":"4","mode":"bus","color":"#07ad80","oi":-0.897,"n":2,"sw":1},"geometry":{"type":"LineString","coordinates":[[19.776895,41.343211],[19.776915,41.343201]]}},{"type":"Feature","properties":{"line":"4","mode":"bus","color":"#07ad80","oi":-0.94,"n":2,"sw":1},"geometry":{"type":"LineString","coordinates":[[19.776909,41.343204],[19.776928,41.343194]]}},{"type":"Feature","properties":{"line":"4","mode":"bus","color":"#07ad80","oi":-0.973,"n":2,"sw":1},"geometry":{"type":"LineString","coordinates":[[19.776922,41.343197],[19.776942,41.343187]]}},{"type":"Feature","properties":{"line":"4","mode":"bus","color":"#07ad80","oi":-0.993,"n":2,"sw":1},"geometry":{"type":"LineString","coordinates":[[19.776936,41.34319],[19.776955,41.34318]]}},{"type":"Feature","properties":{"line":"4","mode":"bus","color":"#07ad80","oi":-1,"n":2,"sw":1},"geometry":{"type":"LineString","coordinates":[[19.77695,41.343183],[19.776966,41.343174]]}},{"type":"Feature","properties":{"line":"4","mode":"bus","color":"#07ad80","oi":0,"n":1},"geometry":{"type":"LineString","coordinates":[[19.774874,41.343798],[19.774872,41.343707]]}},{"type":"Feature","properties":{"line":"4","mode":"bus","color":"#07ad80","oi":0,"n":1},"geometry":{"type":"LineString","coordinates":[[19.776118,41.344164],[19.77598,41.344219],[19.7758,41.344214],[19.775032,41.343911],[19.774902,41.343818],[19.774883,41.343809],[19.774862,41.343807],[19.77484,41.343813],[19.774812,41.343825],[19.774789,41.343832],[19.774767,41.343832],[19.774744,41.343825],[19.774675,41.343795],[19.774427,41.343782]]}},{"type":"Feature","properties":{"line":"4","mode":"bus","color":"#07ad80","oi":0,"n":1},"geometry":{"type":"LineString","coordinates":[[19.775668,41.343447],[19.775441,41.343402],[19.775228,41.343438],[19.77509,41.343486],[19.774887,41.343692],[19.774879,41.343698],[19.774871,41.3437],[19.774862,41.343699],[19.774852,41.343695],[19.774815,41.343673],[19.774729,41.343675],[19.769935,41.345321],[19.760204,41.348692],[19.755564,41.350336],[19.75385,41.350899],[19.734179,41.357733],[19.725644,41.360676],[19.724527,41.361],[19.714184,41.363649],[19.714018,41.363739],[19.713962,41.363804],[19.713906,41.363959],[19.714114,41.365029],[19.714079,41.365148],[19.713868,41.365329],[19.713198,41.36576],[19.710922,41.367128],[19.709083,41.368284],[19.708805,41.368436],[19.70559,41.369907],[19.7043,41.370643],[19.704165,41.370698],[19.703768,41.370751],[19.702912,41.370752],[19.701641,41.370399],[19.701428,41.370317],[19.701263,41.370221],[19.70112,41.370005],[19.701039,41.369477],[19.700989,41.369329],[19.700926,41.369252],[19.700841,41.369201],[19.700701,41.369182],[19.691,41.371007],[19.690973,41.371008],[19.690952,41.371],[19.690937,41.370982],[19.690883,41.370873],[19.690876,41.370714],[19.691112,41.370195],[19.691091,41.369985],[19.690583,41.368424],[19.690486,41.368022],[19.690061,41.367532],[19.68998,41.367378]]}},{"type":"Feature","properties":{"line":"4","mode":"bus","color":"#07ad80","oi":0,"n":1},"geometry":{"type":"LineString","coordinates":[[19.748203,41.35286],[19.748347,41.352851],[19.748668,41.352735],[19.748752,41.352669]]}},{"type":"Feature","properties":{"line":"4","mode":"bus","color":"#07ad80","oi":0,"n":1},"geometry":{"type":"LineString","coordinates":[[19.689215,41.366965],[19.688886,41.36695],[19.688859,41.366953],[19.688842,41.366964],[19.688835,41.366984],[19.688748,41.368046],[19.68875,41.368062],[19.688758,41.368074],[19.688772,41.368081],[19.688793,41.368084],[19.690531,41.368159]]}},{"type":"Feature","properties":{"line":"4","mode":"bus","color":"#07ad80","oi":0,"n":1},"geometry":{"type":"LineString","coordinates":[[19.690486,41.368022],[19.688756,41.367949]]}},{"type":"Feature","properties":{"line":"4","mode":"bus","color":"#07ad80","oi":0,"n":3},"geometry":{"type":"LineString","coordinates":[[19.815284,41.329238],[19.805608,41.332603],[19.804964,41.332774],[19.804629,41.332781]]}},{"type":"Feature","properties":{"line":"4","mode":"bus","color":"#07ad80","oi":0,"n":3},"geometry":{"type":"LineString","coordinates":[[19.815978,41.328988],[19.815631,41.329116]]}},{"type":"Feature","properties":{"line":"4","mode":"bus","color":"#07ad80","oi":0,"n":4,"sw":1},"geometry":{"type":"LineString","coordinates":[[19.815631,41.329116],[19.81567,41.329114]]}},{"type":"Feature","properties":{"line":"4","mode":"bus","color":"#07ad80","oi":0.017,"n":4,"sw":1},"geometry":{"type":"LineString","coordinates":[[19.815663,41.329115],[19.815705,41.329113]]}},{"type":"Feature","properties":{"line":"4","mode":"bus","color":"#07ad80","oi":0.063,"n":4,"sw":1},"geometry":{"type":"LineString","coordinates":[[19.815698,41.329113],[19.81574,41.329112]]}},{"type":"Feature","properties":{"line":"4","mode":"bus","color":"#07ad80","oi":0.13,"n":4,"sw":1},"geometry":{"type":"LineString","coordinates":[[19.815733,41.329112],[19.815775,41.32911]]}},{"type":"Feature","properties":{"line":"4","mode":"bus","color":"#07ad80","oi":0.209,"n":4,"sw":1},"geometry":{"type":"LineString","coordinates":[[19.815768,41.32911],[19.815803,41.329109],[19.81581,41.329111]]}},{"type":"Feature","properties":{"line":"4","mode":"bus","color":"#07ad80","oi":0.291,"n":4,"sw":1},"geometry":{"type":"LineString","coordinates":[[19.815803,41.329109],[19.815842,41.329121]]}},{"type":"Feature","properties":{"line":"4","mode":"bus","color":"#07ad80","oi":0.37,"n":4,"sw":1},"geometry":{"type":"LineString","coordinates":[[19.815836,41.329119],[19.815875,41.329131]]}},{"type":"Feature","properties":{"line":"4","mode":"bus","color":"#07ad80","oi":0.437,"n":4,"sw":1},"geometry":{"type":"LineString","coordinates":[[19.815868,41.329129],[19.815884,41.329134],[19.815901,41.329148]]}},{"type":"Feature","properties":{"line":"4","mode":"bus","color":"#07ad80","oi":0.483,"n":4,"sw":1},"geometry":{"type":"LineString","coordinates":[[19.815896,41.329144],[19.815925,41.329168]]}},{"type":"Feature","properties":{"line":"4","mode":"bus","color":"#07ad80","oi":0.5,"n":4,"sw":1},"geometry":{"type":"LineString","coordinates":[[19.81592,41.329164],[19.815948,41.329187]]}},{"type":"Feature","properties":{"line":"4","mode":"bus","color":"#07ad80","oi":0.5,"n":4,"sw":1},"geometry":{"type":"LineString","coordinates":[[19.815943,41.329183],[19.815972,41.329207]]}},{"type":"Feature","properties":{"line":"4","mode":"bus","color":"#07ad80","oi":0.483,"n":4,"sw":1},"geometry":{"type":"LineString","coordinates":[[19.815967,41.329203],[19.815991,41.329223],[19.815994,41.329227]]}},{"type":"Feature","properties":{"line":"4","mode":"bus","color":"#07ad80","oi":0.437,"n":4,"sw":1},"geometry":{"type":"LineString","coordinates":[[19.815991,41.329223],[19.815991,41.329223],[19.816011,41.329251]]}},{"type":"Feature","properties":{"line":"4","mode":"bus","color":"#07ad80","oi":0.37,"n":4,"sw":1},"geometry":{"type":"LineString","coordinates":[[19.816008,41.329246],[19.816029,41.329274]]}},{"type":"Feature","properties":{"line":"4","mode":"bus","color":"#07ad80","oi":0.291,"n":4,"sw":1},"geometry":{"type":"LineString","coordinates":[[19.816025,41.329269],[19.816046,41.329297]]}},{"type":"Feature","properties":{"line":"4","mode":"bus","color":"#07ad80","oi":0.209,"n":4,"sw":1},"geometry":{"type":"LineString","coordinates":[[19.816042,41.329292],[19.816063,41.32932]]}},{"type":"Feature","properties":{"line":"4","mode":"bus","color":"#07ad80","oi":0.13,"n":4,"sw":1},"geometry":{"type":"LineString","coordinates":[[19.81606,41.329315],[19.81608,41.329343]]}},{"type":"Feature","properties":{"line":"4","mode":"bus","color":"#07ad80","oi":0.063,"n":4,"sw":1},"geometry":{"type":"LineString","coordinates":[[19.816077,41.329338],[19.816097,41.329366]]}},{"type":"Feature","properties":{"line":"4","mode":"bus","color":"#07ad80","oi":0.017,"n":4,"sw":1},"geometry":{"type":"LineString","coordinates":[[19.816094,41.329361],[19.816115,41.329389]]}},{"type":"Feature","properties":{"line":"4","mode":"bus","color":"#07ad80","oi":0,"n":4,"sw":1},"geometry":{"type":"LineString","coordinates":[[19.816111,41.329385],[19.81613,41.32941]]}},{"type":"Feature","properties":{"line":"4","mode":"bus","color":"#07ad80","oi":0.5,"n":4},"geometry":{"type":"LineString","coordinates":[[19.814995,41.329478],[19.814337,41.330027],[19.813624,41.330525],[19.811162,41.331892],[19.8099,41.332567],[19.809676,41.332649],[19.806878,41.333468],[19.8067,41.333537],[19.806449,41.333711],[19.806282,41.333956]]}},{"type":"Feature","properties":{"line":"4","mode":"bus","color":"#07ad80","oi":0,"n":4,"sw":1},"geometry":{"type":"LineString","coordinates":[[19.815284,41.329238],[19.815253,41.329264]]}},{"type":"Feature","properties":{"line":"4","mode":"bus","color":"#07ad80","oi":0.017,"n":4,"sw":1},"geometry":{"type":"LineString","coordinates":[[19.815258,41.32926],[19.815224,41.329288]]}},{"type":"Feature","properties":{"line":"4","mode":"bus","color":"#07ad80","oi":0.063,"n":4,"sw":1},"geometry":{"type":"LineString","coordinates":[[19.815229,41.329284],[19.815195,41.329312]]}},{"type":"Feature","properties":{"line":"4","mode":"bus","color":"#07ad80","oi":0.13,"n":4,"sw":1},"geometry":{"type":"LineString","coordinates":[[19.8152,41.329308],[19.815166,41.329336]]}},{"type":"Feature","properties":{"line":"4","mode":"bus","color":"#07ad80","oi":0.209,"n":4,"sw":1},"geometry":{"type":"LineString","coordinates":[[19.815171,41.329332],[19.815137,41.32936]]}},{"type":"Feature","properties":{"line":"4","mode":"bus","color":"#07ad80","oi":0.291,"n":4,"sw":1},"geometry":{"type":"LineString","coordinates":[[19.815142,41.329356],[19.815108,41.329384]]}},{"type":"Feature","properties":{"line":"4","mode":"bus","color":"#07ad80","oi":0.37,"n":4,"sw":1},"geometry":{"type":"LineString","coordinates":[[19.815113,41.32938],[19.81508,41.329408]]}},{"type":"Feature","properties":{"line":"4","mode":"bus","color":"#07ad80","oi":0.437,"n":4,"sw":1},"geometry":{"type":"LineString","coordinates":[[19.815084,41.329404],[19.815051,41.329432]]}},{"type":"Feature","properties":{"line":"4","mode":"bus","color":"#07ad80","oi":0.483,"n":4,"sw":1},"geometry":{"type":"LineString","coordinates":[[19.815056,41.329428],[19.815022,41.329456]]}},{"type":"Feature","properties":{"line":"4","mode":"bus","color":"#07ad80","oi":0.5,"n":4,"sw":1},"geometry":{"type":"LineString","coordinates":[[19.815027,41.329452],[19.814993,41.32948]]}},{"type":"Feature","properties":{"line":"4","mode":"bus","color":"#07ad80","oi":0.5,"n":4,"sw":1},"geometry":{"type":"LineString","coordinates":[[19.806283,41.333953],[19.80626,41.333987]]}},{"type":"Feature","properties":{"line":"4","mode":"bus","color":"#07ad80","oi":0.483,"n":4,"sw":1},"geometry":{"type":"LineString","coordinates":[[19.806264,41.333982],[19.806241,41.334016]]}},{"type":"Feature","properties":{"line":"4","mode":"bus","color":"#07ad80","oi":0.437,"n":4,"sw":1},"geometry":{"type":"LineString","coordinates":[[19.806244,41.334011],[19.806221,41.334045]]}},{"type":"Feature","properties":{"line":"4","mode":"bus","color":"#07ad80","oi":0.37,"n":4,"sw":1},"geometry":{"type":"LineString","coordinates":[[19.806224,41.33404],[19.806201,41.334074]]}},{"type":"Feature","properties":{"line":"4","mode":"bus","color":"#07ad80","oi":0.291,"n":4,"sw":1},"geometry":{"type":"LineString","coordinates":[[19.806205,41.334069],[19.806182,41.334102]]}},{"type":"Feature","properties":{"line":"4","mode":"bus","color":"#07ad80","oi":0.209,"n":4,"sw":1},"geometry":{"type":"LineString","coordinates":[[19.806185,41.334098],[19.806162,41.334131]]}},{"type":"Feature","properties":{"line":"4","mode":"bus","color":"#07ad80","oi":0.13,"n":4,"sw":1},"geometry":{"type":"LineString","coordinates":[[19.806165,41.334126],[19.806142,41.33416]]}},{"type":"Feature","properties":{"line":"4","mode":"bus","color":"#07ad80","oi":0.063,"n":4,"sw":1},"geometry":{"type":"LineString","coordinates":[[19.806146,41.334155],[19.806123,41.334189]]}},{"type":"Feature","properties":{"line":"4","mode":"bus","color":"#07ad80","oi":0.017,"n":4,"sw":1},"geometry":{"type":"LineString","coordinates":[[19.806126,41.334184],[19.806103,41.334218]]}},{"type":"Feature","properties":{"line":"4","mode":"bus","color":"#07ad80","oi":0,"n":4,"sw":1},"geometry":{"type":"LineString","coordinates":[[19.806106,41.334213],[19.806085,41.334244]]}},{"type":"Feature","properties":{"line":"4","mode":"bus","color":"#07ad80","oi":-0.5,"n":2},"geometry":{"type":"LineString","coordinates":[[19.786163,41.33947],[19.789706,41.338201],[19.802513,41.333741],[19.803631,41.333361],[19.803823,41.333335]]}},{"type":"Feature","properties":{"line":"4","mode":"bus","color":"#07ad80","oi":-0.5,"n":2,"sw":1},"geometry":{"type":"LineString","coordinates":[[19.803819,41.333335],[19.803868,41.333329]]}},{"type":"Feature","properties":{"line":"4","mode":"bus","color":"#07ad80","oi":-0.483,"n":2,"sw":1},"geometry":{"type":"LineString","coordinates":[[19.803861,41.33333],[19.803911,41.333323]]}},{"type":"Feature","properties":{"line":"4","mode":"bus","color":"#07ad80","oi":-0.437,"n":2,"sw":1},"geometry":{"type":"LineString","coordinates":[[19.803904,41.333324],[19.803953,41.333317]]}},{"type":"Feature","properties":{"line":"4","mode":"bus","color":"#07ad80","oi":-0.37,"n":2,"sw":1},"geometry":{"type":"LineString","coordinates":[[19.803946,41.333318],[19.803996,41.333311]]}},{"type":"Feature","properties":{"line":"4","mode":"bus","color":"#07ad80","oi":-0.291,"n":2,"sw":1},"geometry":{"type":"LineString","coordinates":[[19.803989,41.333312],[19.804019,41.333308],[19.804038,41.333308]]}},{"type":"Feature","properties":{"line":"4","mode":"bus","color":"#07ad80","oi":-0.209,"n":2,"sw":1},"geometry":{"type":"LineString","coordinates":[[19.804031,41.333308],[19.804081,41.333308]]}},{"type":"Feature","properties":{"line":"4","mode":"bus","color":"#07ad80","oi":-0.13,"n":2,"sw":1},"geometry":{"type":"LineString","coordinates":[[19.804074,41.333308],[19.804124,41.333308]]}},{"type":"Feature","properties":{"line":"4","mode":"bus","color":"#07ad80","oi":-0.063,"n":2,"sw":1},"geometry":{"type":"LineString","coordinates":[[19.804117,41.333308],[19.804167,41.333307]]}},{"type":"Feature","properties":{"line":"4","mode":"bus","color":"#07ad80","oi":-0.017,"n":2,"sw":1},"geometry":{"type":"LineString","coordinates":[[19.80416,41.333307],[19.804211,41.333307]]}},{"type":"Feature","properties":{"line":"4","mode":"bus","color":"#07ad80","oi":0,"n":2,"sw":1},"geometry":{"type":"LineString","coordinates":[[19.804203,41.333307],[19.80425,41.333307]]}},{"type":"Feature","properties":{"line":"4","mode":"bus","color":"#07ad80","oi":0.5,"n":2},"geometry":{"type":"LineString","coordinates":[[19.776314,41.343836],[19.776304,41.343887],[19.776118,41.344164]]}},{"type":"Feature","properties":{"line":"4","mode":"bus","color":"#07ad80","oi":0,"n":2,"sw":1},"geometry":{"type":"LineString","coordinates":[[19.776102,41.343584],[19.776143,41.343601]]}},{"type":"Feature","properties":{"line":"4","mode":"bus","color":"#07ad80","oi":0.017,"n":2,"sw":1},"geometry":{"type":"LineString","coordinates":[[19.776137,41.343598],[19.776181,41.343616]]}},{"type":"Feature","properties":{"line":"4","mode":"bus","color":"#07ad80","oi":0.063,"n":2,"sw":1},"geometry":{"type":"LineString","coordinates":[[19.776175,41.343614],[19.77621,41.343628],[19.776216,41.343634]]}},{"type":"Feature","properties":{"line":"4","mode":"bus","color":"#07ad80","oi":0.13,"n":2,"sw":1},"geometry":{"type":"LineString","coordinates":[[19.776212,41.34363],[19.776244,41.343659]]}},{"type":"Feature","properties":{"line":"4","mode":"bus","color":"#07ad80","oi":0.209,"n":2,"sw":1},"geometry":{"type":"LineString","coordinates":[[19.776239,41.343655],[19.776268,41.343681],[19.77627,41.343684]]}},{"type":"Feature","properties":{"line":"4","mode":"bus","color":"#07ad80","oi":0.291,"n":2,"sw":1},"geometry":{"type":"LineString","coordinates":[[19.776267,41.34368],[19.776268,41.343681],[19.776284,41.343715]]}},{"type":"Feature","properties":{"line":"4","mode":"bus","color":"#07ad80","oi":0.37,"n":2,"sw":1},"geometry":{"type":"LineString","coordinates":[[19.776282,41.34371],[19.776299,41.343745]]}},{"type":"Feature","properties":{"line":"4","mode":"bus","color":"#07ad80","oi":0.437,"n":2,"sw":1},"geometry":{"type":"LineString","coordinates":[[19.776296,41.34374],[19.776313,41.343776]]}},{"type":"Feature","properties":{"line":"4","mode":"bus","color":"#07ad80","oi":0.483,"n":2,"sw":1},"geometry":{"type":"LineString","coordinates":[[19.776311,41.343771],[19.776322,41.343795],[19.77632,41.343807]]}},{"type":"Feature","properties":{"line":"4","mode":"bus","color":"#07ad80","oi":0.5,"n":2,"sw":1},"geometry":{"type":"LineString","coordinates":[[19.776321,41.343802],[19.776313,41.343839]]}},{"type":"Feature","properties":{"line":"5B","mode":"bus","color":"#b11526","oi":0,"n":4,"sw":1},"geometry":{"type":"LineString","coordinates":[[19.804553,41.332748],[19.804522,41.332741]]}},{"type":"Feature","properties":{"line":"5B","mode":"bus","color":"#b11526","oi":-0.017,"n":4,"sw":1},"geometry":{"type":"LineString","coordinates":[[19.804529,41.332743],[19.804494,41.332735]]}},{"type":"Feature","properties":{"line":"5B","mode":"bus","color":"#b11526","oi":-0.063,"n":4,"sw":1},"geometry":{"type":"LineString","coordinates":[[19.804501,41.332737],[19.804466,41.332729]]}},{"type":"Feature","properties":{"line":"5B","mode":"bus","color":"#b11526","oi":-0.13,"n":4,"sw":1},"geometry":{"type":"LineString","coordinates":[[19.804473,41.332731],[19.80446,41.332728],[19.804437,41.332729]]}},{"type":"Feature","properties":{"line":"5B","mode":"bus","color":"#b11526","oi":-0.209,"n":4,"sw":1},"geometry":{"type":"LineString","coordinates":[[19.804444,41.332729],[19.804408,41.332731]]}},{"type":"Feature","properties":{"line":"5B","mode":"bus","color":"#b11526","oi":-0.291,"n":4,"sw":1},"geometry":{"type":"LineString","coordinates":[[19.804415,41.332731],[19.804379,41.332733]]}},{"type":"Feature","properties":{"line":"5B","mode":"bus","color":"#b11526","oi":-0.37,"n":4,"sw":1},"geometry":{"type":"LineString","coordinates":[[19.804387,41.332732],[19.80435,41.332734]]}},{"type":"Feature","properties":{"line":"5B","mode":"bus","color":"#b11526","oi":-0.437,"n":4,"sw":1},"geometry":{"type":"LineString","coordinates":[[19.804358,41.332734],[19.804322,41.332736]]}},{"type":"Feature","properties":{"line":"5B","mode":"bus","color":"#b11526","oi":-0.483,"n":4,"sw":1},"geometry":{"type":"LineString","coordinates":[[19.804329,41.332736],[19.804293,41.332738]]}},{"type":"Feature","properties":{"line":"5B","mode":"bus","color":"#b11526","oi":-0.5,"n":4,"sw":1},"geometry":{"type":"LineString","coordinates":[[19.8043,41.332737],[19.804268,41.332739],[19.804264,41.33274]]}},{"type":"Feature","properties":{"line":"5B","mode":"bus","color":"#b11526","oi":-0.5,"n":4,"sw":1},"geometry":{"type":"LineString","coordinates":[[19.804271,41.332739],[19.804268,41.332739],[19.804238,41.33275]]}},{"type":"Feature","properties":{"line":"5B","mode":"bus","color":"#b11526","oi":-0.483,"n":4,"sw":1},"geometry":{"type":"LineString","coordinates":[[19.804244,41.332747],[19.804212,41.332759]]}},{"type":"Feature","properties":{"line":"5B","mode":"bus","color":"#b11526","oi":-0.437,"n":4,"sw":1},"geometry":{"type":"LineString","coordinates":[[19.804218,41.332757],[19.804185,41.332768]]}},{"type":"Feature","properties":{"line":"5B","mode":"bus","color":"#b11526","oi":-0.37,"n":4,"sw":1},"geometry":{"type":"LineString","coordinates":[[19.804192,41.332766],[19.80418,41.33277],[19.804164,41.332783]]}},{"type":"Feature","properties":{"line":"5B","mode":"bus","color":"#b11526","oi":-0.291,"n":4,"sw":1},"geometry":{"type":"LineString","coordinates":[[19.804169,41.332779],[19.804144,41.332798]]}},{"type":"Feature","properties":{"line":"5B","mode":"bus","color":"#b11526","oi":-0.209,"n":4,"sw":1},"geometry":{"type":"LineString","coordinates":[[19.804149,41.332794],[19.804124,41.332814]]}},{"type":"Feature","properties":{"line":"5B","mode":"bus","color":"#b11526","oi":-0.13,"n":4,"sw":1},"geometry":{"type":"LineString","coordinates":[[19.804129,41.33281],[19.804104,41.33283]]}},{"type":"Feature","properties":{"line":"5B","mode":"bus","color":"#b11526","oi":-0.063,"n":4,"sw":1},"geometry":{"type":"LineString","coordinates":[[19.804109,41.332826],[19.804084,41.332845]]}},{"type":"Feature","properties":{"line":"5B","mode":"bus","color":"#b11526","oi":-0.017,"n":4,"sw":1},"geometry":{"type":"LineString","coordinates":[[19.804089,41.332842],[19.804064,41.332861]]}},{"type":"Feature","properties":{"line":"5B","mode":"bus","color":"#b11526","oi":0,"n":4,"sw":1},"geometry":{"type":"LineString","coordinates":[[19.804069,41.332857],[19.804046,41.332875]]}},{"type":"Feature","properties":{"line":"5B","mode":"bus","color":"#b11526","oi":-0.5,"n":4},"geometry":{"type":"LineString","coordinates":[[19.803716,41.333185],[19.803564,41.333264],[19.788292,41.338563],[19.786577,41.339096],[19.786388,41.339157]]}},{"type":"Feature","properties":{"line":"5B","mode":"bus","color":"#b11526","oi":0,"n":4,"sw":1},"geometry":{"type":"LineString","coordinates":[[19.804006,41.332948],[19.803976,41.332975]]}},{"type":"Feature","properties":{"line":"5B","mode":"bus","color":"#b11526","oi":-0.017,"n":4,"sw":1},"geometry":{"type":"LineString","coordinates":[[19.803981,41.332971],[19.803948,41.333]]}},{"type":"Feature","properties":{"line":"5B","mode":"bus","color":"#b11526","oi":-0.063,"n":4,"sw":1},"geometry":{"type":"LineString","coordinates":[[19.803953,41.332996],[19.803921,41.333025]]}},{"type":"Feature","properties":{"line":"5B","mode":"bus","color":"#b11526","oi":-0.13,"n":4,"sw":1},"geometry":{"type":"LineString","coordinates":[[19.803925,41.33302],[19.803893,41.333049]]}},{"type":"Feature","properties":{"line":"5B","mode":"bus","color":"#b11526","oi":-0.209,"n":4,"sw":1},"geometry":{"type":"LineString","coordinates":[[19.803898,41.333045],[19.803866,41.333074]]}},{"type":"Feature","properties":{"line":"5B","mode":"bus","color":"#b11526","oi":-0.291,"n":4,"sw":1},"geometry":{"type":"LineString","coordinates":[[19.80387,41.33307],[19.803838,41.333099]]}},{"type":"Feature","properties":{"line":"5B","mode":"bus","color":"#b11526","oi":-0.37,"n":4,"sw":1},"geometry":{"type":"LineString","coordinates":[[19.803843,41.333095],[19.80381,41.333124]]}},{"type":"Feature","properties":{"line":"5B","mode":"bus","color":"#b11526","oi":-0.437,"n":4,"sw":1},"geometry":{"type":"LineString","coordinates":[[19.803815,41.33312],[19.803783,41.333149]]}},{"type":"Feature","properties":{"line":"5B","mode":"bus","color":"#b11526","oi":-0.483,"n":4,"sw":1},"geometry":{"type":"LineString","coordinates":[[19.803787,41.333145],[19.803778,41.333153],[19.803748,41.333168]]}},{"type":"Feature","properties":{"line":"5B","mode":"bus","color":"#b11526","oi":-0.5,"n":4,"sw":1},"geometry":{"type":"LineString","coordinates":[[19.803754,41.333165],[19.803713,41.333187]]}},{"type":"Feature","properties":{"line":"5B","mode":"bus","color":"#b11526","oi":-0.5,"n":4,"sw":1},"geometry":{"type":"LineString","coordinates":[[19.786391,41.339156],[19.786345,41.339171]]}},{"type":"Feature","properties":{"line":"5B","mode":"bus","color":"#b11526","oi":-0.483,"n":4,"sw":1},"geometry":{"type":"LineString","coordinates":[[19.786351,41.339169],[19.786305,41.339184]]}},{"type":"Feature","properties":{"line":"5B","mode":"bus","color":"#b11526","oi":-0.437,"n":4,"sw":1},"geometry":{"type":"LineString","coordinates":[[19.786312,41.339182],[19.786266,41.339197]]}},{"type":"Feature","properties":{"line":"5B","mode":"bus","color":"#b11526","oi":-0.37,"n":4,"sw":1},"geometry":{"type":"LineString","coordinates":[[19.786272,41.339194],[19.786226,41.339209]]}},{"type":"Feature","properties":{"line":"5B","mode":"bus","color":"#b11526","oi":-0.291,"n":4,"sw":1},"geometry":{"type":"LineString","coordinates":[[19.786233,41.339207],[19.786187,41.339222]]}},{"type":"Feature","properties":{"line":"5B","mode":"bus","color":"#b11526","oi":-0.209,"n":4,"sw":1},"geometry":{"type":"LineString","coordinates":[[19.786193,41.33922],[19.786147,41.339235]]}},{"type":"Feature","properties":{"line":"5B","mode":"bus","color":"#b11526","oi":-0.13,"n":4,"sw":1},"geometry":{"type":"LineString","coordinates":[[19.786154,41.339233],[19.786107,41.339248]]}},{"type":"Feature","properties":{"line":"5B","mode":"bus","color":"#b11526","oi":-0.063,"n":4,"sw":1},"geometry":{"type":"LineString","coordinates":[[19.786114,41.339246],[19.786068,41.33926]]}},{"type":"Feature","properties":{"line":"5B","mode":"bus","color":"#b11526","oi":-0.017,"n":4,"sw":1},"geometry":{"type":"LineString","coordinates":[[19.786074,41.339258],[19.786028,41.339273]]}},{"type":"Feature","properties":{"line":"5B","mode":"bus","color":"#b11526","oi":0,"n":4,"sw":1},"geometry":{"type":"LineString","coordinates":[[19.786035,41.339271],[19.785992,41.339285]]}},{"type":"Feature","properties":{"line":"5B","mode":"bus","color":"#b11526","oi":0,"n":3},"geometry":{"type":"LineString","coordinates":[[19.785786,41.339627],[19.785527,41.339734],[19.78503,41.340012],[19.784156,41.34027],[19.783084,41.340621],[19.7828,41.340627],[19.781116,41.341219],[19.78108,41.341287],[19.780345,41.341618],[19.778001,41.34248],[19.777835,41.342589],[19.777625,41.342789],[19.777488,41.342842],[19.777267,41.343006],[19.776966,41.343174],[19.776895,41.34336],[19.774966,41.345903],[19.771388,41.350733]]}},{"type":"Feature","properties":{"line":"5B","mode":"bus","color":"#b11526","oi":-0.5,"n":3,"sw":1},"geometry":{"type":"LineString","coordinates":[[19.786163,41.33947],[19.786122,41.339487]]}},{"type":"Feature","properties":{"line":"5B","mode":"bus","color":"#b11526","oi":-0.483,"n":3,"sw":1},"geometry":{"type":"LineString","coordinates":[[19.786128,41.339484],[19.786084,41.339503]]}},{"type":"Feature","properties":{"line":"5B","mode":"bus","color":"#b11526","oi":-0.437,"n":3,"sw":1},"geometry":{"type":"LineString","coordinates":[[19.786091,41.3395],[19.786047,41.339518]]}},{"type":"Feature","properties":{"line":"5B","mode":"bus","color":"#b11526","oi":-0.37,"n":3,"sw":1},"geometry":{"type":"LineString","coordinates":[[19.786053,41.339516],[19.786009,41.339534]]}},{"type":"Feature","properties":{"line":"5B","mode":"bus","color":"#b11526","oi":-0.291,"n":3,"sw":1},"geometry":{"type":"LineString","coordinates":[[19.786015,41.339531],[19.785971,41.33955]]}},{"type":"Feature","properties":{"line":"5B","mode":"bus","color":"#b11526","oi":-0.209,"n":3,"sw":1},"geometry":{"type":"LineString","coordinates":[[19.785978,41.339547],[19.785934,41.339565]]}},{"type":"Feature","properties":{"line":"5B","mode":"bus","color":"#b11526","oi":-0.13,"n":3,"sw":1},"geometry":{"type":"LineString","coordinates":[[19.78594,41.339563],[19.785896,41.339581]]}},{"type":"Feature","properties":{"line":"5B","mode":"bus","color":"#b11526","oi":-0.063,"n":3,"sw":1},"geometry":{"type":"LineString","coordinates":[[19.785902,41.339578],[19.785858,41.339597]]}},{"type":"Feature","properties":{"line":"5B","mode":"bus","color":"#b11526","oi":-0.017,"n":3,"sw":1},"geometry":{"type":"LineString","coordinates":[[19.785865,41.339594],[19.785821,41.339612]]}},{"type":"Feature","properties":{"line":"5B","mode":"bus","color":"#b11526","oi":0,"n":3,"sw":1},"geometry":{"type":"LineString","coordinates":[[19.785827,41.33961],[19.785783,41.339628]]}},{"type":"Feature","properties":{"line":"5B","mode":"bus","color":"#b11526","oi":0,"n":3,"sw":1},"geometry":{"type":"LineString","coordinates":[[19.771389,41.350731],[19.771365,41.350764]]}},{"type":"Feature","properties":{"line":"5B","mode":"bus","color":"#b11526","oi":0.017,"n":3,"sw":1},"geometry":{"type":"LineString","coordinates":[[19.771368,41.350759],[19.771344,41.350792]]}},{"type":"Feature","properties":{"line":"5B","mode":"bus","color":"#b11526","oi":0.063,"n":3,"sw":1},"geometry":{"type":"LineString","coordinates":[[19.771347,41.350787],[19.771323,41.35082]]}},{"type":"Feature","properties":{"line":"5B","mode":"bus","color":"#b11526","oi":0.13,"n":3,"sw":1},"geometry":{"type":"LineString","coordinates":[[19.771326,41.350816],[19.771302,41.350849]]}},{"type":"Feature","properties":{"line":"5B","mode":"bus","color":"#b11526","oi":0.209,"n":3,"sw":1},"geometry":{"type":"LineString","coordinates":[[19.771306,41.350844],[19.771281,41.350877]]}},{"type":"Feature","properties":{"line":"5B","mode":"bus","color":"#b11526","oi":0.291,"n":3,"sw":1},"geometry":{"type":"LineString","coordinates":[[19.771285,41.350872],[19.77126,41.350905]]}},{"type":"Feature","properties":{"line":"5B","mode":"bus","color":"#b11526","oi":0.37,"n":3,"sw":1},"geometry":{"type":"LineString","coordinates":[[19.771264,41.3509],[19.771239,41.350933]]}},{"type":"Feature","properties":{"line":"5B","mode":"bus","color":"#b11526","oi":0.437,"n":3,"sw":1},"geometry":{"type":"LineString","coordinates":[[19.771243,41.350929],[19.771218,41.350962]]}},{"type":"Feature","properties":{"line":"5B","mode":"bus","color":"#b11526","oi":0.483,"n":3,"sw":1},"geometry":{"type":"LineString","coordinates":[[19.771222,41.350957],[19.771197,41.35099]]}},{"type":"Feature","properties":{"line":"5B","mode":"bus","color":"#b11526","oi":0.5,"n":3,"sw":1},"geometry":{"type":"LineString","coordinates":[[19.771201,41.350985],[19.771178,41.351016]]}},{"type":"Feature","properties":{"line":"5B","mode":"bus","color":"#b11526","oi":0,"n":3},"geometry":{"type":"LineString","coordinates":[[19.785992,41.339285],[19.784754,41.339653],[19.782601,41.340469],[19.782435,41.34063],[19.780738,41.341227],[19.780457,41.341222],[19.779968,41.341342],[19.777559,41.342168],[19.777266,41.342253],[19.77697,41.342248],[19.775728,41.342678],[19.775526,41.342788],[19.775458,41.342897],[19.775459,41.343064],[19.775519,41.343252],[19.775613,41.34339],[19.775752,41.343509],[19.77586,41.343565],[19.776102,41.343584]]}},{"type":"Feature","properties":{"line":"5B","mode":"bus","color":"#b11526","oi":0,"n":1},"geometry":{"type":"LineString","coordinates":[[19.771405,41.352612],[19.771967,41.353132],[19.772247,41.353357],[19.774413,41.354682],[19.774588,41.354864],[19.774731,41.355081],[19.774742,41.355113],[19.774735,41.355147],[19.774567,41.355479],[19.774102,41.356988],[19.773826,41.357659],[19.773259,41.358433],[19.773038,41.358673],[19.772336,41.359629],[19.772211,41.359879],[19.772158,41.360115],[19.772105,41.360938],[19.772059,41.360979],[19.772032,41.360995],[19.771998,41.360999],[19.771928,41.360994],[19.771885,41.360958],[19.771875,41.360908],[19.772012,41.360616],[19.772058,41.36007],[19.772164,41.359742],[19.772321,41.35948],[19.773344,41.358131],[19.773747,41.357539],[19.773987,41.357022],[19.774107,41.356691],[19.774575,41.355092],[19.774444,41.354845],[19.774286,41.354695],[19.77271,41.353747],[19.771999,41.353288],[19.770859,41.352247]]}},{"type":"Feature","properties":{"line":"5B","mode":"bus","color":"#b11526","oi":0.5,"n":1,"sw":1},"geometry":{"type":"LineString","coordinates":[[19.771134,41.35236],[19.771163,41.352387]]}},{"type":"Feature","properties":{"line":"5B","mode":"bus","color":"#b11526","oi":0.483,"n":1,"sw":1},"geometry":{"type":"LineString","coordinates":[[19.771159,41.352383],[19.771191,41.352412]]}},{"type":"Feature","properties":{"line":"5B","mode":"bus","color":"#b11526","oi":0.437,"n":1,"sw":1},"geometry":{"type":"LineString","coordinates":[[19.771186,41.352408],[19.771218,41.352438]]}},{"type":"Feature","properties":{"line":"5B","mode":"bus","color":"#b11526","oi":0.37,"n":1,"sw":1},"geometry":{"type":"LineString","coordinates":[[19.771213,41.352433],[19.771245,41.352463]]}},{"type":"Feature","properties":{"line":"5B","mode":"bus","color":"#b11526","oi":0.291,"n":1,"sw":1},"geometry":{"type":"LineString","coordinates":[[19.77124,41.352459],[19.771272,41.352488]]}},{"type":"Feature","properties":{"line":"5B","mode":"bus","color":"#b11526","oi":0.209,"n":1,"sw":1},"geometry":{"type":"LineString","coordinates":[[19.771267,41.352484],[19.771299,41.352513]]}},{"type":"Feature","properties":{"line":"5B","mode":"bus","color":"#b11526","oi":0.13,"n":1,"sw":1},"geometry":{"type":"LineString","coordinates":[[19.771295,41.352509],[19.771326,41.352538]]}},{"type":"Feature","properties":{"line":"5B","mode":"bus","color":"#b11526","oi":0.063,"n":1,"sw":1},"geometry":{"type":"LineString","coordinates":[[19.771322,41.352534],[19.771353,41.352563]]}},{"type":"Feature","properties":{"line":"5B","mode":"bus","color":"#b11526","oi":0.017,"n":1,"sw":1},"geometry":{"type":"LineString","coordinates":[[19.771349,41.352559],[19.771381,41.352588]]}},{"type":"Feature","properties":{"line":"5B","mode":"bus","color":"#b11526","oi":0,"n":1,"sw":1},"geometry":{"type":"LineString","coordinates":[[19.771376,41.352584],[19.771408,41.352614]]}},{"type":"Feature","properties":{"line":"5B","mode":"bus","color":"#b11526","oi":0,"n":1,"sw":1},"geometry":{"type":"LineString","coordinates":[[19.770861,41.352249],[19.770829,41.35222]]}},{"type":"Feature","properties":{"line":"5B","mode":"bus","color":"#b11526","oi":-0.017,"n":1,"sw":1},"geometry":{"type":"LineString","coordinates":[[19.770834,41.352224],[19.770802,41.352195]]}},{"type":"Feature","properties":{"line":"5B","mode":"bus","color":"#b11526","oi":-0.063,"n":1,"sw":1},"geometry":{"type":"LineString","coordinates":[[19.770807,41.352199],[19.770775,41.35217]]}},{"type":"Feature","properties":{"line":"5B","mode":"bus","color":"#b11526","oi":-0.13,"n":1,"sw":1},"geometry":{"type":"LineString","coordinates":[[19.770779,41.352174],[19.770747,41.352145]]}},{"type":"Feature","properties":{"line":"5B","mode":"bus","color":"#b11526","oi":-0.209,"n":1,"sw":1},"geometry":{"type":"LineString","coordinates":[[19.770752,41.352149],[19.77072,41.35212]]}},{"type":"Feature","properties":{"line":"5B","mode":"bus","color":"#b11526","oi":-0.291,"n":1,"sw":1},"geometry":{"type":"LineString","coordinates":[[19.770724,41.352124],[19.770693,41.352095],[19.770692,41.352095]]}},{"type":"Feature","properties":{"line":"5B","mode":"bus","color":"#b11526","oi":-0.37,"n":1,"sw":1},"geometry":{"type":"LineString","coordinates":[[19.770697,41.352099],[19.770693,41.352095],[19.770658,41.352075]]}},{"type":"Feature","properties":{"line":"5B","mode":"bus","color":"#b11526","oi":-0.437,"n":1,"sw":1},"geometry":{"type":"LineString","coordinates":[[19.770664,41.352078],[19.770624,41.352055]]}},{"type":"Feature","properties":{"line":"5B","mode":"bus","color":"#b11526","oi":-0.483,"n":1,"sw":1},"geometry":{"type":"LineString","coordinates":[[19.77063,41.352058],[19.77059,41.352035]]}},{"type":"Feature","properties":{"line":"5B","mode":"bus","color":"#b11526","oi":-0.5,"n":1,"sw":1},"geometry":{"type":"LineString","coordinates":[[19.770596,41.352038],[19.770559,41.352017]]}},{"type":"Feature","properties":{"line":"5B","mode":"bus","color":"#b11526","oi":0,"n":1},"geometry":{"type":"LineString","coordinates":[[19.770489,41.351865],[19.770469,41.351908],[19.770491,41.351977]]}},{"type":"Feature","properties":{"line":"5B","mode":"bus","color":"#b11526","oi":0,"n":1},"geometry":{"type":"LineString","coordinates":[[19.775931,41.344456],[19.77593,41.344458],[19.774507,41.346379],[19.770672,41.351511],[19.770521,41.351842]]}},{"type":"Feature","properties":{"line":"5B","mode":"bus","color":"#b11526","oi":-0.5,"n":1,"sw":1},"geometry":{"type":"LineString","coordinates":[[19.776118,41.344164],[19.776098,41.344196]]}},{"type":"Feature","properties":{"line":"5B","mode":"bus","color":"#b11526","oi":-0.483,"n":1,"sw":1},"geometry":{"type":"LineString","coordinates":[[19.776101,41.344191],[19.776079,41.344225]]}},{"type":"Feature","properties":{"line":"5B","mode":"bus","color":"#b11526","oi":-0.437,"n":1,"sw":1},"geometry":{"type":"LineString","coordinates":[[19.776082,41.34422],[19.77606,41.344254]]}},{"type":"Feature","properties":{"line":"5B","mode":"bus","color":"#b11526","oi":-0.37,"n":1,"sw":1},"geometry":{"type":"LineString","coordinates":[[19.776064,41.344249],[19.776042,41.344283]]}},{"type":"Feature","properties":{"line":"5B","mode":"bus","color":"#b11526","oi":-0.291,"n":1,"sw":1},"geometry":{"type":"LineString","coordinates":[[19.776045,41.344278],[19.776023,41.344312]]}},{"type":"Feature","properties":{"line":"5B","mode":"bus","color":"#b11526","oi":-0.209,"n":1,"sw":1},"geometry":{"type":"LineString","coordinates":[[19.776026,41.344308],[19.776004,41.344342]]}},{"type":"Feature","properties":{"line":"5B","mode":"bus","color":"#b11526","oi":-0.13,"n":1,"sw":1},"geometry":{"type":"LineString","coordinates":[[19.776008,41.344337],[19.775986,41.344371]]}},{"type":"Feature","properties":{"line":"5B","mode":"bus","color":"#b11526","oi":-0.063,"n":1,"sw":1},"geometry":{"type":"LineString","coordinates":[[19.775989,41.344366],[19.775967,41.3444]]}},{"type":"Feature","properties":{"line":"5B","mode":"bus","color":"#b11526","oi":-0.017,"n":1,"sw":1},"geometry":{"type":"LineString","coordinates":[[19.77597,41.344395],[19.775948,41.344429]]}},{"type":"Feature","properties":{"line":"5B","mode":"bus","color":"#b11526","oi":0,"n":1,"sw":1},"geometry":{"type":"LineString","coordinates":[[19.775952,41.344424],[19.77593,41.344458],[19.77593,41.344458]]}},{"type":"Feature","properties":{"line":"5B","mode":"bus","color":"#b11526","oi":0.5,"n":2},"geometry":{"type":"LineString","coordinates":[[19.770491,41.351977],[19.770559,41.352017]]}},{"type":"Feature","properties":{"line":"5B","mode":"bus","color":"#b11526","oi":0.5,"n":2},"geometry":{"type":"LineString","coordinates":[[19.770521,41.351842],[19.770489,41.351865]]}},{"type":"Feature","properties":{"line":"5B","mode":"bus","color":"#b11526","oi":0.5,"n":2},"geometry":{"type":"LineString","coordinates":[[19.771178,41.351016],[19.770704,41.351627],[19.77066,41.351804],[19.770659,41.351818],[19.770665,41.351831],[19.770678,41.351842],[19.770723,41.351871],[19.770745,41.351998],[19.771134,41.35236]]}},{"type":"Feature","properties":{"line":"5B","mode":"bus","color":"#b11526","oi":-1,"n":3},"geometry":{"type":"LineString","coordinates":[[19.814893,41.329374],[19.805608,41.332603],[19.805054,41.33275]]}},{"type":"Feature","properties":{"line":"5B","mode":"bus","color":"#b11526","oi":0,"n":3,"sw":1},"geometry":{"type":"LineString","coordinates":[[19.815284,41.329238],[19.815259,41.329247]]}},{"type":"Feature","properties":{"line":"5B","mode":"bus","color":"#b11526","oi":-0.01,"n":3,"sw":1},"geometry":{"type":"LineString","coordinates":[[19.815266,41.329244],[19.815237,41.329254]]}},{"type":"Feature","properties":{"line":"5B","mode":"bus","color":"#b11526","oi":-0.038,"n":3,"sw":1},"geometry":{"type":"LineString","coordinates":[[19.815244,41.329252],[19.815216,41.329262]]}},{"type":"Feature","properties":{"line":"5B","mode":"bus","color":"#b11526","oi":-0.082,"n":3,"sw":1},"geometry":{"type":"LineString","coordinates":[[19.815222,41.32926],[19.815194,41.329269]]}},{"type":"Feature","properties":{"line":"5B","mode":"bus","color":"#b11526","oi":-0.14,"n":3,"sw":1},"geometry":{"type":"LineString","coordinates":[[19.8152,41.329267],[19.815172,41.329277]]}},{"type":"Feature","properties":{"line":"5B","mode":"bus","color":"#b11526","oi":-0.209,"n":3,"sw":1},"geometry":{"type":"LineString","coordinates":[[19.815179,41.329275],[19.81515,41.329284]]}},{"type":"Feature","properties":{"line":"5B","mode":"bus","color":"#b11526","oi":-0.286,"n":3,"sw":1},"geometry":{"type":"LineString","coordinates":[[19.815157,41.329282],[19.815129,41.329292]]}},{"type":"Feature","properties":{"line":"5B","mode":"bus","color":"#b11526","oi":-0.369,"n":3,"sw":1},"geometry":{"type":"LineString","coordinates":[[19.815135,41.32929],[19.815107,41.3293]]}},{"type":"Feature","properties":{"line":"5B","mode":"bus","color":"#b11526","oi":-0.456,"n":3,"sw":1},"geometry":{"type":"LineString","coordinates":[[19.815114,41.329297],[19.815085,41.329307]]}},{"type":"Feature","properties":{"line":"5B","mode":"bus","color":"#b11526","oi":-0.544,"n":3,"sw":1},"geometry":{"type":"LineString","coordinates":[[19.815092,41.329305],[19.815064,41.329315]]}},{"type":"Feature","properties":{"line":"5B","mode":"bus","color":"#b11526","oi":-0.631,"n":3,"sw":1},"geometry":{"type":"LineString","coordinates":[[19.81507,41.329312],[19.815042,41.329322]]}},{"type":"Feature","properties":{"line":"5B","mode":"bus","color":"#b11526","oi":-0.714,"n":3,"sw":1},"geometry":{"type":"LineString","coordinates":[[19.815048,41.32932],[19.81502,41.32933]]}},{"type":"Feature","properties":{"line":"5B","mode":"bus","color":"#b11526","oi":-0.791,"n":3,"sw":1},"geometry":{"type":"LineString","coordinates":[[19.815027,41.329327],[19.814998,41.329337]]}},{"type":"Feature","properties":{"line":"5B","mode":"bus","color":"#b11526","oi":-0.86,"n":3,"sw":1},"geometry":{"type":"LineString","coordinates":[[19.815005,41.329335],[19.814977,41.329345]]}},{"type":"Feature","properties":{"line":"5B","mode":"bus","color":"#b11526","oi":-0.918,"n":3,"sw":1},"geometry":{"type":"LineString","coordinates":[[19.814983,41.329343],[19.814955,41.329352]]}},{"type":"Feature","properties":{"line":"5B","mode":"bus","color":"#b11526","oi":-0.962,"n":3,"sw":1},"geometry":{"type":"LineString","coordinates":[[19.814962,41.32935],[19.814933,41.32936]]}},{"type":"Feature","properties":{"line":"5B","mode":"bus","color":"#b11526","oi":-0.99,"n":3,"sw":1},"geometry":{"type":"LineString","coordinates":[[19.81494,41.329358],[19.814912,41.329368]]}},{"type":"Feature","properties":{"line":"5B","mode":"bus","color":"#b11526","oi":-1,"n":3,"sw":1},"geometry":{"type":"LineString","coordinates":[[19.814918,41.329365],[19.81489,41.329375]]}},{"type":"Feature","properties":{"line":"5B","mode":"bus","color":"#b11526","oi":-1,"n":3,"sw":1},"geometry":{"type":"LineString","coordinates":[[19.805057,41.332749],[19.805028,41.332757]]}},{"type":"Feature","properties":{"line":"5B","mode":"bus","color":"#b11526","oi":-0.99,"n":3,"sw":1},"geometry":{"type":"LineString","coordinates":[[19.805035,41.332755],[19.805006,41.332763]]}},{"type":"Feature","properties":{"line":"5B","mode":"bus","color":"#b11526","oi":-0.962,"n":3,"sw":1},"geometry":{"type":"LineString","coordinates":[[19.805012,41.332761],[19.804983,41.332769]]}},{"type":"Feature","properties":{"line":"5B","mode":"bus","color":"#b11526","oi":-0.918,"n":3,"sw":1},"geometry":{"type":"LineString","coordinates":[[19.80499,41.332767],[19.804964,41.332774],[19.80496,41.332774]]}},{"type":"Feature","properties":{"line":"5B","mode":"bus","color":"#b11526","oi":-0.86,"n":3,"sw":1},"geometry":{"type":"LineString","coordinates":[[19.804967,41.332773],[19.804964,41.332774],[19.804936,41.332775]]}},{"type":"Feature","properties":{"line":"5B","mode":"bus","color":"#b11526","oi":-0.791,"n":3,"sw":1},"geometry":{"type":"LineString","coordinates":[[19.804943,41.332774],[19.804912,41.332775]]}},{"type":"Feature","properties":{"line":"5B","mode":"bus","color":"#b11526","oi":-0.714,"n":3,"sw":1},"geometry":{"type":"LineString","coordinates":[[19.80492,41.332775],[19.804888,41.332776]]}},{"type":"Feature","properties":{"line":"5B","mode":"bus","color":"#b11526","oi":-0.631,"n":3,"sw":1},"geometry":{"type":"LineString","coordinates":[[19.804896,41.332775],[19.804865,41.332776]]}},{"type":"Feature","properties":{"line":"5B","mode":"bus","color":"#b11526","oi":-0.544,"n":3,"sw":1},"geometry":{"type":"LineString","coordinates":[[19.804872,41.332776],[19.804841,41.332777]]}},{"type":"Feature","properties":{"line":"5B","mode":"bus","color":"#b11526","oi":-0.456,"n":3,"sw":1},"geometry":{"type":"LineString","coordinates":[[19.804848,41.332776],[19.804817,41.332777]]}},{"type":"Feature","properties":{"line":"5B","mode":"bus","color":"#b11526","oi":-0.369,"n":3,"sw":1},"geometry":{"type":"LineString","coordinates":[[19.804824,41.332777],[19.804793,41.332778]]}},{"type":"Feature","properties":{"line":"5B","mode":"bus","color":"#b11526","oi":-0.286,"n":3,"sw":1},"geometry":{"type":"LineString","coordinates":[[19.8048,41.332777],[19.804769,41.332778]]}},{"type":"Feature","properties":{"line":"5B","mode":"bus","color":"#b11526","oi":-0.209,"n":3,"sw":1},"geometry":{"type":"LineString","coordinates":[[19.804776,41.332778],[19.804745,41.332779]]}},{"type":"Feature","properties":{"line":"5B","mode":"bus","color":"#b11526","oi":-0.14,"n":3,"sw":1},"geometry":{"type":"LineString","coordinates":[[19.804752,41.332778],[19.804721,41.332779]]}},{"type":"Feature","properties":{"line":"5B","mode":"bus","color":"#b11526","oi":-0.082,"n":3,"sw":1},"geometry":{"type":"LineString","coordinates":[[19.804728,41.332779],[19.804697,41.33278]]}},{"type":"Feature","properties":{"line":"5B","mode":"bus","color":"#b11526","oi":-0.038,"n":3,"sw":1},"geometry":{"type":"LineString","coordinates":[[19.804704,41.332779],[19.804673,41.33278]]}},{"type":"Feature","properties":{"line":"5B","mode":"bus","color":"#b11526","oi":-0.01,"n":3,"sw":1},"geometry":{"type":"LineString","coordinates":[[19.80468,41.33278],[19.804649,41.332781]]}},{"type":"Feature","properties":{"line":"5B","mode":"bus","color":"#b11526","oi":0,"n":3,"sw":1},"geometry":{"type":"LineString","coordinates":[[19.804657,41.33278],[19.804629,41.332781]]}},{"type":"Feature","properties":{"line":"5B","mode":"bus","color":"#b11526","oi":0,"n":3,"sw":1},"geometry":{"type":"LineString","coordinates":[[19.815978,41.328988],[19.815965,41.328993]]}},{"type":"Feature","properties":{"line":"5B","mode":"bus","color":"#b11526","oi":-0.011,"n":3,"sw":1},"geometry":{"type":"LineString","coordinates":[[19.815971,41.328991],[19.815954,41.328997]]}},{"type":"Feature","properties":{"line":"5B","mode":"bus","color":"#b11526","oi":-0.043,"n":3,"sw":1},"geometry":{"type":"LineString","coordinates":[[19.815961,41.328994],[19.815944,41.329]]}},{"type":"Feature","properties":{"line":"5B","mode":"bus","color":"#b11526","oi":-0.092,"n":3,"sw":1},"geometry":{"type":"LineString","coordinates":[[19.815951,41.328998],[19.815934,41.329004]]}},{"type":"Feature","properties":{"line":"5B","mode":"bus","color":"#b11526","oi":-0.156,"n":3,"sw":1},"geometry":{"type":"LineString","coordinates":[[19.81594,41.329002],[19.815924,41.329008]]}},{"type":"Feature","properties":{"line":"5B","mode":"bus","color":"#b11526","oi":-0.232,"n":3,"sw":1},"geometry":{"type":"LineString","coordinates":[[19.81593,41.329006],[19.815914,41.329012]]}},{"type":"Feature","properties":{"line":"5B","mode":"bus","color":"#b11526","oi":-0.316,"n":3,"sw":1},"geometry":{"type":"LineString","coordinates":[[19.81592,41.329009],[19.815903,41.329016]]}},{"type":"Feature","properties":{"line":"5B","mode":"bus","color":"#b11526","oi":-0.407,"n":3,"sw":1},"geometry":{"type":"LineString","coordinates":[[19.81591,41.329013],[19.815893,41.329019]]}},{"type":"Feature","properties":{"line":"5B","mode":"bus","color":"#b11526","oi":-0.5,"n":3,"sw":1},"geometry":{"type":"LineString","coordinates":[[19.8159,41.329017],[19.815883,41.329023]]}},{"type":"Feature","properties":{"line":"5B","mode":"bus","color":"#b11526","oi":-0.593,"n":3,"sw":1},"geometry":{"type":"LineString","coordinates":[[19.815889,41.329021],[19.815873,41.329027]]}},{"type":"Feature","properties":{"line":"5B","mode":"bus","color":"#b11526","oi":-0.684,"n":3,"sw":1},"geometry":{"type":"LineString","coordinates":[[19.815879,41.329024],[19.815863,41.329031]]}},{"type":"Feature","properties":{"line":"5B","mode":"bus","color":"#b11526","oi":-0.768,"n":3,"sw":1},"geometry":{"type":"LineString","coordinates":[[19.815869,41.329028],[19.815852,41.329034]]}},{"type":"Feature","properties":{"line":"5B","mode":"bus","color":"#b11526","oi":-0.844,"n":3,"sw":1},"geometry":{"type":"LineString","coordinates":[[19.815859,41.329032],[19.815842,41.329038]]}},{"type":"Feature","properties":{"line":"5B","mode":"bus","color":"#b11526","oi":-0.908,"n":3,"sw":1},"geometry":{"type":"LineString","coordinates":[[19.815849,41.329036],[19.815832,41.329042]]}},{"type":"Feature","properties":{"line":"5B","mode":"bus","color":"#b11526","oi":-0.957,"n":3,"sw":1},"geometry":{"type":"LineString","coordinates":[[19.815838,41.32904],[19.815822,41.329046]]}},{"type":"Feature","properties":{"line":"5B","mode":"bus","color":"#b11526","oi":-0.989,"n":3,"sw":1},"geometry":{"type":"LineString","coordinates":[[19.815828,41.329043],[19.815811,41.329049]]}},{"type":"Feature","properties":{"line":"5B","mode":"bus","color":"#b11526","oi":-1,"n":3,"sw":1},"geometry":{"type":"LineString","coordinates":[[19.815818,41.329047],[19.815801,41.329053]]}},{"type":"Feature","properties":{"line":"5B","mode":"bus","color":"#b11526","oi":-1,"n":3,"sw":1},"geometry":{"type":"LineString","coordinates":[[19.815808,41.329051],[19.815791,41.329057]]}},{"type":"Feature","properties":{"line":"5B","mode":"bus","color":"#b11526","oi":-0.989,"n":3,"sw":1},"geometry":{"type":"LineString","coordinates":[[19.815798,41.329055],[19.815781,41.329061]]}},{"type":"Feature","properties":{"line":"5B","mode":"bus","color":"#b11526","oi":-0.957,"n":3,"sw":1},"geometry":{"type":"LineString","coordinates":[[19.815787,41.329058],[19.815771,41.329064]]}},{"type":"Feature","properties":{"line":"5B","mode":"bus","color":"#b11526","oi":-0.908,"n":3,"sw":1},"geometry":{"type":"LineString","coordinates":[[19.815777,41.329062],[19.81576,41.329068]]}},{"type":"Feature","properties":{"line":"5B","mode":"bus","color":"#b11526","oi":-0.844,"n":3,"sw":1},"geometry":{"type":"LineString","coordinates":[[19.815767,41.329066],[19.81575,41.329072]]}},{"type":"Feature","properties":{"line":"5B","mode":"bus","color":"#b11526","oi":-0.768,"n":3,"sw":1},"geometry":{"type":"LineString","coordinates":[[19.815757,41.32907],[19.81574,41.329076]]}},{"type":"Feature","properties":{"line":"5B","mode":"bus","color":"#b11526","oi":-0.684,"n":3,"sw":1},"geometry":{"type":"LineString","coordinates":[[19.815746,41.329073],[19.81573,41.32908]]}},{"type":"Feature","properties":{"line":"5B","mode":"bus","color":"#b11526","oi":-0.593,"n":3,"sw":1},"geometry":{"type":"LineString","coordinates":[[19.815736,41.329077],[19.81572,41.329083]]}},{"type":"Feature","properties":{"line":"5B","mode":"bus","color":"#b11526","oi":-0.5,"n":3,"sw":1},"geometry":{"type":"LineString","coordinates":[[19.815726,41.329081],[19.815709,41.329087]]}},{"type":"Feature","properties":{"line":"5B","mode":"bus","color":"#b11526","oi":-0.407,"n":3,"sw":1},"geometry":{"type":"LineString","coordinates":[[19.815716,41.329085],[19.815699,41.329091]]}},{"type":"Feature","properties":{"line":"5B","mode":"bus","color":"#b11526","oi":-0.316,"n":3,"sw":1},"geometry":{"type":"LineString","coordinates":[[19.815706,41.329088],[19.815689,41.329095]]}},{"type":"Feature","properties":{"line":"5B","mode":"bus","color":"#b11526","oi":-0.232,"n":3,"sw":1},"geometry":{"type":"LineString","coordinates":[[19.815695,41.329092],[19.815679,41.329098]]}},{"type":"Feature","properties":{"line":"5B","mode":"bus","color":"#b11526","oi":-0.156,"n":3,"sw":1},"geometry":{"type":"LineString","coordinates":[[19.815685,41.329096],[19.815669,41.329102]]}},{"type":"Feature","properties":{"line":"5B","mode":"bus","color":"#b11526","oi":-0.092,"n":3,"sw":1},"geometry":{"type":"LineString","coordinates":[[19.815675,41.3291],[19.815658,41.329106]]}},{"type":"Feature","properties":{"line":"5B","mode":"bus","color":"#b11526","oi":-0.043,"n":3,"sw":1},"geometry":{"type":"LineString","coordinates":[[19.815665,41.329104],[19.815648,41.32911]]}},{"type":"Feature","properties":{"line":"5B","mode":"bus","color":"#b11526","oi":-0.011,"n":3,"sw":1},"geometry":{"type":"LineString","coordinates":[[19.815655,41.329107],[19.815638,41.329113]]}},{"type":"Feature","properties":{"line":"5B","mode":"bus","color":"#b11526","oi":0,"n":3,"sw":1},"geometry":{"type":"LineString","coordinates":[[19.815644,41.329111],[19.815631,41.329116]]}},{"type":"Feature","properties":{"line":"5B","mode":"bus","color":"#b11526","oi":0,"n":4,"sw":1},"geometry":{"type":"LineString","coordinates":[[19.815631,41.329116],[19.81567,41.329114]]}},{"type":"Feature","properties":{"line":"5B","mode":"bus","color":"#b11526","oi":-0.017,"n":4,"sw":1},"geometry":{"type":"LineString","coordinates":[[19.815663,41.329115],[19.815705,41.329113]]}},{"type":"Feature","properties":{"line":"5B","mode":"bus","color":"#b11526","oi":-0.063,"n":4,"sw":1},"geometry":{"type":"LineString","coordinates":[[19.815698,41.329113],[19.81574,41.329112]]}},{"type":"Feature","properties":{"line":"5B","mode":"bus","color":"#b11526","oi":-0.13,"n":4,"sw":1},"geometry":{"type":"LineString","coordinates":[[19.815733,41.329112],[19.815775,41.32911]]}},{"type":"Feature","properties":{"line":"5B","mode":"bus","color":"#b11526","oi":-0.209,"n":4,"sw":1},"geometry":{"type":"LineString","coordinates":[[19.815768,41.32911],[19.815803,41.329109],[19.81581,41.329111]]}},{"type":"Feature","properties":{"line":"5B","mode":"bus","color":"#b11526","oi":-0.291,"n":4,"sw":1},"geometry":{"type":"LineString","coordinates":[[19.815803,41.329109],[19.815842,41.329121]]}},{"type":"Feature","properties":{"line":"5B","mode":"bus","color":"#b11526","oi":-0.37,"n":4,"sw":1},"geometry":{"type":"LineString","coordinates":[[19.815836,41.329119],[19.815875,41.329131]]}},{"type":"Feature","properties":{"line":"5B","mode":"bus","color":"#b11526","oi":-0.437,"n":4,"sw":1},"geometry":{"type":"LineString","coordinates":[[19.815868,41.329129],[19.815884,41.329134],[19.815901,41.329148]]}},{"type":"Feature","properties":{"line":"5B","mode":"bus","color":"#b11526","oi":-0.483,"n":4,"sw":1},"geometry":{"type":"LineString","coordinates":[[19.815896,41.329144],[19.815925,41.329168]]}},{"type":"Feature","properties":{"line":"5B","mode":"bus","color":"#b11526","oi":-0.5,"n":4,"sw":1},"geometry":{"type":"LineString","coordinates":[[19.81592,41.329164],[19.815948,41.329187]]}},{"type":"Feature","properties":{"line":"5B","mode":"bus","color":"#b11526","oi":-0.5,"n":4,"sw":1},"geometry":{"type":"LineString","coordinates":[[19.815943,41.329183],[19.815972,41.329207]]}},{"type":"Feature","properties":{"line":"5B","mode":"bus","color":"#b11526","oi":-0.483,"n":4,"sw":1},"geometry":{"type":"LineString","coordinates":[[19.815967,41.329203],[19.815991,41.329223],[19.815994,41.329227]]}},{"type":"Feature","properties":{"line":"5B","mode":"bus","color":"#b11526","oi":-0.437,"n":4,"sw":1},"geometry":{"type":"LineString","coordinates":[[19.815991,41.329223],[19.815991,41.329223],[19.816011,41.329251]]}},{"type":"Feature","properties":{"line":"5B","mode":"bus","color":"#b11526","oi":-0.37,"n":4,"sw":1},"geometry":{"type":"LineString","coordinates":[[19.816008,41.329246],[19.816029,41.329274]]}},{"type":"Feature","properties":{"line":"5B","mode":"bus","color":"#b11526","oi":-0.291,"n":4,"sw":1},"geometry":{"type":"LineString","coordinates":[[19.816025,41.329269],[19.816046,41.329297]]}},{"type":"Feature","properties":{"line":"5B","mode":"bus","color":"#b11526","oi":-0.209,"n":4,"sw":1},"geometry":{"type":"LineString","coordinates":[[19.816042,41.329292],[19.816063,41.32932]]}},{"type":"Feature","properties":{"line":"5B","mode":"bus","color":"#b11526","oi":-0.13,"n":4,"sw":1},"geometry":{"type":"LineString","coordinates":[[19.81606,41.329315],[19.81608,41.329343]]}},{"type":"Feature","properties":{"line":"5B","mode":"bus","color":"#b11526","oi":-0.063,"n":4,"sw":1},"geometry":{"type":"LineString","coordinates":[[19.816077,41.329338],[19.816097,41.329366]]}},{"type":"Feature","properties":{"line":"5B","mode":"bus","color":"#b11526","oi":-0.017,"n":4,"sw":1},"geometry":{"type":"LineString","coordinates":[[19.816094,41.329361],[19.816115,41.329389]]}},{"type":"Feature","properties":{"line":"5B","mode":"bus","color":"#b11526","oi":0,"n":4,"sw":1},"geometry":{"type":"LineString","coordinates":[[19.816111,41.329385],[19.81613,41.32941]]}},{"type":"Feature","properties":{"line":"5B","mode":"bus","color":"#b11526","oi":-0.5,"n":4},"geometry":{"type":"LineString","coordinates":[[19.814995,41.329478],[19.814337,41.330027],[19.813624,41.330525],[19.811162,41.331892],[19.8099,41.332567],[19.809676,41.332649],[19.806878,41.333468],[19.8067,41.333537],[19.806449,41.333711],[19.806282,41.333956]]}},{"type":"Feature","properties":{"line":"5B","mode":"bus","color":"#b11526","oi":0,"n":4,"sw":1},"geometry":{"type":"LineString","coordinates":[[19.815284,41.329238],[19.815253,41.329264]]}},{"type":"Feature","properties":{"line":"5B","mode":"bus","color":"#b11526","oi":-0.017,"n":4,"sw":1},"geometry":{"type":"LineString","coordinates":[[19.815258,41.32926],[19.815224,41.329288]]}},{"type":"Feature","properties":{"line":"5B","mode":"bus","color":"#b11526","oi":-0.063,"n":4,"sw":1},"geometry":{"type":"LineString","coordinates":[[19.815229,41.329284],[19.815195,41.329312]]}},{"type":"Feature","properties":{"line":"5B","mode":"bus","color":"#b11526","oi":-0.13,"n":4,"sw":1},"geometry":{"type":"LineString","coordinates":[[19.8152,41.329308],[19.815166,41.329336]]}},{"type":"Feature","properties":{"line":"5B","mode":"bus","color":"#b11526","oi":-0.209,"n":4,"sw":1},"geometry":{"type":"LineString","coordinates":[[19.815171,41.329332],[19.815137,41.32936]]}},{"type":"Feature","properties":{"line":"5B","mode":"bus","color":"#b11526","oi":-0.291,"n":4,"sw":1},"geometry":{"type":"LineString","coordinates":[[19.815142,41.329356],[19.815108,41.329384]]}},{"type":"Feature","properties":{"line":"5B","mode":"bus","color":"#b11526","oi":-0.37,"n":4,"sw":1},"geometry":{"type":"LineString","coordinates":[[19.815113,41.32938],[19.81508,41.329408]]}},{"type":"Feature","properties":{"line":"5B","mode":"bus","color":"#b11526","oi":-0.437,"n":4,"sw":1},"geometry":{"type":"LineString","coordinates":[[19.815084,41.329404],[19.815051,41.329432]]}},{"type":"Feature","properties":{"line":"5B","mode":"bus","color":"#b11526","oi":-0.483,"n":4,"sw":1},"geometry":{"type":"LineString","coordinates":[[19.815056,41.329428],[19.815022,41.329456]]}},{"type":"Feature","properties":{"line":"5B","mode":"bus","color":"#b11526","oi":-0.5,"n":4,"sw":1},"geometry":{"type":"LineString","coordinates":[[19.815027,41.329452],[19.814993,41.32948]]}},{"type":"Feature","properties":{"line":"5B","mode":"bus","color":"#b11526","oi":-0.5,"n":4,"sw":1},"geometry":{"type":"LineString","coordinates":[[19.806283,41.333953],[19.80626,41.333987]]}},{"type":"Feature","properties":{"line":"5B","mode":"bus","color":"#b11526","oi":-0.483,"n":4,"sw":1},"geometry":{"type":"LineString","coordinates":[[19.806264,41.333982],[19.806241,41.334016]]}},{"type":"Feature","properties":{"line":"5B","mode":"bus","color":"#b11526","oi":-0.437,"n":4,"sw":1},"geometry":{"type":"LineString","coordinates":[[19.806244,41.334011],[19.806221,41.334045]]}},{"type":"Feature","properties":{"line":"5B","mode":"bus","color":"#b11526","oi":-0.37,"n":4,"sw":1},"geometry":{"type":"LineString","coordinates":[[19.806224,41.33404],[19.806201,41.334074]]}},{"type":"Feature","properties":{"line":"5B","mode":"bus","color":"#b11526","oi":-0.291,"n":4,"sw":1},"geometry":{"type":"LineString","coordinates":[[19.806205,41.334069],[19.806182,41.334102]]}},{"type":"Feature","properties":{"line":"5B","mode":"bus","color":"#b11526","oi":-0.209,"n":4,"sw":1},"geometry":{"type":"LineString","coordinates":[[19.806185,41.334098],[19.806162,41.334131]]}},{"type":"Feature","properties":{"line":"5B","mode":"bus","color":"#b11526","oi":-0.13,"n":4,"sw":1},"geometry":{"type":"LineString","coordinates":[[19.806165,41.334126],[19.806142,41.33416]]}},{"type":"Feature","properties":{"line":"5B","mode":"bus","color":"#b11526","oi":-0.063,"n":4,"sw":1},"geometry":{"type":"LineString","coordinates":[[19.806146,41.334155],[19.806123,41.334189]]}},{"type":"Feature","properties":{"line":"5B","mode":"bus","color":"#b11526","oi":-0.017,"n":4,"sw":1},"geometry":{"type":"LineString","coordinates":[[19.806126,41.334184],[19.806103,41.334218]]}},{"type":"Feature","properties":{"line":"5B","mode":"bus","color":"#b11526","oi":0,"n":4,"sw":1},"geometry":{"type":"LineString","coordinates":[[19.806106,41.334213],[19.806085,41.334244]]}},{"type":"Feature","properties":{"line":"5B","mode":"bus","color":"#b11526","oi":-0.5,"n":4},"geometry":{"type":"LineString","coordinates":[[19.802513,41.333741],[19.789706,41.338201],[19.786163,41.33947]]}},{"type":"Feature","properties":{"line":"5B","mode":"bus","color":"#b11526","oi":-0.5,"n":2},"geometry":{"type":"LineString","coordinates":[[19.776314,41.343836],[19.776304,41.343887],[19.776118,41.344164]]}},{"type":"Feature","properties":{"line":"5B","mode":"bus","color":"#b11526","oi":0,"n":2,"sw":1},"geometry":{"type":"LineString","coordinates":[[19.776102,41.343584],[19.776143,41.343601]]}},{"type":"Feature","properties":{"line":"5B","mode":"bus","color":"#b11526","oi":-0.017,"n":2,"sw":1},"geometry":{"type":"LineString","coordinates":[[19.776137,41.343598],[19.776181,41.343616]]}},{"type":"Feature","properties":{"line":"5B","mode":"bus","color":"#b11526","oi":-0.063,"n":2,"sw":1},"geometry":{"type":"LineString","coordinates":[[19.776175,41.343614],[19.77621,41.343628],[19.776216,41.343634]]}},{"type":"Feature","properties":{"line":"5B","mode":"bus","color":"#b11526","oi":-0.13,"n":2,"sw":1},"geometry":{"type":"LineString","coordinates":[[19.776212,41.34363],[19.776244,41.343659]]}},{"type":"Feature","properties":{"line":"5B","mode":"bus","color":"#b11526","oi":-0.209,"n":2,"sw":1},"geometry":{"type":"LineString","coordinates":[[19.776239,41.343655],[19.776268,41.343681],[19.77627,41.343684]]}},{"type":"Feature","properties":{"line":"5B","mode":"bus","color":"#b11526","oi":-0.291,"n":2,"sw":1},"geometry":{"type":"LineString","coordinates":[[19.776267,41.34368],[19.776268,41.343681],[19.776284,41.343715]]}},{"type":"Feature","properties":{"line":"5B","mode":"bus","color":"#b11526","oi":-0.37,"n":2,"sw":1},"geometry":{"type":"LineString","coordinates":[[19.776282,41.34371],[19.776299,41.343745]]}},{"type":"Feature","properties":{"line":"5B","mode":"bus","color":"#b11526","oi":-0.437,"n":2,"sw":1},"geometry":{"type":"LineString","coordinates":[[19.776296,41.34374],[19.776313,41.343776]]}},{"type":"Feature","properties":{"line":"5B","mode":"bus","color":"#b11526","oi":-0.483,"n":2,"sw":1},"geometry":{"type":"LineString","coordinates":[[19.776311,41.343771],[19.776322,41.343795],[19.77632,41.343807]]}},{"type":"Feature","properties":{"line":"5B","mode":"bus","color":"#b11526","oi":-0.5,"n":2,"sw":1},"geometry":{"type":"LineString","coordinates":[[19.776321,41.343802],[19.776313,41.343839]]}},{"type":"Feature","properties":{"line":"5B","mode":"bus","color":"#b11526","oi":0.5,"n":2},"geometry":{"type":"LineString","coordinates":[[19.804777,41.333559],[19.804535,41.333485],[19.803941,41.333427],[19.803555,41.333485],[19.802929,41.333701]]}},{"type":"Feature","properties":{"line":"5B","mode":"bus","color":"#b11526","oi":0,"n":2,"sw":1},"geometry":{"type":"LineString","coordinates":[[19.805176,41.33368],[19.805133,41.333667]]}},{"type":"Feature","properties":{"line":"5B","mode":"bus","color":"#b11526","oi":0.017,"n":2,"sw":1},"geometry":{"type":"LineString","coordinates":[[19.805139,41.333669],[19.805093,41.333655]]}},{"type":"Feature","properties":{"line":"5B","mode":"bus","color":"#b11526","oi":0.063,"n":2,"sw":1},"geometry":{"type":"LineString","coordinates":[[19.805099,41.333657],[19.805053,41.333643]]}},{"type":"Feature","properties":{"line":"5B","mode":"bus","color":"#b11526","oi":0.13,"n":2,"sw":1},"geometry":{"type":"LineString","coordinates":[[19.80506,41.333645],[19.805013,41.33363]]}},{"type":"Feature","properties":{"line":"5B","mode":"bus","color":"#b11526","oi":0.209,"n":2,"sw":1},"geometry":{"type":"LineString","coordinates":[[19.80502,41.333632],[19.804973,41.333618]]}},{"type":"Feature","properties":{"line":"5B","mode":"bus","color":"#b11526","oi":0.291,"n":2,"sw":1},"geometry":{"type":"LineString","coordinates":[[19.80498,41.33362],[19.804933,41.333606]]}},{"type":"Feature","properties":{"line":"5B","mode":"bus","color":"#b11526","oi":0.37,"n":2,"sw":1},"geometry":{"type":"LineString","coordinates":[[19.80494,41.333608],[19.804893,41.333594]]}},{"type":"Feature","properties":{"line":"5B","mode":"bus","color":"#b11526","oi":0.437,"n":2,"sw":1},"geometry":{"type":"LineString","coordinates":[[19.8049,41.333596],[19.804853,41.333582]]}},{"type":"Feature","properties":{"line":"5B","mode":"bus","color":"#b11526","oi":0.483,"n":2,"sw":1},"geometry":{"type":"LineString","coordinates":[[19.80486,41.333584],[19.804813,41.33357]]}},{"type":"Feature","properties":{"line":"5B","mode":"bus","color":"#b11526","oi":0.5,"n":2,"sw":1},"geometry":{"type":"LineString","coordinates":[[19.80482,41.333572],[19.804773,41.333558]]}},{"type":"Feature","properties":{"line":"5B","mode":"bus","color":"#b11526","oi":0.5,"n":2,"sw":1},"geometry":{"type":"LineString","coordinates":[[19.802933,41.3337],[19.802887,41.333716]]}},{"type":"Feature","properties":{"line":"5B","mode":"bus","color":"#b11526","oi":0.483,"n":2,"sw":1},"geometry":{"type":"LineString","coordinates":[[19.802893,41.333714],[19.802848,41.33373]]}},{"type":"Feature","properties":{"line":"5B","mode":"bus","color":"#b11526","oi":0.437,"n":2,"sw":1},"geometry":{"type":"LineString","coordinates":[[19.802854,41.333727],[19.802812,41.333742],[19.802808,41.333742]]}},{"type":"Feature","properties":{"line":"5B","mode":"bus","color":"#b11526","oi":0.37,"n":2,"sw":1},"geometry":{"type":"LineString","coordinates":[[19.802815,41.333741],[19.802812,41.333742],[19.802766,41.333746]]}},{"type":"Feature","properties":{"line":"5B","mode":"bus","color":"#b11526","oi":0.291,"n":2,"sw":1},"geometry":{"type":"LineString","coordinates":[[19.802773,41.333746],[19.802723,41.33375]]}},{"type":"Feature","properties":{"line":"5B","mode":"bus","color":"#b11526","oi":0.209,"n":2,"sw":1},"geometry":{"type":"LineString","coordinates":[[19.80273,41.33375],[19.80268,41.333754]]}},{"type":"Feature","properties":{"line":"5B","mode":"bus","color":"#b11526","oi":0.13,"n":2,"sw":1},"geometry":{"type":"LineString","coordinates":[[19.802687,41.333754],[19.802664,41.333756],[19.802638,41.333753]]}},{"type":"Feature","properties":{"line":"5B","mode":"bus","color":"#b11526","oi":0.063,"n":2,"sw":1},"geometry":{"type":"LineString","coordinates":[[19.802645,41.333754],[19.802595,41.333749]]}},{"type":"Feature","properties":{"line":"5B","mode":"bus","color":"#b11526","oi":0.017,"n":2,"sw":1},"geometry":{"type":"LineString","coordinates":[[19.802602,41.33375],[19.802552,41.333745]]}},{"type":"Feature","properties":{"line":"5B","mode":"bus","color":"#b11526","oi":0,"n":2,"sw":1},"geometry":{"type":"LineString","coordinates":[[19.802559,41.333746],[19.802513,41.333741]]}},{"type":"Feature","properties":{"line":"3C","mode":"bus","color":"#6b5806","oi":-0.5,"n":2},"geometry":{"type":"LineString","coordinates":[[19.774243,41.325388],[19.774246,41.325426],[19.774238,41.325436]]}},{"type":"Feature","properties":{"line":"3C","mode":"bus","color":"#6b5806","oi":0,"n":2,"sw":1},"geometry":{"type":"LineString","coordinates":[[19.774097,41.325103],[19.774102,41.325138]]}},{"type":"Feature","properties":{"line":"3C","mode":"bus","color":"#6b5806","oi":-0.017,"n":2,"sw":1},"geometry":{"type":"LineString","coordinates":[[19.774101,41.325133],[19.774107,41.32517]]}},{"type":"Feature","properties":{"line":"3C","mode":"bus","color":"#6b5806","oi":-0.063,"n":2,"sw":1},"geometry":{"type":"LineString","coordinates":[[19.774106,41.325165],[19.774112,41.325202]]}},{"type":"Feature","properties":{"line":"3C","mode":"bus","color":"#6b5806","oi":-0.13,"n":2,"sw":1},"geometry":{"type":"LineString","coordinates":[[19.774111,41.325197],[19.774116,41.325234]]}},{"type":"Feature","properties":{"line":"3C","mode":"bus","color":"#6b5806","oi":-0.209,"n":2,"sw":1},"geometry":{"type":"LineString","coordinates":[[19.774115,41.325229],[19.774119,41.325253],[19.774132,41.325263]]}},{"type":"Feature","properties":{"line":"3C","mode":"bus","color":"#6b5806","oi":-0.291,"n":2,"sw":1},"geometry":{"type":"LineString","coordinates":[[19.774127,41.325259],[19.774163,41.325285]]}},{"type":"Feature","properties":{"line":"3C","mode":"bus","color":"#6b5806","oi":-0.37,"n":2,"sw":1},"geometry":{"type":"LineString","coordinates":[[19.774158,41.325281],[19.774194,41.325308]]}},{"type":"Feature","properties":{"line":"3C","mode":"bus","color":"#6b5806","oi":-0.437,"n":2,"sw":1},"geometry":{"type":"LineString","coordinates":[[19.774189,41.325304],[19.774225,41.32533]]}},{"type":"Feature","properties":{"line":"3C","mode":"bus","color":"#6b5806","oi":-0.483,"n":2,"sw":1},"geometry":{"type":"LineString","coordinates":[[19.774219,41.325327],[19.774239,41.325341],[19.77424,41.325358]]}},{"type":"Feature","properties":{"line":"3C","mode":"bus","color":"#6b5806","oi":-0.5,"n":2,"sw":1},"geometry":{"type":"LineString","coordinates":[[19.77424,41.325353],[19.774243,41.325391]]}},{"type":"Feature","properties":{"line":"3C","mode":"bus","color":"#6b5806","oi":-0.5,"n":2,"sw":1},"geometry":{"type":"LineString","coordinates":[[19.77424,41.325434],[19.774213,41.325466]]}},{"type":"Feature","properties":{"line":"3C","mode":"bus","color":"#6b5806","oi":-0.483,"n":2,"sw":1},"geometry":{"type":"LineString","coordinates":[[19.774217,41.325461],[19.774191,41.325493]]}},{"type":"Feature","properties":{"line":"3C","mode":"bus","color":"#6b5806","oi":-0.437,"n":2,"sw":1},"geometry":{"type":"LineString","coordinates":[[19.774195,41.325489],[19.774183,41.325503],[19.774157,41.325511]]}},{"type":"Feature","properties":{"line":"3C","mode":"bus","color":"#6b5806","oi":-0.37,"n":2,"sw":1},"geometry":{"type":"LineString","coordinates":[[19.774164,41.325509],[19.774117,41.325524]]}},{"type":"Feature","properties":{"line":"3C","mode":"bus","color":"#6b5806","oi":-0.291,"n":2,"sw":1},"geometry":{"type":"LineString","coordinates":[[19.774124,41.325522],[19.774078,41.325536]]}},{"type":"Feature","properties":{"line":"3C","mode":"bus","color":"#6b5806","oi":-0.209,"n":2,"sw":1},"geometry":{"type":"LineString","coordinates":[[19.774084,41.325534],[19.774072,41.325538],[19.774048,41.325559]]}},{"type":"Feature","properties":{"line":"3C","mode":"bus","color":"#6b5806","oi":-0.13,"n":2,"sw":1},"geometry":{"type":"LineString","coordinates":[[19.774053,41.325555],[19.77402,41.325584]]}},{"type":"Feature","properties":{"line":"3C","mode":"bus","color":"#6b5806","oi":-0.063,"n":2,"sw":1},"geometry":{"type":"LineString","coordinates":[[19.774025,41.32558],[19.773992,41.325609]]}},{"type":"Feature","properties":{"line":"3C","mode":"bus","color":"#6b5806","oi":-0.017,"n":2,"sw":1},"geometry":{"type":"LineString","coordinates":[[19.773997,41.325605],[19.773965,41.325633]]}},{"type":"Feature","properties":{"line":"3C","mode":"bus","color":"#6b5806","oi":0,"n":2,"sw":1},"geometry":{"type":"LineString","coordinates":[[19.773969,41.325629],[19.773939,41.325656]]}},{"type":"Feature","properties":{"line":"3C","mode":"bus","color":"#6b5806","oi":0,"n":2,"sw":1},"geometry":{"type":"LineString","coordinates":[[19.774097,41.325103],[19.774075,41.325132]]}},{"type":"Feature","properties":{"line":"3C","mode":"bus","color":"#6b5806","oi":-0.017,"n":2,"sw":1},"geometry":{"type":"LineString","coordinates":[[19.774078,41.325127],[19.774055,41.325159]]}},{"type":"Feature","properties":{"line":"3C","mode":"bus","color":"#6b5806","oi":-0.063,"n":2,"sw":1},"geometry":{"type":"LineString","coordinates":[[19.774058,41.325154],[19.774034,41.325186]]}},{"type":"Feature","properties":{"line":"3C","mode":"bus","color":"#6b5806","oi":-0.13,"n":2,"sw":1},"geometry":{"type":"LineString","coordinates":[[19.774038,41.325181],[19.774014,41.325212]]}},{"type":"Feature","properties":{"line":"3C","mode":"bus","color":"#6b5806","oi":-0.209,"n":2,"sw":1},"geometry":{"type":"LineString","coordinates":[[19.774017,41.325208],[19.773994,41.325239]]}},{"type":"Feature","properties":{"line":"3C","mode":"bus","color":"#6b5806","oi":-0.291,"n":2,"sw":1},"geometry":{"type":"LineString","coordinates":[[19.773997,41.325234],[19.77398,41.325257],[19.77397,41.325264]]}},{"type":"Feature","properties":{"line":"3C","mode":"bus","color":"#6b5806","oi":-0.37,"n":2,"sw":1},"geometry":{"type":"LineString","coordinates":[[19.773975,41.32526],[19.773939,41.325284]]}},{"type":"Feature","properties":{"line":"3C","mode":"bus","color":"#6b5806","oi":-0.437,"n":2,"sw":1},"geometry":{"type":"LineString","coordinates":[[19.773944,41.32528],[19.773908,41.325304]]}},{"type":"Feature","properties":{"line":"3C","mode":"bus","color":"#6b5806","oi":-0.483,"n":2,"sw":1},"geometry":{"type":"LineString","coordinates":[[19.773913,41.3253],[19.773889,41.325316],[19.773883,41.325327]]}},{"type":"Feature","properties":{"line":"3C","mode":"bus","color":"#6b5806","oi":-0.5,"n":2,"sw":1},"geometry":{"type":"LineString","coordinates":[[19.773886,41.325322],[19.773867,41.325356]]}},{"type":"Feature","properties":{"line":"3C","mode":"bus","color":"#6b5806","oi":-0.5,"n":2,"sw":1},"geometry":{"type":"LineString","coordinates":[[19.77387,41.325351],[19.773866,41.325358],[19.773873,41.325386]]}},{"type":"Feature","properties":{"line":"3C","mode":"bus","color":"#6b5806","oi":-0.483,"n":2,"sw":1},"geometry":{"type":"LineString","coordinates":[[19.773872,41.325381],[19.77388,41.325416]]}},{"type":"Feature","properties":{"line":"3C","mode":"bus","color":"#6b5806","oi":-0.437,"n":2,"sw":1},"geometry":{"type":"LineString","coordinates":[[19.773879,41.325411],[19.773888,41.325447]]}},{"type":"Feature","properties":{"line":"3C","mode":"bus","color":"#6b5806","oi":-0.37,"n":2,"sw":1},"geometry":{"type":"LineString","coordinates":[[19.773886,41.325441],[19.773895,41.325477]]}},{"type":"Feature","properties":{"line":"3C","mode":"bus","color":"#6b5806","oi":-0.291,"n":2,"sw":1},"geometry":{"type":"LineString","coordinates":[[19.773894,41.325472],[19.773903,41.325507]]}},{"type":"Feature","properties":{"line":"3C","mode":"bus","color":"#6b5806","oi":-0.209,"n":2,"sw":1},"geometry":{"type":"LineString","coordinates":[[19.773901,41.325502],[19.77391,41.325537]]}},{"type":"Feature","properties":{"line":"3C","mode":"bus","color":"#6b5806","oi":-0.13,"n":2,"sw":1},"geometry":{"type":"LineString","coordinates":[[19.773909,41.325532],[19.773917,41.325568]]}},{"type":"Feature","properties":{"line":"3C","mode":"bus","color":"#6b5806","oi":-0.063,"n":2,"sw":1},"geometry":{"type":"LineString","coordinates":[[19.773916,41.325562],[19.773925,41.325598]]}},{"type":"Feature","properties":{"line":"3C","mode":"bus","color":"#6b5806","oi":-0.017,"n":2,"sw":1},"geometry":{"type":"LineString","coordinates":[[19.773924,41.325593],[19.773932,41.325628]]}},{"type":"Feature","properties":{"line":"3C","mode":"bus","color":"#6b5806","oi":0,"n":2,"sw":1},"geometry":{"type":"LineString","coordinates":[[19.773931,41.325623],[19.773939,41.325656]]}},{"type":"Feature","properties":{"line":"3C","mode":"bus","color":"#6b5806","oi":-0.5,"n":2},"geometry":{"type":"LineString","coordinates":[[19.768145,41.334924],[19.76806,41.334856]]}},{"type":"Feature","properties":{"line":"3C","mode":"bus","color":"#6b5806","oi":0,"n":2,"sw":1},"geometry":{"type":"LineString","coordinates":[[19.784043,41.319804],[19.784029,41.319808]]}},{"type":"Feature","properties":{"line":"3C","mode":"bus","color":"#6b5806","oi":-0.13,"n":2,"sw":1},"geometry":{"type":"LineString","coordinates":[[19.784036,41.319806],[19.784019,41.319812]]}},{"type":"Feature","properties":{"line":"3C","mode":"bus","color":"#6b5806","oi":-0.37,"n":2,"sw":1},"geometry":{"type":"LineString","coordinates":[[19.784026,41.31981],[19.784009,41.319815]]}},{"type":"Feature","properties":{"line":"3C","mode":"bus","color":"#6b5806","oi":-0.5,"n":2,"sw":1},"geometry":{"type":"LineString","coordinates":[[19.784015,41.319813],[19.783998,41.319819]]}},{"type":"Feature","properties":{"line":"3C","mode":"bus","color":"#6b5806","oi":-0.5,"n":2,"sw":1},"geometry":{"type":"LineString","coordinates":[[19.784005,41.319816],[19.783988,41.319822]]}},{"type":"Feature","properties":{"line":"3C","mode":"bus","color":"#6b5806","oi":-0.37,"n":2,"sw":1},"geometry":{"type":"LineString","coordinates":[[19.783994,41.31982],[19.783977,41.319825]]}},{"type":"Feature","properties":{"line":"3C","mode":"bus","color":"#6b5806","oi":-0.13,"n":2,"sw":1},"geometry":{"type":"LineString","coordinates":[[19.783984,41.319823],[19.783967,41.319829]]}},{"type":"Feature","properties":{"line":"3C","mode":"bus","color":"#6b5806","oi":0,"n":2,"sw":1},"geometry":{"type":"LineString","coordinates":[[19.783974,41.319827],[19.78396,41.319831]]}},{"type":"Feature","properties":{"line":"3C","mode":"bus","color":"#6b5806","oi":-1,"n":3},"geometry":{"type":"LineString","coordinates":[[19.783674,41.320068],[19.783544,41.320226],[19.783424,41.320482],[19.783414,41.320681],[19.783608,41.321079],[19.783605,41.321172],[19.783539,41.321369],[19.782709,41.322591],[19.782576,41.322701],[19.781845,41.322983],[19.781386,41.323094],[19.780203,41.323257],[19.776439,41.323835],[19.774275,41.324811]]}},{"type":"Feature","properties":{"line":"3C","mode":"bus","color":"#6b5806","oi":0,"n":3,"sw":1},"geometry":{"type":"LineString","coordinates":[[19.78396,41.319831],[19.783938,41.319843]]}},{"type":"Feature","properties":{"line":"3C","mode":"bus","color":"#6b5806","oi":-0.01,"n":3,"sw":1},"geometry":{"type":"LineString","coordinates":[[19.783944,41.31984],[19.783919,41.319854]]}},{"type":"Feature","properties":{"line":"3C","mode":"bus","color":"#6b5806","oi":-0.038,"n":3,"sw":1},"geometry":{"type":"LineString","coordinates":[[19.783925,41.319851],[19.7839,41.319865]]}},{"type":"Feature","properties":{"line":"3C","mode":"bus","color":"#6b5806","oi":-0.082,"n":3,"sw":1},"geometry":{"type":"LineString","coordinates":[[19.783906,41.319862],[19.783881,41.319876]]}},{"type":"Feature","properties":{"line":"3C","mode":"bus","color":"#6b5806","oi":-0.14,"n":3,"sw":1},"geometry":{"type":"LineString","coordinates":[[19.783886,41.319873],[19.783862,41.319887]]}},{"type":"Feature","properties":{"line":"3C","mode":"bus","color":"#6b5806","oi":-0.209,"n":3,"sw":1},"geometry":{"type":"LineString","coordinates":[[19.783867,41.319884],[19.783842,41.319898]]}},{"type":"Feature","properties":{"line":"3C","mode":"bus","color":"#6b5806","oi":-0.286,"n":3,"sw":1},"geometry":{"type":"LineString","coordinates":[[19.783848,41.319894],[19.783823,41.319908]]}},{"type":"Feature","properties":{"line":"3C","mode":"bus","color":"#6b5806","oi":-0.369,"n":3,"sw":1},"geometry":{"type":"LineString","coordinates":[[19.783829,41.319905],[19.783817,41.319912],[19.783808,41.319922]]}},{"type":"Feature","properties":{"line":"3C","mode":"bus","color":"#6b5806","oi":-0.456,"n":3,"sw":1},"geometry":{"type":"LineString","coordinates":[[19.783812,41.319917],[19.783794,41.319936]]}},{"type":"Feature","properties":{"line":"3C","mode":"bus","color":"#6b5806","oi":-0.544,"n":3,"sw":1},"geometry":{"type":"LineString","coordinates":[[19.783798,41.319932],[19.78378,41.319951]]}},{"type":"Feature","properties":{"line":"3C","mode":"bus","color":"#6b5806","oi":-0.631,"n":3,"sw":1},"geometry":{"type":"LineString","coordinates":[[19.783784,41.319947],[19.783766,41.319966]]}},{"type":"Feature","properties":{"line":"3C","mode":"bus","color":"#6b5806","oi":-0.714,"n":3,"sw":1},"geometry":{"type":"LineString","coordinates":[[19.78377,41.319961],[19.783752,41.31998]]}},{"type":"Feature","properties":{"line":"3C","mode":"bus","color":"#6b5806","oi":-0.791,"n":3,"sw":1},"geometry":{"type":"LineString","coordinates":[[19.783756,41.319976],[19.783738,41.319995]]}},{"type":"Feature","properties":{"line":"3C","mode":"bus","color":"#6b5806","oi":-0.86,"n":3,"sw":1},"geometry":{"type":"LineString","coordinates":[[19.783742,41.319991],[19.783724,41.32001]]}},{"type":"Feature","properties":{"line":"3C","mode":"bus","color":"#6b5806","oi":-0.918,"n":3,"sw":1},"geometry":{"type":"LineString","coordinates":[[19.783729,41.320005],[19.78371,41.320024]]}},{"type":"Feature","properties":{"line":"3C","mode":"bus","color":"#6b5806","oi":-0.962,"n":3,"sw":1},"geometry":{"type":"LineString","coordinates":[[19.783715,41.32002],[19.783706,41.320029],[19.783697,41.320039]]}},{"type":"Feature","properties":{"line":"3C","mode":"bus","color":"#6b5806","oi":-0.99,"n":3,"sw":1},"geometry":{"type":"LineString","coordinates":[[19.783701,41.320035],[19.783685,41.320055]]}},{"type":"Feature","properties":{"line":"3C","mode":"bus","color":"#6b5806","oi":-1,"n":3,"sw":1},"geometry":{"type":"LineString","coordinates":[[19.783689,41.32005],[19.783672,41.32007]]}},{"type":"Feature","properties":{"line":"3C","mode":"bus","color":"#6b5806","oi":-1,"n":3,"sw":1},"geometry":{"type":"LineString","coordinates":[[19.774278,41.324809],[19.774272,41.324812],[19.77426,41.324828]]}},{"type":"Feature","properties":{"line":"3C","mode":"bus","color":"#6b5806","oi":-0.99,"n":3,"sw":1},"geometry":{"type":"LineString","coordinates":[[19.774264,41.324823],[19.774248,41.324843]]}},{"type":"Feature","properties":{"line":"3C","mode":"bus","color":"#6b5806","oi":-0.962,"n":3,"sw":1},"geometry":{"type":"LineString","coordinates":[[19.774251,41.324838],[19.774236,41.324859]]}},{"type":"Feature","properties":{"line":"3C","mode":"bus","color":"#6b5806","oi":-0.918,"n":3,"sw":1},"geometry":{"type":"LineString","coordinates":[[19.774239,41.324854],[19.774224,41.324874]]}},{"type":"Feature","properties":{"line":"3C","mode":"bus","color":"#6b5806","oi":-0.86,"n":3,"sw":1},"geometry":{"type":"LineString","coordinates":[[19.774227,41.32487],[19.774212,41.32489]]}},{"type":"Feature","properties":{"line":"3C","mode":"bus","color":"#6b5806","oi":-0.791,"n":3,"sw":1},"geometry":{"type":"LineString","coordinates":[[19.774215,41.324885],[19.7742,41.324905]]}},{"type":"Feature","properties":{"line":"3C","mode":"bus","color":"#6b5806","oi":-0.714,"n":3,"sw":1},"geometry":{"type":"LineString","coordinates":[[19.774203,41.324901],[19.774188,41.324921]]}},{"type":"Feature","properties":{"line":"3C","mode":"bus","color":"#6b5806","oi":-0.631,"n":3,"sw":1},"geometry":{"type":"LineString","coordinates":[[19.774191,41.324916],[19.774176,41.324936]]}},{"type":"Feature","properties":{"line":"3C","mode":"bus","color":"#6b5806","oi":-0.544,"n":3,"sw":1},"geometry":{"type":"LineString","coordinates":[[19.774179,41.324932],[19.774163,41.324952]]}},{"type":"Feature","properties":{"line":"3C","mode":"bus","color":"#6b5806","oi":-0.456,"n":3,"sw":1},"geometry":{"type":"LineString","coordinates":[[19.774167,41.324947],[19.774158,41.324959],[19.774154,41.324968]]}},{"type":"Feature","properties":{"line":"3C","mode":"bus","color":"#6b5806","oi":-0.369,"n":3,"sw":1},"geometry":{"type":"LineString","coordinates":[[19.774156,41.324963],[19.774147,41.324986]]}},{"type":"Feature","properties":{"line":"3C","mode":"bus","color":"#6b5806","oi":-0.286,"n":3,"sw":1},"geometry":{"type":"LineString","coordinates":[[19.774149,41.32498],[19.774139,41.325003]]}},{"type":"Feature","properties":{"line":"3C","mode":"bus","color":"#6b5806","oi":-0.209,"n":3,"sw":1},"geometry":{"type":"LineString","coordinates":[[19.774142,41.324998],[19.774132,41.32502]]}},{"type":"Feature","properties":{"line":"3C","mode":"bus","color":"#6b5806","oi":-0.14,"n":3,"sw":1},"geometry":{"type":"LineString","coordinates":[[19.774134,41.325015],[19.774125,41.325037]]}},{"type":"Feature","properties":{"line":"3C","mode":"bus","color":"#6b5806","oi":-0.082,"n":3,"sw":1},"geometry":{"type":"LineString","coordinates":[[19.774127,41.325032],[19.774118,41.325054]]}},{"type":"Feature","properties":{"line":"3C","mode":"bus","color":"#6b5806","oi":-0.038,"n":3,"sw":1},"geometry":{"type":"LineString","coordinates":[[19.77412,41.325049],[19.77411,41.325071]]}},{"type":"Feature","properties":{"line":"3C","mode":"bus","color":"#6b5806","oi":-0.01,"n":3,"sw":1},"geometry":{"type":"LineString","coordinates":[[19.774113,41.325066],[19.774103,41.325088]]}},{"type":"Feature","properties":{"line":"3C","mode":"bus","color":"#6b5806","oi":0,"n":3,"sw":1},"geometry":{"type":"LineString","coordinates":[[19.774105,41.325083],[19.774097,41.325103]]}},{"type":"Feature","properties":{"line":"3C","mode":"bus","color":"#6b5806","oi":-1,"n":3},"geometry":{"type":"LineString","coordinates":[[19.773848,41.325973],[19.773792,41.326167],[19.773783,41.326282],[19.774029,41.328371],[19.773988,41.328667],[19.77391,41.328849],[19.773272,41.329933],[19.772702,41.330776],[19.771169,41.33213],[19.771078,41.332264],[19.770905,41.332765],[19.770775,41.333009],[19.770401,41.333432],[19.769893,41.33395],[19.7697,41.334043],[19.768942,41.334254],[19.768767,41.334316],[19.768653,41.334387],[19.768037,41.335036],[19.765757,41.336859],[19.763905,41.338264],[19.763372,41.338714]]}},{"type":"Feature","properties":{"line":"3C","mode":"bus","color":"#6b5806","oi":0,"n":3,"sw":1},"geometry":{"type":"LineString","coordinates":[[19.773939,41.325656],[19.773933,41.325676]]}},{"type":"Feature","properties":{"line":"3C","mode":"bus","color":"#6b5806","oi":-0.01,"n":3,"sw":1},"geometry":{"type":"LineString","coordinates":[[19.773935,41.325671],[19.773928,41.325694]]}},{"type":"Feature","properties":{"line":"3C","mode":"bus","color":"#6b5806","oi":-0.038,"n":3,"sw":1},"geometry":{"type":"LineString","coordinates":[[19.77393,41.325689],[19.773923,41.325711]]}},{"type":"Feature","properties":{"line":"3C","mode":"bus","color":"#6b5806","oi":-0.082,"n":3,"sw":1},"geometry":{"type":"LineString","coordinates":[[19.773925,41.325706],[19.773918,41.325729]]}},{"type":"Feature","properties":{"line":"3C","mode":"bus","color":"#6b5806","oi":-0.14,"n":3,"sw":1},"geometry":{"type":"LineString","coordinates":[[19.77392,41.325724],[19.773913,41.325747]]}},{"type":"Feature","properties":{"line":"3C","mode":"bus","color":"#6b5806","oi":-0.209,"n":3,"sw":1},"geometry":{"type":"LineString","coordinates":[[19.773914,41.325741],[19.773908,41.325764]]}},{"type":"Feature","properties":{"line":"3C","mode":"bus","color":"#6b5806","oi":-0.286,"n":3,"sw":1},"geometry":{"type":"LineString","coordinates":[[19.773909,41.325759],[19.773903,41.325782]]}},{"type":"Feature","properties":{"line":"3C","mode":"bus","color":"#6b5806","oi":-0.369,"n":3,"sw":1},"geometry":{"type":"LineString","coordinates":[[19.773904,41.325776],[19.773898,41.325799]]}},{"type":"Feature","properties":{"line":"3C","mode":"bus","color":"#6b5806","oi":-0.456,"n":3,"sw":1},"geometry":{"type":"LineString","coordinates":[[19.773899,41.325794],[19.773893,41.325817]]}},{"type":"Feature","properties":{"line":"3C","mode":"bus","color":"#6b5806","oi":-0.544,"n":3,"sw":1},"geometry":{"type":"LineString","coordinates":[[19.773894,41.325812],[19.773888,41.325835]]}},{"type":"Feature","properties":{"line":"3C","mode":"bus","color":"#6b5806","oi":-0.631,"n":3,"sw":1},"geometry":{"type":"LineString","coordinates":[[19.773889,41.325829],[19.773883,41.325852]]}},{"type":"Feature","properties":{"line":"3C","mode":"bus","color":"#6b5806","oi":-0.714,"n":3,"sw":1},"geometry":{"type":"LineString","coordinates":[[19.773884,41.325847],[19.773878,41.32587]]}},{"type":"Feature","properties":{"line":"3C","mode":"bus","color":"#6b5806","oi":-0.791,"n":3,"sw":1},"geometry":{"type":"LineString","coordinates":[[19.773879,41.325864],[19.773872,41.325887]]}},{"type":"Feature","properties":{"line":"3C","mode":"bus","color":"#6b5806","oi":-0.86,"n":3,"sw":1},"geometry":{"type":"LineString","coordinates":[[19.773874,41.325882],[19.773867,41.325905]]}},{"type":"Feature","properties":{"line":"3C","mode":"bus","color":"#6b5806","oi":-0.918,"n":3,"sw":1},"geometry":{"type":"LineString","coordinates":[[19.773869,41.3259],[19.773862,41.325922]]}},{"type":"Feature","properties":{"line":"3C","mode":"bus","color":"#6b5806","oi":-0.962,"n":3,"sw":1},"geometry":{"type":"LineString","coordinates":[[19.773864,41.325917],[19.773857,41.32594]]}},{"type":"Feature","properties":{"line":"3C","mode":"bus","color":"#6b5806","oi":-0.99,"n":3,"sw":1},"geometry":{"type":"LineString","coordinates":[[19.773859,41.325935],[19.773852,41.325958]]}},{"type":"Feature","properties":{"line":"3C","mode":"bus","color":"#6b5806","oi":-1,"n":3,"sw":1},"geometry":{"type":"LineString","coordinates":[[19.773854,41.325952],[19.773847,41.325975]]}},{"type":"Feature","properties":{"line":"3C","mode":"bus","color":"#6b5806","oi":0,"n":1},"geometry":{"type":"LineString","coordinates":[[19.763063,41.338939],[19.762626,41.339258],[19.761737,41.340064],[19.754098,41.345774],[19.753417,41.346146],[19.75283,41.346579],[19.752442,41.346831],[19.747573,41.3496],[19.747417,41.34972],[19.746847,41.349898],[19.746605,41.350028],[19.745204,41.35094],[19.744261,41.351664],[19.743899,41.351901],[19.743682,41.351989],[19.743103,41.352146],[19.742588,41.352373],[19.741249,41.352768],[19.741221,41.352772],[19.7412,41.352765],[19.741183,41.352749],[19.740741,41.352071],[19.740729,41.352058],[19.740715,41.352051],[19.740697,41.35205],[19.740677,41.352055],[19.738559,41.352874]]}},{"type":"Feature","properties":{"line":"3C","mode":"bus","color":"#6b5806","oi":-1,"n":1,"sw":1},"geometry":{"type":"LineString","coordinates":[[19.763372,41.338714],[19.763352,41.338728]]}},{"type":"Feature","properties":{"line":"3C","mode":"bus","color":"#6b5806","oi":-0.99,"n":1,"sw":1},"geometry":{"type":"LineString","coordinates":[[19.763357,41.338725],[19.763335,41.338741]]}},{"type":"Feature","properties":{"line":"3C","mode":"bus","color":"#6b5806","oi":-0.962,"n":1,"sw":1},"geometry":{"type":"LineString","coordinates":[[19.76334,41.338737],[19.763318,41.338753]]}},{"type":"Feature","properties":{"line":"3C","mode":"bus","color":"#6b5806","oi":-0.918,"n":1,"sw":1},"geometry":{"type":"LineString","coordinates":[[19.763323,41.33875],[19.763301,41.338766]]}},{"type":"Feature","properties":{"line":"3C","mode":"bus","color":"#6b5806","oi":-0.86,"n":1,"sw":1},"geometry":{"type":"LineString","coordinates":[[19.763306,41.338762],[19.763284,41.338779]]}},{"type":"Feature","properties":{"line":"3C","mode":"bus","color":"#6b5806","oi":-0.791,"n":1,"sw":1},"geometry":{"type":"LineString","coordinates":[[19.763289,41.338775],[19.763266,41.338791]]}},{"type":"Feature","properties":{"line":"3C","mode":"bus","color":"#6b5806","oi":-0.714,"n":1,"sw":1},"geometry":{"type":"LineString","coordinates":[[19.763272,41.338787],[19.763249,41.338804]]}},{"type":"Feature","properties":{"line":"3C","mode":"bus","color":"#6b5806","oi":-0.631,"n":1,"sw":1},"geometry":{"type":"LineString","coordinates":[[19.763254,41.3388],[19.763232,41.338816]]}},{"type":"Feature","properties":{"line":"3C","mode":"bus","color":"#6b5806","oi":-0.544,"n":1,"sw":1},"geometry":{"type":"LineString","coordinates":[[19.763237,41.338812],[19.763215,41.338829]]}},{"type":"Feature","properties":{"line":"3C","mode":"bus","color":"#6b5806","oi":-0.456,"n":1,"sw":1},"geometry":{"type":"LineString","coordinates":[[19.76322,41.338825],[19.763198,41.338841]]}},{"type":"Feature","properties":{"line":"3C","mode":"bus","color":"#6b5806","oi":-0.369,"n":1,"sw":1},"geometry":{"type":"LineString","coordinates":[[19.763203,41.338837],[19.76318,41.338854]]}},{"type":"Feature","properties":{"line":"3C","mode":"bus","color":"#6b5806","oi":-0.286,"n":1,"sw":1},"geometry":{"type":"LineString","coordinates":[[19.763186,41.33885],[19.763163,41.338866]]}},{"type":"Feature","properties":{"line":"3C","mode":"bus","color":"#6b5806","oi":-0.209,"n":1,"sw":1},"geometry":{"type":"LineString","coordinates":[[19.763168,41.338862],[19.763146,41.338879]]}},{"type":"Feature","properties":{"line":"3C","mode":"bus","color":"#6b5806","oi":-0.14,"n":1,"sw":1},"geometry":{"type":"LineString","coordinates":[[19.763151,41.338875],[19.763129,41.338891]]}},{"type":"Feature","properties":{"line":"3C","mode":"bus","color":"#6b5806","oi":-0.082,"n":1,"sw":1},"geometry":{"type":"LineString","coordinates":[[19.763134,41.338887],[19.763112,41.338904]]}},{"type":"Feature","properties":{"line":"3C","mode":"bus","color":"#6b5806","oi":-0.038,"n":1,"sw":1},"geometry":{"type":"LineString","coordinates":[[19.763117,41.3389],[19.763095,41.338916]]}},{"type":"Feature","properties":{"line":"3C","mode":"bus","color":"#6b5806","oi":-0.01,"n":1,"sw":1},"geometry":{"type":"LineString","coordinates":[[19.7631,41.338913],[19.763077,41.338929]]}},{"type":"Feature","properties":{"line":"3C","mode":"bus","color":"#6b5806","oi":0,"n":1,"sw":1},"geometry":{"type":"LineString","coordinates":[[19.763083,41.338925],[19.76306,41.338941]]}},{"type":"Feature","properties":{"line":"3B","mode":"bus","color":"#05617d","oi":0,"n":2,"sw":1},"geometry":{"type":"LineString","coordinates":[[19.774097,41.325103],[19.774075,41.325132]]}},{"type":"Feature","properties":{"line":"3B","mode":"bus","color":"#05617d","oi":0.017,"n":2,"sw":1},"geometry":{"type":"LineString","coordinates":[[19.774078,41.325127],[19.774055,41.325159]]}},{"type":"Feature","properties":{"line":"3B","mode":"bus","color":"#05617d","oi":0.063,"n":2,"sw":1},"geometry":{"type":"LineString","coordinates":[[19.774058,41.325154],[19.774034,41.325186]]}},{"type":"Feature","properties":{"line":"3B","mode":"bus","color":"#05617d","oi":0.13,"n":2,"sw":1},"geometry":{"type":"LineString","coordinates":[[19.774038,41.325181],[19.774014,41.325212]]}},{"type":"Feature","properties":{"line":"3B","mode":"bus","color":"#05617d","oi":0.209,"n":2,"sw":1},"geometry":{"type":"LineString","coordinates":[[19.774017,41.325208],[19.773994,41.325239]]}},{"type":"Feature","properties":{"line":"3B","mode":"bus","color":"#05617d","oi":0.291,"n":2,"sw":1},"geometry":{"type":"LineString","coordinates":[[19.773997,41.325234],[19.77398,41.325257],[19.77397,41.325264]]}},{"type":"Feature","properties":{"line":"3B","mode":"bus","color":"#05617d","oi":0.37,"n":2,"sw":1},"geometry":{"type":"LineString","coordinates":[[19.773975,41.32526],[19.773939,41.325284]]}},{"type":"Feature","properties":{"line":"3B","mode":"bus","color":"#05617d","oi":0.437,"n":2,"sw":1},"geometry":{"type":"LineString","coordinates":[[19.773944,41.32528],[19.773908,41.325304]]}},{"type":"Feature","properties":{"line":"3B","mode":"bus","color":"#05617d","oi":0.483,"n":2,"sw":1},"geometry":{"type":"LineString","coordinates":[[19.773913,41.3253],[19.773889,41.325316],[19.773883,41.325327]]}},{"type":"Feature","properties":{"line":"3B","mode":"bus","color":"#05617d","oi":0.5,"n":2,"sw":1},"geometry":{"type":"LineString","coordinates":[[19.773886,41.325322],[19.773867,41.325356]]}},{"type":"Feature","properties":{"line":"3B","mode":"bus","color":"#05617d","oi":0.5,"n":2,"sw":1},"geometry":{"type":"LineString","coordinates":[[19.77387,41.325351],[19.773866,41.325358],[19.773873,41.325386]]}},{"type":"Feature","properties":{"line":"3B","mode":"bus","color":"#05617d","oi":0.483,"n":2,"sw":1},"geometry":{"type":"LineString","coordinates":[[19.773872,41.325381],[19.77388,41.325416]]}},{"type":"Feature","properties":{"line":"3B","mode":"bus","color":"#05617d","oi":0.437,"n":2,"sw":1},"geometry":{"type":"LineString","coordinates":[[19.773879,41.325411],[19.773888,41.325447]]}},{"type":"Feature","properties":{"line":"3B","mode":"bus","color":"#05617d","oi":0.37,"n":2,"sw":1},"geometry":{"type":"LineString","coordinates":[[19.773886,41.325441],[19.773895,41.325477]]}},{"type":"Feature","properties":{"line":"3B","mode":"bus","color":"#05617d","oi":0.291,"n":2,"sw":1},"geometry":{"type":"LineString","coordinates":[[19.773894,41.325472],[19.773903,41.325507]]}},{"type":"Feature","properties":{"line":"3B","mode":"bus","color":"#05617d","oi":0.209,"n":2,"sw":1},"geometry":{"type":"LineString","coordinates":[[19.773901,41.325502],[19.77391,41.325537]]}},{"type":"Feature","properties":{"line":"3B","mode":"bus","color":"#05617d","oi":0.13,"n":2,"sw":1},"geometry":{"type":"LineString","coordinates":[[19.773909,41.325532],[19.773917,41.325568]]}},{"type":"Feature","properties":{"line":"3B","mode":"bus","color":"#05617d","oi":0.063,"n":2,"sw":1},"geometry":{"type":"LineString","coordinates":[[19.773916,41.325562],[19.773925,41.325598]]}},{"type":"Feature","properties":{"line":"3B","mode":"bus","color":"#05617d","oi":0.017,"n":2,"sw":1},"geometry":{"type":"LineString","coordinates":[[19.773924,41.325593],[19.773932,41.325628]]}},{"type":"Feature","properties":{"line":"3B","mode":"bus","color":"#05617d","oi":0,"n":2,"sw":1},"geometry":{"type":"LineString","coordinates":[[19.773931,41.325623],[19.773939,41.325656]]}},{"type":"Feature","properties":{"line":"3B","mode":"bus","color":"#05617d","oi":0.5,"n":2},"geometry":{"type":"LineString","coordinates":[[19.768145,41.334924],[19.76806,41.334856]]}},{"type":"Feature","properties":{"line":"3B","mode":"bus","color":"#05617d","oi":0,"n":2,"sw":1},"geometry":{"type":"LineString","coordinates":[[19.784043,41.319804],[19.784029,41.319808]]}},{"type":"Feature","properties":{"line":"3B","mode":"bus","color":"#05617d","oi":0.13,"n":2,"sw":1},"geometry":{"type":"LineString","coordinates":[[19.784036,41.319806],[19.784019,41.319812]]}},{"type":"Feature","properties":{"line":"3B","mode":"bus","color":"#05617d","oi":0.37,"n":2,"sw":1},"geometry":{"type":"LineString","coordinates":[[19.784026,41.31981],[19.784009,41.319815]]}},{"type":"Feature","properties":{"line":"3B","mode":"bus","color":"#05617d","oi":0.5,"n":2,"sw":1},"geometry":{"type":"LineString","coordinates":[[19.784015,41.319813],[19.783998,41.319819]]}},{"type":"Feature","properties":{"line":"3B","mode":"bus","color":"#05617d","oi":0.5,"n":2,"sw":1},"geometry":{"type":"LineString","coordinates":[[19.784005,41.319816],[19.783988,41.319822]]}},{"type":"Feature","properties":{"line":"3B","mode":"bus","color":"#05617d","oi":0.37,"n":2,"sw":1},"geometry":{"type":"LineString","coordinates":[[19.783994,41.31982],[19.783977,41.319825]]}},{"type":"Feature","properties":{"line":"3B","mode":"bus","color":"#05617d","oi":0.13,"n":2,"sw":1},"geometry":{"type":"LineString","coordinates":[[19.783984,41.319823],[19.783967,41.319829]]}},{"type":"Feature","properties":{"line":"3B","mode":"bus","color":"#05617d","oi":0,"n":2,"sw":1},"geometry":{"type":"LineString","coordinates":[[19.783974,41.319827],[19.78396,41.319831]]}},{"type":"Feature","properties":{"line":"3B","mode":"bus","color":"#05617d","oi":1,"n":3},"geometry":{"type":"LineString","coordinates":[[19.80425,41.333307],[19.804733,41.333442],[19.804831,41.333488]]}},{"type":"Feature","properties":{"line":"3B","mode":"bus","color":"#05617d","oi":1,"n":3,"sw":1},"geometry":{"type":"LineString","coordinates":[[19.804828,41.333486],[19.804854,41.333499]]}},{"type":"Feature","properties":{"line":"3B","mode":"bus","color":"#05617d","oi":0.99,"n":3,"sw":1},"geometry":{"type":"LineString","coordinates":[[19.804848,41.333496],[19.804875,41.333508]]}},{"type":"Feature","properties":{"line":"3B","mode":"bus","color":"#05617d","oi":0.962,"n":3,"sw":1},"geometry":{"type":"LineString","coordinates":[[19.804868,41.333505],[19.804895,41.333518]]}},{"type":"Feature","properties":{"line":"3B","mode":"bus","color":"#05617d","oi":0.918,"n":3,"sw":1},"geometry":{"type":"LineString","coordinates":[[19.804889,41.333515],[19.804915,41.333527]]}},{"type":"Feature","properties":{"line":"3B","mode":"bus","color":"#05617d","oi":0.86,"n":3,"sw":1},"geometry":{"type":"LineString","coordinates":[[19.804909,41.333524],[19.804936,41.333536]]}},{"type":"Feature","properties":{"line":"3B","mode":"bus","color":"#05617d","oi":0.791,"n":3,"sw":1},"geometry":{"type":"LineString","coordinates":[[19.804929,41.333534],[19.804956,41.333546]]}},{"type":"Feature","properties":{"line":"3B","mode":"bus","color":"#05617d","oi":0.714,"n":3,"sw":1},"geometry":{"type":"LineString","coordinates":[[19.80495,41.333543],[19.804976,41.333555]]}},{"type":"Feature","properties":{"line":"3B","mode":"bus","color":"#05617d","oi":0.631,"n":3,"sw":1},"geometry":{"type":"LineString","coordinates":[[19.80497,41.333553],[19.804986,41.33356],[19.804996,41.333566]]}},{"type":"Feature","properties":{"line":"3B","mode":"bus","color":"#05617d","oi":0.544,"n":3,"sw":1},"geometry":{"type":"LineString","coordinates":[[19.80499,41.333563],[19.805014,41.333578]]}},{"type":"Feature","properties":{"line":"3B","mode":"bus","color":"#05617d","oi":0.456,"n":3,"sw":1},"geometry":{"type":"LineString","coordinates":[[19.805008,41.333574],[19.805032,41.333589]]}},{"type":"Feature","properties":{"line":"3B","mode":"bus","color":"#05617d","oi":0.369,"n":3,"sw":1},"geometry":{"type":"LineString","coordinates":[[19.805027,41.333586],[19.80505,41.333601]]}},{"type":"Feature","properties":{"line":"3B","mode":"bus","color":"#05617d","oi":0.286,"n":3,"sw":1},"geometry":{"type":"LineString","coordinates":[[19.805045,41.333597],[19.805069,41.333612]]}},{"type":"Feature","properties":{"line":"3B","mode":"bus","color":"#05617d","oi":0.209,"n":3,"sw":1},"geometry":{"type":"LineString","coordinates":[[19.805063,41.333609],[19.805087,41.333624]]}},{"type":"Feature","properties":{"line":"3B","mode":"bus","color":"#05617d","oi":0.14,"n":3,"sw":1},"geometry":{"type":"LineString","coordinates":[[19.805082,41.33362],[19.805105,41.333635]]}},{"type":"Feature","properties":{"line":"3B","mode":"bus","color":"#05617d","oi":0.082,"n":3,"sw":1},"geometry":{"type":"LineString","coordinates":[[19.8051,41.333632],[19.805124,41.333647]]}},{"type":"Feature","properties":{"line":"3B","mode":"bus","color":"#05617d","oi":0.038,"n":3,"sw":1},"geometry":{"type":"LineString","coordinates":[[19.805118,41.333644],[19.805142,41.333659]]}},{"type":"Feature","properties":{"line":"3B","mode":"bus","color":"#05617d","oi":0.01,"n":3,"sw":1},"geometry":{"type":"LineString","coordinates":[[19.805137,41.333655],[19.80516,41.33367]]}},{"type":"Feature","properties":{"line":"3B","mode":"bus","color":"#05617d","oi":0,"n":3,"sw":1},"geometry":{"type":"LineString","coordinates":[[19.805155,41.333667],[19.805176,41.33368]]}},{"type":"Feature","properties":{"line":"3B","mode":"bus","color":"#05617d","oi":0,"n":1},"geometry":{"type":"LineString","coordinates":[[19.773192,41.335845],[19.773673,41.335526],[19.779994,41.331275],[19.78299,41.329349],[19.783099,41.329325],[19.783263,41.32933],[19.783367,41.329272],[19.783407,41.32926],[19.78345,41.329264],[19.78433,41.329523],[19.784402,41.329557],[19.784545,41.329723]]}},{"type":"Feature","properties":{"line":"3B","mode":"bus","color":"#05617d","oi":0.5,"n":1,"sw":1},"geometry":{"type":"LineString","coordinates":[[19.772849,41.336038],[19.77289,41.336021]]}},{"type":"Feature","properties":{"line":"3B","mode":"bus","color":"#05617d","oi":0.483,"n":1,"sw":1},"geometry":{"type":"LineString","coordinates":[[19.772883,41.336024],[19.772927,41.336005]]}},{"type":"Feature","properties":{"line":"3B","mode":"bus","color":"#05617d","oi":0.437,"n":1,"sw":1},"geometry":{"type":"LineString","coordinates":[[19.772921,41.336008],[19.772965,41.335989]]}},{"type":"Feature","properties":{"line":"3B","mode":"bus","color":"#05617d","oi":0.37,"n":1,"sw":1},"geometry":{"type":"LineString","coordinates":[[19.772959,41.335992],[19.77299,41.335979],[19.773001,41.335972]]}},{"type":"Feature","properties":{"line":"3B","mode":"bus","color":"#05617d","oi":0.291,"n":1,"sw":1},"geometry":{"type":"LineString","coordinates":[[19.772995,41.335975],[19.773033,41.33595]]}},{"type":"Feature","properties":{"line":"3B","mode":"bus","color":"#05617d","oi":0.209,"n":1,"sw":1},"geometry":{"type":"LineString","coordinates":[[19.773028,41.335954],[19.773065,41.335929]]}},{"type":"Feature","properties":{"line":"3B","mode":"bus","color":"#05617d","oi":0.13,"n":1,"sw":1},"geometry":{"type":"LineString","coordinates":[[19.77306,41.335933],[19.773098,41.335908]]}},{"type":"Feature","properties":{"line":"3B","mode":"bus","color":"#05617d","oi":0.063,"n":1,"sw":1},"geometry":{"type":"LineString","coordinates":[[19.773092,41.335911],[19.77313,41.335886]]}},{"type":"Feature","properties":{"line":"3B","mode":"bus","color":"#05617d","oi":0.017,"n":1,"sw":1},"geometry":{"type":"LineString","coordinates":[[19.773125,41.33589],[19.773162,41.335865]]}},{"type":"Feature","properties":{"line":"3B","mode":"bus","color":"#05617d","oi":0,"n":1,"sw":1},"geometry":{"type":"LineString","coordinates":[[19.773157,41.335868],[19.773195,41.335843]]}},{"type":"Feature","properties":{"line":"3B","mode":"bus","color":"#05617d","oi":0,"n":1,"sw":1},"geometry":{"type":"LineString","coordinates":[[19.784543,41.329721],[19.784559,41.329739],[19.784565,41.329754]]}},{"type":"Feature","properties":{"line":"3B","mode":"bus","color":"#05617d","oi":0.017,"n":1,"sw":1},"geometry":{"type":"LineString","coordinates":[[19.784563,41.329749],[19.784578,41.329785]]}},{"type":"Feature","properties":{"line":"3B","mode":"bus","color":"#05617d","oi":0.063,"n":1,"sw":1},"geometry":{"type":"LineString","coordinates":[[19.784576,41.32978],[19.784591,41.329816]]}},{"type":"Feature","properties":{"line":"3B","mode":"bus","color":"#05617d","oi":0.13,"n":1,"sw":1},"geometry":{"type":"LineString","coordinates":[[19.784589,41.329811],[19.784604,41.329847]]}},{"type":"Feature","properties":{"line":"3B","mode":"bus","color":"#05617d","oi":0.209,"n":1,"sw":1},"geometry":{"type":"LineString","coordinates":[[19.784602,41.329842],[19.784617,41.329878]]}},{"type":"Feature","properties":{"line":"3B","mode":"bus","color":"#05617d","oi":0.291,"n":1,"sw":1},"geometry":{"type":"LineString","coordinates":[[19.784615,41.329872],[19.78463,41.329908]]}},{"type":"Feature","properties":{"line":"3B","mode":"bus","color":"#05617d","oi":0.37,"n":1,"sw":1},"geometry":{"type":"LineString","coordinates":[[19.784628,41.329903],[19.784641,41.329934],[19.784641,41.32994]]}},{"type":"Feature","properties":{"line":"3B","mode":"bus","color":"#05617d","oi":0.437,"n":1,"sw":1},"geometry":{"type":"LineString","coordinates":[[19.784641,41.329934],[19.784643,41.329972]]}},{"type":"Feature","properties":{"line":"3B","mode":"bus","color":"#05617d","oi":0.483,"n":1,"sw":1},"geometry":{"type":"LineString","coordinates":[[19.784643,41.329967],[19.784645,41.330004]]}},{"type":"Feature","properties":{"line":"3B","mode":"bus","color":"#05617d","oi":0.5,"n":1,"sw":1},"geometry":{"type":"LineString","coordinates":[[19.784645,41.329999],[19.784647,41.330034]]}},{"type":"Feature","properties":{"line":"3B","mode":"bus","color":"#05617d","oi":0,"n":1},"geometry":{"type":"LineString","coordinates":[[19.786077,41.339378],[19.786163,41.33947]]}},{"type":"Feature","properties":{"line":"3B","mode":"bus","color":"#05617d","oi":0.5,"n":1,"sw":1},"geometry":{"type":"LineString","coordinates":[[19.785992,41.339285],[19.786003,41.339296]]}},{"type":"Feature","properties":{"line":"3B","mode":"bus","color":"#05617d","oi":0.483,"n":1,"sw":1},"geometry":{"type":"LineString","coordinates":[[19.785999,41.339292],[19.786011,41.339306]]}},{"type":"Feature","properties":{"line":"3B","mode":"bus","color":"#05617d","oi":0.437,"n":1,"sw":1},"geometry":{"type":"LineString","coordinates":[[19.786007,41.339301],[19.78602,41.339315]]}},{"type":"Feature","properties":{"line":"3B","mode":"bus","color":"#05617d","oi":0.37,"n":1,"sw":1},"geometry":{"type":"LineString","coordinates":[[19.786016,41.339311],[19.786028,41.339324]]}},{"type":"Feature","properties":{"line":"3B","mode":"bus","color":"#05617d","oi":0.291,"n":1,"sw":1},"geometry":{"type":"LineString","coordinates":[[19.786024,41.33932],[19.786037,41.339333]]}},{"type":"Feature","properties":{"line":"3B","mode":"bus","color":"#05617d","oi":0.209,"n":1,"sw":1},"geometry":{"type":"LineString","coordinates":[[19.786033,41.339329],[19.786045,41.339343]]}},{"type":"Feature","properties":{"line":"3B","mode":"bus","color":"#05617d","oi":0.13,"n":1,"sw":1},"geometry":{"type":"LineString","coordinates":[[19.786041,41.339338],[19.786054,41.339352]]}},{"type":"Feature","properties":{"line":"3B","mode":"bus","color":"#05617d","oi":0.063,"n":1,"sw":1},"geometry":{"type":"LineString","coordinates":[[19.78605,41.339348],[19.786062,41.339361]]}},{"type":"Feature","properties":{"line":"3B","mode":"bus","color":"#05617d","oi":0.017,"n":1,"sw":1},"geometry":{"type":"LineString","coordinates":[[19.786058,41.339357],[19.786071,41.33937]]}},{"type":"Feature","properties":{"line":"3B","mode":"bus","color":"#05617d","oi":0,"n":1,"sw":1},"geometry":{"type":"LineString","coordinates":[[19.786067,41.339366],[19.78608,41.33938]]}},{"type":"Feature","properties":{"line":"3B","mode":"bus","color":"#05617d","oi":0,"n":1},"geometry":{"type":"LineString","coordinates":[[19.771792,41.336799],[19.771116,41.337258]]}},{"type":"Feature","properties":{"line":"3B","mode":"bus","color":"#05617d","oi":-0.5,"n":1,"sw":1},"geometry":{"type":"LineString","coordinates":[[19.772085,41.336563],[19.772056,41.33659]]}},{"type":"Feature","properties":{"line":"3B","mode":"bus","color":"#05617d","oi":-0.483,"n":1,"sw":1},"geometry":{"type":"LineString","coordinates":[[19.77206,41.336586],[19.772029,41.336615]]}},{"type":"Feature","properties":{"line":"3B","mode":"bus","color":"#05617d","oi":-0.437,"n":1,"sw":1},"geometry":{"type":"LineString","coordinates":[[19.772033,41.336611],[19.772002,41.336641]]}},{"type":"Feature","properties":{"line":"3B","mode":"bus","color":"#05617d","oi":-0.37,"n":1,"sw":1},"geometry":{"type":"LineString","coordinates":[[19.772006,41.336636],[19.771974,41.336666]]}},{"type":"Feature","properties":{"line":"3B","mode":"bus","color":"#05617d","oi":-0.291,"n":1,"sw":1},"geometry":{"type":"LineString","coordinates":[[19.771979,41.336662],[19.771947,41.336691]]}},{"type":"Feature","properties":{"line":"3B","mode":"bus","color":"#05617d","oi":-0.209,"n":1,"sw":1},"geometry":{"type":"LineString","coordinates":[[19.771952,41.336687],[19.77194,41.336698],[19.771917,41.336714]]}},{"type":"Feature","properties":{"line":"3B","mode":"bus","color":"#05617d","oi":-0.13,"n":1,"sw":1},"geometry":{"type":"LineString","coordinates":[[19.771922,41.33671],[19.771885,41.336735]]}},{"type":"Feature","properties":{"line":"3B","mode":"bus","color":"#05617d","oi":-0.063,"n":1,"sw":1},"geometry":{"type":"LineString","coordinates":[[19.77189,41.336732],[19.771853,41.336757]]}},{"type":"Feature","properties":{"line":"3B","mode":"bus","color":"#05617d","oi":-0.017,"n":1,"sw":1},"geometry":{"type":"LineString","coordinates":[[19.771858,41.336754],[19.771821,41.336779]]}},{"type":"Feature","properties":{"line":"3B","mode":"bus","color":"#05617d","oi":0,"n":1,"sw":1},"geometry":{"type":"LineString","coordinates":[[19.771826,41.336775],[19.771789,41.336801]]}},{"type":"Feature","properties":{"line":"3B","mode":"bus","color":"#05617d","oi":0,"n":1,"sw":1},"geometry":{"type":"LineString","coordinates":[[19.771118,41.337256],[19.771081,41.337281]]}},{"type":"Feature","properties":{"line":"3B","mode":"bus","color":"#05617d","oi":0.017,"n":1,"sw":1},"geometry":{"type":"LineString","coordinates":[[19.771086,41.337278],[19.771049,41.337303]]}},{"type":"Feature","properties":{"line":"3B","mode":"bus","color":"#05617d","oi":0.063,"n":1,"sw":1},"geometry":{"type":"LineString","coordinates":[[19.771054,41.337299],[19.771017,41.337325]]}},{"type":"Feature","properties":{"line":"3B","mode":"bus","color":"#05617d","oi":0.13,"n":1,"sw":1},"geometry":{"type":"LineString","coordinates":[[19.771022,41.337321],[19.771012,41.337328],[19.770983,41.337344]]}},{"type":"Feature","properties":{"line":"3B","mode":"bus","color":"#05617d","oi":0.209,"n":1,"sw":1},"geometry":{"type":"LineString","coordinates":[[19.770988,41.337341],[19.770947,41.337363]]}},{"type":"Feature","properties":{"line":"3B","mode":"bus","color":"#05617d","oi":0.291,"n":1,"sw":1},"geometry":{"type":"LineString","coordinates":[[19.770953,41.337359],[19.770912,41.337381]]}},{"type":"Feature","properties":{"line":"3B","mode":"bus","color":"#05617d","oi":0.37,"n":1,"sw":1},"geometry":{"type":"LineString","coordinates":[[19.770918,41.337378],[19.770877,41.3374]]}},{"type":"Feature","properties":{"line":"3B","mode":"bus","color":"#05617d","oi":0.437,"n":1,"sw":1},"geometry":{"type":"LineString","coordinates":[[19.770883,41.337397],[19.770842,41.337419]]}},{"type":"Feature","properties":{"line":"3B","mode":"bus","color":"#05617d","oi":0.483,"n":1,"sw":1},"geometry":{"type":"LineString","coordinates":[[19.770848,41.337416],[19.770807,41.337438]]}},{"type":"Feature","properties":{"line":"3B","mode":"bus","color":"#05617d","oi":0.5,"n":1,"sw":1},"geometry":{"type":"LineString","coordinates":[[19.770813,41.337435],[19.770775,41.337455]]}},{"type":"Feature","properties":{"line":"3B","mode":"bus","color":"#05617d","oi":-0.5,"n":2},"geometry":{"type":"LineString","coordinates":[[19.76365,41.338961],[19.764355,41.339589],[19.765697,41.340877],[19.765713,41.340888],[19.765729,41.340892],[19.765745,41.34089],[19.765763,41.340881],[19.767623,41.33964],[19.768299,41.339143],[19.770775,41.337455]]}},{"type":"Feature","properties":{"line":"3B","mode":"bus","color":"#05617d","oi":0,"n":2,"sw":1},"geometry":{"type":"LineString","coordinates":[[19.763372,41.338714],[19.763402,41.338741]]}},{"type":"Feature","properties":{"line":"3B","mode":"bus","color":"#05617d","oi":-0.017,"n":2,"sw":1},"geometry":{"type":"LineString","coordinates":[[19.763397,41.338737],[19.76343,41.338766]]}},{"type":"Feature","properties":{"line":"3B","mode":"bus","color":"#05617d","oi":-0.063,"n":2,"sw":1},"geometry":{"type":"LineString","coordinates":[[19.763425,41.338761],[19.763458,41.33879]]}},{"type":"Feature","properties":{"line":"3B","mode":"bus","color":"#05617d","oi":-0.13,"n":2,"sw":1},"geometry":{"type":"LineString","coordinates":[[19.763453,41.338786],[19.763486,41.338815]]}},{"type":"Feature","properties":{"line":"3B","mode":"bus","color":"#05617d","oi":-0.209,"n":2,"sw":1},"geometry":{"type":"LineString","coordinates":[[19.763481,41.338811],[19.763513,41.33884]]}},{"type":"Feature","properties":{"line":"3B","mode":"bus","color":"#05617d","oi":-0.291,"n":2,"sw":1},"geometry":{"type":"LineString","coordinates":[[19.763509,41.338836],[19.763541,41.338865]]}},{"type":"Feature","properties":{"line":"3B","mode":"bus","color":"#05617d","oi":-0.37,"n":2,"sw":1},"geometry":{"type":"LineString","coordinates":[[19.763536,41.33886],[19.763569,41.338889]]}},{"type":"Feature","properties":{"line":"3B","mode":"bus","color":"#05617d","oi":-0.437,"n":2,"sw":1},"geometry":{"type":"LineString","coordinates":[[19.763564,41.338885],[19.763597,41.338914]]}},{"type":"Feature","properties":{"line":"3B","mode":"bus","color":"#05617d","oi":-0.483,"n":2,"sw":1},"geometry":{"type":"LineString","coordinates":[[19.763592,41.33891],[19.763624,41.338939]]}},{"type":"Feature","properties":{"line":"3B","mode":"bus","color":"#05617d","oi":-0.5,"n":2,"sw":1},"geometry":{"type":"LineString","coordinates":[[19.76362,41.338935],[19.763652,41.338963]]}},{"type":"Feature","properties":{"line":"3B","mode":"bus","color":"#05617d","oi":-0.5,"n":2},"geometry":{"type":"LineString","coordinates":[[19.772849,41.336038],[19.772085,41.336563]]}},{"type":"Feature","properties":{"line":"3B","mode":"bus","color":"#05617d","oi":0,"n":3},"geometry":{"type":"LineString","coordinates":[[19.78396,41.319831],[19.783817,41.319912],[19.783706,41.320029],[19.783544,41.320226],[19.783424,41.320482],[19.783414,41.320681],[19.783608,41.321079],[19.783605,41.321172],[19.783539,41.321369],[19.782709,41.322591],[19.782576,41.322701],[19.781845,41.322983],[19.781386,41.323094],[19.780203,41.323257],[19.776439,41.323835],[19.774272,41.324812],[19.774158,41.324959],[19.774097,41.325103]]}},{"type":"Feature","properties":{"line":"3B","mode":"bus","color":"#05617d","oi":0,"n":3},"geometry":{"type":"LineString","coordinates":[[19.773939,41.325656],[19.773792,41.326167],[19.773783,41.326282],[19.774029,41.328371],[19.773988,41.328667],[19.77391,41.328849],[19.773272,41.329933],[19.772702,41.330776],[19.771169,41.33213],[19.771078,41.332264],[19.770905,41.332765],[19.770775,41.333009],[19.770401,41.333432],[19.769893,41.33395],[19.7697,41.334043],[19.768942,41.334254],[19.768767,41.334316],[19.768653,41.334387],[19.768037,41.335036],[19.765757,41.336859],[19.763905,41.338264],[19.763372,41.338714]]}},{"type":"Feature","properties":{"line":"3B","mode":"bus","color":"#05617d","oi":0,"n":4,"sw":1},"geometry":{"type":"LineString","coordinates":[[19.815631,41.329116],[19.815648,41.329115]]}},{"type":"Feature","properties":{"line":"3B","mode":"bus","color":"#05617d","oi":0.007,"n":4,"sw":1},"geometry":{"type":"LineString","coordinates":[[19.815641,41.329116],[19.815662,41.329115]]}},{"type":"Feature","properties":{"line":"3B","mode":"bus","color":"#05617d","oi":0.027,"n":4,"sw":1},"geometry":{"type":"LineString","coordinates":[[19.815654,41.329115],[19.815675,41.329114]]}},{"type":"Feature","properties":{"line":"3B","mode":"bus","color":"#05617d","oi":0.06,"n":4,"sw":1},"geometry":{"type":"LineString","coordinates":[[19.815668,41.329114],[19.815689,41.329114]]}},{"type":"Feature","properties":{"line":"3B","mode":"bus","color":"#05617d","oi":0.103,"n":4,"sw":1},"geometry":{"type":"LineString","coordinates":[[19.815682,41.329114],[19.815702,41.329113]]}},{"type":"Feature","properties":{"line":"3B","mode":"bus","color":"#05617d","oi":0.156,"n":4,"sw":1},"geometry":{"type":"LineString","coordinates":[[19.815695,41.329113],[19.815716,41.329113]]}},{"type":"Feature","properties":{"line":"3B","mode":"bus","color":"#05617d","oi":0.218,"n":4,"sw":1},"geometry":{"type":"LineString","coordinates":[[19.815709,41.329113],[19.815729,41.329112]]}},{"type":"Feature","properties":{"line":"3B","mode":"bus","color":"#05617d","oi":0.287,"n":4,"sw":1},"geometry":{"type":"LineString","coordinates":[[19.815722,41.329112],[19.815743,41.329111]]}},{"type":"Feature","properties":{"line":"3B","mode":"bus","color":"#05617d","oi":0.362,"n":4,"sw":1},"geometry":{"type":"LineString","coordinates":[[19.815736,41.329112],[19.815756,41.329111]]}},{"type":"Feature","properties":{"line":"3B","mode":"bus","color":"#05617d","oi":0.443,"n":4,"sw":1},"geometry":{"type":"LineString","coordinates":[[19.815749,41.329111],[19.81577,41.32911]]}},{"type":"Feature","properties":{"line":"3B","mode":"bus","color":"#05617d","oi":0.528,"n":4,"sw":1},"geometry":{"type":"LineString","coordinates":[[19.815763,41.329111],[19.815783,41.32911]]}},{"type":"Feature","properties":{"line":"3B","mode":"bus","color":"#05617d","oi":0.616,"n":4,"sw":1},"geometry":{"type":"LineString","coordinates":[[19.815776,41.32911],[19.815797,41.329109]]}},{"type":"Feature","properties":{"line":"3B","mode":"bus","color":"#05617d","oi":0.705,"n":4,"sw":1},"geometry":{"type":"LineString","coordinates":[[19.81579,41.32911],[19.815803,41.329109],[19.81581,41.329111]]}},{"type":"Feature","properties":{"line":"3B","mode":"bus","color":"#05617d","oi":0.795,"n":4,"sw":1},"geometry":{"type":"LineString","coordinates":[[19.815803,41.329109],[19.815822,41.329115]]}},{"type":"Feature","properties":{"line":"3B","mode":"bus","color":"#05617d","oi":0.884,"n":4,"sw":1},"geometry":{"type":"LineString","coordinates":[[19.815816,41.329113],[19.815835,41.329119]]}},{"type":"Feature","properties":{"line":"3B","mode":"bus","color":"#05617d","oi":0.972,"n":4,"sw":1},"geometry":{"type":"LineString","coordinates":[[19.815828,41.329117],[19.815847,41.329123]]}},{"type":"Feature","properties":{"line":"3B","mode":"bus","color":"#05617d","oi":1.057,"n":4,"sw":1},"geometry":{"type":"LineString","coordinates":[[19.815841,41.329121],[19.81586,41.329127]]}},{"type":"Feature","properties":{"line":"3B","mode":"bus","color":"#05617d","oi":1.138,"n":4,"sw":1},"geometry":{"type":"LineString","coordinates":[[19.815853,41.329125],[19.815872,41.32913]]}},{"type":"Feature","properties":{"line":"3B","mode":"bus","color":"#05617d","oi":1.213,"n":4,"sw":1},"geometry":{"type":"LineString","coordinates":[[19.815866,41.329128],[19.815884,41.329134],[19.815885,41.329135]]}},{"type":"Feature","properties":{"line":"3B","mode":"bus","color":"#05617d","oi":1.282,"n":4,"sw":1},"geometry":{"type":"LineString","coordinates":[[19.815878,41.329132],[19.815884,41.329134],[19.815894,41.329142]]}},{"type":"Feature","properties":{"line":"3B","mode":"bus","color":"#05617d","oi":1.344,"n":4,"sw":1},"geometry":{"type":"LineString","coordinates":[[19.815889,41.329138],[19.815903,41.32915]]}},{"type":"Feature","properties":{"line":"3B","mode":"bus","color":"#05617d","oi":1.397,"n":4,"sw":1},"geometry":{"type":"LineString","coordinates":[[19.815898,41.329146],[19.815912,41.329157]]}},{"type":"Feature","properties":{"line":"3B","mode":"bus","color":"#05617d","oi":1.44,"n":4,"sw":1},"geometry":{"type":"LineString","coordinates":[[19.815907,41.329153],[19.815921,41.329165]]}},{"type":"Feature","properties":{"line":"3B","mode":"bus","color":"#05617d","oi":1.473,"n":4,"sw":1},"geometry":{"type":"LineString","coordinates":[[19.815916,41.329161],[19.81593,41.329172]]}},{"type":"Feature","properties":{"line":"3B","mode":"bus","color":"#05617d","oi":1.493,"n":4,"sw":1},"geometry":{"type":"LineString","coordinates":[[19.815925,41.329168],[19.815939,41.32918]]}},{"type":"Feature","properties":{"line":"3B","mode":"bus","color":"#05617d","oi":1.5,"n":4,"sw":1},"geometry":{"type":"LineString","coordinates":[[19.815934,41.329176],[19.815948,41.329187]]}},{"type":"Feature","properties":{"line":"3B","mode":"bus","color":"#05617d","oi":1.5,"n":4,"sw":1},"geometry":{"type":"LineString","coordinates":[[19.815943,41.329183],[19.815957,41.329195]]}},{"type":"Feature","properties":{"line":"3B","mode":"bus","color":"#05617d","oi":1.493,"n":4,"sw":1},"geometry":{"type":"LineString","coordinates":[[19.815953,41.329191],[19.815966,41.329203]]}},{"type":"Feature","properties":{"line":"3B","mode":"bus","color":"#05617d","oi":1.473,"n":4,"sw":1},"geometry":{"type":"LineString","coordinates":[[19.815962,41.329199],[19.815976,41.32921]]}},{"type":"Feature","properties":{"line":"3B","mode":"bus","color":"#05617d","oi":1.44,"n":4,"sw":1},"geometry":{"type":"LineString","coordinates":[[19.815971,41.329206],[19.815985,41.329218]]}},{"type":"Feature","properties":{"line":"3B","mode":"bus","color":"#05617d","oi":1.397,"n":4,"sw":1},"geometry":{"type":"LineString","coordinates":[[19.81598,41.329214],[19.815991,41.329223],[19.815993,41.329226]]}},{"type":"Feature","properties":{"line":"3B","mode":"bus","color":"#05617d","oi":1.344,"n":4,"sw":1},"geometry":{"type":"LineString","coordinates":[[19.815989,41.329221],[19.815991,41.329223],[19.816,41.329235]]}},{"type":"Feature","properties":{"line":"3B","mode":"bus","color":"#05617d","oi":1.282,"n":4,"sw":1},"geometry":{"type":"LineString","coordinates":[[19.815996,41.32923],[19.816006,41.329243]]}},{"type":"Feature","properties":{"line":"3B","mode":"bus","color":"#05617d","oi":1.213,"n":4,"sw":1},"geometry":{"type":"LineString","coordinates":[[19.816003,41.329239],[19.816013,41.329252]]}},{"type":"Feature","properties":{"line":"3B","mode":"bus","color":"#05617d","oi":1.138,"n":4,"sw":1},"geometry":{"type":"LineString","coordinates":[[19.816009,41.329248],[19.816019,41.329261]]}},{"type":"Feature","properties":{"line":"3B","mode":"bus","color":"#05617d","oi":1.057,"n":4,"sw":1},"geometry":{"type":"LineString","coordinates":[[19.816016,41.329257],[19.816026,41.32927]]}},{"type":"Feature","properties":{"line":"3B","mode":"bus","color":"#05617d","oi":0.972,"n":4,"sw":1},"geometry":{"type":"LineString","coordinates":[[19.816023,41.329265],[19.816033,41.329279]]}},{"type":"Feature","properties":{"line":"3B","mode":"bus","color":"#05617d","oi":0.884,"n":4,"sw":1},"geometry":{"type":"LineString","coordinates":[[19.816029,41.329274],[19.816039,41.329288]]}},{"type":"Feature","properties":{"line":"3B","mode":"bus","color":"#05617d","oi":0.795,"n":4,"sw":1},"geometry":{"type":"LineString","coordinates":[[19.816036,41.329283],[19.816046,41.329297]]}},{"type":"Feature","properties":{"line":"3B","mode":"bus","color":"#05617d","oi":0.705,"n":4,"sw":1},"geometry":{"type":"LineString","coordinates":[[19.816042,41.329292],[19.816052,41.329306]]}},{"type":"Feature","properties":{"line":"3B","mode":"bus","color":"#05617d","oi":0.616,"n":4,"sw":1},"geometry":{"type":"LineString","coordinates":[[19.816049,41.329301],[19.816059,41.329315]]}},{"type":"Feature","properties":{"line":"3B","mode":"bus","color":"#05617d","oi":0.528,"n":4,"sw":1},"geometry":{"type":"LineString","coordinates":[[19.816056,41.32931],[19.816066,41.329323]]}},{"type":"Feature","properties":{"line":"3B","mode":"bus","color":"#05617d","oi":0.443,"n":4,"sw":1},"geometry":{"type":"LineString","coordinates":[[19.816062,41.329319],[19.816072,41.329332]]}},{"type":"Feature","properties":{"line":"3B","mode":"bus","color":"#05617d","oi":0.362,"n":4,"sw":1},"geometry":{"type":"LineString","coordinates":[[19.816069,41.329328],[19.816079,41.329341]]}},{"type":"Feature","properties":{"line":"3B","mode":"bus","color":"#05617d","oi":0.287,"n":4,"sw":1},"geometry":{"type":"LineString","coordinates":[[19.816075,41.329337],[19.816085,41.32935]]}},{"type":"Feature","properties":{"line":"3B","mode":"bus","color":"#05617d","oi":0.218,"n":4,"sw":1},"geometry":{"type":"LineString","coordinates":[[19.816082,41.329345],[19.816092,41.329359]]}},{"type":"Feature","properties":{"line":"3B","mode":"bus","color":"#05617d","oi":0.156,"n":4,"sw":1},"geometry":{"type":"LineString","coordinates":[[19.816089,41.329354],[19.816099,41.329368]]}},{"type":"Feature","properties":{"line":"3B","mode":"bus","color":"#05617d","oi":0.103,"n":4,"sw":1},"geometry":{"type":"LineString","coordinates":[[19.816095,41.329363],[19.816105,41.329377]]}},{"type":"Feature","properties":{"line":"3B","mode":"bus","color":"#05617d","oi":0.06,"n":4,"sw":1},"geometry":{"type":"LineString","coordinates":[[19.816102,41.329372],[19.816112,41.329386]]}},{"type":"Feature","properties":{"line":"3B","mode":"bus","color":"#05617d","oi":0.027,"n":4,"sw":1},"geometry":{"type":"LineString","coordinates":[[19.816108,41.329381],[19.816119,41.329395]]}},{"type":"Feature","properties":{"line":"3B","mode":"bus","color":"#05617d","oi":0.007,"n":4,"sw":1},"geometry":{"type":"LineString","coordinates":[[19.816115,41.32939],[19.816125,41.329403]]}},{"type":"Feature","properties":{"line":"3B","mode":"bus","color":"#05617d","oi":0,"n":4,"sw":1},"geometry":{"type":"LineString","coordinates":[[19.816122,41.329399],[19.81613,41.32941]]}},{"type":"Feature","properties":{"line":"3B","mode":"bus","color":"#05617d","oi":1.5,"n":4},"geometry":{"type":"LineString","coordinates":[[19.814995,41.329478],[19.814337,41.330027],[19.813624,41.330525],[19.811162,41.331892],[19.8099,41.332567],[19.809676,41.332649],[19.806878,41.333468],[19.8067,41.333537],[19.806449,41.333711],[19.806282,41.333956]]}},{"type":"Feature","properties":{"line":"3B","mode":"bus","color":"#05617d","oi":0,"n":4,"sw":1},"geometry":{"type":"LineString","coordinates":[[19.815284,41.329238],[19.81527,41.329249]]}},{"type":"Feature","properties":{"line":"3B","mode":"bus","color":"#05617d","oi":0.007,"n":4,"sw":1},"geometry":{"type":"LineString","coordinates":[[19.815275,41.329245],[19.815259,41.329258]]}},{"type":"Feature","properties":{"line":"3B","mode":"bus","color":"#05617d","oi":0.027,"n":4,"sw":1},"geometry":{"type":"LineString","coordinates":[[19.815264,41.329254],[19.815248,41.329268]]}},{"type":"Feature","properties":{"line":"3B","mode":"bus","color":"#05617d","oi":0.06,"n":4,"sw":1},"geometry":{"type":"LineString","coordinates":[[19.815253,41.329264],[19.815237,41.329277]]}},{"type":"Feature","properties":{"line":"3B","mode":"bus","color":"#05617d","oi":0.103,"n":4,"sw":1},"geometry":{"type":"LineString","coordinates":[[19.815242,41.329273],[19.815226,41.329286]]}},{"type":"Feature","properties":{"line":"3B","mode":"bus","color":"#05617d","oi":0.156,"n":4,"sw":1},"geometry":{"type":"LineString","coordinates":[[19.815231,41.329282],[19.815215,41.329295]]}},{"type":"Feature","properties":{"line":"3B","mode":"bus","color":"#05617d","oi":0.218,"n":4,"sw":1},"geometry":{"type":"LineString","coordinates":[[19.81522,41.329291],[19.815204,41.329305]]}},{"type":"Feature","properties":{"line":"3B","mode":"bus","color":"#05617d","oi":0.287,"n":4,"sw":1},"geometry":{"type":"LineString","coordinates":[[19.815209,41.329301],[19.815193,41.329314]]}},{"type":"Feature","properties":{"line":"3B","mode":"bus","color":"#05617d","oi":0.362,"n":4,"sw":1},"geometry":{"type":"LineString","coordinates":[[19.815198,41.32931],[19.815182,41.329323]]}},{"type":"Feature","properties":{"line":"3B","mode":"bus","color":"#05617d","oi":0.443,"n":4,"sw":1},"geometry":{"type":"LineString","coordinates":[[19.815187,41.329319],[19.815171,41.329332]]}},{"type":"Feature","properties":{"line":"3B","mode":"bus","color":"#05617d","oi":0.528,"n":4,"sw":1},"geometry":{"type":"LineString","coordinates":[[19.815175,41.329328],[19.81516,41.329342]]}},{"type":"Feature","properties":{"line":"3B","mode":"bus","color":"#05617d","oi":0.616,"n":4,"sw":1},"geometry":{"type":"LineString","coordinates":[[19.815164,41.329338],[19.815148,41.329351]]}},{"type":"Feature","properties":{"line":"3B","mode":"bus","color":"#05617d","oi":0.705,"n":4,"sw":1},"geometry":{"type":"LineString","coordinates":[[19.815153,41.329347],[19.815137,41.32936]]}},{"type":"Feature","properties":{"line":"3B","mode":"bus","color":"#05617d","oi":0.795,"n":4,"sw":1},"geometry":{"type":"LineString","coordinates":[[19.815142,41.329356],[19.815126,41.329369]]}},{"type":"Feature","properties":{"line":"3B","mode":"bus","color":"#05617d","oi":0.884,"n":4,"sw":1},"geometry":{"type":"LineString","coordinates":[[19.815131,41.329365],[19.815115,41.329379]]}},{"type":"Feature","properties":{"line":"3B","mode":"bus","color":"#05617d","oi":0.972,"n":4,"sw":1},"geometry":{"type":"LineString","coordinates":[[19.81512,41.329375],[19.815104,41.329388]]}},{"type":"Feature","properties":{"line":"3B","mode":"bus","color":"#05617d","oi":1.057,"n":4,"sw":1},"geometry":{"type":"LineString","coordinates":[[19.815109,41.329384],[19.815093,41.329397]]}},{"type":"Feature","properties":{"line":"3B","mode":"bus","color":"#05617d","oi":1.138,"n":4,"sw":1},"geometry":{"type":"LineString","coordinates":[[19.815098,41.329393],[19.815082,41.329406]]}},{"type":"Feature","properties":{"line":"3B","mode":"bus","color":"#05617d","oi":1.213,"n":4,"sw":1},"geometry":{"type":"LineString","coordinates":[[19.815087,41.329402],[19.815071,41.329416]]}},{"type":"Feature","properties":{"line":"3B","mode":"bus","color":"#05617d","oi":1.282,"n":4,"sw":1},"geometry":{"type":"LineString","coordinates":[[19.815076,41.329412],[19.81506,41.329425]]}},{"type":"Feature","properties":{"line":"3B","mode":"bus","color":"#05617d","oi":1.344,"n":4,"sw":1},"geometry":{"type":"LineString","coordinates":[[19.815064,41.329421],[19.815049,41.329434]]}},{"type":"Feature","properties":{"line":"3B","mode":"bus","color":"#05617d","oi":1.397,"n":4,"sw":1},"geometry":{"type":"LineString","coordinates":[[19.815053,41.32943],[19.815037,41.329443]]}},{"type":"Feature","properties":{"line":"3B","mode":"bus","color":"#05617d","oi":1.44,"n":4,"sw":1},"geometry":{"type":"LineString","coordinates":[[19.815042,41.329439],[19.815026,41.329453]]}},{"type":"Feature","properties":{"line":"3B","mode":"bus","color":"#05617d","oi":1.473,"n":4,"sw":1},"geometry":{"type":"LineString","coordinates":[[19.815031,41.329449],[19.815015,41.329462]]}},{"type":"Feature","properties":{"line":"3B","mode":"bus","color":"#05617d","oi":1.493,"n":4,"sw":1},"geometry":{"type":"LineString","coordinates":[[19.81502,41.329458],[19.815004,41.329471]]}},{"type":"Feature","properties":{"line":"3B","mode":"bus","color":"#05617d","oi":1.5,"n":4,"sw":1},"geometry":{"type":"LineString","coordinates":[[19.815009,41.329467],[19.814993,41.32948]]}},{"type":"Feature","properties":{"line":"3B","mode":"bus","color":"#05617d","oi":1.5,"n":4,"sw":1},"geometry":{"type":"LineString","coordinates":[[19.806283,41.333953],[19.806273,41.333969]]}},{"type":"Feature","properties":{"line":"3B","mode":"bus","color":"#05617d","oi":1.493,"n":4,"sw":1},"geometry":{"type":"LineString","coordinates":[[19.806276,41.333965],[19.806265,41.33398]]}},{"type":"Feature","properties":{"line":"3B","mode":"bus","color":"#05617d","oi":1.473,"n":4,"sw":1},"geometry":{"type":"LineString","coordinates":[[19.806268,41.333976],[19.806257,41.333992]]}},{"type":"Feature","properties":{"line":"3B","mode":"bus","color":"#05617d","oi":1.44,"n":4,"sw":1},"geometry":{"type":"LineString","coordinates":[[19.806261,41.333987],[19.80625,41.334003]]}},{"type":"Feature","properties":{"line":"3B","mode":"bus","color":"#05617d","oi":1.397,"n":4,"sw":1},"geometry":{"type":"LineString","coordinates":[[19.806253,41.333998],[19.806242,41.334014]]}},{"type":"Feature","properties":{"line":"3B","mode":"bus","color":"#05617d","oi":1.344,"n":4,"sw":1},"geometry":{"type":"LineString","coordinates":[[19.806246,41.334009],[19.806235,41.334025]]}},{"type":"Feature","properties":{"line":"3B","mode":"bus","color":"#05617d","oi":1.282,"n":4,"sw":1},"geometry":{"type":"LineString","coordinates":[[19.806238,41.33402],[19.806227,41.334036]]}},{"type":"Feature","properties":{"line":"3B","mode":"bus","color":"#05617d","oi":1.213,"n":4,"sw":1},"geometry":{"type":"LineString","coordinates":[[19.80623,41.334031],[19.80622,41.334047]]}},{"type":"Feature","properties":{"line":"3B","mode":"bus","color":"#05617d","oi":1.138,"n":4,"sw":1},"geometry":{"type":"LineString","coordinates":[[19.806223,41.334042],[19.806212,41.334058]]}},{"type":"Feature","properties":{"line":"3B","mode":"bus","color":"#05617d","oi":1.057,"n":4,"sw":1},"geometry":{"type":"LineString","coordinates":[[19.806215,41.334053],[19.806204,41.334069]]}},{"type":"Feature","properties":{"line":"3B","mode":"bus","color":"#05617d","oi":0.972,"n":4,"sw":1},"geometry":{"type":"LineString","coordinates":[[19.806208,41.334064],[19.806197,41.33408]]}},{"type":"Feature","properties":{"line":"3B","mode":"bus","color":"#05617d","oi":0.884,"n":4,"sw":1},"geometry":{"type":"LineString","coordinates":[[19.8062,41.334075],[19.806189,41.334091]]}},{"type":"Feature","properties":{"line":"3B","mode":"bus","color":"#05617d","oi":0.795,"n":4,"sw":1},"geometry":{"type":"LineString","coordinates":[[19.806193,41.334086],[19.806182,41.334102]]}},{"type":"Feature","properties":{"line":"3B","mode":"bus","color":"#05617d","oi":0.705,"n":4,"sw":1},"geometry":{"type":"LineString","coordinates":[[19.806185,41.334098],[19.806174,41.334113]]}},{"type":"Feature","properties":{"line":"3B","mode":"bus","color":"#05617d","oi":0.616,"n":4,"sw":1},"geometry":{"type":"LineString","coordinates":[[19.806177,41.334109],[19.806167,41.334124]]}},{"type":"Feature","properties":{"line":"3B","mode":"bus","color":"#05617d","oi":0.528,"n":4,"sw":1},"geometry":{"type":"LineString","coordinates":[[19.80617,41.33412],[19.806159,41.334136]]}},{"type":"Feature","properties":{"line":"3B","mode":"bus","color":"#05617d","oi":0.443,"n":4,"sw":1},"geometry":{"type":"LineString","coordinates":[[19.806162,41.334131],[19.806151,41.334147]]}},{"type":"Feature","properties":{"line":"3B","mode":"bus","color":"#05617d","oi":0.362,"n":4,"sw":1},"geometry":{"type":"LineString","coordinates":[[19.806155,41.334142],[19.806144,41.334158]]}},{"type":"Feature","properties":{"line":"3B","mode":"bus","color":"#05617d","oi":0.287,"n":4,"sw":1},"geometry":{"type":"LineString","coordinates":[[19.806147,41.334153],[19.806136,41.334169]]}},{"type":"Feature","properties":{"line":"3B","mode":"bus","color":"#05617d","oi":0.218,"n":4,"sw":1},"geometry":{"type":"LineString","coordinates":[[19.80614,41.334164],[19.806129,41.33418]]}},{"type":"Feature","properties":{"line":"3B","mode":"bus","color":"#05617d","oi":0.156,"n":4,"sw":1},"geometry":{"type":"LineString","coordinates":[[19.806132,41.334175],[19.806121,41.334191]]}},{"type":"Feature","properties":{"line":"3B","mode":"bus","color":"#05617d","oi":0.103,"n":4,"sw":1},"geometry":{"type":"LineString","coordinates":[[19.806124,41.334186],[19.806114,41.334202]]}},{"type":"Feature","properties":{"line":"3B","mode":"bus","color":"#05617d","oi":0.06,"n":4,"sw":1},"geometry":{"type":"LineString","coordinates":[[19.806117,41.334197],[19.806106,41.334213]]}},{"type":"Feature","properties":{"line":"3B","mode":"bus","color":"#05617d","oi":0.027,"n":4,"sw":1},"geometry":{"type":"LineString","coordinates":[[19.806109,41.334208],[19.806098,41.334224]]}},{"type":"Feature","properties":{"line":"3B","mode":"bus","color":"#05617d","oi":0.007,"n":4,"sw":1},"geometry":{"type":"LineString","coordinates":[[19.806102,41.334219],[19.806091,41.334235]]}},{"type":"Feature","properties":{"line":"3B","mode":"bus","color":"#05617d","oi":0,"n":4,"sw":1},"geometry":{"type":"LineString","coordinates":[[19.806094,41.334231],[19.806085,41.334244]]}},{"type":"Feature","properties":{"line":"3B","mode":"bus","color":"#05617d","oi":0.5,"n":2},"geometry":{"type":"LineString","coordinates":[[19.802905,41.333608],[19.803631,41.333361],[19.803823,41.333335]]}},{"type":"Feature","properties":{"line":"3B","mode":"bus","color":"#05617d","oi":-1.5,"n":2,"sw":1},"geometry":{"type":"LineString","coordinates":[[19.802513,41.333741],[19.802527,41.333736]]}},{"type":"Feature","properties":{"line":"3B","mode":"bus","color":"#05617d","oi":-1.495,"n":2,"sw":1},"geometry":{"type":"LineString","coordinates":[[19.802521,41.333738],[19.802539,41.333732]]}},{"type":"Feature","properties":{"line":"3B","mode":"bus","color":"#05617d","oi":-1.48,"n":2,"sw":1},"geometry":{"type":"LineString","coordinates":[[19.802532,41.333734],[19.80255,41.333728]]}},{"type":"Feature","properties":{"line":"3B","mode":"bus","color":"#05617d","oi":-1.456,"n":2,"sw":1},"geometry":{"type":"LineString","coordinates":[[19.802543,41.333731],[19.802561,41.333725]]}},{"type":"Feature","properties":{"line":"3B","mode":"bus","color":"#05617d","oi":-1.423,"n":2,"sw":1},"geometry":{"type":"LineString","coordinates":[[19.802555,41.333727],[19.802572,41.333721]]}},{"type":"Feature","properties":{"line":"3B","mode":"bus","color":"#05617d","oi":-1.383,"n":2,"sw":1},"geometry":{"type":"LineString","coordinates":[[19.802566,41.333723],[19.802584,41.333717]]}},{"type":"Feature","properties":{"line":"3B","mode":"bus","color":"#05617d","oi":-1.335,"n":2,"sw":1},"geometry":{"type":"LineString","coordinates":[[19.802577,41.333719],[19.802595,41.333713]]}},{"type":"Feature","properties":{"line":"3B","mode":"bus","color":"#05617d","oi":-1.281,"n":2,"sw":1},"geometry":{"type":"LineString","coordinates":[[19.802588,41.333715],[19.802606,41.333709]]}},{"type":"Feature","properties":{"line":"3B","mode":"bus","color":"#05617d","oi":-1.22,"n":2,"sw":1},"geometry":{"type":"LineString","coordinates":[[19.802599,41.333712],[19.802617,41.333706]]}},{"type":"Feature","properties":{"line":"3B","mode":"bus","color":"#05617d","oi":-1.154,"n":2,"sw":1},"geometry":{"type":"LineString","coordinates":[[19.802611,41.333708],[19.802628,41.333702]]}},{"type":"Feature","properties":{"line":"3B","mode":"bus","color":"#05617d","oi":-1.083,"n":2,"sw":1},"geometry":{"type":"LineString","coordinates":[[19.802622,41.333704],[19.80264,41.333698]]}},{"type":"Feature","properties":{"line":"3B","mode":"bus","color":"#05617d","oi":-1.007,"n":2,"sw":1},"geometry":{"type":"LineString","coordinates":[[19.802633,41.3337],[19.802651,41.333694]]}},{"type":"Feature","properties":{"line":"3B","mode":"bus","color":"#05617d","oi":-0.928,"n":2,"sw":1},"geometry":{"type":"LineString","coordinates":[[19.802644,41.333696],[19.802662,41.33369]]}},{"type":"Feature","properties":{"line":"3B","mode":"bus","color":"#05617d","oi":-0.846,"n":2,"sw":1},"geometry":{"type":"LineString","coordinates":[[19.802655,41.333693],[19.802673,41.333687]]}},{"type":"Feature","properties":{"line":"3B","mode":"bus","color":"#05617d","oi":-0.762,"n":2,"sw":1},"geometry":{"type":"LineString","coordinates":[[19.802667,41.333689],[19.802684,41.333683]]}},{"type":"Feature","properties":{"line":"3B","mode":"bus","color":"#05617d","oi":-0.676,"n":2,"sw":1},"geometry":{"type":"LineString","coordinates":[[19.802678,41.333685],[19.802696,41.333679]]}},{"type":"Feature","properties":{"line":"3B","mode":"bus","color":"#05617d","oi":-0.588,"n":2,"sw":1},"geometry":{"type":"LineString","coordinates":[[19.802689,41.333681],[19.802707,41.333675]]}},{"type":"Feature","properties":{"line":"3B","mode":"bus","color":"#05617d","oi":-0.5,"n":2,"sw":1},"geometry":{"type":"LineString","coordinates":[[19.8027,41.333677],[19.802718,41.333671]]}},{"type":"Feature","properties":{"line":"3B","mode":"bus","color":"#05617d","oi":-0.412,"n":2,"sw":1},"geometry":{"type":"LineString","coordinates":[[19.802712,41.333674],[19.802729,41.333667]]}},{"type":"Feature","properties":{"line":"3B","mode":"bus","color":"#05617d","oi":-0.324,"n":2,"sw":1},"geometry":{"type":"LineString","coordinates":[[19.802723,41.33367],[19.802741,41.333664]]}},{"type":"Feature","properties":{"line":"3B","mode":"bus","color":"#05617d","oi":-0.238,"n":2,"sw":1},"geometry":{"type":"LineString","coordinates":[[19.802734,41.333666],[19.802752,41.33366]]}},{"type":"Feature","properties":{"line":"3B","mode":"bus","color":"#05617d","oi":-0.154,"n":2,"sw":1},"geometry":{"type":"LineString","coordinates":[[19.802745,41.333662],[19.802763,41.333656]]}},{"type":"Feature","properties":{"line":"3B","mode":"bus","color":"#05617d","oi":-0.072,"n":2,"sw":1},"geometry":{"type":"LineString","coordinates":[[19.802756,41.333658],[19.802774,41.333652]]}},{"type":"Feature","properties":{"line":"3B","mode":"bus","color":"#05617d","oi":0.007,"n":2,"sw":1},"geometry":{"type":"LineString","coordinates":[[19.802768,41.333654],[19.802785,41.333648]]}},{"type":"Feature","properties":{"line":"3B","mode":"bus","color":"#05617d","oi":0.083,"n":2,"sw":1},"geometry":{"type":"LineString","coordinates":[[19.802779,41.333651],[19.802797,41.333645]]}},{"type":"Feature","properties":{"line":"3B","mode":"bus","color":"#05617d","oi":0.154,"n":2,"sw":1},"geometry":{"type":"LineString","coordinates":[[19.80279,41.333647],[19.802808,41.333641]]}},{"type":"Feature","properties":{"line":"3B","mode":"bus","color":"#05617d","oi":0.22,"n":2,"sw":1},"geometry":{"type":"LineString","coordinates":[[19.802801,41.333643],[19.802819,41.333637]]}},{"type":"Feature","properties":{"line":"3B","mode":"bus","color":"#05617d","oi":0.281,"n":2,"sw":1},"geometry":{"type":"LineString","coordinates":[[19.802812,41.333639],[19.80283,41.333633]]}},{"type":"Feature","properties":{"line":"3B","mode":"bus","color":"#05617d","oi":0.335,"n":2,"sw":1},"geometry":{"type":"LineString","coordinates":[[19.802824,41.333635],[19.802841,41.333629]]}},{"type":"Feature","properties":{"line":"3B","mode":"bus","color":"#05617d","oi":0.383,"n":2,"sw":1},"geometry":{"type":"LineString","coordinates":[[19.802835,41.333632],[19.802853,41.333626]]}},{"type":"Feature","properties":{"line":"3B","mode":"bus","color":"#05617d","oi":0.423,"n":2,"sw":1},"geometry":{"type":"LineString","coordinates":[[19.802846,41.333628],[19.802864,41.333622]]}},{"type":"Feature","properties":{"line":"3B","mode":"bus","color":"#05617d","oi":0.456,"n":2,"sw":1},"geometry":{"type":"LineString","coordinates":[[19.802857,41.333624],[19.802875,41.333618]]}},{"type":"Feature","properties":{"line":"3B","mode":"bus","color":"#05617d","oi":0.48,"n":2,"sw":1},"geometry":{"type":"LineString","coordinates":[[19.802869,41.33362],[19.802886,41.333614]]}},{"type":"Feature","properties":{"line":"3B","mode":"bus","color":"#05617d","oi":0.495,"n":2,"sw":1},"geometry":{"type":"LineString","coordinates":[[19.80288,41.333616],[19.802897,41.33361]]}},{"type":"Feature","properties":{"line":"3B","mode":"bus","color":"#05617d","oi":0.5,"n":2,"sw":1},"geometry":{"type":"LineString","coordinates":[[19.802891,41.333613],[19.802909,41.333607]]}},{"type":"Feature","properties":{"line":"3B","mode":"bus","color":"#05617d","oi":0.5,"n":2,"sw":1},"geometry":{"type":"LineString","coordinates":[[19.803819,41.333335],[19.803868,41.333329]]}},{"type":"Feature","properties":{"line":"3B","mode":"bus","color":"#05617d","oi":0.517,"n":2,"sw":1},"geometry":{"type":"LineString","coordinates":[[19.803861,41.33333],[19.803911,41.333323]]}},{"type":"Feature","properties":{"line":"3B","mode":"bus","color":"#05617d","oi":0.563,"n":2,"sw":1},"geometry":{"type":"LineString","coordinates":[[19.803904,41.333324],[19.803953,41.333317]]}},{"type":"Feature","properties":{"line":"3B","mode":"bus","color":"#05617d","oi":0.63,"n":2,"sw":1},"geometry":{"type":"LineString","coordinates":[[19.803946,41.333318],[19.803996,41.333311]]}},{"type":"Feature","properties":{"line":"3B","mode":"bus","color":"#05617d","oi":0.709,"n":2,"sw":1},"geometry":{"type":"LineString","coordinates":[[19.803989,41.333312],[19.804019,41.333308],[19.804038,41.333308]]}},{"type":"Feature","properties":{"line":"3B","mode":"bus","color":"#05617d","oi":0.791,"n":2,"sw":1},"geometry":{"type":"LineString","coordinates":[[19.804031,41.333308],[19.804081,41.333308]]}},{"type":"Feature","properties":{"line":"3B","mode":"bus","color":"#05617d","oi":0.87,"n":2,"sw":1},"geometry":{"type":"LineString","coordinates":[[19.804074,41.333308],[19.804124,41.333308]]}},{"type":"Feature","properties":{"line":"3B","mode":"bus","color":"#05617d","oi":0.937,"n":2,"sw":1},"geometry":{"type":"LineString","coordinates":[[19.804117,41.333308],[19.804167,41.333307]]}},{"type":"Feature","properties":{"line":"3B","mode":"bus","color":"#05617d","oi":0.983,"n":2,"sw":1},"geometry":{"type":"LineString","coordinates":[[19.80416,41.333307],[19.804211,41.333307]]}},{"type":"Feature","properties":{"line":"3B","mode":"bus","color":"#05617d","oi":1,"n":2,"sw":1},"geometry":{"type":"LineString","coordinates":[[19.804203,41.333307],[19.80425,41.333307]]}},{"type":"Feature","properties":{"line":"3B","mode":"bus","color":"#05617d","oi":1.5,"n":4},"geometry":{"type":"LineString","coordinates":[[19.802513,41.333741],[19.789706,41.338201],[19.786163,41.33947]]}},{"type":"Feature","properties":{"line":"3B","mode":"bus","color":"#05617d","oi":0.5,"n":2},"geometry":{"type":"LineString","coordinates":[[19.784647,41.330034],[19.783282,41.332609],[19.783046,41.333112],[19.782921,41.33345],[19.782816,41.33387],[19.782798,41.334602],[19.782937,41.335283],[19.783107,41.335701],[19.783342,41.336106],[19.784598,41.337732],[19.785179,41.338431],[19.785992,41.339285]]}},{"type":"Feature","properties":{"line":"16B","mode":"bus","color":"#999f01","oi":-1,"n":3},"geometry":{"type":"LineString","coordinates":[[19.80425,41.333307],[19.804733,41.333442],[19.804831,41.333488]]}},{"type":"Feature","properties":{"line":"16B","mode":"bus","color":"#999f01","oi":-1,"n":3,"sw":1},"geometry":{"type":"LineString","coordinates":[[19.804828,41.333486],[19.804854,41.333499]]}},{"type":"Feature","properties":{"line":"16B","mode":"bus","color":"#999f01","oi":-0.99,"n":3,"sw":1},"geometry":{"type":"LineString","coordinates":[[19.804848,41.333496],[19.804875,41.333508]]}},{"type":"Feature","properties":{"line":"16B","mode":"bus","color":"#999f01","oi":-0.962,"n":3,"sw":1},"geometry":{"type":"LineString","coordinates":[[19.804868,41.333505],[19.804895,41.333518]]}},{"type":"Feature","properties":{"line":"16B","mode":"bus","color":"#999f01","oi":-0.918,"n":3,"sw":1},"geometry":{"type":"LineString","coordinates":[[19.804889,41.333515],[19.804915,41.333527]]}},{"type":"Feature","properties":{"line":"16B","mode":"bus","color":"#999f01","oi":-0.86,"n":3,"sw":1},"geometry":{"type":"LineString","coordinates":[[19.804909,41.333524],[19.804936,41.333536]]}},{"type":"Feature","properties":{"line":"16B","mode":"bus","color":"#999f01","oi":-0.791,"n":3,"sw":1},"geometry":{"type":"LineString","coordinates":[[19.804929,41.333534],[19.804956,41.333546]]}},{"type":"Feature","properties":{"line":"16B","mode":"bus","color":"#999f01","oi":-0.714,"n":3,"sw":1},"geometry":{"type":"LineString","coordinates":[[19.80495,41.333543],[19.804976,41.333555]]}},{"type":"Feature","properties":{"line":"16B","mode":"bus","color":"#999f01","oi":-0.631,"n":3,"sw":1},"geometry":{"type":"LineString","coordinates":[[19.80497,41.333553],[19.804986,41.33356],[19.804996,41.333566]]}},{"type":"Feature","properties":{"line":"16B","mode":"bus","color":"#999f01","oi":-0.544,"n":3,"sw":1},"geometry":{"type":"LineString","coordinates":[[19.80499,41.333563],[19.805014,41.333578]]}},{"type":"Feature","properties":{"line":"16B","mode":"bus","color":"#999f01","oi":-0.456,"n":3,"sw":1},"geometry":{"type":"LineString","coordinates":[[19.805008,41.333574],[19.805032,41.333589]]}},{"type":"Feature","properties":{"line":"16B","mode":"bus","color":"#999f01","oi":-0.369,"n":3,"sw":1},"geometry":{"type":"LineString","coordinates":[[19.805027,41.333586],[19.80505,41.333601]]}},{"type":"Feature","properties":{"line":"16B","mode":"bus","color":"#999f01","oi":-0.286,"n":3,"sw":1},"geometry":{"type":"LineString","coordinates":[[19.805045,41.333597],[19.805069,41.333612]]}},{"type":"Feature","properties":{"line":"16B","mode":"bus","color":"#999f01","oi":-0.209,"n":3,"sw":1},"geometry":{"type":"LineString","coordinates":[[19.805063,41.333609],[19.805087,41.333624]]}},{"type":"Feature","properties":{"line":"16B","mode":"bus","color":"#999f01","oi":-0.14,"n":3,"sw":1},"geometry":{"type":"LineString","coordinates":[[19.805082,41.33362],[19.805105,41.333635]]}},{"type":"Feature","properties":{"line":"16B","mode":"bus","color":"#999f01","oi":-0.082,"n":3,"sw":1},"geometry":{"type":"LineString","coordinates":[[19.8051,41.333632],[19.805124,41.333647]]}},{"type":"Feature","properties":{"line":"16B","mode":"bus","color":"#999f01","oi":-0.038,"n":3,"sw":1},"geometry":{"type":"LineString","coordinates":[[19.805118,41.333644],[19.805142,41.333659]]}},{"type":"Feature","properties":{"line":"16B","mode":"bus","color":"#999f01","oi":-0.01,"n":3,"sw":1},"geometry":{"type":"LineString","coordinates":[[19.805137,41.333655],[19.80516,41.33367]]}},{"type":"Feature","properties":{"line":"16B","mode":"bus","color":"#999f01","oi":0,"n":3,"sw":1},"geometry":{"type":"LineString","coordinates":[[19.805155,41.333667],[19.805176,41.33368]]}},{"type":"Feature","properties":{"line":"16B","mode":"bus","color":"#999f01","oi":0,"n":1},"geometry":{"type":"LineString","coordinates":[[19.804006,41.332948],[19.804003,41.333093],[19.804036,41.333162],[19.804037,41.333163]]}},{"type":"Feature","properties":{"line":"16B","mode":"bus","color":"#999f01","oi":0,"n":1,"sw":1},"geometry":{"type":"LineString","coordinates":[[19.804035,41.33316],[19.804036,41.333162],[19.80405,41.333174]]}},{"type":"Feature","properties":{"line":"16B","mode":"bus","color":"#999f01","oi":-0.01,"n":1,"sw":1},"geometry":{"type":"LineString","coordinates":[[19.804045,41.33317],[19.80406,41.333183]]}},{"type":"Feature","properties":{"line":"16B","mode":"bus","color":"#999f01","oi":-0.038,"n":1,"sw":1},"geometry":{"type":"LineString","coordinates":[[19.804056,41.333179],[19.804071,41.333192]]}},{"type":"Feature","properties":{"line":"16B","mode":"bus","color":"#999f01","oi":-0.082,"n":1,"sw":1},"geometry":{"type":"LineString","coordinates":[[19.804066,41.333188],[19.804081,41.333201]]}},{"type":"Feature","properties":{"line":"16B","mode":"bus","color":"#999f01","oi":-0.14,"n":1,"sw":1},"geometry":{"type":"LineString","coordinates":[[19.804077,41.333197],[19.804092,41.333211]]}},{"type":"Feature","properties":{"line":"16B","mode":"bus","color":"#999f01","oi":-0.209,"n":1,"sw":1},"geometry":{"type":"LineString","coordinates":[[19.804087,41.333207],[19.804103,41.33322]]}},{"type":"Feature","properties":{"line":"16B","mode":"bus","color":"#999f01","oi":-0.286,"n":1,"sw":1},"geometry":{"type":"LineString","coordinates":[[19.804098,41.333216],[19.804113,41.333229]]}},{"type":"Feature","properties":{"line":"16B","mode":"bus","color":"#999f01","oi":-0.369,"n":1,"sw":1},"geometry":{"type":"LineString","coordinates":[[19.804109,41.333225],[19.804124,41.333238]]}},{"type":"Feature","properties":{"line":"16B","mode":"bus","color":"#999f01","oi":-0.456,"n":1,"sw":1},"geometry":{"type":"LineString","coordinates":[[19.804119,41.333234],[19.804135,41.333247]]}},{"type":"Feature","properties":{"line":"16B","mode":"bus","color":"#999f01","oi":-0.544,"n":1,"sw":1},"geometry":{"type":"LineString","coordinates":[[19.80413,41.333243],[19.804145,41.333257]]}},{"type":"Feature","properties":{"line":"16B","mode":"bus","color":"#999f01","oi":-0.631,"n":1,"sw":1},"geometry":{"type":"LineString","coordinates":[[19.80414,41.333252],[19.804156,41.333266]]}},{"type":"Feature","properties":{"line":"16B","mode":"bus","color":"#999f01","oi":-0.714,"n":1,"sw":1},"geometry":{"type":"LineString","coordinates":[[19.804151,41.333262],[19.804163,41.333272],[19.804168,41.333274]]}},{"type":"Feature","properties":{"line":"16B","mode":"bus","color":"#999f01","oi":-0.791,"n":1,"sw":1},"geometry":{"type":"LineString","coordinates":[[19.804162,41.333271],[19.804163,41.333272],[19.804182,41.33328]]}},{"type":"Feature","properties":{"line":"16B","mode":"bus","color":"#999f01","oi":-0.86,"n":1,"sw":1},"geometry":{"type":"LineString","coordinates":[[19.804175,41.333277],[19.804196,41.333285]]}},{"type":"Feature","properties":{"line":"16B","mode":"bus","color":"#999f01","oi":-0.918,"n":1,"sw":1},"geometry":{"type":"LineString","coordinates":[[19.80419,41.333283],[19.80421,41.333291]]}},{"type":"Feature","properties":{"line":"16B","mode":"bus","color":"#999f01","oi":-0.962,"n":1,"sw":1},"geometry":{"type":"LineString","coordinates":[[19.804204,41.333289],[19.804225,41.333297]]}},{"type":"Feature","properties":{"line":"16B","mode":"bus","color":"#999f01","oi":-0.99,"n":1,"sw":1},"geometry":{"type":"LineString","coordinates":[[19.804218,41.333294],[19.804239,41.333303]]}},{"type":"Feature","properties":{"line":"16B","mode":"bus","color":"#999f01","oi":-1,"n":1,"sw":1},"geometry":{"type":"LineString","coordinates":[[19.804233,41.3333],[19.80425,41.333307]]}},{"type":"Feature","properties":{"line":"16B","mode":"bus","color":"#999f01","oi":0,"n":1},"geometry":{"type":"LineString","coordinates":[[19.834325,41.331007],[19.833939,41.332926],[19.833818,41.333239],[19.830341,41.33835],[19.829404,41.339787],[19.829284,41.339953]]}},{"type":"Feature","properties":{"line":"16B","mode":"bus","color":"#999f01","oi":-0.5,"n":1,"sw":1},"geometry":{"type":"LineString","coordinates":[[19.83439,41.330687],[19.834383,41.330722]]}},{"type":"Feature","properties":{"line":"16B","mode":"bus","color":"#999f01","oi":-0.483,"n":1,"sw":1},"geometry":{"type":"LineString","coordinates":[[19.834384,41.330716],[19.834377,41.330754]]}},{"type":"Feature","properties":{"line":"16B","mode":"bus","color":"#999f01","oi":-0.437,"n":1,"sw":1},"geometry":{"type":"LineString","coordinates":[[19.834378,41.330748],[19.83437,41.330786]]}},{"type":"Feature","properties":{"line":"16B","mode":"bus","color":"#999f01","oi":-0.37,"n":1,"sw":1},"geometry":{"type":"LineString","coordinates":[[19.834371,41.33078],[19.834364,41.330818]]}},{"type":"Feature","properties":{"line":"16B","mode":"bus","color":"#999f01","oi":-0.291,"n":1,"sw":1},"geometry":{"type":"LineString","coordinates":[[19.834365,41.330812],[19.834357,41.33085]]}},{"type":"Feature","properties":{"line":"16B","mode":"bus","color":"#999f01","oi":-0.209,"n":1,"sw":1},"geometry":{"type":"LineString","coordinates":[[19.834358,41.330844],[19.834351,41.330882]]}},{"type":"Feature","properties":{"line":"16B","mode":"bus","color":"#999f01","oi":-0.13,"n":1,"sw":1},"geometry":{"type":"LineString","coordinates":[[19.834352,41.330877],[19.834344,41.330914]]}},{"type":"Feature","properties":{"line":"16B","mode":"bus","color":"#999f01","oi":-0.063,"n":1,"sw":1},"geometry":{"type":"LineString","coordinates":[[19.834345,41.330909],[19.834338,41.330946]]}},{"type":"Feature","properties":{"line":"16B","mode":"bus","color":"#999f01","oi":-0.017,"n":1,"sw":1},"geometry":{"type":"LineString","coordinates":[[19.834339,41.330941],[19.834331,41.330978]]}},{"type":"Feature","properties":{"line":"16B","mode":"bus","color":"#999f01","oi":0,"n":1,"sw":1},"geometry":{"type":"LineString","coordinates":[[19.834332,41.330973],[19.834325,41.33101]]}},{"type":"Feature","properties":{"line":"16B","mode":"bus","color":"#999f01","oi":0,"n":1,"sw":1},"geometry":{"type":"LineString","coordinates":[[19.829285,41.339951],[19.82927,41.339971]]}},{"type":"Feature","properties":{"line":"16B","mode":"bus","color":"#999f01","oi":-0.01,"n":1,"sw":1},"geometry":{"type":"LineString","coordinates":[[19.829274,41.339966],[19.829259,41.339987]]}},{"type":"Feature","properties":{"line":"16B","mode":"bus","color":"#999f01","oi":-0.038,"n":1,"sw":1},"geometry":{"type":"LineString","coordinates":[[19.829262,41.339982],[19.829248,41.340003]]}},{"type":"Feature","properties":{"line":"16B","mode":"bus","color":"#999f01","oi":-0.082,"n":1,"sw":1},"geometry":{"type":"LineString","coordinates":[[19.829251,41.339998],[19.829236,41.340019]]}},{"type":"Feature","properties":{"line":"16B","mode":"bus","color":"#999f01","oi":-0.14,"n":1,"sw":1},"geometry":{"type":"LineString","coordinates":[[19.82924,41.340014],[19.829225,41.340034]]}},{"type":"Feature","properties":{"line":"16B","mode":"bus","color":"#999f01","oi":-0.209,"n":1,"sw":1},"geometry":{"type":"LineString","coordinates":[[19.829228,41.34003],[19.829213,41.34005]]}},{"type":"Feature","properties":{"line":"16B","mode":"bus","color":"#999f01","oi":-0.286,"n":1,"sw":1},"geometry":{"type":"LineString","coordinates":[[19.829217,41.340045],[19.829202,41.340066]]}},{"type":"Feature","properties":{"line":"16B","mode":"bus","color":"#999f01","oi":-0.369,"n":1,"sw":1},"geometry":{"type":"LineString","coordinates":[[19.829205,41.340061],[19.82919,41.340082]]}},{"type":"Feature","properties":{"line":"16B","mode":"bus","color":"#999f01","oi":-0.456,"n":1,"sw":1},"geometry":{"type":"LineString","coordinates":[[19.829194,41.340077],[19.829179,41.340098]]}},{"type":"Feature","properties":{"line":"16B","mode":"bus","color":"#999f01","oi":-0.544,"n":1,"sw":1},"geometry":{"type":"LineString","coordinates":[[19.829182,41.340093],[19.829172,41.340107],[19.829165,41.340112]]}},{"type":"Feature","properties":{"line":"16B","mode":"bus","color":"#999f01","oi":-0.631,"n":1,"sw":1},"geometry":{"type":"LineString","coordinates":[[19.82917,41.340108],[19.829149,41.340125]]}},{"type":"Feature","properties":{"line":"16B","mode":"bus","color":"#999f01","oi":-0.714,"n":1,"sw":1},"geometry":{"type":"LineString","coordinates":[[19.829154,41.340121],[19.829132,41.340138]]}},{"type":"Feature","properties":{"line":"16B","mode":"bus","color":"#999f01","oi":-0.791,"n":1,"sw":1},"geometry":{"type":"LineString","coordinates":[[19.829137,41.340134],[19.829115,41.340151]]}},{"type":"Feature","properties":{"line":"16B","mode":"bus","color":"#999f01","oi":-0.86,"n":1,"sw":1},"geometry":{"type":"LineString","coordinates":[[19.82912,41.340147],[19.829099,41.340164]]}},{"type":"Feature","properties":{"line":"16B","mode":"bus","color":"#999f01","oi":-0.918,"n":1,"sw":1},"geometry":{"type":"LineString","coordinates":[[19.829104,41.34016],[19.829082,41.340177]]}},{"type":"Feature","properties":{"line":"16B","mode":"bus","color":"#999f01","oi":-0.962,"n":1,"sw":1},"geometry":{"type":"LineString","coordinates":[[19.829087,41.340173],[19.829066,41.34019]]}},{"type":"Feature","properties":{"line":"16B","mode":"bus","color":"#999f01","oi":-0.99,"n":1,"sw":1},"geometry":{"type":"LineString","coordinates":[[19.829071,41.340186],[19.829049,41.340203]]}},{"type":"Feature","properties":{"line":"16B","mode":"bus","color":"#999f01","oi":-1,"n":1,"sw":1},"geometry":{"type":"LineString","coordinates":[[19.829054,41.340199],[19.829035,41.340214]]}},{"type":"Feature","properties":{"line":"16B","mode":"bus","color":"#999f01","oi":0,"n":1},"geometry":{"type":"LineString","coordinates":[[19.802493,41.32836],[19.802485,41.328664],[19.80254,41.328976],[19.802656,41.32932],[19.804265,41.332003],[19.804279,41.332241],[19.804256,41.332347],[19.804046,41.332875]]}},{"type":"Feature","properties":{"line":"16B","mode":"bus","color":"#999f01","oi":-0.5,"n":1,"sw":1},"geometry":{"type":"LineString","coordinates":[[19.802502,41.328036],[19.802501,41.328071]]}},{"type":"Feature","properties":{"line":"16B","mode":"bus","color":"#999f01","oi":-0.483,"n":1,"sw":1},"geometry":{"type":"LineString","coordinates":[[19.802501,41.328066],[19.8025,41.328103]]}},{"type":"Feature","properties":{"line":"16B","mode":"bus","color":"#999f01","oi":-0.437,"n":1,"sw":1},"geometry":{"type":"LineString","coordinates":[[19.8025,41.328098],[19.802499,41.328136]]}},{"type":"Feature","properties":{"line":"16B","mode":"bus","color":"#999f01","oi":-0.37,"n":1,"sw":1},"geometry":{"type":"LineString","coordinates":[[19.802499,41.32813],[19.802498,41.328168]]}},{"type":"Feature","properties":{"line":"16B","mode":"bus","color":"#999f01","oi":-0.291,"n":1,"sw":1},"geometry":{"type":"LineString","coordinates":[[19.802499,41.328163],[19.802498,41.328201]]}},{"type":"Feature","properties":{"line":"16B","mode":"bus","color":"#999f01","oi":-0.209,"n":1,"sw":1},"geometry":{"type":"LineString","coordinates":[[19.802498,41.328195],[19.802497,41.328233]]}},{"type":"Feature","properties":{"line":"16B","mode":"bus","color":"#999f01","oi":-0.13,"n":1,"sw":1},"geometry":{"type":"LineString","coordinates":[[19.802497,41.328228],[19.802496,41.328265]]}},{"type":"Feature","properties":{"line":"16B","mode":"bus","color":"#999f01","oi":-0.063,"n":1,"sw":1},"geometry":{"type":"LineString","coordinates":[[19.802496,41.32826],[19.802495,41.328298]]}},{"type":"Feature","properties":{"line":"16B","mode":"bus","color":"#999f01","oi":-0.017,"n":1,"sw":1},"geometry":{"type":"LineString","coordinates":[[19.802495,41.328292],[19.802494,41.32833]]}},{"type":"Feature","properties":{"line":"16B","mode":"bus","color":"#999f01","oi":0,"n":1,"sw":1},"geometry":{"type":"LineString","coordinates":[[19.802494,41.328325],[19.802493,41.328363]]}},{"type":"Feature","properties":{"line":"16B","mode":"bus","color":"#999f01","oi":0,"n":1},"geometry":{"type":"LineString","coordinates":[[19.809863,41.322014],[19.805411,41.321315],[19.805383,41.321315],[19.805363,41.321324],[19.805349,41.321342],[19.804262,41.323853],[19.803572,41.325381]]}},{"type":"Feature","properties":{"line":"16B","mode":"bus","color":"#999f01","oi":-1,"n":1,"sw":1},"geometry":{"type":"LineString","coordinates":[[19.810285,41.32208],[19.810258,41.322076]]}},{"type":"Feature","properties":{"line":"16B","mode":"bus","color":"#999f01","oi":-0.99,"n":1,"sw":1},"geometry":{"type":"LineString","coordinates":[[19.810265,41.322077],[19.810235,41.322072]]}},{"type":"Feature","properties":{"line":"16B","mode":"bus","color":"#999f01","oi":-0.962,"n":1,"sw":1},"geometry":{"type":"LineString","coordinates":[[19.810242,41.322073],[19.810211,41.322068]]}},{"type":"Feature","properties":{"line":"16B","mode":"bus","color":"#999f01","oi":-0.918,"n":1,"sw":1},"geometry":{"type":"LineString","coordinates":[[19.810218,41.32207],[19.810188,41.322065]]}},{"type":"Feature","properties":{"line":"16B","mode":"bus","color":"#999f01","oi":-0.86,"n":1,"sw":1},"geometry":{"type":"LineString","coordinates":[[19.810195,41.322066],[19.810164,41.322061]]}},{"type":"Feature","properties":{"line":"16B","mode":"bus","color":"#999f01","oi":-0.791,"n":1,"sw":1},"geometry":{"type":"LineString","coordinates":[[19.810171,41.322062],[19.810141,41.322057]]}},{"type":"Feature","properties":{"line":"16B","mode":"bus","color":"#999f01","oi":-0.714,"n":1,"sw":1},"geometry":{"type":"LineString","coordinates":[[19.810148,41.322059],[19.810118,41.322054]]}},{"type":"Feature","properties":{"line":"16B","mode":"bus","color":"#999f01","oi":-0.631,"n":1,"sw":1},"geometry":{"type":"LineString","coordinates":[[19.810125,41.322055],[19.810094,41.32205]]}},{"type":"Feature","properties":{"line":"16B","mode":"bus","color":"#999f01","oi":-0.544,"n":1,"sw":1},"geometry":{"type":"LineString","coordinates":[[19.810101,41.322051],[19.810071,41.322046]]}},{"type":"Feature","properties":{"line":"16B","mode":"bus","color":"#999f01","oi":-0.456,"n":1,"sw":1},"geometry":{"type":"LineString","coordinates":[[19.810078,41.322047],[19.810047,41.322043]]}},{"type":"Feature","properties":{"line":"16B","mode":"bus","color":"#999f01","oi":-0.369,"n":1,"sw":1},"geometry":{"type":"LineString","coordinates":[[19.810054,41.322044],[19.810024,41.322039]]}},{"type":"Feature","properties":{"line":"16B","mode":"bus","color":"#999f01","oi":-0.286,"n":1,"sw":1},"geometry":{"type":"LineString","coordinates":[[19.810031,41.32204],[19.81,41.322035]]}},{"type":"Feature","properties":{"line":"16B","mode":"bus","color":"#999f01","oi":-0.209,"n":1,"sw":1},"geometry":{"type":"LineString","coordinates":[[19.810007,41.322036],[19.809977,41.322032]]}},{"type":"Feature","properties":{"line":"16B","mode":"bus","color":"#999f01","oi":-0.14,"n":1,"sw":1},"geometry":{"type":"LineString","coordinates":[[19.809984,41.322033],[19.809954,41.322028]]}},{"type":"Feature","properties":{"line":"16B","mode":"bus","color":"#999f01","oi":-0.082,"n":1,"sw":1},"geometry":{"type":"LineString","coordinates":[[19.809961,41.322029],[19.80993,41.322024]]}},{"type":"Feature","properties":{"line":"16B","mode":"bus","color":"#999f01","oi":-0.038,"n":1,"sw":1},"geometry":{"type":"LineString","coordinates":[[19.809937,41.322025],[19.809907,41.322021]]}},{"type":"Feature","properties":{"line":"16B","mode":"bus","color":"#999f01","oi":-0.01,"n":1,"sw":1},"geometry":{"type":"LineString","coordinates":[[19.809914,41.322022],[19.809883,41.322017]]}},{"type":"Feature","properties":{"line":"16B","mode":"bus","color":"#999f01","oi":0,"n":1,"sw":1},"geometry":{"type":"LineString","coordinates":[[19.80989,41.322018],[19.80986,41.322013]]}},{"type":"Feature","properties":{"line":"16B","mode":"bus","color":"#999f01","oi":0,"n":1,"sw":1},"geometry":{"type":"LineString","coordinates":[[19.803573,41.325379],[19.803557,41.325415]]}},{"type":"Feature","properties":{"line":"16B","mode":"bus","color":"#999f01","oi":-0.017,"n":1,"sw":1},"geometry":{"type":"LineString","coordinates":[[19.803559,41.325409],[19.803543,41.325445]]}},{"type":"Feature","properties":{"line":"16B","mode":"bus","color":"#999f01","oi":-0.063,"n":1,"sw":1},"geometry":{"type":"LineString","coordinates":[[19.803545,41.32544],[19.803529,41.325476]]}},{"type":"Feature","properties":{"line":"16B","mode":"bus","color":"#999f01","oi":-0.13,"n":1,"sw":1},"geometry":{"type":"LineString","coordinates":[[19.803531,41.325471],[19.803515,41.325507]]}},{"type":"Feature","properties":{"line":"16B","mode":"bus","color":"#999f01","oi":-0.209,"n":1,"sw":1},"geometry":{"type":"LineString","coordinates":[[19.803517,41.325501],[19.803501,41.325537]]}},{"type":"Feature","properties":{"line":"16B","mode":"bus","color":"#999f01","oi":-0.291,"n":1,"sw":1},"geometry":{"type":"LineString","coordinates":[[19.803503,41.325532],[19.803487,41.325568]]}},{"type":"Feature","properties":{"line":"16B","mode":"bus","color":"#999f01","oi":-0.37,"n":1,"sw":1},"geometry":{"type":"LineString","coordinates":[[19.80349,41.325563],[19.803473,41.325599]]}},{"type":"Feature","properties":{"line":"16B","mode":"bus","color":"#999f01","oi":-0.437,"n":1,"sw":1},"geometry":{"type":"LineString","coordinates":[[19.803476,41.325593],[19.80346,41.325629]]}},{"type":"Feature","properties":{"line":"16B","mode":"bus","color":"#999f01","oi":-0.483,"n":1,"sw":1},"geometry":{"type":"LineString","coordinates":[[19.803462,41.325624],[19.803446,41.32566]]}},{"type":"Feature","properties":{"line":"16B","mode":"bus","color":"#999f01","oi":-0.5,"n":1,"sw":1},"geometry":{"type":"LineString","coordinates":[[19.803448,41.325655],[19.803433,41.325688]]}},{"type":"Feature","properties":{"line":"16B","mode":"bus","color":"#999f01","oi":0,"n":1},"geometry":{"type":"LineString","coordinates":[[19.81714,41.323163],[19.813807,41.322636]]}},{"type":"Feature","properties":{"line":"16B","mode":"bus","color":"#999f01","oi":-0.5,"n":1,"sw":1},"geometry":{"type":"LineString","coordinates":[[19.817561,41.32323],[19.817515,41.323223]]}},{"type":"Feature","properties":{"line":"16B","mode":"bus","color":"#999f01","oi":-0.483,"n":1,"sw":1},"geometry":{"type":"LineString","coordinates":[[19.817522,41.323224],[19.817473,41.323216]]}},{"type":"Feature","properties":{"line":"16B","mode":"bus","color":"#999f01","oi":-0.437,"n":1,"sw":1},"geometry":{"type":"LineString","coordinates":[[19.81748,41.323217],[19.817431,41.323209]]}},{"type":"Feature","properties":{"line":"16B","mode":"bus","color":"#999f01","oi":-0.37,"n":1,"sw":1},"geometry":{"type":"LineString","coordinates":[[19.817438,41.323211],[19.817389,41.323203]]}},{"type":"Feature","properties":{"line":"16B","mode":"bus","color":"#999f01","oi":-0.291,"n":1,"sw":1},"geometry":{"type":"LineString","coordinates":[[19.817396,41.323204],[19.817347,41.323196]]}},{"type":"Feature","properties":{"line":"16B","mode":"bus","color":"#999f01","oi":-0.209,"n":1,"sw":1},"geometry":{"type":"LineString","coordinates":[[19.817354,41.323197],[19.817305,41.323189]]}},{"type":"Feature","properties":{"line":"16B","mode":"bus","color":"#999f01","oi":-0.13,"n":1,"sw":1},"geometry":{"type":"LineString","coordinates":[[19.817312,41.323191],[19.817263,41.323183]]}},{"type":"Feature","properties":{"line":"16B","mode":"bus","color":"#999f01","oi":-0.063,"n":1,"sw":1},"geometry":{"type":"LineString","coordinates":[[19.81727,41.323184],[19.81722,41.323176]]}},{"type":"Feature","properties":{"line":"16B","mode":"bus","color":"#999f01","oi":-0.017,"n":1,"sw":1},"geometry":{"type":"LineString","coordinates":[[19.817227,41.323177],[19.817178,41.323169]]}},{"type":"Feature","properties":{"line":"16B","mode":"bus","color":"#999f01","oi":0,"n":1,"sw":1},"geometry":{"type":"LineString","coordinates":[[19.817185,41.323171],[19.817136,41.323163]]}},{"type":"Feature","properties":{"line":"16B","mode":"bus","color":"#999f01","oi":0,"n":1,"sw":1},"geometry":{"type":"LineString","coordinates":[[19.813811,41.322636],[19.81378,41.322631]]}},{"type":"Feature","properties":{"line":"16B","mode":"bus","color":"#999f01","oi":-0.01,"n":1,"sw":1},"geometry":{"type":"LineString","coordinates":[[19.813788,41.322633],[19.813757,41.322628]]}},{"type":"Feature","properties":{"line":"16B","mode":"bus","color":"#999f01","oi":-0.038,"n":1,"sw":1},"geometry":{"type":"LineString","coordinates":[[19.813764,41.322629],[19.813734,41.322624]]}},{"type":"Feature","properties":{"line":"16B","mode":"bus","color":"#999f01","oi":-0.082,"n":1,"sw":1},"geometry":{"type":"LineString","coordinates":[[19.813741,41.322625],[19.81371,41.32262]]}},{"type":"Feature","properties":{"line":"16B","mode":"bus","color":"#999f01","oi":-0.14,"n":1,"sw":1},"geometry":{"type":"LineString","coordinates":[[19.813717,41.322621],[19.813687,41.322617]]}},{"type":"Feature","properties":{"line":"16B","mode":"bus","color":"#999f01","oi":-0.209,"n":1,"sw":1},"geometry":{"type":"LineString","coordinates":[[19.813694,41.322618],[19.813663,41.322613]]}},{"type":"Feature","properties":{"line":"16B","mode":"bus","color":"#999f01","oi":-0.286,"n":1,"sw":1},"geometry":{"type":"LineString","coordinates":[[19.81367,41.322614],[19.81364,41.322609]]}},{"type":"Feature","properties":{"line":"16B","mode":"bus","color":"#999f01","oi":-0.369,"n":1,"sw":1},"geometry":{"type":"LineString","coordinates":[[19.813647,41.32261],[19.813617,41.322606]]}},{"type":"Feature","properties":{"line":"16B","mode":"bus","color":"#999f01","oi":-0.456,"n":1,"sw":1},"geometry":{"type":"LineString","coordinates":[[19.813624,41.322607],[19.813593,41.322602]]}},{"type":"Feature","properties":{"line":"16B","mode":"bus","color":"#999f01","oi":-0.544,"n":1,"sw":1},"geometry":{"type":"LineString","coordinates":[[19.8136,41.322603],[19.81357,41.322598]]}},{"type":"Feature","properties":{"line":"16B","mode":"bus","color":"#999f01","oi":-0.631,"n":1,"sw":1},"geometry":{"type":"LineString","coordinates":[[19.813577,41.322599],[19.813546,41.322594]]}},{"type":"Feature","properties":{"line":"16B","mode":"bus","color":"#999f01","oi":-0.714,"n":1,"sw":1},"geometry":{"type":"LineString","coordinates":[[19.813553,41.322596],[19.813523,41.322591]]}},{"type":"Feature","properties":{"line":"16B","mode":"bus","color":"#999f01","oi":-0.791,"n":1,"sw":1},"geometry":{"type":"LineString","coordinates":[[19.81353,41.322592],[19.8135,41.322587]]}},{"type":"Feature","properties":{"line":"16B","mode":"bus","color":"#999f01","oi":-0.86,"n":1,"sw":1},"geometry":{"type":"LineString","coordinates":[[19.813507,41.322588],[19.813476,41.322583]]}},{"type":"Feature","properties":{"line":"16B","mode":"bus","color":"#999f01","oi":-0.918,"n":1,"sw":1},"geometry":{"type":"LineString","coordinates":[[19.813483,41.322584],[19.813453,41.32258]]}},{"type":"Feature","properties":{"line":"16B","mode":"bus","color":"#999f01","oi":-0.962,"n":1,"sw":1},"geometry":{"type":"LineString","coordinates":[[19.81346,41.322581],[19.813429,41.322576]]}},{"type":"Feature","properties":{"line":"16B","mode":"bus","color":"#999f01","oi":-0.99,"n":1,"sw":1},"geometry":{"type":"LineString","coordinates":[[19.813436,41.322577],[19.813406,41.322572]]}},{"type":"Feature","properties":{"line":"16B","mode":"bus","color":"#999f01","oi":-1,"n":1,"sw":1},"geometry":{"type":"LineString","coordinates":[[19.813413,41.322573],[19.813386,41.322569]]}},{"type":"Feature","properties":{"line":"16B","mode":"bus","color":"#999f01","oi":-1,"n":3},"geometry":{"type":"LineString","coordinates":[[19.813386,41.322569],[19.810285,41.32208]]}},{"type":"Feature","properties":{"line":"16B","mode":"bus","color":"#999f01","oi":-1,"n":3},"geometry":{"type":"LineString","coordinates":[[19.829035,41.340214],[19.8288,41.340317],[19.828498,41.340357],[19.827711,41.340299],[19.826765,41.340196]]}},{"type":"Feature","properties":{"line":"16B","mode":"bus","color":"#999f01","oi":-1,"n":3,"sw":1},"geometry":{"type":"LineString","coordinates":[[19.826769,41.340196],[19.826751,41.340194]]}},{"type":"Feature","properties":{"line":"16B","mode":"bus","color":"#999f01","oi":-0.995,"n":3,"sw":1},"geometry":{"type":"LineString","coordinates":[[19.826758,41.340195],[19.82674,41.340193]]}},{"type":"Feature","properties":{"line":"16B","mode":"bus","color":"#999f01","oi":-0.981,"n":3,"sw":1},"geometry":{"type":"LineString","coordinates":[[19.826747,41.340194],[19.82673,41.340192]]}},{"type":"Feature","properties":{"line":"16B","mode":"bus","color":"#999f01","oi":-0.958,"n":3,"sw":1},"geometry":{"type":"LineString","coordinates":[[19.826737,41.340192],[19.826719,41.340191]]}},{"type":"Feature","properties":{"line":"16B","mode":"bus","color":"#999f01","oi":-0.926,"n":3,"sw":1},"geometry":{"type":"LineString","coordinates":[[19.826726,41.340191],[19.826708,41.340189]]}},{"type":"Feature","properties":{"line":"16B","mode":"bus","color":"#999f01","oi":-0.887,"n":3,"sw":1},"geometry":{"type":"LineString","coordinates":[[19.826715,41.34019],[19.826698,41.340188]]}},{"type":"Feature","properties":{"line":"16B","mode":"bus","color":"#999f01","oi":-0.841,"n":3,"sw":1},"geometry":{"type":"LineString","coordinates":[[19.826705,41.340189],[19.826687,41.340187]]}},{"type":"Feature","properties":{"line":"16B","mode":"bus","color":"#999f01","oi":-0.787,"n":3,"sw":1},"geometry":{"type":"LineString","coordinates":[[19.826694,41.340188],[19.826676,41.340186]]}},{"type":"Feature","properties":{"line":"16B","mode":"bus","color":"#999f01","oi":-0.728,"n":3,"sw":1},"geometry":{"type":"LineString","coordinates":[[19.826683,41.340187],[19.826666,41.340185]]}},{"type":"Feature","properties":{"line":"16B","mode":"bus","color":"#999f01","oi":-0.662,"n":3,"sw":1},"geometry":{"type":"LineString","coordinates":[[19.826673,41.340185],[19.826655,41.340184]]}},{"type":"Feature","properties":{"line":"16B","mode":"bus","color":"#999f01","oi":-0.591,"n":3,"sw":1},"geometry":{"type":"LineString","coordinates":[[19.826662,41.340184],[19.826644,41.340182]]}},{"type":"Feature","properties":{"line":"16B","mode":"bus","color":"#999f01","oi":-0.516,"n":3,"sw":1},"geometry":{"type":"LineString","coordinates":[[19.826652,41.340183],[19.826634,41.340181]]}},{"type":"Feature","properties":{"line":"16B","mode":"bus","color":"#999f01","oi":-0.436,"n":3,"sw":1},"geometry":{"type":"LineString","coordinates":[[19.826641,41.340182],[19.826623,41.34018]]}},{"type":"Feature","properties":{"line":"16B","mode":"bus","color":"#999f01","oi":-0.352,"n":3,"sw":1},"geometry":{"type":"LineString","coordinates":[[19.82663,41.340181],[19.826612,41.340179]]}},{"type":"Feature","properties":{"line":"16B","mode":"bus","color":"#999f01","oi":-0.265,"n":3,"sw":1},"geometry":{"type":"LineString","coordinates":[[19.82662,41.34018],[19.826602,41.340178]]}},{"type":"Feature","properties":{"line":"16B","mode":"bus","color":"#999f01","oi":-0.175,"n":3,"sw":1},"geometry":{"type":"LineString","coordinates":[[19.826609,41.340179],[19.826591,41.340177]]}},{"type":"Feature","properties":{"line":"16B","mode":"bus","color":"#999f01","oi":-0.083,"n":3,"sw":1},"geometry":{"type":"LineString","coordinates":[[19.826598,41.340177],[19.82658,41.340175]]}},{"type":"Feature","properties":{"line":"16B","mode":"bus","color":"#999f01","oi":0.011,"n":3,"sw":1},"geometry":{"type":"LineString","coordinates":[[19.826588,41.340176],[19.82657,41.340174]]}},{"type":"Feature","properties":{"line":"16B","mode":"bus","color":"#999f01","oi":0.106,"n":3,"sw":1},"geometry":{"type":"LineString","coordinates":[[19.826577,41.340175],[19.826559,41.340173]]}},{"type":"Feature","properties":{"line":"16B","mode":"bus","color":"#999f01","oi":0.202,"n":3,"sw":1},"geometry":{"type":"LineString","coordinates":[[19.826566,41.340174],[19.826549,41.340172]]}},{"type":"Feature","properties":{"line":"16B","mode":"bus","color":"#999f01","oi":0.298,"n":3,"sw":1},"geometry":{"type":"LineString","coordinates":[[19.826556,41.340173],[19.826538,41.340171]]}},{"type":"Feature","properties":{"line":"16B","mode":"bus","color":"#999f01","oi":0.394,"n":3,"sw":1},"geometry":{"type":"LineString","coordinates":[[19.826545,41.340172],[19.826527,41.34017]]}},{"type":"Feature","properties":{"line":"16B","mode":"bus","color":"#999f01","oi":0.489,"n":3,"sw":1},"geometry":{"type":"LineString","coordinates":[[19.826534,41.34017],[19.826517,41.340168]]}},{"type":"Feature","properties":{"line":"16B","mode":"bus","color":"#999f01","oi":0.583,"n":3,"sw":1},"geometry":{"type":"LineString","coordinates":[[19.826524,41.340169],[19.826506,41.340167]]}},{"type":"Feature","properties":{"line":"16B","mode":"bus","color":"#999f01","oi":0.675,"n":3,"sw":1},"geometry":{"type":"LineString","coordinates":[[19.826513,41.340168],[19.826495,41.340166]]}},{"type":"Feature","properties":{"line":"16B","mode":"bus","color":"#999f01","oi":0.765,"n":3,"sw":1},"geometry":{"type":"LineString","coordinates":[[19.826502,41.340167],[19.826485,41.340165]]}},{"type":"Feature","properties":{"line":"16B","mode":"bus","color":"#999f01","oi":0.852,"n":3,"sw":1},"geometry":{"type":"LineString","coordinates":[[19.826492,41.340166],[19.826474,41.340164]]}},{"type":"Feature","properties":{"line":"16B","mode":"bus","color":"#999f01","oi":0.936,"n":3,"sw":1},"geometry":{"type":"LineString","coordinates":[[19.826481,41.340165],[19.826463,41.340163]]}},{"type":"Feature","properties":{"line":"16B","mode":"bus","color":"#999f01","oi":1.016,"n":3,"sw":1},"geometry":{"type":"LineString","coordinates":[[19.82647,41.340163],[19.826453,41.340161]]}},{"type":"Feature","properties":{"line":"16B","mode":"bus","color":"#999f01","oi":1.091,"n":3,"sw":1},"geometry":{"type":"LineString","coordinates":[[19.82646,41.340162],[19.826442,41.34016]]}},{"type":"Feature","properties":{"line":"16B","mode":"bus","color":"#999f01","oi":1.162,"n":3,"sw":1},"geometry":{"type":"LineString","coordinates":[[19.826449,41.340161],[19.826431,41.340159]]}},{"type":"Feature","properties":{"line":"16B","mode":"bus","color":"#999f01","oi":1.228,"n":3,"sw":1},"geometry":{"type":"LineString","coordinates":[[19.826438,41.34016],[19.826421,41.340158]]}},{"type":"Feature","properties":{"line":"16B","mode":"bus","color":"#999f01","oi":1.287,"n":3,"sw":1},"geometry":{"type":"LineString","coordinates":[[19.826428,41.340159],[19.82641,41.340157]]}},{"type":"Feature","properties":{"line":"16B","mode":"bus","color":"#999f01","oi":1.341,"n":3,"sw":1},"geometry":{"type":"LineString","coordinates":[[19.826417,41.340158],[19.826399,41.340156]]}},{"type":"Feature","properties":{"line":"16B","mode":"bus","color":"#999f01","oi":1.387,"n":3,"sw":1},"geometry":{"type":"LineString","coordinates":[[19.826406,41.340156],[19.826389,41.340154]]}},{"type":"Feature","properties":{"line":"16B","mode":"bus","color":"#999f01","oi":1.426,"n":3,"sw":1},"geometry":{"type":"LineString","coordinates":[[19.826396,41.340155],[19.826378,41.340153]]}},{"type":"Feature","properties":{"line":"16B","mode":"bus","color":"#999f01","oi":1.458,"n":3,"sw":1},"geometry":{"type":"LineString","coordinates":[[19.826385,41.340154],[19.826367,41.340152]]}},{"type":"Feature","properties":{"line":"16B","mode":"bus","color":"#999f01","oi":1.481,"n":3,"sw":1},"geometry":{"type":"LineString","coordinates":[[19.826375,41.340153],[19.826357,41.340151]]}},{"type":"Feature","properties":{"line":"16B","mode":"bus","color":"#999f01","oi":1.495,"n":3,"sw":1},"geometry":{"type":"LineString","coordinates":[[19.826364,41.340152],[19.826346,41.34015]]}},{"type":"Feature","properties":{"line":"16B","mode":"bus","color":"#999f01","oi":1.5,"n":3,"sw":1},"geometry":{"type":"LineString","coordinates":[[19.826353,41.340151],[19.826339,41.340149]]}},{"type":"Feature","properties":{"line":"16B","mode":"bus","color":"#999f01","oi":-1.5,"n":4},"geometry":{"type":"LineString","coordinates":[[19.820356,41.337337],[19.821199,41.337799],[19.821896,41.338262],[19.822926,41.339034],[19.823498,41.339373],[19.824266,41.339702],[19.824921,41.339896],[19.825478,41.34002],[19.826339,41.340149]]}},{"type":"Feature","properties":{"line":"16B","mode":"bus","color":"#999f01","oi":0,"n":4,"sw":1},"geometry":{"type":"LineString","coordinates":[[19.820008,41.337146],[19.820024,41.337155]]}},{"type":"Feature","properties":{"line":"16B","mode":"bus","color":"#999f01","oi":-0.007,"n":4,"sw":1},"geometry":{"type":"LineString","coordinates":[[19.820018,41.337152],[19.820038,41.337162]]}},{"type":"Feature","properties":{"line":"16B","mode":"bus","color":"#999f01","oi":-0.027,"n":4,"sw":1},"geometry":{"type":"LineString","coordinates":[[19.820032,41.337159],[19.820051,41.33717]]}},{"type":"Feature","properties":{"line":"16B","mode":"bus","color":"#999f01","oi":-0.06,"n":4,"sw":1},"geometry":{"type":"LineString","coordinates":[[19.820045,41.337166],[19.820064,41.337177]]}},{"type":"Feature","properties":{"line":"16B","mode":"bus","color":"#999f01","oi":-0.103,"n":4,"sw":1},"geometry":{"type":"LineString","coordinates":[[19.820059,41.337174],[19.820078,41.337184]]}},{"type":"Feature","properties":{"line":"16B","mode":"bus","color":"#999f01","oi":-0.156,"n":4,"sw":1},"geometry":{"type":"LineString","coordinates":[[19.820072,41.337181],[19.820091,41.337192]]}},{"type":"Feature","properties":{"line":"16B","mode":"bus","color":"#999f01","oi":-0.218,"n":4,"sw":1},"geometry":{"type":"LineString","coordinates":[[19.820085,41.337188],[19.820105,41.337199]]}},{"type":"Feature","properties":{"line":"16B","mode":"bus","color":"#999f01","oi":-0.287,"n":4,"sw":1},"geometry":{"type":"LineString","coordinates":[[19.820099,41.337196],[19.820118,41.337206]]}},{"type":"Feature","properties":{"line":"16B","mode":"bus","color":"#999f01","oi":-0.362,"n":4,"sw":1},"geometry":{"type":"LineString","coordinates":[[19.820112,41.337203],[19.820131,41.337214]]}},{"type":"Feature","properties":{"line":"16B","mode":"bus","color":"#999f01","oi":-0.443,"n":4,"sw":1},"geometry":{"type":"LineString","coordinates":[[19.820126,41.33721],[19.820145,41.337221]]}},{"type":"Feature","properties":{"line":"16B","mode":"bus","color":"#999f01","oi":-0.528,"n":4,"sw":1},"geometry":{"type":"LineString","coordinates":[[19.820139,41.337218],[19.820158,41.337228]]}},{"type":"Feature","properties":{"line":"16B","mode":"bus","color":"#999f01","oi":-0.616,"n":4,"sw":1},"geometry":{"type":"LineString","coordinates":[[19.820152,41.337225],[19.820172,41.337236]]}},{"type":"Feature","properties":{"line":"16B","mode":"bus","color":"#999f01","oi":-0.705,"n":4,"sw":1},"geometry":{"type":"LineString","coordinates":[[19.820166,41.337232],[19.820185,41.337243]]}},{"type":"Feature","properties":{"line":"16B","mode":"bus","color":"#999f01","oi":-0.795,"n":4,"sw":1},"geometry":{"type":"LineString","coordinates":[[19.820179,41.33724],[19.820198,41.33725]]}},{"type":"Feature","properties":{"line":"16B","mode":"bus","color":"#999f01","oi":-0.884,"n":4,"sw":1},"geometry":{"type":"LineString","coordinates":[[19.820192,41.337247],[19.820212,41.337258]]}},{"type":"Feature","properties":{"line":"16B","mode":"bus","color":"#999f01","oi":-0.972,"n":4,"sw":1},"geometry":{"type":"LineString","coordinates":[[19.820206,41.337254],[19.820225,41.337265]]}},{"type":"Feature","properties":{"line":"16B","mode":"bus","color":"#999f01","oi":-1.057,"n":4,"sw":1},"geometry":{"type":"LineString","coordinates":[[19.820219,41.337262],[19.820238,41.337272]]}},{"type":"Feature","properties":{"line":"16B","mode":"bus","color":"#999f01","oi":-1.138,"n":4,"sw":1},"geometry":{"type":"LineString","coordinates":[[19.820233,41.337269],[19.820252,41.33728]]}},{"type":"Feature","properties":{"line":"16B","mode":"bus","color":"#999f01","oi":-1.213,"n":4,"sw":1},"geometry":{"type":"LineString","coordinates":[[19.820246,41.337277],[19.820265,41.337287]]}},{"type":"Feature","properties":{"line":"16B","mode":"bus","color":"#999f01","oi":-1.282,"n":4,"sw":1},"geometry":{"type":"LineString","coordinates":[[19.820259,41.337284],[19.820279,41.337294]]}},{"type":"Feature","properties":{"line":"16B","mode":"bus","color":"#999f01","oi":-1.344,"n":4,"sw":1},"geometry":{"type":"LineString","coordinates":[[19.820273,41.337291],[19.820292,41.337302]]}},{"type":"Feature","properties":{"line":"16B","mode":"bus","color":"#999f01","oi":-1.397,"n":4,"sw":1},"geometry":{"type":"LineString","coordinates":[[19.820286,41.337299],[19.820305,41.337309]]}},{"type":"Feature","properties":{"line":"16B","mode":"bus","color":"#999f01","oi":-1.44,"n":4,"sw":1},"geometry":{"type":"LineString","coordinates":[[19.8203,41.337306],[19.820319,41.337316]]}},{"type":"Feature","properties":{"line":"16B","mode":"bus","color":"#999f01","oi":-1.473,"n":4,"sw":1},"geometry":{"type":"LineString","coordinates":[[19.820313,41.337313],[19.820332,41.337324]]}},{"type":"Feature","properties":{"line":"16B","mode":"bus","color":"#999f01","oi":-1.493,"n":4,"sw":1},"geometry":{"type":"LineString","coordinates":[[19.820326,41.337321],[19.820346,41.337331]]}},{"type":"Feature","properties":{"line":"16B","mode":"bus","color":"#999f01","oi":-1.5,"n":4,"sw":1},"geometry":{"type":"LineString","coordinates":[[19.82034,41.337328],[19.820359,41.337338]]}},{"type":"Feature","properties":{"line":"16B","mode":"bus","color":"#999f01","oi":-0.5,"n":2},"geometry":{"type":"LineString","coordinates":[[19.824817,41.324743],[19.824297,41.324531],[19.823604,41.324281],[19.823044,41.324124],[19.822222,41.32397],[19.819657,41.323562],[19.817561,41.32323]]}},{"type":"Feature","properties":{"line":"16B","mode":"bus","color":"#999f01","oi":0,"n":2,"sw":1},"geometry":{"type":"LineString","coordinates":[[19.825175,41.324923],[19.825136,41.324903]]}},{"type":"Feature","properties":{"line":"16B","mode":"bus","color":"#999f01","oi":-0.017,"n":2,"sw":1},"geometry":{"type":"LineString","coordinates":[[19.825142,41.324906],[19.825101,41.324885]]}},{"type":"Feature","properties":{"line":"16B","mode":"bus","color":"#999f01","oi":-0.063,"n":2,"sw":1},"geometry":{"type":"LineString","coordinates":[[19.825107,41.324888],[19.825065,41.324867]]}},{"type":"Feature","properties":{"line":"16B","mode":"bus","color":"#999f01","oi":-0.13,"n":2,"sw":1},"geometry":{"type":"LineString","coordinates":[[19.825071,41.32487],[19.82503,41.324849]]}},{"type":"Feature","properties":{"line":"16B","mode":"bus","color":"#999f01","oi":-0.209,"n":2,"sw":1},"geometry":{"type":"LineString","coordinates":[[19.825036,41.324852],[19.824994,41.32483]]}},{"type":"Feature","properties":{"line":"16B","mode":"bus","color":"#999f01","oi":-0.291,"n":2,"sw":1},"geometry":{"type":"LineString","coordinates":[[19.825,41.324833],[19.824958,41.324812]]}},{"type":"Feature","properties":{"line":"16B","mode":"bus","color":"#999f01","oi":-0.37,"n":2,"sw":1},"geometry":{"type":"LineString","coordinates":[[19.824964,41.324815],[19.824923,41.324794]]}},{"type":"Feature","properties":{"line":"16B","mode":"bus","color":"#999f01","oi":-0.437,"n":2,"sw":1},"geometry":{"type":"LineString","coordinates":[[19.824929,41.324797],[19.824887,41.324776]]}},{"type":"Feature","properties":{"line":"16B","mode":"bus","color":"#999f01","oi":-0.483,"n":2,"sw":1},"geometry":{"type":"LineString","coordinates":[[19.824893,41.324779],[19.824852,41.324757]]}},{"type":"Feature","properties":{"line":"16B","mode":"bus","color":"#999f01","oi":-0.5,"n":2,"sw":1},"geometry":{"type":"LineString","coordinates":[[19.824858,41.32476],[19.824843,41.324753],[19.824814,41.324741]]}},{"type":"Feature","properties":{"line":"16B","mode":"bus","color":"#999f01","oi":-1.5,"n":4},"geometry":{"type":"LineString","coordinates":[[19.828992,41.327887],[19.834481,41.330232]]}},{"type":"Feature","properties":{"line":"16B","mode":"bus","color":"#999f01","oi":-1.5,"n":4},"geometry":{"type":"LineString","coordinates":[[19.828655,41.327737],[19.828277,41.327528],[19.826445,41.325958]]}},{"type":"Feature","properties":{"line":"16B","mode":"bus","color":"#999f01","oi":-1.5,"n":4,"sw":1},"geometry":{"type":"LineString","coordinates":[[19.826447,41.32596],[19.826432,41.325947]]}},{"type":"Feature","properties":{"line":"16B","mode":"bus","color":"#999f01","oi":-1.493,"n":4,"sw":1},"geometry":{"type":"LineString","coordinates":[[19.826437,41.325951],[19.826421,41.325938]]}},{"type":"Feature","properties":{"line":"16B","mode":"bus","color":"#999f01","oi":-1.473,"n":4,"sw":1},"geometry":{"type":"LineString","coordinates":[[19.826426,41.325942],[19.82641,41.325928]]}},{"type":"Feature","properties":{"line":"16B","mode":"bus","color":"#999f01","oi":-1.44,"n":4,"sw":1},"geometry":{"type":"LineString","coordinates":[[19.826415,41.325932],[19.826399,41.325919]]}},{"type":"Feature","properties":{"line":"16B","mode":"bus","color":"#999f01","oi":-1.397,"n":4,"sw":1},"geometry":{"type":"LineString","coordinates":[[19.826404,41.325923],[19.826388,41.32591]]}},{"type":"Feature","properties":{"line":"16B","mode":"bus","color":"#999f01","oi":-1.344,"n":4,"sw":1},"geometry":{"type":"LineString","coordinates":[[19.826393,41.325914],[19.826377,41.3259]]}},{"type":"Feature","properties":{"line":"16B","mode":"bus","color":"#999f01","oi":-1.282,"n":4,"sw":1},"geometry":{"type":"LineString","coordinates":[[19.826382,41.325904],[19.826366,41.325891]]}},{"type":"Feature","properties":{"line":"16B","mode":"bus","color":"#999f01","oi":-1.213,"n":4,"sw":1},"geometry":{"type":"LineString","coordinates":[[19.826371,41.325895],[19.826355,41.325882]]}},{"type":"Feature","properties":{"line":"16B","mode":"bus","color":"#999f01","oi":-1.138,"n":4,"sw":1},"geometry":{"type":"LineString","coordinates":[[19.82636,41.325886],[19.826344,41.325872]]}},{"type":"Feature","properties":{"line":"16B","mode":"bus","color":"#999f01","oi":-1.057,"n":4,"sw":1},"geometry":{"type":"LineString","coordinates":[[19.826349,41.325876],[19.826333,41.325863]]}},{"type":"Feature","properties":{"line":"16B","mode":"bus","color":"#999f01","oi":-0.972,"n":4,"sw":1},"geometry":{"type":"LineString","coordinates":[[19.826338,41.325867],[19.826323,41.325853]]}},{"type":"Feature","properties":{"line":"16B","mode":"bus","color":"#999f01","oi":-0.884,"n":4,"sw":1},"geometry":{"type":"LineString","coordinates":[[19.826327,41.325857],[19.826312,41.325844]]}},{"type":"Feature","properties":{"line":"16B","mode":"bus","color":"#999f01","oi":-0.795,"n":4,"sw":1},"geometry":{"type":"LineString","coordinates":[[19.826316,41.325848],[19.826301,41.325835]]}},{"type":"Feature","properties":{"line":"16B","mode":"bus","color":"#999f01","oi":-0.705,"n":4,"sw":1},"geometry":{"type":"LineString","coordinates":[[19.826305,41.325839],[19.82629,41.325825]]}},{"type":"Feature","properties":{"line":"16B","mode":"bus","color":"#999f01","oi":-0.616,"n":4,"sw":1},"geometry":{"type":"LineString","coordinates":[[19.826294,41.325829],[19.826279,41.325816]]}},{"type":"Feature","properties":{"line":"16B","mode":"bus","color":"#999f01","oi":-0.528,"n":4,"sw":1},"geometry":{"type":"LineString","coordinates":[[19.826284,41.32582],[19.826268,41.325807]]}},{"type":"Feature","properties":{"line":"16B","mode":"bus","color":"#999f01","oi":-0.443,"n":4,"sw":1},"geometry":{"type":"LineString","coordinates":[[19.826273,41.325811],[19.826257,41.325797]]}},{"type":"Feature","properties":{"line":"16B","mode":"bus","color":"#999f01","oi":-0.362,"n":4,"sw":1},"geometry":{"type":"LineString","coordinates":[[19.826262,41.325801],[19.826246,41.325788]]}},{"type":"Feature","properties":{"line":"16B","mode":"bus","color":"#999f01","oi":-0.287,"n":4,"sw":1},"geometry":{"type":"LineString","coordinates":[[19.826251,41.325792],[19.826235,41.325779]]}},{"type":"Feature","properties":{"line":"16B","mode":"bus","color":"#999f01","oi":-0.218,"n":4,"sw":1},"geometry":{"type":"LineString","coordinates":[[19.82624,41.325783],[19.826224,41.325769]]}},{"type":"Feature","properties":{"line":"16B","mode":"bus","color":"#999f01","oi":-0.156,"n":4,"sw":1},"geometry":{"type":"LineString","coordinates":[[19.826229,41.325773],[19.826213,41.32576]]}},{"type":"Feature","properties":{"line":"16B","mode":"bus","color":"#999f01","oi":-0.103,"n":4,"sw":1},"geometry":{"type":"LineString","coordinates":[[19.826218,41.325764],[19.826202,41.32575]]}},{"type":"Feature","properties":{"line":"16B","mode":"bus","color":"#999f01","oi":-0.06,"n":4,"sw":1},"geometry":{"type":"LineString","coordinates":[[19.826207,41.325754],[19.826191,41.325741]]}},{"type":"Feature","properties":{"line":"16B","mode":"bus","color":"#999f01","oi":-0.027,"n":4,"sw":1},"geometry":{"type":"LineString","coordinates":[[19.826196,41.325745],[19.82618,41.325732]]}},{"type":"Feature","properties":{"line":"16B","mode":"bus","color":"#999f01","oi":-0.007,"n":4,"sw":1},"geometry":{"type":"LineString","coordinates":[[19.826185,41.325736],[19.82617,41.325722]]}},{"type":"Feature","properties":{"line":"16B","mode":"bus","color":"#999f01","oi":0,"n":4,"sw":1},"geometry":{"type":"LineString","coordinates":[[19.826174,41.325726],[19.826161,41.325715]]}},{"type":"Feature","properties":{"line":"16B","mode":"bus","color":"#999f01","oi":-0.5,"n":2},"geometry":{"type":"LineString","coordinates":[[19.834436,41.33046],[19.83439,41.330687]]}},{"type":"Feature","properties":{"line":"16B","mode":"bus","color":"#999f01","oi":0,"n":2,"sw":1},"geometry":{"type":"LineString","coordinates":[[19.834481,41.330232],[19.834476,41.330257]]}},{"type":"Feature","properties":{"line":"16B","mode":"bus","color":"#999f01","oi":-0.017,"n":2,"sw":1},"geometry":{"type":"LineString","coordinates":[[19.834477,41.330252],[19.834471,41.33028]]}},{"type":"Feature","properties":{"line":"16B","mode":"bus","color":"#999f01","oi":-0.063,"n":2,"sw":1},"geometry":{"type":"LineString","coordinates":[[19.834472,41.330275],[19.834467,41.330303]]}},{"type":"Feature","properties":{"line":"16B","mode":"bus","color":"#999f01","oi":-0.13,"n":2,"sw":1},"geometry":{"type":"LineString","coordinates":[[19.834468,41.330298],[19.834462,41.330326]]}},{"type":"Feature","properties":{"line":"16B","mode":"bus","color":"#999f01","oi":-0.209,"n":2,"sw":1},"geometry":{"type":"LineString","coordinates":[[19.834463,41.33032],[19.834458,41.330348]]}},{"type":"Feature","properties":{"line":"16B","mode":"bus","color":"#999f01","oi":-0.291,"n":2,"sw":1},"geometry":{"type":"LineString","coordinates":[[19.834459,41.330343],[19.834453,41.330371]]}},{"type":"Feature","properties":{"line":"16B","mode":"bus","color":"#999f01","oi":-0.37,"n":2,"sw":1},"geometry":{"type":"LineString","coordinates":[[19.834454,41.330366],[19.834449,41.330394]]}},{"type":"Feature","properties":{"line":"16B","mode":"bus","color":"#999f01","oi":-0.437,"n":2,"sw":1},"geometry":{"type":"LineString","coordinates":[[19.83445,41.330389],[19.834444,41.330417]]}},{"type":"Feature","properties":{"line":"16B","mode":"bus","color":"#999f01","oi":-0.483,"n":2,"sw":1},"geometry":{"type":"LineString","coordinates":[[19.834445,41.330411],[19.83444,41.330439]]}},{"type":"Feature","properties":{"line":"16B","mode":"bus","color":"#999f01","oi":-0.5,"n":2,"sw":1},"geometry":{"type":"LineString","coordinates":[[19.834441,41.330434],[19.834435,41.330462]]}},{"type":"Feature","properties":{"line":"16B","mode":"bus","color":"#999f01","oi":-1.5,"n":4},"geometry":{"type":"LineString","coordinates":[[19.812408,41.335352],[19.815793,41.335897]]}},{"type":"Feature","properties":{"line":"16B","mode":"bus","color":"#999f01","oi":-1.5,"n":4,"sw":1},"geometry":{"type":"LineString","coordinates":[[19.815789,41.335897],[19.815813,41.3359]]}},{"type":"Feature","properties":{"line":"16B","mode":"bus","color":"#999f01","oi":-1.493,"n":4,"sw":1},"geometry":{"type":"LineString","coordinates":[[19.815806,41.335899],[19.815829,41.335903]]}},{"type":"Feature","properties":{"line":"16B","mode":"bus","color":"#999f01","oi":-1.473,"n":4,"sw":1},"geometry":{"type":"LineString","coordinates":[[19.815822,41.335902],[19.815845,41.335906]]}},{"type":"Feature","properties":{"line":"16B","mode":"bus","color":"#999f01","oi":-1.44,"n":4,"sw":1},"geometry":{"type":"LineString","coordinates":[[19.815838,41.335904],[19.815861,41.335908]]}},{"type":"Feature","properties":{"line":"16B","mode":"bus","color":"#999f01","oi":-1.397,"n":4,"sw":1},"geometry":{"type":"LineString","coordinates":[[19.815854,41.335907],[19.815877,41.335911]]}},{"type":"Feature","properties":{"line":"16B","mode":"bus","color":"#999f01","oi":-1.344,"n":4,"sw":1},"geometry":{"type":"LineString","coordinates":[[19.81587,41.33591],[19.815894,41.335913]]}},{"type":"Feature","properties":{"line":"16B","mode":"bus","color":"#999f01","oi":-1.282,"n":4,"sw":1},"geometry":{"type":"LineString","coordinates":[[19.815887,41.335912],[19.81591,41.335916]]}},{"type":"Feature","properties":{"line":"16B","mode":"bus","color":"#999f01","oi":-1.213,"n":4,"sw":1},"geometry":{"type":"LineString","coordinates":[[19.815903,41.335915],[19.815926,41.335919]]}},{"type":"Feature","properties":{"line":"16B","mode":"bus","color":"#999f01","oi":-1.138,"n":4,"sw":1},"geometry":{"type":"LineString","coordinates":[[19.815919,41.335917],[19.815942,41.335921]]}},{"type":"Feature","properties":{"line":"16B","mode":"bus","color":"#999f01","oi":-1.057,"n":4,"sw":1},"geometry":{"type":"LineString","coordinates":[[19.815935,41.33592],[19.815958,41.335924]]}},{"type":"Feature","properties":{"line":"16B","mode":"bus","color":"#999f01","oi":-0.972,"n":4,"sw":1},"geometry":{"type":"LineString","coordinates":[[19.815951,41.335923],[19.815975,41.335926]]}},{"type":"Feature","properties":{"line":"16B","mode":"bus","color":"#999f01","oi":-0.884,"n":4,"sw":1},"geometry":{"type":"LineString","coordinates":[[19.815968,41.335925],[19.815991,41.335929]]}},{"type":"Feature","properties":{"line":"16B","mode":"bus","color":"#999f01","oi":-0.795,"n":4,"sw":1},"geometry":{"type":"LineString","coordinates":[[19.815984,41.335928],[19.816007,41.335932]]}},{"type":"Feature","properties":{"line":"16B","mode":"bus","color":"#999f01","oi":-0.705,"n":4,"sw":1},"geometry":{"type":"LineString","coordinates":[[19.816,41.335931],[19.816023,41.335934]]}},{"type":"Feature","properties":{"line":"16B","mode":"bus","color":"#999f01","oi":-0.616,"n":4,"sw":1},"geometry":{"type":"LineString","coordinates":[[19.816016,41.335933],[19.816039,41.335937]]}},{"type":"Feature","properties":{"line":"16B","mode":"bus","color":"#999f01","oi":-0.528,"n":4,"sw":1},"geometry":{"type":"LineString","coordinates":[[19.816032,41.335936],[19.816056,41.335939]]}},{"type":"Feature","properties":{"line":"16B","mode":"bus","color":"#999f01","oi":-0.443,"n":4,"sw":1},"geometry":{"type":"LineString","coordinates":[[19.816049,41.335938],[19.816072,41.335942]]}},{"type":"Feature","properties":{"line":"16B","mode":"bus","color":"#999f01","oi":-0.362,"n":4,"sw":1},"geometry":{"type":"LineString","coordinates":[[19.816065,41.335941],[19.816088,41.335945]]}},{"type":"Feature","properties":{"line":"16B","mode":"bus","color":"#999f01","oi":-0.287,"n":4,"sw":1},"geometry":{"type":"LineString","coordinates":[[19.816081,41.335944],[19.816104,41.335947]]}},{"type":"Feature","properties":{"line":"16B","mode":"bus","color":"#999f01","oi":-0.218,"n":4,"sw":1},"geometry":{"type":"LineString","coordinates":[[19.816097,41.335946],[19.81612,41.33595]]}},{"type":"Feature","properties":{"line":"16B","mode":"bus","color":"#999f01","oi":-0.156,"n":4,"sw":1},"geometry":{"type":"LineString","coordinates":[[19.816113,41.335949],[19.816137,41.335953]]}},{"type":"Feature","properties":{"line":"16B","mode":"bus","color":"#999f01","oi":-0.103,"n":4,"sw":1},"geometry":{"type":"LineString","coordinates":[[19.81613,41.335951],[19.816153,41.335955]]}},{"type":"Feature","properties":{"line":"16B","mode":"bus","color":"#999f01","oi":-0.06,"n":4,"sw":1},"geometry":{"type":"LineString","coordinates":[[19.816146,41.335954],[19.816169,41.335958]]}},{"type":"Feature","properties":{"line":"16B","mode":"bus","color":"#999f01","oi":-0.027,"n":4,"sw":1},"geometry":{"type":"LineString","coordinates":[[19.816162,41.335957],[19.816185,41.33596]]}},{"type":"Feature","properties":{"line":"16B","mode":"bus","color":"#999f01","oi":-0.007,"n":4,"sw":1},"geometry":{"type":"LineString","coordinates":[[19.816178,41.335959],[19.816201,41.335963]]}},{"type":"Feature","properties":{"line":"16B","mode":"bus","color":"#999f01","oi":0,"n":4,"sw":1},"geometry":{"type":"LineString","coordinates":[[19.816194,41.335962],[19.816214,41.335965]]}},{"type":"Feature","properties":{"line":"16B","mode":"bus","color":"#999f01","oi":1.5,"n":3,"sw":1},"geometry":{"type":"LineString","coordinates":[[19.828655,41.327737],[19.828667,41.327743]]}},{"type":"Feature","properties":{"line":"16B","mode":"bus","color":"#999f01","oi":1.475,"n":3,"sw":1},"geometry":{"type":"LineString","coordinates":[[19.828661,41.32774],[19.828677,41.327747]]}},{"type":"Feature","properties":{"line":"16B","mode":"bus","color":"#999f01","oi":1.404,"n":3,"sw":1},"geometry":{"type":"LineString","coordinates":[[19.828671,41.327744],[19.828686,41.327751]]}},{"type":"Feature","properties":{"line":"16B","mode":"bus","color":"#999f01","oi":1.294,"n":3,"sw":1},"geometry":{"type":"LineString","coordinates":[[19.82868,41.327748],[19.828696,41.327755]]}},{"type":"Feature","properties":{"line":"16B","mode":"bus","color":"#999f01","oi":1.15,"n":3,"sw":1},"geometry":{"type":"LineString","coordinates":[[19.828689,41.327752],[19.828705,41.327759]]}},{"type":"Feature","properties":{"line":"16B","mode":"bus","color":"#999f01","oi":0.978,"n":3,"sw":1},"geometry":{"type":"LineString","coordinates":[[19.828699,41.327756],[19.828714,41.327763]]}},{"type":"Feature","properties":{"line":"16B","mode":"bus","color":"#999f01","oi":0.786,"n":3,"sw":1},"geometry":{"type":"LineString","coordinates":[[19.828708,41.327761],[19.828724,41.327768]]}},{"type":"Feature","properties":{"line":"16B","mode":"bus","color":"#999f01","oi":0.577,"n":3,"sw":1},"geometry":{"type":"LineString","coordinates":[[19.828717,41.327765],[19.828733,41.327772]]}},{"type":"Feature","properties":{"line":"16B","mode":"bus","color":"#999f01","oi":0.36,"n":3,"sw":1},"geometry":{"type":"LineString","coordinates":[[19.828727,41.327769],[19.828742,41.327776]]}},{"type":"Feature","properties":{"line":"16B","mode":"bus","color":"#999f01","oi":0.14,"n":3,"sw":1},"geometry":{"type":"LineString","coordinates":[[19.828736,41.327773],[19.828752,41.32778]]}},{"type":"Feature","properties":{"line":"16B","mode":"bus","color":"#999f01","oi":-0.077,"n":3,"sw":1},"geometry":{"type":"LineString","coordinates":[[19.828746,41.327777],[19.828761,41.327784]]}},{"type":"Feature","properties":{"line":"16B","mode":"bus","color":"#999f01","oi":-0.286,"n":3,"sw":1},"geometry":{"type":"LineString","coordinates":[[19.828755,41.327781],[19.82877,41.327788]]}},{"type":"Feature","properties":{"line":"16B","mode":"bus","color":"#999f01","oi":-0.478,"n":3,"sw":1},"geometry":{"type":"LineString","coordinates":[[19.828764,41.327786],[19.82878,41.327793]]}},{"type":"Feature","properties":{"line":"16B","mode":"bus","color":"#999f01","oi":-0.65,"n":3,"sw":1},"geometry":{"type":"LineString","coordinates":[[19.828774,41.32779],[19.828789,41.327797]]}},{"type":"Feature","properties":{"line":"16B","mode":"bus","color":"#999f01","oi":-0.794,"n":3,"sw":1},"geometry":{"type":"LineString","coordinates":[[19.828783,41.327794],[19.828799,41.327801]]}},{"type":"Feature","properties":{"line":"16B","mode":"bus","color":"#999f01","oi":-0.904,"n":3,"sw":1},"geometry":{"type":"LineString","coordinates":[[19.828792,41.327798],[19.828808,41.327805]]}},{"type":"Feature","properties":{"line":"16B","mode":"bus","color":"#999f01","oi":-0.975,"n":3,"sw":1},"geometry":{"type":"LineString","coordinates":[[19.828802,41.327802],[19.828817,41.327809]]}},{"type":"Feature","properties":{"line":"16B","mode":"bus","color":"#999f01","oi":-1,"n":3,"sw":1},"geometry":{"type":"LineString","coordinates":[[19.828811,41.327806],[19.828827,41.327813]]}},{"type":"Feature","properties":{"line":"16B","mode":"bus","color":"#999f01","oi":-1,"n":3,"sw":1},"geometry":{"type":"LineString","coordinates":[[19.82882,41.327811],[19.828843,41.327821]]}},{"type":"Feature","properties":{"line":"16B","mode":"bus","color":"#999f01","oi":-1.017,"n":3,"sw":1},"geometry":{"type":"LineString","coordinates":[[19.828837,41.327818],[19.82886,41.327828]]}},{"type":"Feature","properties":{"line":"16B","mode":"bus","color":"#999f01","oi":-1.063,"n":3,"sw":1},"geometry":{"type":"LineString","coordinates":[[19.828854,41.327826],[19.828877,41.327836]]}},{"type":"Feature","properties":{"line":"16B","mode":"bus","color":"#999f01","oi":-1.13,"n":3,"sw":1},"geometry":{"type":"LineString","coordinates":[[19.828871,41.327833],[19.828894,41.327843]]}},{"type":"Feature","properties":{"line":"16B","mode":"bus","color":"#999f01","oi":-1.209,"n":3,"sw":1},"geometry":{"type":"LineString","coordinates":[[19.828888,41.327841],[19.828911,41.327851]]}},{"type":"Feature","properties":{"line":"16B","mode":"bus","color":"#999f01","oi":-1.291,"n":3,"sw":1},"geometry":{"type":"LineString","coordinates":[[19.828905,41.327848],[19.828928,41.327858]]}},{"type":"Feature","properties":{"line":"16B","mode":"bus","color":"#999f01","oi":-1.37,"n":3,"sw":1},"geometry":{"type":"LineString","coordinates":[[19.828922,41.327856],[19.828945,41.327866]]}},{"type":"Feature","properties":{"line":"16B","mode":"bus","color":"#999f01","oi":-1.437,"n":3,"sw":1},"geometry":{"type":"LineString","coordinates":[[19.828938,41.327863],[19.828961,41.327873]]}},{"type":"Feature","properties":{"line":"16B","mode":"bus","color":"#999f01","oi":-1.483,"n":3,"sw":1},"geometry":{"type":"LineString","coordinates":[[19.828955,41.327871],[19.828978,41.327881]]}},{"type":"Feature","properties":{"line":"16B","mode":"bus","color":"#999f01","oi":-1.5,"n":3,"sw":1},"geometry":{"type":"LineString","coordinates":[[19.828972,41.327878],[19.828992,41.327887]]}},{"type":"Feature","properties":{"line":"16B","mode":"bus","color":"#999f01","oi":-0.5,"n":2},"geometry":{"type":"LineString","coordinates":[[19.803433,41.325688],[19.802544,41.327813],[19.802502,41.328036]]}},{"type":"Feature","properties":{"line":"16B","mode":"bus","color":"#999f01","oi":-0.5,"n":2},"geometry":{"type":"LineString","coordinates":[[19.80648,41.33437],[19.806583,41.334395],[19.811987,41.335283]]}},{"type":"Feature","properties":{"line":"16B","mode":"bus","color":"#999f01","oi":0,"n":2,"sw":1},"geometry":{"type":"LineString","coordinates":[[19.806085,41.334244],[19.806127,41.33426]]}},{"type":"Feature","properties":{"line":"16B","mode":"bus","color":"#999f01","oi":-0.017,"n":2,"sw":1},"geometry":{"type":"LineString","coordinates":[[19.80612,41.334257],[19.806165,41.334274]]}},{"type":"Feature","properties":{"line":"16B","mode":"bus","color":"#999f01","oi":-0.063,"n":2,"sw":1},"geometry":{"type":"LineString","coordinates":[[19.806159,41.334272],[19.806204,41.334288]]}},{"type":"Feature","properties":{"line":"16B","mode":"bus","color":"#999f01","oi":-0.13,"n":2,"sw":1},"geometry":{"type":"LineString","coordinates":[[19.806197,41.334286],[19.806242,41.334303]]}},{"type":"Feature","properties":{"line":"16B","mode":"bus","color":"#999f01","oi":-0.209,"n":2,"sw":1},"geometry":{"type":"LineString","coordinates":[[19.806236,41.3343],[19.806281,41.334317]]}},{"type":"Feature","properties":{"line":"16B","mode":"bus","color":"#999f01","oi":-0.291,"n":2,"sw":1},"geometry":{"type":"LineString","coordinates":[[19.806275,41.334315],[19.80632,41.334332]]}},{"type":"Feature","properties":{"line":"16B","mode":"bus","color":"#999f01","oi":-0.37,"n":2,"sw":1},"geometry":{"type":"LineString","coordinates":[[19.806313,41.334329],[19.806323,41.334333],[19.80636,41.334342]]}},{"type":"Feature","properties":{"line":"16B","mode":"bus","color":"#999f01","oi":-0.437,"n":2,"sw":1},"geometry":{"type":"LineString","coordinates":[[19.806354,41.33434],[19.806401,41.334352]]}},{"type":"Feature","properties":{"line":"16B","mode":"bus","color":"#999f01","oi":-0.483,"n":2,"sw":1},"geometry":{"type":"LineString","coordinates":[[19.806395,41.33435],[19.806443,41.334361]]}},{"type":"Feature","properties":{"line":"16B","mode":"bus","color":"#999f01","oi":-0.5,"n":2,"sw":1},"geometry":{"type":"LineString","coordinates":[[19.806436,41.33436],[19.806484,41.334371]]}},{"type":"Feature","properties":{"line":"16B","mode":"bus","color":"#999f01","oi":-0.5,"n":2,"sw":1},"geometry":{"type":"LineString","coordinates":[[19.811984,41.335282],[19.812014,41.335287]]}},{"type":"Feature","properties":{"line":"16B","mode":"bus","color":"#999f01","oi":-0.51,"n":2,"sw":1},"geometry":{"type":"LineString","coordinates":[[19.812007,41.335286],[19.812038,41.335291]]}},{"type":"Feature","properties":{"line":"16B","mode":"bus","color":"#999f01","oi":-0.538,"n":2,"sw":1},"geometry":{"type":"LineString","coordinates":[[19.812031,41.33529],[19.812061,41.335295]]}},{"type":"Feature","properties":{"line":"16B","mode":"bus","color":"#999f01","oi":-0.582,"n":2,"sw":1},"geometry":{"type":"LineString","coordinates":[[19.812054,41.335294],[19.812084,41.335299]]}},{"type":"Feature","properties":{"line":"16B","mode":"bus","color":"#999f01","oi":-0.64,"n":2,"sw":1},"geometry":{"type":"LineString","coordinates":[[19.812077,41.335298],[19.812108,41.335303]]}},{"type":"Feature","properties":{"line":"16B","mode":"bus","color":"#999f01","oi":-0.709,"n":2,"sw":1},"geometry":{"type":"LineString","coordinates":[[19.812101,41.335302],[19.812131,41.335306]]}},{"type":"Feature","properties":{"line":"16B","mode":"bus","color":"#999f01","oi":-0.786,"n":2,"sw":1},"geometry":{"type":"LineString","coordinates":[[19.812124,41.335305],[19.812154,41.33531]]}},{"type":"Feature","properties":{"line":"16B","mode":"bus","color":"#999f01","oi":-0.869,"n":2,"sw":1},"geometry":{"type":"LineString","coordinates":[[19.812147,41.335309],[19.812178,41.335314]]}},{"type":"Feature","properties":{"line":"16B","mode":"bus","color":"#999f01","oi":-0.956,"n":2,"sw":1},"geometry":{"type":"LineString","coordinates":[[19.812171,41.335313],[19.812201,41.335318]]}},{"type":"Feature","properties":{"line":"16B","mode":"bus","color":"#999f01","oi":-1.044,"n":2,"sw":1},"geometry":{"type":"LineString","coordinates":[[19.812194,41.335317],[19.812225,41.335322]]}},{"type":"Feature","properties":{"line":"16B","mode":"bus","color":"#999f01","oi":-1.131,"n":2,"sw":1},"geometry":{"type":"LineString","coordinates":[[19.812218,41.335321],[19.812248,41.335326]]}},{"type":"Feature","properties":{"line":"16B","mode":"bus","color":"#999f01","oi":-1.214,"n":2,"sw":1},"geometry":{"type":"LineString","coordinates":[[19.812241,41.335325],[19.812271,41.33533]]}},{"type":"Feature","properties":{"line":"16B","mode":"bus","color":"#999f01","oi":-1.291,"n":2,"sw":1},"geometry":{"type":"LineString","coordinates":[[19.812264,41.335328],[19.812295,41.335333]]}},{"type":"Feature","properties":{"line":"16B","mode":"bus","color":"#999f01","oi":-1.36,"n":2,"sw":1},"geometry":{"type":"LineString","coordinates":[[19.812288,41.335332],[19.812318,41.335337]]}},{"type":"Feature","properties":{"line":"16B","mode":"bus","color":"#999f01","oi":-1.418,"n":2,"sw":1},"geometry":{"type":"LineString","coordinates":[[19.812311,41.335336],[19.812341,41.335341]]}},{"type":"Feature","properties":{"line":"16B","mode":"bus","color":"#999f01","oi":-1.462,"n":2,"sw":1},"geometry":{"type":"LineString","coordinates":[[19.812334,41.33534],[19.812365,41.335345]]}},{"type":"Feature","properties":{"line":"16B","mode":"bus","color":"#999f01","oi":-1.49,"n":2,"sw":1},"geometry":{"type":"LineString","coordinates":[[19.812358,41.335344],[19.812388,41.335349]]}},{"type":"Feature","properties":{"line":"16B","mode":"bus","color":"#999f01","oi":-1.5,"n":2,"sw":1},"geometry":{"type":"LineString","coordinates":[[19.812381,41.335348],[19.812408,41.335352]]}},{"type":"Feature","properties":{"line":"5A","mode":"bus","color":"#19a9a8","oi":0.5,"n":2},"geometry":{"type":"LineString","coordinates":[[19.849377,41.333849],[19.849453,41.333689],[19.84956,41.333609],[19.849696,41.333558],[19.849946,41.333565],[19.850086,41.333623],[19.85019,41.333716],[19.850244,41.333853],[19.850199,41.334021],[19.850146,41.334083],[19.849982,41.334176],[19.849882,41.334198],[19.849676,41.334186]]}},{"type":"Feature","properties":{"line":"5A","mode":"bus","color":"#19a9a8","oi":0.5,"n":1,"sw":1},"geometry":{"type":"LineString","coordinates":[[19.849676,41.334186],[19.849647,41.334175]]}},{"type":"Feature","properties":{"line":"5A","mode":"bus","color":"#19a9a8","oi":0.483,"n":1,"sw":1},"geometry":{"type":"LineString","coordinates":[[19.849653,41.334177],[19.849621,41.334165]]}},{"type":"Feature","properties":{"line":"5A","mode":"bus","color":"#19a9a8","oi":0.437,"n":1,"sw":1},"geometry":{"type":"LineString","coordinates":[[19.849627,41.334167],[19.849595,41.334155]]}},{"type":"Feature","properties":{"line":"5A","mode":"bus","color":"#19a9a8","oi":0.37,"n":1,"sw":1},"geometry":{"type":"LineString","coordinates":[[19.849601,41.334158],[19.849569,41.334145]]}},{"type":"Feature","properties":{"line":"5A","mode":"bus","color":"#19a9a8","oi":0.291,"n":1,"sw":1},"geometry":{"type":"LineString","coordinates":[[19.849576,41.334148],[19.849553,41.334139],[19.849545,41.334133]]}},{"type":"Feature","properties":{"line":"5A","mode":"bus","color":"#19a9a8","oi":0.209,"n":1,"sw":1},"geometry":{"type":"LineString","coordinates":[[19.84955,41.334137],[19.849524,41.334118]]}},{"type":"Feature","properties":{"line":"5A","mode":"bus","color":"#19a9a8","oi":0.13,"n":1,"sw":1},"geometry":{"type":"LineString","coordinates":[[19.849529,41.334122],[19.849503,41.334103]]}},{"type":"Feature","properties":{"line":"5A","mode":"bus","color":"#19a9a8","oi":0.063,"n":1,"sw":1},"geometry":{"type":"LineString","coordinates":[[19.849508,41.334107],[19.849481,41.334089]]}},{"type":"Feature","properties":{"line":"5A","mode":"bus","color":"#19a9a8","oi":0.017,"n":1,"sw":1},"geometry":{"type":"LineString","coordinates":[[19.849487,41.334092],[19.84946,41.334074]]}},{"type":"Feature","properties":{"line":"5A","mode":"bus","color":"#19a9a8","oi":0,"n":1,"sw":1},"geometry":{"type":"LineString","coordinates":[[19.849465,41.334077],[19.849455,41.33407],[19.849446,41.334055]]}},{"type":"Feature","properties":{"line":"5A","mode":"bus","color":"#19a9a8","oi":0,"n":1,"sw":1},"geometry":{"type":"LineString","coordinates":[[19.849449,41.33406],[19.849434,41.334035]]}},{"type":"Feature","properties":{"line":"5A","mode":"bus","color":"#19a9a8","oi":0.017,"n":1,"sw":1},"geometry":{"type":"LineString","coordinates":[[19.849437,41.33404],[19.849422,41.334015]]}},{"type":"Feature","properties":{"line":"5A","mode":"bus","color":"#19a9a8","oi":0.063,"n":1,"sw":1},"geometry":{"type":"LineString","coordinates":[[19.849425,41.33402],[19.849409,41.333995]]}},{"type":"Feature","properties":{"line":"5A","mode":"bus","color":"#19a9a8","oi":0.13,"n":1,"sw":1},"geometry":{"type":"LineString","coordinates":[[19.849412,41.334],[19.849397,41.333975]]}},{"type":"Feature","properties":{"line":"5A","mode":"bus","color":"#19a9a8","oi":0.209,"n":1,"sw":1},"geometry":{"type":"LineString","coordinates":[[19.8494,41.33398],[19.849385,41.333955]]}},{"type":"Feature","properties":{"line":"5A","mode":"bus","color":"#19a9a8","oi":0.291,"n":1,"sw":1},"geometry":{"type":"LineString","coordinates":[[19.849388,41.33396],[19.849385,41.333955],[19.849383,41.333934]]}},{"type":"Feature","properties":{"line":"5A","mode":"bus","color":"#19a9a8","oi":0.37,"n":1,"sw":1},"geometry":{"type":"LineString","coordinates":[[19.849384,41.333939],[19.849382,41.333912]]}},{"type":"Feature","properties":{"line":"5A","mode":"bus","color":"#19a9a8","oi":0.437,"n":1,"sw":1},"geometry":{"type":"LineString","coordinates":[[19.849382,41.333917],[19.84938,41.33389]]}},{"type":"Feature","properties":{"line":"5A","mode":"bus","color":"#19a9a8","oi":0.483,"n":1,"sw":1},"geometry":{"type":"LineString","coordinates":[[19.84938,41.333895],[19.849378,41.333868]]}},{"type":"Feature","properties":{"line":"5A","mode":"bus","color":"#19a9a8","oi":0.5,"n":1,"sw":1},"geometry":{"type":"LineString","coordinates":[[19.849379,41.333874],[19.849377,41.333849]]}},{"type":"Feature","properties":{"line":"5A","mode":"bus","color":"#19a9a8","oi":0,"n":1},"geometry":{"type":"LineString","coordinates":[[19.869391,41.332141],[19.869451,41.332028],[19.869504,41.331988],[19.870651,41.331817],[19.870672,41.331816],[19.870688,41.331821],[19.8707,41.33183],[19.870707,41.331845],[19.870719,41.331894],[19.870719,41.331914],[19.870706,41.331929],[19.870681,41.331937],[19.867649,41.332449],[19.867401,41.332429],[19.866809,41.332154],[19.866677,41.332135],[19.86655,41.332154],[19.866377,41.332228],[19.865764,41.332612],[19.86422,41.333652],[19.863592,41.333969],[19.863043,41.334152],[19.862491,41.334276],[19.860818,41.334536],[19.860392,41.334539],[19.859238,41.334425],[19.858883,41.334413],[19.858475,41.334466],[19.857322,41.334685],[19.8562,41.334865],[19.855745,41.334883],[19.855458,41.334849],[19.85471,41.334658],[19.853884,41.334686],[19.851593,41.334001],[19.851365,41.333991],[19.850546,41.334076],[19.850421,41.33407],[19.850199,41.334021]]}},{"type":"Feature","properties":{"line":"5A","mode":"bus","color":"#19a9a8","oi":0,"n":1},"geometry":{"type":"LineString","coordinates":[[19.849411,41.333739],[19.848985,41.333661],[19.848538,41.333543],[19.847351,41.333005],[19.846194,41.332563],[19.845996,41.332454],[19.845535,41.332104],[19.845296,41.331952]]}},{"type":"Feature","properties":{"line":"5A","mode":"bus","color":"#19a9a8","oi":0,"n":1,"sw":1},"geometry":{"type":"LineString","coordinates":[[19.845299,41.331954],[19.84526,41.331929]]}},{"type":"Feature","properties":{"line":"5A","mode":"bus","color":"#19a9a8","oi":0.017,"n":1,"sw":1},"geometry":{"type":"LineString","coordinates":[[19.845266,41.331933],[19.845227,41.331909]]}},{"type":"Feature","properties":{"line":"5A","mode":"bus","color":"#19a9a8","oi":0.063,"n":1,"sw":1},"geometry":{"type":"LineString","coordinates":[[19.845233,41.331912],[19.845195,41.331888]]}},{"type":"Feature","properties":{"line":"5A","mode":"bus","color":"#19a9a8","oi":0.13,"n":1,"sw":1},"geometry":{"type":"LineString","coordinates":[[19.8452,41.331891],[19.845162,41.331867]]}},{"type":"Feature","properties":{"line":"5A","mode":"bus","color":"#19a9a8","oi":0.209,"n":1,"sw":1},"geometry":{"type":"LineString","coordinates":[[19.845167,41.33187],[19.845129,41.331846]]}},{"type":"Feature","properties":{"line":"5A","mode":"bus","color":"#19a9a8","oi":0.291,"n":1,"sw":1},"geometry":{"type":"LineString","coordinates":[[19.845134,41.331849],[19.845096,41.331825]]}},{"type":"Feature","properties":{"line":"5A","mode":"bus","color":"#19a9a8","oi":0.37,"n":1,"sw":1},"geometry":{"type":"LineString","coordinates":[[19.845101,41.331828],[19.845063,41.331804]]}},{"type":"Feature","properties":{"line":"5A","mode":"bus","color":"#19a9a8","oi":0.437,"n":1,"sw":1},"geometry":{"type":"LineString","coordinates":[[19.845068,41.331807],[19.84503,41.331783]]}},{"type":"Feature","properties":{"line":"5A","mode":"bus","color":"#19a9a8","oi":0.483,"n":1,"sw":1},"geometry":{"type":"LineString","coordinates":[[19.845036,41.331787],[19.844997,41.331762]]}},{"type":"Feature","properties":{"line":"5A","mode":"bus","color":"#19a9a8","oi":0.5,"n":1,"sw":1},"geometry":{"type":"LineString","coordinates":[[19.845003,41.331766],[19.844967,41.331743]]}},{"type":"Feature","properties":{"line":"5A","mode":"bus","color":"#19a9a8","oi":0,"n":1},"geometry":{"type":"LineString","coordinates":[[19.844073,41.331212],[19.843387,41.330822],[19.842767,41.330561],[19.842494,41.330475],[19.842255,41.330471],[19.842046,41.330517],[19.841798,41.330658],[19.841431,41.330937],[19.841309,41.330974],[19.841235,41.330973],[19.841053,41.330949],[19.839755,41.330599],[19.838677,41.330399],[19.838179,41.330281],[19.838019,41.330186],[19.837923,41.330081],[19.837862,41.329945],[19.837714,41.329394],[19.837656,41.329287],[19.837353,41.328952],[19.836592,41.328268],[19.836283,41.328049],[19.835516,41.327646],[19.835249,41.327523],[19.835095,41.327481],[19.834922,41.327461],[19.83444,41.32747],[19.833637,41.3274],[19.833176,41.327477],[19.832334,41.327697],[19.832109,41.327732],[19.829097,41.327742]]}},{"type":"Feature","properties":{"line":"5A","mode":"bus","color":"#19a9a8","oi":0.5,"n":1,"sw":1},"geometry":{"type":"LineString","coordinates":[[19.844417,41.331407],[19.84438,41.331386]]}},{"type":"Feature","properties":{"line":"5A","mode":"bus","color":"#19a9a8","oi":0.483,"n":1,"sw":1},"geometry":{"type":"LineString","coordinates":[[19.844385,41.331389],[19.844345,41.331366]]}},{"type":"Feature","properties":{"line":"5A","mode":"bus","color":"#19a9a8","oi":0.437,"n":1,"sw":1},"geometry":{"type":"LineString","coordinates":[[19.844351,41.33137],[19.844311,41.331347]]}},{"type":"Feature","properties":{"line":"5A","mode":"bus","color":"#19a9a8","oi":0.37,"n":1,"sw":1},"geometry":{"type":"LineString","coordinates":[[19.844317,41.33135],[19.844277,41.331327]]}},{"type":"Feature","properties":{"line":"5A","mode":"bus","color":"#19a9a8","oi":0.291,"n":1,"sw":1},"geometry":{"type":"LineString","coordinates":[[19.844282,41.331331],[19.844242,41.331308]]}},{"type":"Feature","properties":{"line":"5A","mode":"bus","color":"#19a9a8","oi":0.209,"n":1,"sw":1},"geometry":{"type":"LineString","coordinates":[[19.844248,41.331311],[19.844208,41.331288]]}},{"type":"Feature","properties":{"line":"5A","mode":"bus","color":"#19a9a8","oi":0.13,"n":1,"sw":1},"geometry":{"type":"LineString","coordinates":[[19.844214,41.331292],[19.844174,41.331269]]}},{"type":"Feature","properties":{"line":"5A","mode":"bus","color":"#19a9a8","oi":0.063,"n":1,"sw":1},"geometry":{"type":"LineString","coordinates":[[19.844179,41.331272],[19.844139,41.331249]]}},{"type":"Feature","properties":{"line":"5A","mode":"bus","color":"#19a9a8","oi":0.017,"n":1,"sw":1},"geometry":{"type":"LineString","coordinates":[[19.844145,41.331252],[19.844105,41.33123]]}},{"type":"Feature","properties":{"line":"5A","mode":"bus","color":"#19a9a8","oi":0,"n":1,"sw":1},"geometry":{"type":"LineString","coordinates":[[19.844111,41.331233],[19.84407,41.33121]]}},{"type":"Feature","properties":{"line":"5A","mode":"bus","color":"#19a9a8","oi":0,"n":1},"geometry":{"type":"LineString","coordinates":[[19.828655,41.327737],[19.829049,41.327741],[19.829065,41.327743],[19.829075,41.327746],[19.829079,41.327752],[19.829077,41.327761],[19.829069,41.327771],[19.829013,41.327828],[19.828992,41.327887]]}},{"type":"Feature","properties":{"line":"5A","mode":"bus","color":"#19a9a8","oi":0.5,"n":2},"geometry":{"type":"LineString","coordinates":[[19.844967,41.331743],[19.844417,41.331407]]}},{"type":"Feature","properties":{"line":"5A","mode":"bus","color":"#19a9a8","oi":1.5,"n":4},"geometry":{"type":"LineString","coordinates":[[19.828992,41.327887],[19.834481,41.330232]]}},{"type":"Feature","properties":{"line":"5A","mode":"bus","color":"#19a9a8","oi":1.5,"n":4},"geometry":{"type":"LineString","coordinates":[[19.828655,41.327737],[19.828277,41.327528],[19.826445,41.325958]]}},{"type":"Feature","properties":{"line":"5A","mode":"bus","color":"#19a9a8","oi":1.5,"n":4,"sw":1},"geometry":{"type":"LineString","coordinates":[[19.826447,41.32596],[19.826432,41.325947]]}},{"type":"Feature","properties":{"line":"5A","mode":"bus","color":"#19a9a8","oi":1.493,"n":4,"sw":1},"geometry":{"type":"LineString","coordinates":[[19.826437,41.325951],[19.826421,41.325938]]}},{"type":"Feature","properties":{"line":"5A","mode":"bus","color":"#19a9a8","oi":1.473,"n":4,"sw":1},"geometry":{"type":"LineString","coordinates":[[19.826426,41.325942],[19.82641,41.325928]]}},{"type":"Feature","properties":{"line":"5A","mode":"bus","color":"#19a9a8","oi":1.44,"n":4,"sw":1},"geometry":{"type":"LineString","coordinates":[[19.826415,41.325932],[19.826399,41.325919]]}},{"type":"Feature","properties":{"line":"5A","mode":"bus","color":"#19a9a8","oi":1.397,"n":4,"sw":1},"geometry":{"type":"LineString","coordinates":[[19.826404,41.325923],[19.826388,41.32591]]}},{"type":"Feature","properties":{"line":"5A","mode":"bus","color":"#19a9a8","oi":1.344,"n":4,"sw":1},"geometry":{"type":"LineString","coordinates":[[19.826393,41.325914],[19.826377,41.3259]]}},{"type":"Feature","properties":{"line":"5A","mode":"bus","color":"#19a9a8","oi":1.282,"n":4,"sw":1},"geometry":{"type":"LineString","coordinates":[[19.826382,41.325904],[19.826366,41.325891]]}},{"type":"Feature","properties":{"line":"5A","mode":"bus","color":"#19a9a8","oi":1.213,"n":4,"sw":1},"geometry":{"type":"LineString","coordinates":[[19.826371,41.325895],[19.826355,41.325882]]}},{"type":"Feature","properties":{"line":"5A","mode":"bus","color":"#19a9a8","oi":1.138,"n":4,"sw":1},"geometry":{"type":"LineString","coordinates":[[19.82636,41.325886],[19.826344,41.325872]]}},{"type":"Feature","properties":{"line":"5A","mode":"bus","color":"#19a9a8","oi":1.057,"n":4,"sw":1},"geometry":{"type":"LineString","coordinates":[[19.826349,41.325876],[19.826333,41.325863]]}},{"type":"Feature","properties":{"line":"5A","mode":"bus","color":"#19a9a8","oi":0.972,"n":4,"sw":1},"geometry":{"type":"LineString","coordinates":[[19.826338,41.325867],[19.826323,41.325853]]}},{"type":"Feature","properties":{"line":"5A","mode":"bus","color":"#19a9a8","oi":0.884,"n":4,"sw":1},"geometry":{"type":"LineString","coordinates":[[19.826327,41.325857],[19.826312,41.325844]]}},{"type":"Feature","properties":{"line":"5A","mode":"bus","color":"#19a9a8","oi":0.795,"n":4,"sw":1},"geometry":{"type":"LineString","coordinates":[[19.826316,41.325848],[19.826301,41.325835]]}},{"type":"Feature","properties":{"line":"5A","mode":"bus","color":"#19a9a8","oi":0.705,"n":4,"sw":1},"geometry":{"type":"LineString","coordinates":[[19.826305,41.325839],[19.82629,41.325825]]}},{"type":"Feature","properties":{"line":"5A","mode":"bus","color":"#19a9a8","oi":0.616,"n":4,"sw":1},"geometry":{"type":"LineString","coordinates":[[19.826294,41.325829],[19.826279,41.325816]]}},{"type":"Feature","properties":{"line":"5A","mode":"bus","color":"#19a9a8","oi":0.528,"n":4,"sw":1},"geometry":{"type":"LineString","coordinates":[[19.826284,41.32582],[19.826268,41.325807]]}},{"type":"Feature","properties":{"line":"5A","mode":"bus","color":"#19a9a8","oi":0.443,"n":4,"sw":1},"geometry":{"type":"LineString","coordinates":[[19.826273,41.325811],[19.826257,41.325797]]}},{"type":"Feature","properties":{"line":"5A","mode":"bus","color":"#19a9a8","oi":0.362,"n":4,"sw":1},"geometry":{"type":"LineString","coordinates":[[19.826262,41.325801],[19.826246,41.325788]]}},{"type":"Feature","properties":{"line":"5A","mode":"bus","color":"#19a9a8","oi":0.287,"n":4,"sw":1},"geometry":{"type":"LineString","coordinates":[[19.826251,41.325792],[19.826235,41.325779]]}},{"type":"Feature","properties":{"line":"5A","mode":"bus","color":"#19a9a8","oi":0.218,"n":4,"sw":1},"geometry":{"type":"LineString","coordinates":[[19.82624,41.325783],[19.826224,41.325769]]}},{"type":"Feature","properties":{"line":"5A","mode":"bus","color":"#19a9a8","oi":0.156,"n":4,"sw":1},"geometry":{"type":"LineString","coordinates":[[19.826229,41.325773],[19.826213,41.32576]]}},{"type":"Feature","properties":{"line":"5A","mode":"bus","color":"#19a9a8","oi":0.103,"n":4,"sw":1},"geometry":{"type":"LineString","coordinates":[[19.826218,41.325764],[19.826202,41.32575]]}},{"type":"Feature","properties":{"line":"5A","mode":"bus","color":"#19a9a8","oi":0.06,"n":4,"sw":1},"geometry":{"type":"LineString","coordinates":[[19.826207,41.325754],[19.826191,41.325741]]}},{"type":"Feature","properties":{"line":"5A","mode":"bus","color":"#19a9a8","oi":0.027,"n":4,"sw":1},"geometry":{"type":"LineString","coordinates":[[19.826196,41.325745],[19.82618,41.325732]]}},{"type":"Feature","properties":{"line":"5A","mode":"bus","color":"#19a9a8","oi":0.007,"n":4,"sw":1},"geometry":{"type":"LineString","coordinates":[[19.826185,41.325736],[19.82617,41.325722]]}},{"type":"Feature","properties":{"line":"5A","mode":"bus","color":"#19a9a8","oi":0,"n":4,"sw":1},"geometry":{"type":"LineString","coordinates":[[19.826174,41.325726],[19.826161,41.325715]]}},{"type":"Feature","properties":{"line":"5A","mode":"bus","color":"#19a9a8","oi":0,"n":2,"sw":1},"geometry":{"type":"LineString","coordinates":[[19.834481,41.330232],[19.834476,41.330257]]}},{"type":"Feature","properties":{"line":"5A","mode":"bus","color":"#19a9a8","oi":0.017,"n":2,"sw":1},"geometry":{"type":"LineString","coordinates":[[19.834477,41.330252],[19.834471,41.33028]]}},{"type":"Feature","properties":{"line":"5A","mode":"bus","color":"#19a9a8","oi":0.063,"n":2,"sw":1},"geometry":{"type":"LineString","coordinates":[[19.834472,41.330275],[19.834467,41.330303]]}},{"type":"Feature","properties":{"line":"5A","mode":"bus","color":"#19a9a8","oi":0.13,"n":2,"sw":1},"geometry":{"type":"LineString","coordinates":[[19.834468,41.330298],[19.834462,41.330326]]}},{"type":"Feature","properties":{"line":"5A","mode":"bus","color":"#19a9a8","oi":0.209,"n":2,"sw":1},"geometry":{"type":"LineString","coordinates":[[19.834463,41.33032],[19.834458,41.330348]]}},{"type":"Feature","properties":{"line":"5A","mode":"bus","color":"#19a9a8","oi":0.291,"n":2,"sw":1},"geometry":{"type":"LineString","coordinates":[[19.834459,41.330343],[19.834453,41.330371]]}},{"type":"Feature","properties":{"line":"5A","mode":"bus","color":"#19a9a8","oi":0.37,"n":2,"sw":1},"geometry":{"type":"LineString","coordinates":[[19.834454,41.330366],[19.834449,41.330394]]}},{"type":"Feature","properties":{"line":"5A","mode":"bus","color":"#19a9a8","oi":0.437,"n":2,"sw":1},"geometry":{"type":"LineString","coordinates":[[19.83445,41.330389],[19.834444,41.330417]]}},{"type":"Feature","properties":{"line":"5A","mode":"bus","color":"#19a9a8","oi":0.483,"n":2,"sw":1},"geometry":{"type":"LineString","coordinates":[[19.834445,41.330411],[19.83444,41.330439]]}},{"type":"Feature","properties":{"line":"5A","mode":"bus","color":"#19a9a8","oi":0.5,"n":2,"sw":1},"geometry":{"type":"LineString","coordinates":[[19.834441,41.330434],[19.834435,41.330462]]}},{"type":"Feature","properties":{"line":"5A","mode":"bus","color":"#19a9a8","oi":0.5,"n":2,"sw":1},"geometry":{"type":"LineString","coordinates":[[19.834436,41.330457],[19.83443,41.330485]]}},{"type":"Feature","properties":{"line":"5A","mode":"bus","color":"#19a9a8","oi":0.483,"n":2,"sw":1},"geometry":{"type":"LineString","coordinates":[[19.834431,41.33048],[19.834426,41.330508]]}},{"type":"Feature","properties":{"line":"5A","mode":"bus","color":"#19a9a8","oi":0.437,"n":2,"sw":1},"geometry":{"type":"LineString","coordinates":[[19.834427,41.330502],[19.834421,41.33053]]}},{"type":"Feature","properties":{"line":"5A","mode":"bus","color":"#19a9a8","oi":0.37,"n":2,"sw":1},"geometry":{"type":"LineString","coordinates":[[19.834422,41.330525],[19.834417,41.330553]]}},{"type":"Feature","properties":{"line":"5A","mode":"bus","color":"#19a9a8","oi":0.291,"n":2,"sw":1},"geometry":{"type":"LineString","coordinates":[[19.834418,41.330548],[19.834412,41.330576]]}},{"type":"Feature","properties":{"line":"5A","mode":"bus","color":"#19a9a8","oi":0.209,"n":2,"sw":1},"geometry":{"type":"LineString","coordinates":[[19.834413,41.330571],[19.834408,41.330599]]}},{"type":"Feature","properties":{"line":"5A","mode":"bus","color":"#19a9a8","oi":0.13,"n":2,"sw":1},"geometry":{"type":"LineString","coordinates":[[19.834409,41.330593],[19.834403,41.330621]]}},{"type":"Feature","properties":{"line":"5A","mode":"bus","color":"#19a9a8","oi":0.063,"n":2,"sw":1},"geometry":{"type":"LineString","coordinates":[[19.834404,41.330616],[19.834399,41.330644]]}},{"type":"Feature","properties":{"line":"5A","mode":"bus","color":"#19a9a8","oi":0.017,"n":2,"sw":1},"geometry":{"type":"LineString","coordinates":[[19.8344,41.330639],[19.834394,41.330667]]}},{"type":"Feature","properties":{"line":"5A","mode":"bus","color":"#19a9a8","oi":0,"n":2,"sw":1},"geometry":{"type":"LineString","coordinates":[[19.834395,41.330662],[19.83439,41.330687]]}},{"type":"Feature","properties":{"line":"5A","mode":"bus","color":"#19a9a8","oi":0.5,"n":2},"geometry":{"type":"LineString","coordinates":[[19.824817,41.324743],[19.824297,41.324531],[19.823604,41.324281],[19.823044,41.324124],[19.822222,41.32397],[19.819704,41.323569],[19.819683,41.323568],[19.819666,41.323573],[19.819655,41.323582],[19.819647,41.323597],[19.819101,41.325612]]}},{"type":"Feature","properties":{"line":"5A","mode":"bus","color":"#19a9a8","oi":0,"n":2,"sw":1},"geometry":{"type":"LineString","coordinates":[[19.825175,41.324923],[19.825136,41.324903]]}},{"type":"Feature","properties":{"line":"5A","mode":"bus","color":"#19a9a8","oi":0.017,"n":2,"sw":1},"geometry":{"type":"LineString","coordinates":[[19.825142,41.324906],[19.825101,41.324885]]}},{"type":"Feature","properties":{"line":"5A","mode":"bus","color":"#19a9a8","oi":0.063,"n":2,"sw":1},"geometry":{"type":"LineString","coordinates":[[19.825107,41.324888],[19.825065,41.324867]]}},{"type":"Feature","properties":{"line":"5A","mode":"bus","color":"#19a9a8","oi":0.13,"n":2,"sw":1},"geometry":{"type":"LineString","coordinates":[[19.825071,41.32487],[19.82503,41.324849]]}},{"type":"Feature","properties":{"line":"5A","mode":"bus","color":"#19a9a8","oi":0.209,"n":2,"sw":1},"geometry":{"type":"LineString","coordinates":[[19.825036,41.324852],[19.824994,41.32483]]}},{"type":"Feature","properties":{"line":"5A","mode":"bus","color":"#19a9a8","oi":0.291,"n":2,"sw":1},"geometry":{"type":"LineString","coordinates":[[19.825,41.324833],[19.824958,41.324812]]}},{"type":"Feature","properties":{"line":"5A","mode":"bus","color":"#19a9a8","oi":0.37,"n":2,"sw":1},"geometry":{"type":"LineString","coordinates":[[19.824964,41.324815],[19.824923,41.324794]]}},{"type":"Feature","properties":{"line":"5A","mode":"bus","color":"#19a9a8","oi":0.437,"n":2,"sw":1},"geometry":{"type":"LineString","coordinates":[[19.824929,41.324797],[19.824887,41.324776]]}},{"type":"Feature","properties":{"line":"5A","mode":"bus","color":"#19a9a8","oi":0.483,"n":2,"sw":1},"geometry":{"type":"LineString","coordinates":[[19.824893,41.324779],[19.824852,41.324757]]}},{"type":"Feature","properties":{"line":"5A","mode":"bus","color":"#19a9a8","oi":0.5,"n":2,"sw":1},"geometry":{"type":"LineString","coordinates":[[19.824858,41.32476],[19.824843,41.324753],[19.824814,41.324741]]}},{"type":"Feature","properties":{"line":"5A","mode":"bus","color":"#19a9a8","oi":0.5,"n":2,"sw":1},"geometry":{"type":"LineString","coordinates":[[19.819102,41.325609],[19.819092,41.325646]]}},{"type":"Feature","properties":{"line":"5A","mode":"bus","color":"#19a9a8","oi":0.483,"n":2,"sw":1},"geometry":{"type":"LineString","coordinates":[[19.819093,41.325641],[19.819083,41.325678]]}},{"type":"Feature","properties":{"line":"5A","mode":"bus","color":"#19a9a8","oi":0.437,"n":2,"sw":1},"geometry":{"type":"LineString","coordinates":[[19.819085,41.325672],[19.819075,41.325709]]}},{"type":"Feature","properties":{"line":"5A","mode":"bus","color":"#19a9a8","oi":0.37,"n":2,"sw":1},"geometry":{"type":"LineString","coordinates":[[19.819076,41.325704],[19.819066,41.325741]]}},{"type":"Feature","properties":{"line":"5A","mode":"bus","color":"#19a9a8","oi":0.291,"n":2,"sw":1},"geometry":{"type":"LineString","coordinates":[[19.819067,41.325736],[19.819057,41.325773]]}},{"type":"Feature","properties":{"line":"5A","mode":"bus","color":"#19a9a8","oi":0.209,"n":2,"sw":1},"geometry":{"type":"LineString","coordinates":[[19.819059,41.325768],[19.819049,41.325805]]}},{"type":"Feature","properties":{"line":"5A","mode":"bus","color":"#19a9a8","oi":0.13,"n":2,"sw":1},"geometry":{"type":"LineString","coordinates":[[19.81905,41.325799],[19.81904,41.325836]]}},{"type":"Feature","properties":{"line":"5A","mode":"bus","color":"#19a9a8","oi":0.063,"n":2,"sw":1},"geometry":{"type":"LineString","coordinates":[[19.819042,41.325831],[19.819032,41.325868]]}},{"type":"Feature","properties":{"line":"5A","mode":"bus","color":"#19a9a8","oi":0.017,"n":2,"sw":1},"geometry":{"type":"LineString","coordinates":[[19.819033,41.325863],[19.819023,41.3259]]}},{"type":"Feature","properties":{"line":"5A","mode":"bus","color":"#19a9a8","oi":0,"n":2,"sw":1},"geometry":{"type":"LineString","coordinates":[[19.819024,41.325895],[19.819015,41.325929]]}},{"type":"Feature","properties":{"line":"5A","mode":"bus","color":"#19a9a8","oi":1,"n":3},"geometry":{"type":"LineString","coordinates":[[19.83439,41.330687],[19.834348,41.33067]]}},{"type":"Feature","properties":{"line":"5A","mode":"bus","color":"#19a9a8","oi":1,"n":3,"sw":1},"geometry":{"type":"LineString","coordinates":[[19.834352,41.330671],[19.834335,41.330664]]}},{"type":"Feature","properties":{"line":"5A","mode":"bus","color":"#19a9a8","oi":1.13,"n":3,"sw":1},"geometry":{"type":"LineString","coordinates":[[19.834341,41.330667],[19.834325,41.33066]]}},{"type":"Feature","properties":{"line":"5A","mode":"bus","color":"#19a9a8","oi":1.37,"n":3,"sw":1},"geometry":{"type":"LineString","coordinates":[[19.834331,41.330663],[19.834314,41.330656]]}},{"type":"Feature","properties":{"line":"5A","mode":"bus","color":"#19a9a8","oi":1.5,"n":3,"sw":1},"geometry":{"type":"LineString","coordinates":[[19.834321,41.330659],[19.834307,41.330653]]}},{"type":"Feature","properties":{"line":"5A","mode":"bus","color":"#19a9a8","oi":1.5,"n":4},"geometry":{"type":"LineString","coordinates":[[19.834307,41.330653],[19.828468,41.328149],[19.82815,41.32799],[19.827804,41.327756],[19.826031,41.326241],[19.82541,41.325754]]}},{"type":"Feature","properties":{"line":"5A","mode":"bus","color":"#19a9a8","oi":1.5,"n":4,"sw":1},"geometry":{"type":"LineString","coordinates":[[19.825413,41.325756],[19.825396,41.325743]]}},{"type":"Feature","properties":{"line":"5A","mode":"bus","color":"#19a9a8","oi":1.493,"n":4,"sw":1},"geometry":{"type":"LineString","coordinates":[[19.825401,41.325747],[19.825385,41.325734]]}},{"type":"Feature","properties":{"line":"5A","mode":"bus","color":"#19a9a8","oi":1.473,"n":4,"sw":1},"geometry":{"type":"LineString","coordinates":[[19.82539,41.325738],[19.825373,41.325725]]}},{"type":"Feature","properties":{"line":"5A","mode":"bus","color":"#19a9a8","oi":1.44,"n":4,"sw":1},"geometry":{"type":"LineString","coordinates":[[19.825378,41.325729],[19.825362,41.325716]]}},{"type":"Feature","properties":{"line":"5A","mode":"bus","color":"#19a9a8","oi":1.397,"n":4,"sw":1},"geometry":{"type":"LineString","coordinates":[[19.825367,41.32572],[19.82535,41.325707]]}},{"type":"Feature","properties":{"line":"5A","mode":"bus","color":"#19a9a8","oi":1.344,"n":4,"sw":1},"geometry":{"type":"LineString","coordinates":[[19.825355,41.325711],[19.825339,41.325698]]}},{"type":"Feature","properties":{"line":"5A","mode":"bus","color":"#19a9a8","oi":1.282,"n":4,"sw":1},"geometry":{"type":"LineString","coordinates":[[19.825344,41.325702],[19.825327,41.325689]]}},{"type":"Feature","properties":{"line":"5A","mode":"bus","color":"#19a9a8","oi":1.213,"n":4,"sw":1},"geometry":{"type":"LineString","coordinates":[[19.825332,41.325693],[19.825316,41.32568]]}},{"type":"Feature","properties":{"line":"5A","mode":"bus","color":"#19a9a8","oi":1.138,"n":4,"sw":1},"geometry":{"type":"LineString","coordinates":[[19.825321,41.325684],[19.825304,41.325671]]}},{"type":"Feature","properties":{"line":"5A","mode":"bus","color":"#19a9a8","oi":1.057,"n":4,"sw":1},"geometry":{"type":"LineString","coordinates":[[19.825309,41.325675],[19.825293,41.325662]]}},{"type":"Feature","properties":{"line":"5A","mode":"bus","color":"#19a9a8","oi":0.972,"n":4,"sw":1},"geometry":{"type":"LineString","coordinates":[[19.825298,41.325666],[19.825281,41.325653]]}},{"type":"Feature","properties":{"line":"5A","mode":"bus","color":"#19a9a8","oi":0.884,"n":4,"sw":1},"geometry":{"type":"LineString","coordinates":[[19.825286,41.325657],[19.82527,41.325644]]}},{"type":"Feature","properties":{"line":"5A","mode":"bus","color":"#19a9a8","oi":0.795,"n":4,"sw":1},"geometry":{"type":"LineString","coordinates":[[19.825275,41.325648],[19.825259,41.325635]]}},{"type":"Feature","properties":{"line":"5A","mode":"bus","color":"#19a9a8","oi":0.705,"n":4,"sw":1},"geometry":{"type":"LineString","coordinates":[[19.825264,41.325639],[19.825247,41.325626]]}},{"type":"Feature","properties":{"line":"5A","mode":"bus","color":"#19a9a8","oi":0.616,"n":4,"sw":1},"geometry":{"type":"LineString","coordinates":[[19.825252,41.32563],[19.825236,41.325617]]}},{"type":"Feature","properties":{"line":"5A","mode":"bus","color":"#19a9a8","oi":0.528,"n":4,"sw":1},"geometry":{"type":"LineString","coordinates":[[19.825241,41.325621],[19.825224,41.325608]]}},{"type":"Feature","properties":{"line":"5A","mode":"bus","color":"#19a9a8","oi":0.443,"n":4,"sw":1},"geometry":{"type":"LineString","coordinates":[[19.825229,41.325612],[19.825213,41.325599]]}},{"type":"Feature","properties":{"line":"5A","mode":"bus","color":"#19a9a8","oi":0.362,"n":4,"sw":1},"geometry":{"type":"LineString","coordinates":[[19.825218,41.325603],[19.825201,41.32559]]}},{"type":"Feature","properties":{"line":"5A","mode":"bus","color":"#19a9a8","oi":0.287,"n":4,"sw":1},"geometry":{"type":"LineString","coordinates":[[19.825206,41.325594],[19.82519,41.325581]]}},{"type":"Feature","properties":{"line":"5A","mode":"bus","color":"#19a9a8","oi":0.218,"n":4,"sw":1},"geometry":{"type":"LineString","coordinates":[[19.825195,41.325585],[19.825178,41.325572]]}},{"type":"Feature","properties":{"line":"5A","mode":"bus","color":"#19a9a8","oi":0.156,"n":4,"sw":1},"geometry":{"type":"LineString","coordinates":[[19.825183,41.325576],[19.825167,41.325563]]}},{"type":"Feature","properties":{"line":"5A","mode":"bus","color":"#19a9a8","oi":0.103,"n":4,"sw":1},"geometry":{"type":"LineString","coordinates":[[19.825172,41.325567],[19.825155,41.325554]]}},{"type":"Feature","properties":{"line":"5A","mode":"bus","color":"#19a9a8","oi":0.06,"n":4,"sw":1},"geometry":{"type":"LineString","coordinates":[[19.82516,41.325558],[19.825144,41.325545]]}},{"type":"Feature","properties":{"line":"5A","mode":"bus","color":"#19a9a8","oi":0.027,"n":4,"sw":1},"geometry":{"type":"LineString","coordinates":[[19.825149,41.325549],[19.825132,41.325536]]}},{"type":"Feature","properties":{"line":"5A","mode":"bus","color":"#19a9a8","oi":0.007,"n":4,"sw":1},"geometry":{"type":"LineString","coordinates":[[19.825137,41.32554],[19.825121,41.325527]]}},{"type":"Feature","properties":{"line":"5A","mode":"bus","color":"#19a9a8","oi":0,"n":4,"sw":1},"geometry":{"type":"LineString","coordinates":[[19.825126,41.325531],[19.825112,41.32552]]}},{"type":"Feature","properties":{"line":"10C","mode":"bus","color":"#ab0377","oi":-0.5,"n":2},"geometry":{"type":"LineString","coordinates":[[19.849377,41.333849],[19.849453,41.333689],[19.84956,41.333609],[19.849696,41.333558],[19.849946,41.333565],[19.850086,41.333623],[19.85019,41.333716],[19.850244,41.333853],[19.850199,41.334021],[19.850146,41.334083],[19.849982,41.334176],[19.849882,41.334198],[19.849676,41.334186]]}},{"type":"Feature","properties":{"line":"10C","mode":"bus","color":"#ab0377","oi":-0.5,"n":4},"geometry":{"type":"LineString","coordinates":[[19.828992,41.327887],[19.834481,41.330232],[19.840341,41.332717],[19.840708,41.332762],[19.842165,41.332599],[19.843102,41.332531],[19.843665,41.332626],[19.844125,41.332787]]}},{"type":"Feature","properties":{"line":"10C","mode":"bus","color":"#ab0377","oi":-0.5,"n":4},"geometry":{"type":"LineString","coordinates":[[19.828655,41.327737],[19.828277,41.327528],[19.826445,41.325958]]}},{"type":"Feature","properties":{"line":"10C","mode":"bus","color":"#ab0377","oi":-0.5,"n":4,"sw":1},"geometry":{"type":"LineString","coordinates":[[19.826447,41.32596],[19.826414,41.325932]]}},{"type":"Feature","properties":{"line":"10C","mode":"bus","color":"#ab0377","oi":-0.483,"n":4,"sw":1},"geometry":{"type":"LineString","coordinates":[[19.826419,41.325936],[19.826386,41.325908]]}},{"type":"Feature","properties":{"line":"10C","mode":"bus","color":"#ab0377","oi":-0.437,"n":4,"sw":1},"geometry":{"type":"LineString","coordinates":[[19.826391,41.325912],[19.826358,41.325883]]}},{"type":"Feature","properties":{"line":"10C","mode":"bus","color":"#ab0377","oi":-0.37,"n":4,"sw":1},"geometry":{"type":"LineString","coordinates":[[19.826362,41.325887],[19.826329,41.325859]]}},{"type":"Feature","properties":{"line":"10C","mode":"bus","color":"#ab0377","oi":-0.291,"n":4,"sw":1},"geometry":{"type":"LineString","coordinates":[[19.826334,41.325863],[19.826301,41.325835]]}},{"type":"Feature","properties":{"line":"10C","mode":"bus","color":"#ab0377","oi":-0.209,"n":4,"sw":1},"geometry":{"type":"LineString","coordinates":[[19.826305,41.325839],[19.826272,41.32581]]}},{"type":"Feature","properties":{"line":"10C","mode":"bus","color":"#ab0377","oi":-0.13,"n":4,"sw":1},"geometry":{"type":"LineString","coordinates":[[19.826277,41.325814],[19.826244,41.325786]]}},{"type":"Feature","properties":{"line":"10C","mode":"bus","color":"#ab0377","oi":-0.063,"n":4,"sw":1},"geometry":{"type":"LineString","coordinates":[[19.826249,41.32579],[19.826215,41.325762]]}},{"type":"Feature","properties":{"line":"10C","mode":"bus","color":"#ab0377","oi":-0.017,"n":4,"sw":1},"geometry":{"type":"LineString","coordinates":[[19.82622,41.325766],[19.826187,41.325737]]}},{"type":"Feature","properties":{"line":"10C","mode":"bus","color":"#ab0377","oi":0,"n":4,"sw":1},"geometry":{"type":"LineString","coordinates":[[19.826192,41.325741],[19.826161,41.325715]]}},{"type":"Feature","properties":{"line":"10C","mode":"bus","color":"#ab0377","oi":-1,"n":3},"geometry":{"type":"LineString","coordinates":[[19.83439,41.330687],[19.834348,41.33067]]}},{"type":"Feature","properties":{"line":"10C","mode":"bus","color":"#ab0377","oi":-1,"n":3,"sw":1},"geometry":{"type":"LineString","coordinates":[[19.834352,41.330671],[19.834335,41.330664]]}},{"type":"Feature","properties":{"line":"10C","mode":"bus","color":"#ab0377","oi":-0.87,"n":3,"sw":1},"geometry":{"type":"LineString","coordinates":[[19.834341,41.330667],[19.834325,41.33066]]}},{"type":"Feature","properties":{"line":"10C","mode":"bus","color":"#ab0377","oi":-0.63,"n":3,"sw":1},"geometry":{"type":"LineString","coordinates":[[19.834331,41.330663],[19.834314,41.330656]]}},{"type":"Feature","properties":{"line":"10C","mode":"bus","color":"#ab0377","oi":-0.5,"n":3,"sw":1},"geometry":{"type":"LineString","coordinates":[[19.834321,41.330659],[19.834307,41.330653]]}},{"type":"Feature","properties":{"line":"10C","mode":"bus","color":"#ab0377","oi":-0.5,"n":4},"geometry":{"type":"LineString","coordinates":[[19.834307,41.330653],[19.828468,41.328149],[19.82815,41.32799],[19.827804,41.327756],[19.826031,41.326241],[19.82541,41.325754]]}},{"type":"Feature","properties":{"line":"10C","mode":"bus","color":"#ab0377","oi":-0.5,"n":4,"sw":1},"geometry":{"type":"LineString","coordinates":[[19.825413,41.325756],[19.825378,41.325728]]}},{"type":"Feature","properties":{"line":"10C","mode":"bus","color":"#ab0377","oi":-0.483,"n":4,"sw":1},"geometry":{"type":"LineString","coordinates":[[19.825383,41.325732],[19.825348,41.325705]]}},{"type":"Feature","properties":{"line":"10C","mode":"bus","color":"#ab0377","oi":-0.437,"n":4,"sw":1},"geometry":{"type":"LineString","coordinates":[[19.825353,41.325709],[19.825318,41.325682]]}},{"type":"Feature","properties":{"line":"10C","mode":"bus","color":"#ab0377","oi":-0.37,"n":4,"sw":1},"geometry":{"type":"LineString","coordinates":[[19.825323,41.325686],[19.825288,41.325658]]}},{"type":"Feature","properties":{"line":"10C","mode":"bus","color":"#ab0377","oi":-0.291,"n":4,"sw":1},"geometry":{"type":"LineString","coordinates":[[19.825293,41.325662],[19.825259,41.325635]]}},{"type":"Feature","properties":{"line":"10C","mode":"bus","color":"#ab0377","oi":-0.209,"n":4,"sw":1},"geometry":{"type":"LineString","coordinates":[[19.825264,41.325639],[19.825229,41.325612]]}},{"type":"Feature","properties":{"line":"10C","mode":"bus","color":"#ab0377","oi":-0.13,"n":4,"sw":1},"geometry":{"type":"LineString","coordinates":[[19.825234,41.325615],[19.825199,41.325588]]}},{"type":"Feature","properties":{"line":"10C","mode":"bus","color":"#ab0377","oi":-0.063,"n":4,"sw":1},"geometry":{"type":"LineString","coordinates":[[19.825204,41.325592],[19.825169,41.325565]]}},{"type":"Feature","properties":{"line":"10C","mode":"bus","color":"#ab0377","oi":-0.017,"n":4,"sw":1},"geometry":{"type":"LineString","coordinates":[[19.825174,41.325569],[19.825139,41.325541]]}},{"type":"Feature","properties":{"line":"10C","mode":"bus","color":"#ab0377","oi":0,"n":4,"sw":1},"geometry":{"type":"LineString","coordinates":[[19.825144,41.325545],[19.825112,41.32552]]}},{"type":"Feature","properties":{"line":"10C","mode":"bus","color":"#ab0377","oi":-0.5,"n":2},"geometry":{"type":"LineString","coordinates":[[19.84371,41.333127],[19.843331,41.333008],[19.843002,41.332968],[19.842813,41.332967],[19.840785,41.33321],[19.840486,41.333209],[19.840249,41.333166],[19.839981,41.333078],[19.834764,41.330847]]}},{"type":"Feature","properties":{"line":"10C","mode":"bus","color":"#ab0377","oi":-0.5,"n":2,"sw":1},"geometry":{"type":"LineString","coordinates":[[19.834767,41.330848],[19.834724,41.33083]]}},{"type":"Feature","properties":{"line":"10C","mode":"bus","color":"#ab0377","oi":-0.517,"n":2,"sw":1},"geometry":{"type":"LineString","coordinates":[[19.83473,41.330832],[19.834686,41.330814]]}},{"type":"Feature","properties":{"line":"10C","mode":"bus","color":"#ab0377","oi":-0.563,"n":2,"sw":1},"geometry":{"type":"LineString","coordinates":[[19.834693,41.330816],[19.834649,41.330798]]}},{"type":"Feature","properties":{"line":"10C","mode":"bus","color":"#ab0377","oi":-0.63,"n":2,"sw":1},"geometry":{"type":"LineString","coordinates":[[19.834655,41.3308],[19.834611,41.330782]]}},{"type":"Feature","properties":{"line":"10C","mode":"bus","color":"#ab0377","oi":-0.709,"n":2,"sw":1},"geometry":{"type":"LineString","coordinates":[[19.834618,41.330784],[19.834574,41.330766]]}},{"type":"Feature","properties":{"line":"10C","mode":"bus","color":"#ab0377","oi":-0.791,"n":2,"sw":1},"geometry":{"type":"LineString","coordinates":[[19.83458,41.330768],[19.834537,41.33075]]}},{"type":"Feature","properties":{"line":"10C","mode":"bus","color":"#ab0377","oi":-0.87,"n":2,"sw":1},"geometry":{"type":"LineString","coordinates":[[19.834543,41.330752],[19.834499,41.330734]]}},{"type":"Feature","properties":{"line":"10C","mode":"bus","color":"#ab0377","oi":-0.937,"n":2,"sw":1},"geometry":{"type":"LineString","coordinates":[[19.834505,41.330736],[19.834462,41.330718]]}},{"type":"Feature","properties":{"line":"10C","mode":"bus","color":"#ab0377","oi":-0.983,"n":2,"sw":1},"geometry":{"type":"LineString","coordinates":[[19.834468,41.33072],[19.834424,41.330702]]}},{"type":"Feature","properties":{"line":"10C","mode":"bus","color":"#ab0377","oi":-1,"n":2,"sw":1},"geometry":{"type":"LineString","coordinates":[[19.834431,41.330704],[19.83439,41.330687]]}},{"type":"Feature","properties":{"line":"10C","mode":"bus","color":"#ab0377","oi":0.5,"n":3,"sw":1},"geometry":{"type":"LineString","coordinates":[[19.828655,41.327737],[19.828675,41.327746]]}},{"type":"Feature","properties":{"line":"10C","mode":"bus","color":"#ab0377","oi":0.483,"n":3,"sw":1},"geometry":{"type":"LineString","coordinates":[[19.828669,41.327743],[19.828692,41.327753]]}},{"type":"Feature","properties":{"line":"10C","mode":"bus","color":"#ab0377","oi":0.437,"n":3,"sw":1},"geometry":{"type":"LineString","coordinates":[[19.828686,41.327751],[19.828709,41.327761]]}},{"type":"Feature","properties":{"line":"10C","mode":"bus","color":"#ab0377","oi":0.37,"n":3,"sw":1},"geometry":{"type":"LineString","coordinates":[[19.828702,41.327758],[19.828725,41.327768]]}},{"type":"Feature","properties":{"line":"10C","mode":"bus","color":"#ab0377","oi":0.291,"n":3,"sw":1},"geometry":{"type":"LineString","coordinates":[[19.828719,41.327766],[19.828742,41.327776]]}},{"type":"Feature","properties":{"line":"10C","mode":"bus","color":"#ab0377","oi":0.209,"n":3,"sw":1},"geometry":{"type":"LineString","coordinates":[[19.828736,41.327773],[19.828759,41.327783]]}},{"type":"Feature","properties":{"line":"10C","mode":"bus","color":"#ab0377","oi":0.13,"n":3,"sw":1},"geometry":{"type":"LineString","coordinates":[[19.828753,41.327781],[19.828776,41.327791]]}},{"type":"Feature","properties":{"line":"10C","mode":"bus","color":"#ab0377","oi":0.063,"n":3,"sw":1},"geometry":{"type":"LineString","coordinates":[[19.82877,41.327788],[19.828793,41.327798]]}},{"type":"Feature","properties":{"line":"10C","mode":"bus","color":"#ab0377","oi":0.017,"n":3,"sw":1},"geometry":{"type":"LineString","coordinates":[[19.828787,41.327796],[19.82881,41.327806]]}},{"type":"Feature","properties":{"line":"10C","mode":"bus","color":"#ab0377","oi":0,"n":3,"sw":1},"geometry":{"type":"LineString","coordinates":[[19.828804,41.327803],[19.828827,41.327813]]}},{"type":"Feature","properties":{"line":"10C","mode":"bus","color":"#ab0377","oi":0,"n":3,"sw":1},"geometry":{"type":"LineString","coordinates":[[19.82882,41.327811],[19.828843,41.327821]]}},{"type":"Feature","properties":{"line":"10C","mode":"bus","color":"#ab0377","oi":-0.017,"n":3,"sw":1},"geometry":{"type":"LineString","coordinates":[[19.828837,41.327818],[19.82886,41.327828]]}},{"type":"Feature","properties":{"line":"10C","mode":"bus","color":"#ab0377","oi":-0.063,"n":3,"sw":1},"geometry":{"type":"LineString","coordinates":[[19.828854,41.327826],[19.828877,41.327836]]}},{"type":"Feature","properties":{"line":"10C","mode":"bus","color":"#ab0377","oi":-0.13,"n":3,"sw":1},"geometry":{"type":"LineString","coordinates":[[19.828871,41.327833],[19.828894,41.327843]]}},{"type":"Feature","properties":{"line":"10C","mode":"bus","color":"#ab0377","oi":-0.209,"n":3,"sw":1},"geometry":{"type":"LineString","coordinates":[[19.828888,41.327841],[19.828911,41.327851]]}},{"type":"Feature","properties":{"line":"10C","mode":"bus","color":"#ab0377","oi":-0.291,"n":3,"sw":1},"geometry":{"type":"LineString","coordinates":[[19.828905,41.327848],[19.828928,41.327858]]}},{"type":"Feature","properties":{"line":"10C","mode":"bus","color":"#ab0377","oi":-0.37,"n":3,"sw":1},"geometry":{"type":"LineString","coordinates":[[19.828922,41.327856],[19.828945,41.327866]]}},{"type":"Feature","properties":{"line":"10C","mode":"bus","color":"#ab0377","oi":-0.437,"n":3,"sw":1},"geometry":{"type":"LineString","coordinates":[[19.828938,41.327863],[19.828961,41.327873]]}},{"type":"Feature","properties":{"line":"10C","mode":"bus","color":"#ab0377","oi":-0.483,"n":3,"sw":1},"geometry":{"type":"LineString","coordinates":[[19.828955,41.327871],[19.828978,41.327881]]}},{"type":"Feature","properties":{"line":"10C","mode":"bus","color":"#ab0377","oi":-0.5,"n":3,"sw":1},"geometry":{"type":"LineString","coordinates":[[19.828972,41.327878],[19.828992,41.327887]]}},{"type":"Feature","properties":{"line":"10C","mode":"bus","color":"#ab0377","oi":0,"n":1},"geometry":{"type":"LineString","coordinates":[[19.849676,41.334186],[19.84955,41.334286],[19.849285,41.334359],[19.848891,41.334387],[19.847554,41.33429],[19.845977,41.33413],[19.845642,41.334054],[19.845062,41.333849],[19.844061,41.333315]]}},{"type":"Feature","properties":{"line":"10C","mode":"bus","color":"#ab0377","oi":0,"n":1,"sw":1},"geometry":{"type":"LineString","coordinates":[[19.844064,41.333316],[19.844023,41.333294]]}},{"type":"Feature","properties":{"line":"10C","mode":"bus","color":"#ab0377","oi":-0.017,"n":1,"sw":1},"geometry":{"type":"LineString","coordinates":[[19.844029,41.333297],[19.843988,41.333275]]}},{"type":"Feature","properties":{"line":"10C","mode":"bus","color":"#ab0377","oi":-0.063,"n":1,"sw":1},"geometry":{"type":"LineString","coordinates":[[19.843994,41.333279],[19.843953,41.333257]]}},{"type":"Feature","properties":{"line":"10C","mode":"bus","color":"#ab0377","oi":-0.13,"n":1,"sw":1},"geometry":{"type":"LineString","coordinates":[[19.843959,41.33326],[19.843918,41.333238]]}},{"type":"Feature","properties":{"line":"10C","mode":"bus","color":"#ab0377","oi":-0.209,"n":1,"sw":1},"geometry":{"type":"LineString","coordinates":[[19.843924,41.333241],[19.843883,41.333219]]}},{"type":"Feature","properties":{"line":"10C","mode":"bus","color":"#ab0377","oi":-0.291,"n":1,"sw":1},"geometry":{"type":"LineString","coordinates":[[19.843888,41.333222],[19.843848,41.3332]]}},{"type":"Feature","properties":{"line":"10C","mode":"bus","color":"#ab0377","oi":-0.37,"n":1,"sw":1},"geometry":{"type":"LineString","coordinates":[[19.843853,41.333204],[19.843812,41.333182]]}},{"type":"Feature","properties":{"line":"10C","mode":"bus","color":"#ab0377","oi":-0.437,"n":1,"sw":1},"geometry":{"type":"LineString","coordinates":[[19.843818,41.333185],[19.843777,41.333163]]}},{"type":"Feature","properties":{"line":"10C","mode":"bus","color":"#ab0377","oi":-0.483,"n":1,"sw":1},"geometry":{"type":"LineString","coordinates":[[19.843783,41.333166],[19.843742,41.333144]]}},{"type":"Feature","properties":{"line":"10C","mode":"bus","color":"#ab0377","oi":-0.5,"n":1,"sw":1},"geometry":{"type":"LineString","coordinates":[[19.843748,41.333147],[19.84371,41.333127]]}},{"type":"Feature","properties":{"line":"10C","mode":"bus","color":"#ab0377","oi":0,"n":1},"geometry":{"type":"LineString","coordinates":[[19.803412,41.326032],[19.803584,41.325927],[19.80379,41.325907]]}},{"type":"Feature","properties":{"line":"10C","mode":"bus","color":"#ab0377","oi":0,"n":1},"geometry":{"type":"LineString","coordinates":[[19.802598,41.328041],[19.80221,41.328041],[19.800495,41.328174],[19.800468,41.32818],[19.800453,41.328194],[19.800449,41.328214],[19.800513,41.329428],[19.800509,41.329448],[19.800494,41.329461],[19.800467,41.329466],[19.798509,41.329542],[19.798286,41.329596],[19.798164,41.329649],[19.797817,41.32987]]}},{"type":"Feature","properties":{"line":"10C","mode":"bus","color":"#ab0377","oi":0,"n":1},"geometry":{"type":"LineString","coordinates":[[19.796993,41.33014],[19.796712,41.330224],[19.796295,41.33045],[19.787863,41.335145],[19.787588,41.335307],[19.787574,41.335318],[19.787569,41.335329],[19.787573,41.335341],[19.787586,41.335352],[19.787651,41.335396]]}},{"type":"Feature","properties":{"line":"10C","mode":"bus","color":"#ab0377","oi":0,"n":1},"geometry":{"type":"LineString","coordinates":[[19.797206,41.330346],[19.797022,41.330168],[19.797012,41.330155],[19.797012,41.330144],[19.797021,41.330136],[19.797039,41.33013],[19.797269,41.330077],[19.797774,41.329886],[19.797786,41.329882],[19.797795,41.32988],[19.797799,41.329881],[19.797799,41.329884],[19.797795,41.32989],[19.797787,41.329898],[19.797634,41.330037],[19.797206,41.330346]]}},{"type":"Feature","properties":{"line":"10C","mode":"bus","color":"#ab0377","oi":0,"n":1},"geometry":{"type":"LineString","coordinates":[[19.84448,41.33297],[19.845538,41.333516],[19.846109,41.333671],[19.846353,41.333716],[19.848617,41.333932],[19.849071,41.333939],[19.849377,41.333849]]}},{"type":"Feature","properties":{"line":"10C","mode":"bus","color":"#ab0377","oi":-0.5,"n":1,"sw":1},"geometry":{"type":"LineString","coordinates":[[19.844125,41.332787],[19.844163,41.332807]]}},{"type":"Feature","properties":{"line":"10C","mode":"bus","color":"#ab0377","oi":-0.483,"n":1,"sw":1},"geometry":{"type":"LineString","coordinates":[[19.844158,41.332804],[19.844199,41.332825]]}},{"type":"Feature","properties":{"line":"10C","mode":"bus","color":"#ab0377","oi":-0.437,"n":1,"sw":1},"geometry":{"type":"LineString","coordinates":[[19.844193,41.332822],[19.844234,41.332843]]}},{"type":"Feature","properties":{"line":"10C","mode":"bus","color":"#ab0377","oi":-0.37,"n":1,"sw":1},"geometry":{"type":"LineString","coordinates":[[19.844229,41.33284],[19.84427,41.332862]]}},{"type":"Feature","properties":{"line":"10C","mode":"bus","color":"#ab0377","oi":-0.291,"n":1,"sw":1},"geometry":{"type":"LineString","coordinates":[[19.844264,41.332859],[19.844306,41.33288]]}},{"type":"Feature","properties":{"line":"10C","mode":"bus","color":"#ab0377","oi":-0.209,"n":1,"sw":1},"geometry":{"type":"LineString","coordinates":[[19.8443,41.332877],[19.844341,41.332898]]}},{"type":"Feature","properties":{"line":"10C","mode":"bus","color":"#ab0377","oi":-0.13,"n":1,"sw":1},"geometry":{"type":"LineString","coordinates":[[19.844335,41.332895],[19.844377,41.332917]]}},{"type":"Feature","properties":{"line":"10C","mode":"bus","color":"#ab0377","oi":-0.063,"n":1,"sw":1},"geometry":{"type":"LineString","coordinates":[[19.844371,41.332914],[19.844412,41.332935]]}},{"type":"Feature","properties":{"line":"10C","mode":"bus","color":"#ab0377","oi":-0.017,"n":1,"sw":1},"geometry":{"type":"LineString","coordinates":[[19.844406,41.332932],[19.844448,41.332953]]}},{"type":"Feature","properties":{"line":"10C","mode":"bus","color":"#ab0377","oi":0,"n":1,"sw":1},"geometry":{"type":"LineString","coordinates":[[19.844442,41.33295],[19.844483,41.332972]]}},{"type":"Feature","properties":{"line":"10C","mode":"bus","color":"#ab0377","oi":0.5,"n":2},"geometry":{"type":"LineString","coordinates":[[19.803412,41.326032],[19.80271,41.327656],[19.802598,41.328041]]}},{"type":"Feature","properties":{"line":"10C","mode":"bus","color":"#ab0377","oi":0.5,"n":2},"geometry":{"type":"LineString","coordinates":[[19.803304,41.325997],[19.802544,41.327813],[19.802502,41.328036]]}},{"type":"Feature","properties":{"line":"10C","mode":"bus","color":"#ab0377","oi":0,"n":2,"sw":1},"geometry":{"type":"LineString","coordinates":[[19.803433,41.325688],[19.803419,41.325721]]}},{"type":"Feature","properties":{"line":"10C","mode":"bus","color":"#ab0377","oi":0.017,"n":2,"sw":1},"geometry":{"type":"LineString","coordinates":[[19.803421,41.325716],[19.803406,41.325752]]}},{"type":"Feature","properties":{"line":"10C","mode":"bus","color":"#ab0377","oi":0.063,"n":2,"sw":1},"geometry":{"type":"LineString","coordinates":[[19.803408,41.325747],[19.803393,41.325783]]}},{"type":"Feature","properties":{"line":"10C","mode":"bus","color":"#ab0377","oi":0.13,"n":2,"sw":1},"geometry":{"type":"LineString","coordinates":[[19.803395,41.325778],[19.80338,41.325814]]}},{"type":"Feature","properties":{"line":"10C","mode":"bus","color":"#ab0377","oi":0.209,"n":2,"sw":1},"geometry":{"type":"LineString","coordinates":[[19.803382,41.325809],[19.803367,41.325845]]}},{"type":"Feature","properties":{"line":"10C","mode":"bus","color":"#ab0377","oi":0.291,"n":2,"sw":1},"geometry":{"type":"LineString","coordinates":[[19.803369,41.32584],[19.803354,41.325876]]}},{"type":"Feature","properties":{"line":"10C","mode":"bus","color":"#ab0377","oi":0.37,"n":2,"sw":1},"geometry":{"type":"LineString","coordinates":[[19.803357,41.325871],[19.803341,41.325907]]}},{"type":"Feature","properties":{"line":"10C","mode":"bus","color":"#ab0377","oi":0.437,"n":2,"sw":1},"geometry":{"type":"LineString","coordinates":[[19.803344,41.325902],[19.803329,41.325938]]}},{"type":"Feature","properties":{"line":"10C","mode":"bus","color":"#ab0377","oi":0.483,"n":2,"sw":1},"geometry":{"type":"LineString","coordinates":[[19.803331,41.325933],[19.803316,41.325969]]}},{"type":"Feature","properties":{"line":"10C","mode":"bus","color":"#ab0377","oi":0.5,"n":2,"sw":1},"geometry":{"type":"LineString","coordinates":[[19.803318,41.325964],[19.803303,41.326]]}},{"type":"Feature","properties":{"line":"6","mode":"bus","color":"#7b3aa8","oi":-0.5,"n":2},"geometry":{"type":"LineString","coordinates":[[19.770491,41.351977],[19.770559,41.352017]]}},{"type":"Feature","properties":{"line":"6","mode":"bus","color":"#7b3aa8","oi":-0.5,"n":2},"geometry":{"type":"LineString","coordinates":[[19.770521,41.351842],[19.770489,41.351865]]}},{"type":"Feature","properties":{"line":"6","mode":"bus","color":"#7b3aa8","oi":-0.5,"n":2},"geometry":{"type":"LineString","coordinates":[[19.771178,41.351016],[19.770704,41.351627],[19.77066,41.351804],[19.770659,41.351818],[19.770665,41.351831],[19.770678,41.351842],[19.770723,41.351871],[19.770745,41.351998],[19.771134,41.35236]]}},{"type":"Feature","properties":{"line":"6","mode":"bus","color":"#7b3aa8","oi":0,"n":1},"geometry":{"type":"LineString","coordinates":[[19.770654,41.351827],[19.770521,41.351842]]}},{"type":"Feature","properties":{"line":"6","mode":"bus","color":"#7b3aa8","oi":0,"n":1},"geometry":{"type":"LineString","coordinates":[[19.770559,41.352017],[19.770652,41.352017],[19.770723,41.351972]]}},{"type":"Feature","properties":{"line":"6","mode":"bus","color":"#7b3aa8","oi":0,"n":1},"geometry":{"type":"LineString","coordinates":[[19.770265,41.352071],[19.769316,41.353427],[19.768229,41.354525],[19.767898,41.354907],[19.766928,41.355358],[19.766101,41.355463],[19.765872,41.355559],[19.765409,41.355876],[19.764062,41.357101],[19.763932,41.357151],[19.763519,41.35724],[19.763397,41.357321],[19.763096,41.357627],[19.762389,41.358082],[19.762156,41.358172],[19.761801,41.358259],[19.761694,41.358303],[19.761573,41.358399],[19.761506,41.358666],[19.761422,41.35965],[19.761001,41.360493],[19.760826,41.360758],[19.760407,41.361145],[19.759953,41.361793],[19.759702,41.362207],[19.759585,41.362348],[19.759446,41.362437],[19.759256,41.362499],[19.758297,41.362705],[19.758258,41.362721],[19.758233,41.362748],[19.757805,41.363517],[19.757432,41.364247],[19.757239,41.364925],[19.757233,41.365018],[19.757285,41.365184],[19.757567,41.365506],[19.757587,41.365869]]}},{"type":"Feature","properties":{"line":"6","mode":"bus","color":"#7b3aa8","oi":0,"n":1},"geometry":{"type":"LineString","coordinates":[[19.770303,41.352027],[19.770291,41.352041],[19.770284,41.35205],[19.770281,41.352056],[19.770282,41.352059],[19.770287,41.35206],[19.770295,41.352058],[19.770307,41.352054],[19.770491,41.351977]]}},{"type":"Feature","properties":{"line":"6","mode":"bus","color":"#7b3aa8","oi":-0.5,"n":1,"sw":1},"geometry":{"type":"LineString","coordinates":[[19.770489,41.351865],[19.770465,41.351881]]}},{"type":"Feature","properties":{"line":"6","mode":"bus","color":"#7b3aa8","oi":-0.483,"n":1,"sw":1},"geometry":{"type":"LineString","coordinates":[[19.77047,41.351878],[19.770444,41.351896]]}},{"type":"Feature","properties":{"line":"6","mode":"bus","color":"#7b3aa8","oi":-0.437,"n":1,"sw":1},"geometry":{"type":"LineString","coordinates":[[19.770449,41.351892],[19.770422,41.35191]]}},{"type":"Feature","properties":{"line":"6","mode":"bus","color":"#7b3aa8","oi":-0.37,"n":1,"sw":1},"geometry":{"type":"LineString","coordinates":[[19.770428,41.351906],[19.770401,41.351924]]}},{"type":"Feature","properties":{"line":"6","mode":"bus","color":"#7b3aa8","oi":-0.291,"n":1,"sw":1},"geometry":{"type":"LineString","coordinates":[[19.770406,41.351921],[19.77038,41.351939]]}},{"type":"Feature","properties":{"line":"6","mode":"bus","color":"#7b3aa8","oi":-0.209,"n":1,"sw":1},"geometry":{"type":"LineString","coordinates":[[19.770385,41.351935],[19.770379,41.351939],[19.770364,41.351957]]}},{"type":"Feature","properties":{"line":"6","mode":"bus","color":"#7b3aa8","oi":-0.13,"n":1,"sw":1},"geometry":{"type":"LineString","coordinates":[[19.770368,41.351952],[19.770348,41.351975]]}},{"type":"Feature","properties":{"line":"6","mode":"bus","color":"#7b3aa8","oi":-0.063,"n":1,"sw":1},"geometry":{"type":"LineString","coordinates":[[19.770352,41.35197],[19.770333,41.351993]]}},{"type":"Feature","properties":{"line":"6","mode":"bus","color":"#7b3aa8","oi":-0.017,"n":1,"sw":1},"geometry":{"type":"LineString","coordinates":[[19.770337,41.351988],[19.770317,41.352011]]}},{"type":"Feature","properties":{"line":"6","mode":"bus","color":"#7b3aa8","oi":0,"n":1,"sw":1},"geometry":{"type":"LineString","coordinates":[[19.770321,41.352006],[19.770301,41.352029]]}},{"type":"Feature","properties":{"line":"6","mode":"bus","color":"#7b3aa8","oi":0,"n":1},"geometry":{"type":"LineString","coordinates":[[19.758218,41.362644],[19.7582,41.362704],[19.7582,41.36271],[19.758202,41.362714],[19.758207,41.362717],[19.758215,41.362717],[19.758251,41.362715]]}},{"type":"Feature","properties":{"line":"6","mode":"bus","color":"#7b3aa8","oi":0,"n":1},"geometry":{"type":"LineString","coordinates":[[19.805896,41.334535],[19.80282,41.339285],[19.800723,41.342464],[19.800622,41.342559],[19.80039,41.34262],[19.80019,41.342628],[19.797324,41.34201],[19.796814,41.341799],[19.796274,41.341666],[19.795943,41.34164],[19.794956,41.341736],[19.794867,41.341718],[19.794841,41.341709],[19.794822,41.341694],[19.794812,41.341674],[19.794621,41.340936],[19.794454,41.340119],[19.793403,41.338318],[19.793388,41.338301],[19.793367,41.338295],[19.79334,41.338299],[19.792501,41.338565],[19.791105,41.339381],[19.790804,41.339525],[19.78838,41.340992],[19.788312,41.341193],[19.788309,41.341227],[19.788325,41.341259],[19.788886,41.341936],[19.7891,41.342411],[19.789192,41.342923],[19.789158,41.34339],[19.788824,41.344523],[19.788537,41.34567],[19.788494,41.346121],[19.788526,41.346388],[19.788621,41.346705],[19.788807,41.347074],[19.789136,41.347491],[19.789633,41.34794],[19.789684,41.348013],[19.789706,41.348092],[19.789662,41.348202],[19.789466,41.348347],[19.789324,41.348376],[19.789203,41.34837],[19.789086,41.348325],[19.789007,41.348262],[19.788698,41.347882],[19.788423,41.347499],[19.788174,41.347015],[19.788007,41.346449],[19.787972,41.346118],[19.788006,41.34555],[19.788148,41.344881],[19.788516,41.343512],[19.788477,41.343431],[19.788412,41.343408],[19.78833,41.343401],[19.788282,41.343419],[19.788273,41.343421],[19.788267,41.343421],[19.788264,41.343419],[19.788264,41.343415],[19.788266,41.343408],[19.788289,41.343362],[19.788502,41.343229],[19.788528,41.343203],[19.788533,41.34317],[19.788473,41.342793],[19.788257,41.342279],[19.787912,41.341589],[19.787721,41.341271],[19.787639,41.341146],[19.786811,41.340239],[19.786786,41.340123],[19.786524,41.339764],[19.786502,41.339698],[19.786563,41.339571],[19.786675,41.339525],[19.786818,41.339538],[19.786885,41.339582],[19.787024,41.339746],[19.787124,41.33979],[19.788038,41.340931],[19.788245,41.340984],[19.78838,41.340992]]}},{"type":"Feature","properties":{"line":"6","mode":"bus","color":"#7b3aa8","oi":-1.5,"n":1,"sw":1},"geometry":{"type":"LineString","coordinates":[[19.806085,41.334244],[19.806076,41.334258]]}},{"type":"Feature","properties":{"line":"6","mode":"bus","color":"#7b3aa8","oi":-1.493,"n":1,"sw":1},"geometry":{"type":"LineString","coordinates":[[19.806079,41.334253],[19.806069,41.334269]]}},{"type":"Feature","properties":{"line":"6","mode":"bus","color":"#7b3aa8","oi":-1.473,"n":1,"sw":1},"geometry":{"type":"LineString","coordinates":[[19.806072,41.334264],[19.806062,41.33428]]}},{"type":"Feature","properties":{"line":"6","mode":"bus","color":"#7b3aa8","oi":-1.44,"n":1,"sw":1},"geometry":{"type":"LineString","coordinates":[[19.806065,41.334275],[19.806054,41.334291]]}},{"type":"Feature","properties":{"line":"6","mode":"bus","color":"#7b3aa8","oi":-1.397,"n":1,"sw":1},"geometry":{"type":"LineString","coordinates":[[19.806058,41.334286],[19.806047,41.334302]]}},{"type":"Feature","properties":{"line":"6","mode":"bus","color":"#7b3aa8","oi":-1.344,"n":1,"sw":1},"geometry":{"type":"LineString","coordinates":[[19.80605,41.334298],[19.80604,41.334314]]}},{"type":"Feature","properties":{"line":"6","mode":"bus","color":"#7b3aa8","oi":-1.282,"n":1,"sw":1},"geometry":{"type":"LineString","coordinates":[[19.806043,41.334309],[19.806033,41.334325]]}},{"type":"Feature","properties":{"line":"6","mode":"bus","color":"#7b3aa8","oi":-1.213,"n":1,"sw":1},"geometry":{"type":"LineString","coordinates":[[19.806036,41.33432],[19.806025,41.334336]]}},{"type":"Feature","properties":{"line":"6","mode":"bus","color":"#7b3aa8","oi":-1.138,"n":1,"sw":1},"geometry":{"type":"LineString","coordinates":[[19.806029,41.334331],[19.806018,41.334347]]}},{"type":"Feature","properties":{"line":"6","mode":"bus","color":"#7b3aa8","oi":-1.057,"n":1,"sw":1},"geometry":{"type":"LineString","coordinates":[[19.806021,41.334342],[19.806011,41.334358]]}},{"type":"Feature","properties":{"line":"6","mode":"bus","color":"#7b3aa8","oi":-0.972,"n":1,"sw":1},"geometry":{"type":"LineString","coordinates":[[19.806014,41.334354],[19.806004,41.33437]]}},{"type":"Feature","properties":{"line":"6","mode":"bus","color":"#7b3aa8","oi":-0.884,"n":1,"sw":1},"geometry":{"type":"LineString","coordinates":[[19.806007,41.334365],[19.805996,41.334381]]}},{"type":"Feature","properties":{"line":"6","mode":"bus","color":"#7b3aa8","oi":-0.795,"n":1,"sw":1},"geometry":{"type":"LineString","coordinates":[[19.806,41.334376],[19.805989,41.334392]]}},{"type":"Feature","properties":{"line":"6","mode":"bus","color":"#7b3aa8","oi":-0.705,"n":1,"sw":1},"geometry":{"type":"LineString","coordinates":[[19.805992,41.334387],[19.805982,41.334403]]}},{"type":"Feature","properties":{"line":"6","mode":"bus","color":"#7b3aa8","oi":-0.616,"n":1,"sw":1},"geometry":{"type":"LineString","coordinates":[[19.805985,41.334398],[19.805975,41.334414]]}},{"type":"Feature","properties":{"line":"6","mode":"bus","color":"#7b3aa8","oi":-0.528,"n":1,"sw":1},"geometry":{"type":"LineString","coordinates":[[19.805978,41.33441],[19.805967,41.334426]]}},{"type":"Feature","properties":{"line":"6","mode":"bus","color":"#7b3aa8","oi":-0.443,"n":1,"sw":1},"geometry":{"type":"LineString","coordinates":[[19.805971,41.334421],[19.80596,41.334437]]}},{"type":"Feature","properties":{"line":"6","mode":"bus","color":"#7b3aa8","oi":-0.362,"n":1,"sw":1},"geometry":{"type":"LineString","coordinates":[[19.805963,41.334432],[19.805953,41.334448]]}},{"type":"Feature","properties":{"line":"6","mode":"bus","color":"#7b3aa8","oi":-0.287,"n":1,"sw":1},"geometry":{"type":"LineString","coordinates":[[19.805956,41.334443],[19.805946,41.334459]]}},{"type":"Feature","properties":{"line":"6","mode":"bus","color":"#7b3aa8","oi":-0.218,"n":1,"sw":1},"geometry":{"type":"LineString","coordinates":[[19.805949,41.334454],[19.805938,41.33447]]}},{"type":"Feature","properties":{"line":"6","mode":"bus","color":"#7b3aa8","oi":-0.156,"n":1,"sw":1},"geometry":{"type":"LineString","coordinates":[[19.805941,41.334466],[19.805931,41.334482]]}},{"type":"Feature","properties":{"line":"6","mode":"bus","color":"#7b3aa8","oi":-0.103,"n":1,"sw":1},"geometry":{"type":"LineString","coordinates":[[19.805934,41.334477],[19.805924,41.334493]]}},{"type":"Feature","properties":{"line":"6","mode":"bus","color":"#7b3aa8","oi":-0.06,"n":1,"sw":1},"geometry":{"type":"LineString","coordinates":[[19.805927,41.334488],[19.805917,41.334504]]}},{"type":"Feature","properties":{"line":"6","mode":"bus","color":"#7b3aa8","oi":-0.027,"n":1,"sw":1},"geometry":{"type":"LineString","coordinates":[[19.80592,41.334499],[19.805909,41.334515]]}},{"type":"Feature","properties":{"line":"6","mode":"bus","color":"#7b3aa8","oi":-0.007,"n":1,"sw":1},"geometry":{"type":"LineString","coordinates":[[19.805912,41.33451],[19.805902,41.334526]]}},{"type":"Feature","properties":{"line":"6","mode":"bus","color":"#7b3aa8","oi":0,"n":1,"sw":1},"geometry":{"type":"LineString","coordinates":[[19.805905,41.334522],[19.805895,41.334538]]}},{"type":"Feature","properties":{"line":"6","mode":"bus","color":"#7b3aa8","oi":0,"n":1},"geometry":{"type":"LineString","coordinates":[[19.763519,41.35724],[19.763322,41.357249]]}},{"type":"Feature","properties":{"line":"6","mode":"bus","color":"#7b3aa8","oi":0,"n":1},"geometry":{"type":"LineString","coordinates":[[19.771134,41.35236],[19.771899,41.351982],[19.772593,41.351552],[19.772603,41.351543],[19.772607,41.351534],[19.772603,41.351525],[19.772592,41.351516],[19.772539,41.351484],[19.772523,41.351424],[19.772695,41.351152]]}},{"type":"Feature","properties":{"line":"6","mode":"bus","color":"#7b3aa8","oi":0,"n":1},"geometry":{"type":"LineString","coordinates":[[19.788256,41.343428],[19.787681,41.344592],[19.787115,41.345397],[19.787016,41.345479],[19.786907,41.345486],[19.784073,41.345246],[19.784018,41.345255],[19.783995,41.345264],[19.783979,41.345279],[19.783956,41.345314],[19.783663,41.346603],[19.783653,41.346622],[19.783635,41.346633],[19.783607,41.346637],[19.782936,41.346618],[19.782415,41.346747],[19.781997,41.346892],[19.781773,41.347015],[19.780264,41.348098],[19.779805,41.348466],[19.779491,41.348806],[19.778696,41.349764],[19.778558,41.349876],[19.778086,41.350141],[19.777849,41.350244],[19.77489,41.351199],[19.774357,41.351285],[19.77395,41.351299],[19.773315,41.351253],[19.772695,41.351152],[19.771902,41.350985],[19.771705,41.350971],[19.771178,41.351016]]}},{"type":"Feature","properties":{"line":"6","mode":"bus","color":"#7b3aa8","oi":-0.5,"n":2},"geometry":{"type":"LineString","coordinates":[[19.817719,41.335876],[19.817777,41.335788],[19.820598,41.330932]]}},{"type":"Feature","properties":{"line":"6","mode":"bus","color":"#7b3aa8","oi":0,"n":2,"sw":1},"geometry":{"type":"LineString","coordinates":[[19.817437,41.33609],[19.817481,41.336078]]}},{"type":"Feature","properties":{"line":"6","mode":"bus","color":"#7b3aa8","oi":-0.017,"n":2,"sw":1},"geometry":{"type":"LineString","coordinates":[[19.817474,41.33608],[19.817521,41.336067]]}},{"type":"Feature","properties":{"line":"6","mode":"bus","color":"#7b3aa8","oi":-0.063,"n":2,"sw":1},"geometry":{"type":"LineString","coordinates":[[19.817515,41.336069],[19.817562,41.336056]]}},{"type":"Feature","properties":{"line":"6","mode":"bus","color":"#7b3aa8","oi":-0.13,"n":2,"sw":1},"geometry":{"type":"LineString","coordinates":[[19.817555,41.336058],[19.817602,41.336045]]}},{"type":"Feature","properties":{"line":"6","mode":"bus","color":"#7b3aa8","oi":-0.209,"n":2,"sw":1},"geometry":{"type":"LineString","coordinates":[[19.817595,41.336046],[19.817608,41.336043],[19.817624,41.336018]]}},{"type":"Feature","properties":{"line":"6","mode":"bus","color":"#7b3aa8","oi":-0.291,"n":2,"sw":1},"geometry":{"type":"LineString","coordinates":[[19.817621,41.336023],[19.817644,41.335989]]}},{"type":"Feature","properties":{"line":"6","mode":"bus","color":"#7b3aa8","oi":-0.37,"n":2,"sw":1},"geometry":{"type":"LineString","coordinates":[[19.81764,41.335994],[19.817663,41.33596]]}},{"type":"Feature","properties":{"line":"6","mode":"bus","color":"#7b3aa8","oi":-0.437,"n":2,"sw":1},"geometry":{"type":"LineString","coordinates":[[19.81766,41.335965],[19.817682,41.335931]]}},{"type":"Feature","properties":{"line":"6","mode":"bus","color":"#7b3aa8","oi":-0.483,"n":2,"sw":1},"geometry":{"type":"LineString","coordinates":[[19.817679,41.335936],[19.817701,41.335902]]}},{"type":"Feature","properties":{"line":"6","mode":"bus","color":"#7b3aa8","oi":-0.5,"n":2,"sw":1},"geometry":{"type":"LineString","coordinates":[[19.817698,41.335907],[19.817721,41.335873]]}},{"type":"Feature","properties":{"line":"6","mode":"bus","color":"#7b3aa8","oi":-0.5,"n":2,"sw":1},"geometry":{"type":"LineString","coordinates":[[19.820596,41.330935],[19.820616,41.3309]]}},{"type":"Feature","properties":{"line":"6","mode":"bus","color":"#7b3aa8","oi":-0.483,"n":2,"sw":1},"geometry":{"type":"LineString","coordinates":[[19.820613,41.330905],[19.820634,41.33087]]}},{"type":"Feature","properties":{"line":"6","mode":"bus","color":"#7b3aa8","oi":-0.437,"n":2,"sw":1},"geometry":{"type":"LineString","coordinates":[[19.820631,41.330875],[19.820646,41.330849],[19.820647,41.33084]]}},{"type":"Feature","properties":{"line":"6","mode":"bus","color":"#7b3aa8","oi":-0.37,"n":2,"sw":1},"geometry":{"type":"LineString","coordinates":[[19.820646,41.330845],[19.820651,41.330808]]}},{"type":"Feature","properties":{"line":"6","mode":"bus","color":"#7b3aa8","oi":-0.291,"n":2,"sw":1},"geometry":{"type":"LineString","coordinates":[[19.82065,41.330813],[19.820655,41.330776]]}},{"type":"Feature","properties":{"line":"6","mode":"bus","color":"#7b3aa8","oi":-0.209,"n":2,"sw":1},"geometry":{"type":"LineString","coordinates":[[19.820655,41.330781],[19.820659,41.330743]]}},{"type":"Feature","properties":{"line":"6","mode":"bus","color":"#7b3aa8","oi":-0.13,"n":2,"sw":1},"geometry":{"type":"LineString","coordinates":[[19.820659,41.330749],[19.820663,41.330711]]}},{"type":"Feature","properties":{"line":"6","mode":"bus","color":"#7b3aa8","oi":-0.063,"n":2,"sw":1},"geometry":{"type":"LineString","coordinates":[[19.820663,41.330716],[19.820667,41.330679]]}},{"type":"Feature","properties":{"line":"6","mode":"bus","color":"#7b3aa8","oi":-0.017,"n":2,"sw":1},"geometry":{"type":"LineString","coordinates":[[19.820667,41.330684],[19.820671,41.330647]]}},{"type":"Feature","properties":{"line":"6","mode":"bus","color":"#7b3aa8","oi":0,"n":2,"sw":1},"geometry":{"type":"LineString","coordinates":[[19.820671,41.330652],[19.820675,41.330617]]}},{"type":"Feature","properties":{"line":"6","mode":"bus","color":"#7b3aa8","oi":0,"n":4,"sw":1},"geometry":{"type":"LineString","coordinates":[[19.815631,41.329116],[19.815648,41.329115]]}},{"type":"Feature","properties":{"line":"6","mode":"bus","color":"#7b3aa8","oi":-0.007,"n":4,"sw":1},"geometry":{"type":"LineString","coordinates":[[19.815641,41.329116],[19.815662,41.329115]]}},{"type":"Feature","properties":{"line":"6","mode":"bus","color":"#7b3aa8","oi":-0.027,"n":4,"sw":1},"geometry":{"type":"LineString","coordinates":[[19.815654,41.329115],[19.815675,41.329114]]}},{"type":"Feature","properties":{"line":"6","mode":"bus","color":"#7b3aa8","oi":-0.06,"n":4,"sw":1},"geometry":{"type":"LineString","coordinates":[[19.815668,41.329114],[19.815689,41.329114]]}},{"type":"Feature","properties":{"line":"6","mode":"bus","color":"#7b3aa8","oi":-0.103,"n":4,"sw":1},"geometry":{"type":"LineString","coordinates":[[19.815682,41.329114],[19.815702,41.329113]]}},{"type":"Feature","properties":{"line":"6","mode":"bus","color":"#7b3aa8","oi":-0.156,"n":4,"sw":1},"geometry":{"type":"LineString","coordinates":[[19.815695,41.329113],[19.815716,41.329113]]}},{"type":"Feature","properties":{"line":"6","mode":"bus","color":"#7b3aa8","oi":-0.218,"n":4,"sw":1},"geometry":{"type":"LineString","coordinates":[[19.815709,41.329113],[19.815729,41.329112]]}},{"type":"Feature","properties":{"line":"6","mode":"bus","color":"#7b3aa8","oi":-0.287,"n":4,"sw":1},"geometry":{"type":"LineString","coordinates":[[19.815722,41.329112],[19.815743,41.329111]]}},{"type":"Feature","properties":{"line":"6","mode":"bus","color":"#7b3aa8","oi":-0.362,"n":4,"sw":1},"geometry":{"type":"LineString","coordinates":[[19.815736,41.329112],[19.815756,41.329111]]}},{"type":"Feature","properties":{"line":"6","mode":"bus","color":"#7b3aa8","oi":-0.443,"n":4,"sw":1},"geometry":{"type":"LineString","coordinates":[[19.815749,41.329111],[19.81577,41.32911]]}},{"type":"Feature","properties":{"line":"6","mode":"bus","color":"#7b3aa8","oi":-0.528,"n":4,"sw":1},"geometry":{"type":"LineString","coordinates":[[19.815763,41.329111],[19.815783,41.32911]]}},{"type":"Feature","properties":{"line":"6","mode":"bus","color":"#7b3aa8","oi":-0.616,"n":4,"sw":1},"geometry":{"type":"LineString","coordinates":[[19.815776,41.32911],[19.815797,41.329109]]}},{"type":"Feature","properties":{"line":"6","mode":"bus","color":"#7b3aa8","oi":-0.705,"n":4,"sw":1},"geometry":{"type":"LineString","coordinates":[[19.81579,41.32911],[19.815803,41.329109],[19.81581,41.329111]]}},{"type":"Feature","properties":{"line":"6","mode":"bus","color":"#7b3aa8","oi":-0.795,"n":4,"sw":1},"geometry":{"type":"LineString","coordinates":[[19.815803,41.329109],[19.815822,41.329115]]}},{"type":"Feature","properties":{"line":"6","mode":"bus","color":"#7b3aa8","oi":-0.884,"n":4,"sw":1},"geometry":{"type":"LineString","coordinates":[[19.815816,41.329113],[19.815835,41.329119]]}},{"type":"Feature","properties":{"line":"6","mode":"bus","color":"#7b3aa8","oi":-0.972,"n":4,"sw":1},"geometry":{"type":"LineString","coordinates":[[19.815828,41.329117],[19.815847,41.329123]]}},{"type":"Feature","properties":{"line":"6","mode":"bus","color":"#7b3aa8","oi":-1.057,"n":4,"sw":1},"geometry":{"type":"LineString","coordinates":[[19.815841,41.329121],[19.81586,41.329127]]}},{"type":"Feature","properties":{"line":"6","mode":"bus","color":"#7b3aa8","oi":-1.138,"n":4,"sw":1},"geometry":{"type":"LineString","coordinates":[[19.815853,41.329125],[19.815872,41.32913]]}},{"type":"Feature","properties":{"line":"6","mode":"bus","color":"#7b3aa8","oi":-1.213,"n":4,"sw":1},"geometry":{"type":"LineString","coordinates":[[19.815866,41.329128],[19.815884,41.329134],[19.815885,41.329135]]}},{"type":"Feature","properties":{"line":"6","mode":"bus","color":"#7b3aa8","oi":-1.282,"n":4,"sw":1},"geometry":{"type":"LineString","coordinates":[[19.815878,41.329132],[19.815884,41.329134],[19.815894,41.329142]]}},{"type":"Feature","properties":{"line":"6","mode":"bus","color":"#7b3aa8","oi":-1.344,"n":4,"sw":1},"geometry":{"type":"LineString","coordinates":[[19.815889,41.329138],[19.815903,41.32915]]}},{"type":"Feature","properties":{"line":"6","mode":"bus","color":"#7b3aa8","oi":-1.397,"n":4,"sw":1},"geometry":{"type":"LineString","coordinates":[[19.815898,41.329146],[19.815912,41.329157]]}},{"type":"Feature","properties":{"line":"6","mode":"bus","color":"#7b3aa8","oi":-1.44,"n":4,"sw":1},"geometry":{"type":"LineString","coordinates":[[19.815907,41.329153],[19.815921,41.329165]]}},{"type":"Feature","properties":{"line":"6","mode":"bus","color":"#7b3aa8","oi":-1.473,"n":4,"sw":1},"geometry":{"type":"LineString","coordinates":[[19.815916,41.329161],[19.81593,41.329172]]}},{"type":"Feature","properties":{"line":"6","mode":"bus","color":"#7b3aa8","oi":-1.493,"n":4,"sw":1},"geometry":{"type":"LineString","coordinates":[[19.815925,41.329168],[19.815939,41.32918]]}},{"type":"Feature","properties":{"line":"6","mode":"bus","color":"#7b3aa8","oi":-1.5,"n":4,"sw":1},"geometry":{"type":"LineString","coordinates":[[19.815934,41.329176],[19.815948,41.329187]]}},{"type":"Feature","properties":{"line":"6","mode":"bus","color":"#7b3aa8","oi":-1.5,"n":4,"sw":1},"geometry":{"type":"LineString","coordinates":[[19.815943,41.329183],[19.815957,41.329195]]}},{"type":"Feature","properties":{"line":"6","mode":"bus","color":"#7b3aa8","oi":-1.493,"n":4,"sw":1},"geometry":{"type":"LineString","coordinates":[[19.815953,41.329191],[19.815966,41.329203]]}},{"type":"Feature","properties":{"line":"6","mode":"bus","color":"#7b3aa8","oi":-1.473,"n":4,"sw":1},"geometry":{"type":"LineString","coordinates":[[19.815962,41.329199],[19.815976,41.32921]]}},{"type":"Feature","properties":{"line":"6","mode":"bus","color":"#7b3aa8","oi":-1.44,"n":4,"sw":1},"geometry":{"type":"LineString","coordinates":[[19.815971,41.329206],[19.815985,41.329218]]}},{"type":"Feature","properties":{"line":"6","mode":"bus","color":"#7b3aa8","oi":-1.397,"n":4,"sw":1},"geometry":{"type":"LineString","coordinates":[[19.81598,41.329214],[19.815991,41.329223],[19.815993,41.329226]]}},{"type":"Feature","properties":{"line":"6","mode":"bus","color":"#7b3aa8","oi":-1.344,"n":4,"sw":1},"geometry":{"type":"LineString","coordinates":[[19.815989,41.329221],[19.815991,41.329223],[19.816,41.329235]]}},{"type":"Feature","properties":{"line":"6","mode":"bus","color":"#7b3aa8","oi":-1.282,"n":4,"sw":1},"geometry":{"type":"LineString","coordinates":[[19.815996,41.32923],[19.816006,41.329243]]}},{"type":"Feature","properties":{"line":"6","mode":"bus","color":"#7b3aa8","oi":-1.213,"n":4,"sw":1},"geometry":{"type":"LineString","coordinates":[[19.816003,41.329239],[19.816013,41.329252]]}},{"type":"Feature","properties":{"line":"6","mode":"bus","color":"#7b3aa8","oi":-1.138,"n":4,"sw":1},"geometry":{"type":"LineString","coordinates":[[19.816009,41.329248],[19.816019,41.329261]]}},{"type":"Feature","properties":{"line":"6","mode":"bus","color":"#7b3aa8","oi":-1.057,"n":4,"sw":1},"geometry":{"type":"LineString","coordinates":[[19.816016,41.329257],[19.816026,41.32927]]}},{"type":"Feature","properties":{"line":"6","mode":"bus","color":"#7b3aa8","oi":-0.972,"n":4,"sw":1},"geometry":{"type":"LineString","coordinates":[[19.816023,41.329265],[19.816033,41.329279]]}},{"type":"Feature","properties":{"line":"6","mode":"bus","color":"#7b3aa8","oi":-0.884,"n":4,"sw":1},"geometry":{"type":"LineString","coordinates":[[19.816029,41.329274],[19.816039,41.329288]]}},{"type":"Feature","properties":{"line":"6","mode":"bus","color":"#7b3aa8","oi":-0.795,"n":4,"sw":1},"geometry":{"type":"LineString","coordinates":[[19.816036,41.329283],[19.816046,41.329297]]}},{"type":"Feature","properties":{"line":"6","mode":"bus","color":"#7b3aa8","oi":-0.705,"n":4,"sw":1},"geometry":{"type":"LineString","coordinates":[[19.816042,41.329292],[19.816052,41.329306]]}},{"type":"Feature","properties":{"line":"6","mode":"bus","color":"#7b3aa8","oi":-0.616,"n":4,"sw":1},"geometry":{"type":"LineString","coordinates":[[19.816049,41.329301],[19.816059,41.329315]]}},{"type":"Feature","properties":{"line":"6","mode":"bus","color":"#7b3aa8","oi":-0.528,"n":4,"sw":1},"geometry":{"type":"LineString","coordinates":[[19.816056,41.32931],[19.816066,41.329323]]}},{"type":"Feature","properties":{"line":"6","mode":"bus","color":"#7b3aa8","oi":-0.443,"n":4,"sw":1},"geometry":{"type":"LineString","coordinates":[[19.816062,41.329319],[19.816072,41.329332]]}},{"type":"Feature","properties":{"line":"6","mode":"bus","color":"#7b3aa8","oi":-0.362,"n":4,"sw":1},"geometry":{"type":"LineString","coordinates":[[19.816069,41.329328],[19.816079,41.329341]]}},{"type":"Feature","properties":{"line":"6","mode":"bus","color":"#7b3aa8","oi":-0.287,"n":4,"sw":1},"geometry":{"type":"LineString","coordinates":[[19.816075,41.329337],[19.816085,41.32935]]}},{"type":"Feature","properties":{"line":"6","mode":"bus","color":"#7b3aa8","oi":-0.218,"n":4,"sw":1},"geometry":{"type":"LineString","coordinates":[[19.816082,41.329345],[19.816092,41.329359]]}},{"type":"Feature","properties":{"line":"6","mode":"bus","color":"#7b3aa8","oi":-0.156,"n":4,"sw":1},"geometry":{"type":"LineString","coordinates":[[19.816089,41.329354],[19.816099,41.329368]]}},{"type":"Feature","properties":{"line":"6","mode":"bus","color":"#7b3aa8","oi":-0.103,"n":4,"sw":1},"geometry":{"type":"LineString","coordinates":[[19.816095,41.329363],[19.816105,41.329377]]}},{"type":"Feature","properties":{"line":"6","mode":"bus","color":"#7b3aa8","oi":-0.06,"n":4,"sw":1},"geometry":{"type":"LineString","coordinates":[[19.816102,41.329372],[19.816112,41.329386]]}},{"type":"Feature","properties":{"line":"6","mode":"bus","color":"#7b3aa8","oi":-0.027,"n":4,"sw":1},"geometry":{"type":"LineString","coordinates":[[19.816108,41.329381],[19.816119,41.329395]]}},{"type":"Feature","properties":{"line":"6","mode":"bus","color":"#7b3aa8","oi":-0.007,"n":4,"sw":1},"geometry":{"type":"LineString","coordinates":[[19.816115,41.32939],[19.816125,41.329403]]}},{"type":"Feature","properties":{"line":"6","mode":"bus","color":"#7b3aa8","oi":0,"n":4,"sw":1},"geometry":{"type":"LineString","coordinates":[[19.816122,41.329399],[19.81613,41.32941]]}},{"type":"Feature","properties":{"line":"6","mode":"bus","color":"#7b3aa8","oi":-1.5,"n":4},"geometry":{"type":"LineString","coordinates":[[19.814995,41.329478],[19.814337,41.330027],[19.813624,41.330525],[19.811162,41.331892],[19.8099,41.332567],[19.809676,41.332649],[19.806878,41.333468],[19.8067,41.333537],[19.806449,41.333711],[19.806085,41.334244]]}},{"type":"Feature","properties":{"line":"6","mode":"bus","color":"#7b3aa8","oi":0,"n":4,"sw":1},"geometry":{"type":"LineString","coordinates":[[19.815284,41.329238],[19.81527,41.329249]]}},{"type":"Feature","properties":{"line":"6","mode":"bus","color":"#7b3aa8","oi":-0.007,"n":4,"sw":1},"geometry":{"type":"LineString","coordinates":[[19.815275,41.329245],[19.815259,41.329258]]}},{"type":"Feature","properties":{"line":"6","mode":"bus","color":"#7b3aa8","oi":-0.027,"n":4,"sw":1},"geometry":{"type":"LineString","coordinates":[[19.815264,41.329254],[19.815248,41.329268]]}},{"type":"Feature","properties":{"line":"6","mode":"bus","color":"#7b3aa8","oi":-0.06,"n":4,"sw":1},"geometry":{"type":"LineString","coordinates":[[19.815253,41.329264],[19.815237,41.329277]]}},{"type":"Feature","properties":{"line":"6","mode":"bus","color":"#7b3aa8","oi":-0.103,"n":4,"sw":1},"geometry":{"type":"LineString","coordinates":[[19.815242,41.329273],[19.815226,41.329286]]}},{"type":"Feature","properties":{"line":"6","mode":"bus","color":"#7b3aa8","oi":-0.156,"n":4,"sw":1},"geometry":{"type":"LineString","coordinates":[[19.815231,41.329282],[19.815215,41.329295]]}},{"type":"Feature","properties":{"line":"6","mode":"bus","color":"#7b3aa8","oi":-0.218,"n":4,"sw":1},"geometry":{"type":"LineString","coordinates":[[19.81522,41.329291],[19.815204,41.329305]]}},{"type":"Feature","properties":{"line":"6","mode":"bus","color":"#7b3aa8","oi":-0.287,"n":4,"sw":1},"geometry":{"type":"LineString","coordinates":[[19.815209,41.329301],[19.815193,41.329314]]}},{"type":"Feature","properties":{"line":"6","mode":"bus","color":"#7b3aa8","oi":-0.362,"n":4,"sw":1},"geometry":{"type":"LineString","coordinates":[[19.815198,41.32931],[19.815182,41.329323]]}},{"type":"Feature","properties":{"line":"6","mode":"bus","color":"#7b3aa8","oi":-0.443,"n":4,"sw":1},"geometry":{"type":"LineString","coordinates":[[19.815187,41.329319],[19.815171,41.329332]]}},{"type":"Feature","properties":{"line":"6","mode":"bus","color":"#7b3aa8","oi":-0.528,"n":4,"sw":1},"geometry":{"type":"LineString","coordinates":[[19.815175,41.329328],[19.81516,41.329342]]}},{"type":"Feature","properties":{"line":"6","mode":"bus","color":"#7b3aa8","oi":-0.616,"n":4,"sw":1},"geometry":{"type":"LineString","coordinates":[[19.815164,41.329338],[19.815148,41.329351]]}},{"type":"Feature","properties":{"line":"6","mode":"bus","color":"#7b3aa8","oi":-0.705,"n":4,"sw":1},"geometry":{"type":"LineString","coordinates":[[19.815153,41.329347],[19.815137,41.32936]]}},{"type":"Feature","properties":{"line":"6","mode":"bus","color":"#7b3aa8","oi":-0.795,"n":4,"sw":1},"geometry":{"type":"LineString","coordinates":[[19.815142,41.329356],[19.815126,41.329369]]}},{"type":"Feature","properties":{"line":"6","mode":"bus","color":"#7b3aa8","oi":-0.884,"n":4,"sw":1},"geometry":{"type":"LineString","coordinates":[[19.815131,41.329365],[19.815115,41.329379]]}},{"type":"Feature","properties":{"line":"6","mode":"bus","color":"#7b3aa8","oi":-0.972,"n":4,"sw":1},"geometry":{"type":"LineString","coordinates":[[19.81512,41.329375],[19.815104,41.329388]]}},{"type":"Feature","properties":{"line":"6","mode":"bus","color":"#7b3aa8","oi":-1.057,"n":4,"sw":1},"geometry":{"type":"LineString","coordinates":[[19.815109,41.329384],[19.815093,41.329397]]}},{"type":"Feature","properties":{"line":"6","mode":"bus","color":"#7b3aa8","oi":-1.138,"n":4,"sw":1},"geometry":{"type":"LineString","coordinates":[[19.815098,41.329393],[19.815082,41.329406]]}},{"type":"Feature","properties":{"line":"6","mode":"bus","color":"#7b3aa8","oi":-1.213,"n":4,"sw":1},"geometry":{"type":"LineString","coordinates":[[19.815087,41.329402],[19.815071,41.329416]]}},{"type":"Feature","properties":{"line":"6","mode":"bus","color":"#7b3aa8","oi":-1.282,"n":4,"sw":1},"geometry":{"type":"LineString","coordinates":[[19.815076,41.329412],[19.81506,41.329425]]}},{"type":"Feature","properties":{"line":"6","mode":"bus","color":"#7b3aa8","oi":-1.344,"n":4,"sw":1},"geometry":{"type":"LineString","coordinates":[[19.815064,41.329421],[19.815049,41.329434]]}},{"type":"Feature","properties":{"line":"6","mode":"bus","color":"#7b3aa8","oi":-1.397,"n":4,"sw":1},"geometry":{"type":"LineString","coordinates":[[19.815053,41.32943],[19.815037,41.329443]]}},{"type":"Feature","properties":{"line":"6","mode":"bus","color":"#7b3aa8","oi":-1.44,"n":4,"sw":1},"geometry":{"type":"LineString","coordinates":[[19.815042,41.329439],[19.815026,41.329453]]}},{"type":"Feature","properties":{"line":"6","mode":"bus","color":"#7b3aa8","oi":-1.473,"n":4,"sw":1},"geometry":{"type":"LineString","coordinates":[[19.815031,41.329449],[19.815015,41.329462]]}},{"type":"Feature","properties":{"line":"6","mode":"bus","color":"#7b3aa8","oi":-1.493,"n":4,"sw":1},"geometry":{"type":"LineString","coordinates":[[19.81502,41.329458],[19.815004,41.329471]]}},{"type":"Feature","properties":{"line":"6","mode":"bus","color":"#7b3aa8","oi":-1.5,"n":4,"sw":1},"geometry":{"type":"LineString","coordinates":[[19.815009,41.329467],[19.814993,41.32948]]}},{"type":"Feature","properties":{"line":"6","mode":"bus","color":"#7b3aa8","oi":1,"n":3},"geometry":{"type":"LineString","coordinates":[[19.806134,41.334163],[19.80648,41.334289],[19.806738,41.334342],[19.812015,41.33521]]}},{"type":"Feature","properties":{"line":"6","mode":"bus","color":"#7b3aa8","oi":1,"n":3,"sw":1},"geometry":{"type":"LineString","coordinates":[[19.812012,41.335209],[19.812042,41.335214]]}},{"type":"Feature","properties":{"line":"6","mode":"bus","color":"#7b3aa8","oi":0.99,"n":3,"sw":1},"geometry":{"type":"LineString","coordinates":[[19.812035,41.335213],[19.812066,41.335218]]}},{"type":"Feature","properties":{"line":"6","mode":"bus","color":"#7b3aa8","oi":0.962,"n":3,"sw":1},"geometry":{"type":"LineString","coordinates":[[19.812059,41.335217],[19.812089,41.335222]]}},{"type":"Feature","properties":{"line":"6","mode":"bus","color":"#7b3aa8","oi":0.918,"n":3,"sw":1},"geometry":{"type":"LineString","coordinates":[[19.812082,41.335221],[19.812112,41.335226]]}},{"type":"Feature","properties":{"line":"6","mode":"bus","color":"#7b3aa8","oi":0.86,"n":3,"sw":1},"geometry":{"type":"LineString","coordinates":[[19.812105,41.335225],[19.812136,41.33523]]}},{"type":"Feature","properties":{"line":"6","mode":"bus","color":"#7b3aa8","oi":0.791,"n":3,"sw":1},"geometry":{"type":"LineString","coordinates":[[19.812129,41.335228],[19.812159,41.335233]]}},{"type":"Feature","properties":{"line":"6","mode":"bus","color":"#7b3aa8","oi":0.714,"n":3,"sw":1},"geometry":{"type":"LineString","coordinates":[[19.812152,41.335232],[19.812182,41.335237]]}},{"type":"Feature","properties":{"line":"6","mode":"bus","color":"#7b3aa8","oi":0.631,"n":3,"sw":1},"geometry":{"type":"LineString","coordinates":[[19.812175,41.335236],[19.812206,41.335241]]}},{"type":"Feature","properties":{"line":"6","mode":"bus","color":"#7b3aa8","oi":0.544,"n":3,"sw":1},"geometry":{"type":"LineString","coordinates":[[19.812199,41.33524],[19.812229,41.335245]]}},{"type":"Feature","properties":{"line":"6","mode":"bus","color":"#7b3aa8","oi":0.456,"n":3,"sw":1},"geometry":{"type":"LineString","coordinates":[[19.812222,41.335244],[19.812253,41.335249]]}},{"type":"Feature","properties":{"line":"6","mode":"bus","color":"#7b3aa8","oi":0.369,"n":3,"sw":1},"geometry":{"type":"LineString","coordinates":[[19.812246,41.335248],[19.812276,41.335253]]}},{"type":"Feature","properties":{"line":"6","mode":"bus","color":"#7b3aa8","oi":0.286,"n":3,"sw":1},"geometry":{"type":"LineString","coordinates":[[19.812269,41.335252],[19.812299,41.335257]]}},{"type":"Feature","properties":{"line":"6","mode":"bus","color":"#7b3aa8","oi":0.209,"n":3,"sw":1},"geometry":{"type":"LineString","coordinates":[[19.812292,41.335255],[19.812323,41.33526]]}},{"type":"Feature","properties":{"line":"6","mode":"bus","color":"#7b3aa8","oi":0.14,"n":3,"sw":1},"geometry":{"type":"LineString","coordinates":[[19.812316,41.335259],[19.812346,41.335264]]}},{"type":"Feature","properties":{"line":"6","mode":"bus","color":"#7b3aa8","oi":0.082,"n":3,"sw":1},"geometry":{"type":"LineString","coordinates":[[19.812339,41.335263],[19.812369,41.335268]]}},{"type":"Feature","properties":{"line":"6","mode":"bus","color":"#7b3aa8","oi":0.038,"n":3,"sw":1},"geometry":{"type":"LineString","coordinates":[[19.812362,41.335267],[19.812393,41.335272]]}},{"type":"Feature","properties":{"line":"6","mode":"bus","color":"#7b3aa8","oi":0.01,"n":3,"sw":1},"geometry":{"type":"LineString","coordinates":[[19.812386,41.335271],[19.812416,41.335276]]}},{"type":"Feature","properties":{"line":"6","mode":"bus","color":"#7b3aa8","oi":0,"n":3,"sw":1},"geometry":{"type":"LineString","coordinates":[[19.812409,41.335275],[19.812436,41.335279]]}},{"type":"Feature","properties":{"line":"6","mode":"bus","color":"#7b3aa8","oi":0,"n":2,"sw":1},"geometry":{"type":"LineString","coordinates":[[19.815767,41.335817],[19.815802,41.335822]]}},{"type":"Feature","properties":{"line":"6","mode":"bus","color":"#7b3aa8","oi":0.017,"n":2,"sw":1},"geometry":{"type":"LineString","coordinates":[[19.815794,41.335821],[19.815833,41.335827]]}},{"type":"Feature","properties":{"line":"6","mode":"bus","color":"#7b3aa8","oi":0.063,"n":2,"sw":1},"geometry":{"type":"LineString","coordinates":[[19.815825,41.335826],[19.815864,41.335832]]}},{"type":"Feature","properties":{"line":"6","mode":"bus","color":"#7b3aa8","oi":0.13,"n":2,"sw":1},"geometry":{"type":"LineString","coordinates":[[19.815856,41.335831],[19.815895,41.335836]]}},{"type":"Feature","properties":{"line":"6","mode":"bus","color":"#7b3aa8","oi":0.209,"n":2,"sw":1},"geometry":{"type":"LineString","coordinates":[[19.815887,41.335835],[19.815926,41.335841]]}},{"type":"Feature","properties":{"line":"6","mode":"bus","color":"#7b3aa8","oi":0.291,"n":2,"sw":1},"geometry":{"type":"LineString","coordinates":[[19.815918,41.33584],[19.815957,41.335846]]}},{"type":"Feature","properties":{"line":"6","mode":"bus","color":"#7b3aa8","oi":0.37,"n":2,"sw":1},"geometry":{"type":"LineString","coordinates":[[19.815949,41.335845],[19.815988,41.33585]]}},{"type":"Feature","properties":{"line":"6","mode":"bus","color":"#7b3aa8","oi":0.437,"n":2,"sw":1},"geometry":{"type":"LineString","coordinates":[[19.81598,41.335849],[19.816019,41.335855]]}},{"type":"Feature","properties":{"line":"6","mode":"bus","color":"#7b3aa8","oi":0.483,"n":2,"sw":1},"geometry":{"type":"LineString","coordinates":[[19.816011,41.335854],[19.81605,41.33586]]}},{"type":"Feature","properties":{"line":"6","mode":"bus","color":"#7b3aa8","oi":0.5,"n":2,"sw":1},"geometry":{"type":"LineString","coordinates":[[19.816042,41.335859],[19.816081,41.335865]]}},{"type":"Feature","properties":{"line":"6","mode":"bus","color":"#7b3aa8","oi":0.5,"n":2,"sw":1},"geometry":{"type":"LineString","coordinates":[[19.816073,41.335863],[19.816112,41.335869]]}},{"type":"Feature","properties":{"line":"6","mode":"bus","color":"#7b3aa8","oi":0.483,"n":2,"sw":1},"geometry":{"type":"LineString","coordinates":[[19.816104,41.335868],[19.816143,41.335874]]}},{"type":"Feature","properties":{"line":"6","mode":"bus","color":"#7b3aa8","oi":0.437,"n":2,"sw":1},"geometry":{"type":"LineString","coordinates":[[19.816135,41.335873],[19.816174,41.335879]]}},{"type":"Feature","properties":{"line":"6","mode":"bus","color":"#7b3aa8","oi":0.37,"n":2,"sw":1},"geometry":{"type":"LineString","coordinates":[[19.816166,41.335878],[19.816205,41.335883]]}},{"type":"Feature","properties":{"line":"6","mode":"bus","color":"#7b3aa8","oi":0.291,"n":2,"sw":1},"geometry":{"type":"LineString","coordinates":[[19.816197,41.335882],[19.816236,41.335888]]}},{"type":"Feature","properties":{"line":"6","mode":"bus","color":"#7b3aa8","oi":0.209,"n":2,"sw":1},"geometry":{"type":"LineString","coordinates":[[19.816228,41.335887],[19.816267,41.335893]]}},{"type":"Feature","properties":{"line":"6","mode":"bus","color":"#7b3aa8","oi":0.13,"n":2,"sw":1},"geometry":{"type":"LineString","coordinates":[[19.816259,41.335892],[19.816298,41.335897]]}},{"type":"Feature","properties":{"line":"6","mode":"bus","color":"#7b3aa8","oi":0.063,"n":2,"sw":1},"geometry":{"type":"LineString","coordinates":[[19.81629,41.335896],[19.816329,41.335902]]}},{"type":"Feature","properties":{"line":"6","mode":"bus","color":"#7b3aa8","oi":0.017,"n":2,"sw":1},"geometry":{"type":"LineString","coordinates":[[19.816321,41.335901],[19.81636,41.335907]]}},{"type":"Feature","properties":{"line":"6","mode":"bus","color":"#7b3aa8","oi":0,"n":2,"sw":1},"geometry":{"type":"LineString","coordinates":[[19.816352,41.335906],[19.816387,41.335911]]}},{"type":"Feature","properties":{"line":"8B","mode":"bus","color":"#095d97","oi":0,"n":3},"geometry":{"type":"LineString","coordinates":[[19.840028,41.307338],[19.839889,41.307445],[19.839712,41.30749],[19.838609,41.307535],[19.83842,41.307569],[19.838215,41.307641],[19.837928,41.307805],[19.837616,41.308061],[19.837293,41.308421],[19.837174,41.308622],[19.836221,41.310956],[19.834519,41.313328],[19.834447,41.313613],[19.834471,41.314175],[19.834428,41.314388],[19.83299,41.316867]]}},{"type":"Feature","properties":{"line":"8B","mode":"bus","color":"#095d97","oi":0,"n":3,"sw":1},"geometry":{"type":"LineString","coordinates":[[19.832992,41.316865],[19.832972,41.316899]]}},{"type":"Feature","properties":{"line":"8B","mode":"bus","color":"#095d97","oi":0.017,"n":3,"sw":1},"geometry":{"type":"LineString","coordinates":[[19.832974,41.316894],[19.832954,41.316929]]}},{"type":"Feature","properties":{"line":"8B","mode":"bus","color":"#095d97","oi":0.063,"n":3,"sw":1},"geometry":{"type":"LineString","coordinates":[[19.832957,41.316924],[19.832937,41.316959]]}},{"type":"Feature","properties":{"line":"8B","mode":"bus","color":"#095d97","oi":0.13,"n":3,"sw":1},"geometry":{"type":"LineString","coordinates":[[19.83294,41.316954],[19.83292,41.316988]]}},{"type":"Feature","properties":{"line":"8B","mode":"bus","color":"#095d97","oi":0.209,"n":3,"sw":1},"geometry":{"type":"LineString","coordinates":[[19.832923,41.316983],[19.832903,41.317018]]}},{"type":"Feature","properties":{"line":"8B","mode":"bus","color":"#095d97","oi":0.291,"n":3,"sw":1},"geometry":{"type":"LineString","coordinates":[[19.832906,41.317013],[19.832885,41.317048]]}},{"type":"Feature","properties":{"line":"8B","mode":"bus","color":"#095d97","oi":0.37,"n":3,"sw":1},"geometry":{"type":"LineString","coordinates":[[19.832888,41.317043],[19.832868,41.317077]]}},{"type":"Feature","properties":{"line":"8B","mode":"bus","color":"#095d97","oi":0.437,"n":3,"sw":1},"geometry":{"type":"LineString","coordinates":[[19.832871,41.317072],[19.832851,41.317107]]}},{"type":"Feature","properties":{"line":"8B","mode":"bus","color":"#095d97","oi":0.483,"n":3,"sw":1},"geometry":{"type":"LineString","coordinates":[[19.832854,41.317102],[19.832834,41.317137]]}},{"type":"Feature","properties":{"line":"8B","mode":"bus","color":"#095d97","oi":0.5,"n":3,"sw":1},"geometry":{"type":"LineString","coordinates":[[19.832837,41.317132],[19.832818,41.317164]]}},{"type":"Feature","properties":{"line":"8B","mode":"bus","color":"#095d97","oi":0,"n":3},"geometry":{"type":"LineString","coordinates":[[19.840305,41.307332],[19.840289,41.307325]]}},{"type":"Feature","properties":{"line":"8B","mode":"bus","color":"#095d97","oi":0,"n":3},"geometry":{"type":"LineString","coordinates":[[19.840428,41.307444],[19.840431,41.307452],[19.840433,41.307454],[19.840435,41.307456],[19.840439,41.307456],[19.840705,41.307478]]}},{"type":"Feature","properties":{"line":"8B","mode":"bus","color":"#095d97","oi":0,"n":3},"geometry":{"type":"LineString","coordinates":[[19.843793,41.31271],[19.84368,41.312518],[19.843648,41.312405],[19.843631,41.312036],[19.843657,41.311885],[19.843705,41.311784],[19.844329,41.311007],[19.844759,41.309731],[19.844772,41.309575],[19.844717,41.30951],[19.844543,41.309422],[19.844298,41.309356],[19.844043,41.309337],[19.843787,41.309383],[19.842992,41.309597],[19.842851,41.309573],[19.841799,41.308844],[19.841751,41.308765],[19.841557,41.308045],[19.841407,41.307772],[19.841246,41.30761],[19.841016,41.307499],[19.840806,41.307472],[19.840705,41.307478],[19.840552,41.307532],[19.840397,41.307618],[19.840302,41.307683],[19.840179,41.307708],[19.840054,41.307686],[19.839908,41.307597],[19.839715,41.307574],[19.838767,41.307609],[19.838464,41.307653],[19.838193,41.307753],[19.838015,41.30786],[19.837709,41.308106],[19.837471,41.308356],[19.837339,41.308542],[19.837238,41.308744],[19.836347,41.310965],[19.836193,41.311207],[19.834768,41.313134],[19.834644,41.313338],[19.834568,41.313593],[19.834586,41.314193],[19.834522,41.31446],[19.8332,41.316723]]}},{"type":"Feature","properties":{"line":"8B","mode":"bus","color":"#095d97","oi":0,"n":3,"sw":1},"geometry":{"type":"LineString","coordinates":[[19.833202,41.316721],[19.833181,41.316756]]}},{"type":"Feature","properties":{"line":"8B","mode":"bus","color":"#095d97","oi":0.017,"n":3,"sw":1},"geometry":{"type":"LineString","coordinates":[[19.833184,41.316751],[19.833164,41.316785]]}},{"type":"Feature","properties":{"line":"8B","mode":"bus","color":"#095d97","oi":0.063,"n":3,"sw":1},"geometry":{"type":"LineString","coordinates":[[19.833167,41.31678],[19.833147,41.316815]]}},{"type":"Feature","properties":{"line":"8B","mode":"bus","color":"#095d97","oi":0.13,"n":3,"sw":1},"geometry":{"type":"LineString","coordinates":[[19.83315,41.31681],[19.833129,41.316845]]}},{"type":"Feature","properties":{"line":"8B","mode":"bus","color":"#095d97","oi":0.209,"n":3,"sw":1},"geometry":{"type":"LineString","coordinates":[[19.833132,41.31684],[19.833112,41.316874]]}},{"type":"Feature","properties":{"line":"8B","mode":"bus","color":"#095d97","oi":0.291,"n":3,"sw":1},"geometry":{"type":"LineString","coordinates":[[19.833115,41.316869],[19.833095,41.316904]]}},{"type":"Feature","properties":{"line":"8B","mode":"bus","color":"#095d97","oi":0.37,"n":3,"sw":1},"geometry":{"type":"LineString","coordinates":[[19.833098,41.316899],[19.833078,41.316933]]}},{"type":"Feature","properties":{"line":"8B","mode":"bus","color":"#095d97","oi":0.437,"n":3,"sw":1},"geometry":{"type":"LineString","coordinates":[[19.83308,41.316929],[19.83306,41.316963]]}},{"type":"Feature","properties":{"line":"8B","mode":"bus","color":"#095d97","oi":0.483,"n":3,"sw":1},"geometry":{"type":"LineString","coordinates":[[19.833063,41.316958],[19.833043,41.316993]]}},{"type":"Feature","properties":{"line":"8B","mode":"bus","color":"#095d97","oi":0.5,"n":3,"sw":1},"geometry":{"type":"LineString","coordinates":[[19.833046,41.316988],[19.833027,41.31702]]}},{"type":"Feature","properties":{"line":"8B","mode":"bus","color":"#095d97","oi":0,"n":2,"sw":1},"geometry":{"type":"LineString","coordinates":[[19.840289,41.307325],[19.840272,41.307323]]}},{"type":"Feature","properties":{"line":"8B","mode":"bus","color":"#095d97","oi":-0.017,"n":2,"sw":1},"geometry":{"type":"LineString","coordinates":[[19.840279,41.307324],[19.840259,41.307321]]}},{"type":"Feature","properties":{"line":"8B","mode":"bus","color":"#095d97","oi":-0.063,"n":2,"sw":1},"geometry":{"type":"LineString","coordinates":[[19.840266,41.307322],[19.840246,41.307319]]}},{"type":"Feature","properties":{"line":"8B","mode":"bus","color":"#095d97","oi":-0.13,"n":2,"sw":1},"geometry":{"type":"LineString","coordinates":[[19.840253,41.30732],[19.840232,41.307317]]}},{"type":"Feature","properties":{"line":"8B","mode":"bus","color":"#095d97","oi":-0.209,"n":2,"sw":1},"geometry":{"type":"LineString","coordinates":[[19.840239,41.307318],[19.840219,41.307315]]}},{"type":"Feature","properties":{"line":"8B","mode":"bus","color":"#095d97","oi":-0.291,"n":2,"sw":1},"geometry":{"type":"LineString","coordinates":[[19.840226,41.307316],[19.840206,41.307313]]}},{"type":"Feature","properties":{"line":"8B","mode":"bus","color":"#095d97","oi":-0.37,"n":2,"sw":1},"geometry":{"type":"LineString","coordinates":[[19.840213,41.307314],[19.840193,41.307311]]}},{"type":"Feature","properties":{"line":"8B","mode":"bus","color":"#095d97","oi":-0.437,"n":2,"sw":1},"geometry":{"type":"LineString","coordinates":[[19.8402,41.307312],[19.840179,41.307309]]}},{"type":"Feature","properties":{"line":"8B","mode":"bus","color":"#095d97","oi":-0.483,"n":2,"sw":1},"geometry":{"type":"LineString","coordinates":[[19.840186,41.30731],[19.840166,41.307307]]}},{"type":"Feature","properties":{"line":"8B","mode":"bus","color":"#095d97","oi":-0.5,"n":2,"sw":1},"geometry":{"type":"LineString","coordinates":[[19.840173,41.307308],[19.840156,41.307306],[19.840153,41.307307]]}},{"type":"Feature","properties":{"line":"8B","mode":"bus","color":"#095d97","oi":-0.5,"n":2,"sw":1},"geometry":{"type":"LineString","coordinates":[[19.84016,41.307307],[19.840156,41.307306],[19.84014,41.30731]]}},{"type":"Feature","properties":{"line":"8B","mode":"bus","color":"#095d97","oi":-0.483,"n":2,"sw":1},"geometry":{"type":"LineString","coordinates":[[19.840147,41.307308],[19.840127,41.307313]]}},{"type":"Feature","properties":{"line":"8B","mode":"bus","color":"#095d97","oi":-0.437,"n":2,"sw":1},"geometry":{"type":"LineString","coordinates":[[19.840134,41.307312],[19.840114,41.307316]]}},{"type":"Feature","properties":{"line":"8B","mode":"bus","color":"#095d97","oi":-0.37,"n":2,"sw":1},"geometry":{"type":"LineString","coordinates":[[19.840121,41.307315],[19.840102,41.30732]]}},{"type":"Feature","properties":{"line":"8B","mode":"bus","color":"#095d97","oi":-0.291,"n":2,"sw":1},"geometry":{"type":"LineString","coordinates":[[19.840108,41.307318],[19.840089,41.307323]]}},{"type":"Feature","properties":{"line":"8B","mode":"bus","color":"#095d97","oi":-0.209,"n":2,"sw":1},"geometry":{"type":"LineString","coordinates":[[19.840096,41.307321],[19.840076,41.307326]]}},{"type":"Feature","properties":{"line":"8B","mode":"bus","color":"#095d97","oi":-0.13,"n":2,"sw":1},"geometry":{"type":"LineString","coordinates":[[19.840083,41.307324],[19.840063,41.307329]]}},{"type":"Feature","properties":{"line":"8B","mode":"bus","color":"#095d97","oi":-0.063,"n":2,"sw":1},"geometry":{"type":"LineString","coordinates":[[19.84007,41.307328],[19.84005,41.307332]]}},{"type":"Feature","properties":{"line":"8B","mode":"bus","color":"#095d97","oi":-0.017,"n":2,"sw":1},"geometry":{"type":"LineString","coordinates":[[19.840057,41.307331],[19.840037,41.307336]]}},{"type":"Feature","properties":{"line":"8B","mode":"bus","color":"#095d97","oi":0,"n":2,"sw":1},"geometry":{"type":"LineString","coordinates":[[19.840044,41.307334],[19.840028,41.307338]]}},{"type":"Feature","properties":{"line":"8B","mode":"bus","color":"#095d97","oi":0,"n":4,"sw":1},"geometry":{"type":"LineString","coordinates":[[19.830906,41.318203],[19.8309,41.318215]]}},{"type":"Feature","properties":{"line":"8B","mode":"bus","color":"#095d97","oi":0.017,"n":4,"sw":1},"geometry":{"type":"LineString","coordinates":[[19.830903,41.31821],[19.830896,41.318225]]}},{"type":"Feature","properties":{"line":"8B","mode":"bus","color":"#095d97","oi":0.063,"n":4,"sw":1},"geometry":{"type":"LineString","coordinates":[[19.830898,41.31822],[19.830891,41.318234]]}},{"type":"Feature","properties":{"line":"8B","mode":"bus","color":"#095d97","oi":0.13,"n":4,"sw":1},"geometry":{"type":"LineString","coordinates":[[19.830894,41.318229],[19.830887,41.318244]]}},{"type":"Feature","properties":{"line":"8B","mode":"bus","color":"#095d97","oi":0.209,"n":4,"sw":1},"geometry":{"type":"LineString","coordinates":[[19.830889,41.318239],[19.830882,41.318253]]}},{"type":"Feature","properties":{"line":"8B","mode":"bus","color":"#095d97","oi":0.291,"n":4,"sw":1},"geometry":{"type":"LineString","coordinates":[[19.830884,41.318248],[19.830878,41.318263]]}},{"type":"Feature","properties":{"line":"8B","mode":"bus","color":"#095d97","oi":0.37,"n":4,"sw":1},"geometry":{"type":"LineString","coordinates":[[19.83088,41.318258],[19.830873,41.318272]]}},{"type":"Feature","properties":{"line":"8B","mode":"bus","color":"#095d97","oi":0.437,"n":4,"sw":1},"geometry":{"type":"LineString","coordinates":[[19.830875,41.318267],[19.830868,41.318282]]}},{"type":"Feature","properties":{"line":"8B","mode":"bus","color":"#095d97","oi":0.483,"n":4,"sw":1},"geometry":{"type":"LineString","coordinates":[[19.830871,41.318277],[19.830867,41.318285],[19.830859,41.318289]]}},{"type":"Feature","properties":{"line":"8B","mode":"bus","color":"#095d97","oi":0.5,"n":4,"sw":1},"geometry":{"type":"LineString","coordinates":[[19.830865,41.318286],[19.830848,41.318295]]}},{"type":"Feature","properties":{"line":"8B","mode":"bus","color":"#095d97","oi":0.5,"n":4,"sw":1},"geometry":{"type":"LineString","coordinates":[[19.830854,41.318292],[19.830838,41.318301]]}},{"type":"Feature","properties":{"line":"8B","mode":"bus","color":"#095d97","oi":0.483,"n":4,"sw":1},"geometry":{"type":"LineString","coordinates":[[19.830843,41.318298],[19.830827,41.318307]]}},{"type":"Feature","properties":{"line":"8B","mode":"bus","color":"#095d97","oi":0.437,"n":4,"sw":1},"geometry":{"type":"LineString","coordinates":[[19.830832,41.318304],[19.830816,41.318313]]}},{"type":"Feature","properties":{"line":"8B","mode":"bus","color":"#095d97","oi":0.37,"n":4,"sw":1},"geometry":{"type":"LineString","coordinates":[[19.830821,41.31831],[19.830805,41.318319]]}},{"type":"Feature","properties":{"line":"8B","mode":"bus","color":"#095d97","oi":0.291,"n":4,"sw":1},"geometry":{"type":"LineString","coordinates":[[19.830811,41.318316],[19.830794,41.318325]]}},{"type":"Feature","properties":{"line":"8B","mode":"bus","color":"#095d97","oi":0.209,"n":4,"sw":1},"geometry":{"type":"LineString","coordinates":[[19.8308,41.318322],[19.830783,41.318331]]}},{"type":"Feature","properties":{"line":"8B","mode":"bus","color":"#095d97","oi":0.13,"n":4,"sw":1},"geometry":{"type":"LineString","coordinates":[[19.830789,41.318328],[19.830772,41.318337]]}},{"type":"Feature","properties":{"line":"8B","mode":"bus","color":"#095d97","oi":0.063,"n":4,"sw":1},"geometry":{"type":"LineString","coordinates":[[19.830778,41.318334],[19.830761,41.318343]]}},{"type":"Feature","properties":{"line":"8B","mode":"bus","color":"#095d97","oi":0.017,"n":4,"sw":1},"geometry":{"type":"LineString","coordinates":[[19.830767,41.31834],[19.83075,41.318349]]}},{"type":"Feature","properties":{"line":"8B","mode":"bus","color":"#095d97","oi":0,"n":4,"sw":1},"geometry":{"type":"LineString","coordinates":[[19.830756,41.318345],[19.830742,41.318353]]}},{"type":"Feature","properties":{"line":"8B","mode":"bus","color":"#095d97","oi":0.5,"n":4},"geometry":{"type":"LineString","coordinates":[[19.832818,41.317164],[19.832635,41.317383],[19.832498,41.317487],[19.832338,41.317568],[19.831215,41.317963],[19.831199,41.317965]]}},{"type":"Feature","properties":{"line":"8B","mode":"bus","color":"#095d97","oi":0.5,"n":4,"sw":1},"geometry":{"type":"LineString","coordinates":[[19.831202,41.317965],[19.831153,41.317972]]}},{"type":"Feature","properties":{"line":"8B","mode":"bus","color":"#095d97","oi":0.483,"n":4,"sw":1},"geometry":{"type":"LineString","coordinates":[[19.83116,41.317971],[19.83111,41.317978]]}},{"type":"Feature","properties":{"line":"8B","mode":"bus","color":"#095d97","oi":0.437,"n":4,"sw":1},"geometry":{"type":"LineString","coordinates":[[19.831118,41.317977],[19.831068,41.317985]]}},{"type":"Feature","properties":{"line":"8B","mode":"bus","color":"#095d97","oi":0.37,"n":4,"sw":1},"geometry":{"type":"LineString","coordinates":[[19.831075,41.317984],[19.831026,41.317991]]}},{"type":"Feature","properties":{"line":"8B","mode":"bus","color":"#095d97","oi":0.291,"n":4,"sw":1},"geometry":{"type":"LineString","coordinates":[[19.831033,41.31799],[19.830984,41.317997]]}},{"type":"Feature","properties":{"line":"8B","mode":"bus","color":"#095d97","oi":0.209,"n":4,"sw":1},"geometry":{"type":"LineString","coordinates":[[19.830991,41.317996],[19.830941,41.318003]]}},{"type":"Feature","properties":{"line":"8B","mode":"bus","color":"#095d97","oi":0.13,"n":4,"sw":1},"geometry":{"type":"LineString","coordinates":[[19.830949,41.318002],[19.830899,41.31801]]}},{"type":"Feature","properties":{"line":"8B","mode":"bus","color":"#095d97","oi":0.063,"n":4,"sw":1},"geometry":{"type":"LineString","coordinates":[[19.830906,41.318009],[19.830857,41.318016]]}},{"type":"Feature","properties":{"line":"8B","mode":"bus","color":"#095d97","oi":0.017,"n":4,"sw":1},"geometry":{"type":"LineString","coordinates":[[19.830864,41.318015],[19.830815,41.318022]]}},{"type":"Feature","properties":{"line":"8B","mode":"bus","color":"#095d97","oi":0,"n":4,"sw":1},"geometry":{"type":"LineString","coordinates":[[19.830822,41.318021],[19.830776,41.318028]]}},{"type":"Feature","properties":{"line":"8B","mode":"bus","color":"#095d97","oi":0.5,"n":4},"geometry":{"type":"LineString","coordinates":[[19.833027,41.31702],[19.832816,41.317346],[19.832646,41.317498],[19.832515,41.317579],[19.832278,41.317686],[19.831283,41.318026]]}},{"type":"Feature","properties":{"line":"8B","mode":"bus","color":"#095d97","oi":0.5,"n":4,"sw":1},"geometry":{"type":"LineString","coordinates":[[19.831286,41.318025],[19.83124,41.31804]]}},{"type":"Feature","properties":{"line":"8B","mode":"bus","color":"#095d97","oi":0.483,"n":4,"sw":1},"geometry":{"type":"LineString","coordinates":[[19.831247,41.318038],[19.831201,41.318054]]}},{"type":"Feature","properties":{"line":"8B","mode":"bus","color":"#095d97","oi":0.437,"n":4,"sw":1},"geometry":{"type":"LineString","coordinates":[[19.831207,41.318051],[19.831162,41.318067]]}},{"type":"Feature","properties":{"line":"8B","mode":"bus","color":"#095d97","oi":0.37,"n":4,"sw":1},"geometry":{"type":"LineString","coordinates":[[19.831168,41.318065],[19.831122,41.31808]]}},{"type":"Feature","properties":{"line":"8B","mode":"bus","color":"#095d97","oi":0.291,"n":4,"sw":1},"geometry":{"type":"LineString","coordinates":[[19.831129,41.318078],[19.831083,41.318094]]}},{"type":"Feature","properties":{"line":"8B","mode":"bus","color":"#095d97","oi":0.209,"n":4,"sw":1},"geometry":{"type":"LineString","coordinates":[[19.83109,41.318091],[19.831044,41.318107]]}},{"type":"Feature","properties":{"line":"8B","mode":"bus","color":"#095d97","oi":0.13,"n":4,"sw":1},"geometry":{"type":"LineString","coordinates":[[19.831051,41.318105],[19.831015,41.318117],[19.831006,41.318122]]}},{"type":"Feature","properties":{"line":"8B","mode":"bus","color":"#095d97","oi":0.063,"n":4,"sw":1},"geometry":{"type":"LineString","coordinates":[[19.831012,41.318119],[19.830973,41.318143]]}},{"type":"Feature","properties":{"line":"8B","mode":"bus","color":"#095d97","oi":0.017,"n":4,"sw":1},"geometry":{"type":"LineString","coordinates":[[19.830979,41.318139],[19.83094,41.318163]]}},{"type":"Feature","properties":{"line":"8B","mode":"bus","color":"#095d97","oi":0,"n":4,"sw":1},"geometry":{"type":"LineString","coordinates":[[19.830945,41.31816],[19.830909,41.318182]]}},{"type":"Feature","properties":{"line":"8B","mode":"bus","color":"#095d97","oi":0,"n":2,"sw":1},"geometry":{"type":"LineString","coordinates":[[19.840305,41.307332],[19.840316,41.307339]]}},{"type":"Feature","properties":{"line":"8B","mode":"bus","color":"#095d97","oi":0.021,"n":2,"sw":1},"geometry":{"type":"LineString","coordinates":[[19.840311,41.307336],[19.840325,41.307344]]}},{"type":"Feature","properties":{"line":"8B","mode":"bus","color":"#095d97","oi":0.078,"n":2,"sw":1},"geometry":{"type":"LineString","coordinates":[[19.840319,41.307341],[19.840333,41.307349]]}},{"type":"Feature","properties":{"line":"8B","mode":"bus","color":"#095d97","oi":0.158,"n":2,"sw":1},"geometry":{"type":"LineString","coordinates":[[19.840327,41.307346],[19.840341,41.307355]]}},{"type":"Feature","properties":{"line":"8B","mode":"bus","color":"#095d97","oi":0.25,"n":2,"sw":1},"geometry":{"type":"LineString","coordinates":[[19.840336,41.307351],[19.84035,41.30736]]}},{"type":"Feature","properties":{"line":"8B","mode":"bus","color":"#095d97","oi":0.342,"n":2,"sw":1},"geometry":{"type":"LineString","coordinates":[[19.840344,41.307357],[19.840358,41.307365]]}},{"type":"Feature","properties":{"line":"8B","mode":"bus","color":"#095d97","oi":0.422,"n":2,"sw":1},"geometry":{"type":"LineString","coordinates":[[19.840353,41.307362],[19.840367,41.30737]]}},{"type":"Feature","properties":{"line":"8B","mode":"bus","color":"#095d97","oi":0.479,"n":2,"sw":1},"geometry":{"type":"LineString","coordinates":[[19.840361,41.307367],[19.840375,41.307376]]}},{"type":"Feature","properties":{"line":"8B","mode":"bus","color":"#095d97","oi":0.5,"n":2,"sw":1},"geometry":{"type":"LineString","coordinates":[[19.84037,41.307372],[19.840382,41.30738],[19.840383,41.307381]]}},{"type":"Feature","properties":{"line":"8B","mode":"bus","color":"#095d97","oi":0.5,"n":2,"sw":1},"geometry":{"type":"LineString","coordinates":[[19.840378,41.307377],[19.840382,41.30738],[19.840388,41.307389]]}},{"type":"Feature","properties":{"line":"8B","mode":"bus","color":"#095d97","oi":0.479,"n":2,"sw":1},"geometry":{"type":"LineString","coordinates":[[19.840385,41.307384],[19.840393,41.307396]]}},{"type":"Feature","properties":{"line":"8B","mode":"bus","color":"#095d97","oi":0.422,"n":2,"sw":1},"geometry":{"type":"LineString","coordinates":[[19.84039,41.307391],[19.840399,41.307403]]}},{"type":"Feature","properties":{"line":"8B","mode":"bus","color":"#095d97","oi":0.342,"n":2,"sw":1},"geometry":{"type":"LineString","coordinates":[[19.840395,41.307398],[19.840404,41.30741]]}},{"type":"Feature","properties":{"line":"8B","mode":"bus","color":"#095d97","oi":0.25,"n":2,"sw":1},"geometry":{"type":"LineString","coordinates":[[19.8404,41.307405],[19.840409,41.307417]]}},{"type":"Feature","properties":{"line":"8B","mode":"bus","color":"#095d97","oi":0.158,"n":2,"sw":1},"geometry":{"type":"LineString","coordinates":[[19.840406,41.307413],[19.840414,41.307425]]}},{"type":"Feature","properties":{"line":"8B","mode":"bus","color":"#095d97","oi":0.078,"n":2,"sw":1},"geometry":{"type":"LineString","coordinates":[[19.840411,41.30742],[19.840419,41.307432]]}},{"type":"Feature","properties":{"line":"8B","mode":"bus","color":"#095d97","oi":0.021,"n":2,"sw":1},"geometry":{"type":"LineString","coordinates":[[19.840416,41.307427],[19.840425,41.307439]]}},{"type":"Feature","properties":{"line":"8B","mode":"bus","color":"#095d97","oi":0,"n":2,"sw":1},"geometry":{"type":"LineString","coordinates":[[19.840421,41.307434],[19.840428,41.307444]]}},{"type":"Feature","properties":{"line":"8C","mode":"bus","color":"#9789ff","oi":-1,"n":3},"geometry":{"type":"LineString","coordinates":[[19.840028,41.307338],[19.839889,41.307445],[19.839712,41.30749],[19.838609,41.307535],[19.83842,41.307569],[19.838215,41.307641],[19.837928,41.307805],[19.837616,41.308061],[19.837293,41.308421],[19.837174,41.308622],[19.836221,41.310956],[19.834519,41.313328],[19.834447,41.313613],[19.834471,41.314175],[19.834428,41.314388],[19.83299,41.316867]]}},{"type":"Feature","properties":{"line":"8C","mode":"bus","color":"#9789ff","oi":-1,"n":3,"sw":1},"geometry":{"type":"LineString","coordinates":[[19.832992,41.316865],[19.832972,41.316899]]}},{"type":"Feature","properties":{"line":"8C","mode":"bus","color":"#9789ff","oi":-0.983,"n":3,"sw":1},"geometry":{"type":"LineString","coordinates":[[19.832974,41.316894],[19.832954,41.316929]]}},{"type":"Feature","properties":{"line":"8C","mode":"bus","color":"#9789ff","oi":-0.937,"n":3,"sw":1},"geometry":{"type":"LineString","coordinates":[[19.832957,41.316924],[19.832937,41.316959]]}},{"type":"Feature","properties":{"line":"8C","mode":"bus","color":"#9789ff","oi":-0.87,"n":3,"sw":1},"geometry":{"type":"LineString","coordinates":[[19.83294,41.316954],[19.83292,41.316988]]}},{"type":"Feature","properties":{"line":"8C","mode":"bus","color":"#9789ff","oi":-0.791,"n":3,"sw":1},"geometry":{"type":"LineString","coordinates":[[19.832923,41.316983],[19.832903,41.317018]]}},{"type":"Feature","properties":{"line":"8C","mode":"bus","color":"#9789ff","oi":-0.709,"n":3,"sw":1},"geometry":{"type":"LineString","coordinates":[[19.832906,41.317013],[19.832885,41.317048]]}},{"type":"Feature","properties":{"line":"8C","mode":"bus","color":"#9789ff","oi":-0.63,"n":3,"sw":1},"geometry":{"type":"LineString","coordinates":[[19.832888,41.317043],[19.832868,41.317077]]}},{"type":"Feature","properties":{"line":"8C","mode":"bus","color":"#9789ff","oi":-0.563,"n":3,"sw":1},"geometry":{"type":"LineString","coordinates":[[19.832871,41.317072],[19.832851,41.317107]]}},{"type":"Feature","properties":{"line":"8C","mode":"bus","color":"#9789ff","oi":-0.517,"n":3,"sw":1},"geometry":{"type":"LineString","coordinates":[[19.832854,41.317102],[19.832834,41.317137]]}},{"type":"Feature","properties":{"line":"8C","mode":"bus","color":"#9789ff","oi":-0.5,"n":3,"sw":1},"geometry":{"type":"LineString","coordinates":[[19.832837,41.317132],[19.832818,41.317164]]}},{"type":"Feature","properties":{"line":"8C","mode":"bus","color":"#9789ff","oi":-1,"n":3},"geometry":{"type":"LineString","coordinates":[[19.840305,41.307332],[19.840289,41.307325]]}},{"type":"Feature","properties":{"line":"8C","mode":"bus","color":"#9789ff","oi":-1,"n":3},"geometry":{"type":"LineString","coordinates":[[19.840428,41.307444],[19.840433,41.307456]]}},{"type":"Feature","properties":{"line":"8C","mode":"bus","color":"#9789ff","oi":-1,"n":3},"geometry":{"type":"LineString","coordinates":[[19.840397,41.307618],[19.840302,41.307683],[19.840179,41.307708],[19.840054,41.307686],[19.839908,41.307597],[19.839715,41.307574],[19.838767,41.307609],[19.838464,41.307653],[19.838193,41.307753],[19.838015,41.30786],[19.837709,41.308106],[19.837471,41.308356],[19.837339,41.308542],[19.837238,41.308744],[19.836347,41.310965],[19.836193,41.311207],[19.834768,41.313134],[19.834644,41.313338],[19.834568,41.313593],[19.834586,41.314193],[19.834522,41.31446],[19.8332,41.316723]]}},{"type":"Feature","properties":{"line":"8C","mode":"bus","color":"#9789ff","oi":-1,"n":3,"sw":1},"geometry":{"type":"LineString","coordinates":[[19.833202,41.316721],[19.833181,41.316756]]}},{"type":"Feature","properties":{"line":"8C","mode":"bus","color":"#9789ff","oi":-0.983,"n":3,"sw":1},"geometry":{"type":"LineString","coordinates":[[19.833184,41.316751],[19.833164,41.316785]]}},{"type":"Feature","properties":{"line":"8C","mode":"bus","color":"#9789ff","oi":-0.937,"n":3,"sw":1},"geometry":{"type":"LineString","coordinates":[[19.833167,41.31678],[19.833147,41.316815]]}},{"type":"Feature","properties":{"line":"8C","mode":"bus","color":"#9789ff","oi":-0.87,"n":3,"sw":1},"geometry":{"type":"LineString","coordinates":[[19.83315,41.31681],[19.833129,41.316845]]}},{"type":"Feature","properties":{"line":"8C","mode":"bus","color":"#9789ff","oi":-0.791,"n":3,"sw":1},"geometry":{"type":"LineString","coordinates":[[19.833132,41.31684],[19.833112,41.316874]]}},{"type":"Feature","properties":{"line":"8C","mode":"bus","color":"#9789ff","oi":-0.709,"n":3,"sw":1},"geometry":{"type":"LineString","coordinates":[[19.833115,41.316869],[19.833095,41.316904]]}},{"type":"Feature","properties":{"line":"8C","mode":"bus","color":"#9789ff","oi":-0.63,"n":3,"sw":1},"geometry":{"type":"LineString","coordinates":[[19.833098,41.316899],[19.833078,41.316933]]}},{"type":"Feature","properties":{"line":"8C","mode":"bus","color":"#9789ff","oi":-0.563,"n":3,"sw":1},"geometry":{"type":"LineString","coordinates":[[19.83308,41.316929],[19.83306,41.316963]]}},{"type":"Feature","properties":{"line":"8C","mode":"bus","color":"#9789ff","oi":-0.517,"n":3,"sw":1},"geometry":{"type":"LineString","coordinates":[[19.833063,41.316958],[19.833043,41.316993]]}},{"type":"Feature","properties":{"line":"8C","mode":"bus","color":"#9789ff","oi":-0.5,"n":3,"sw":1},"geometry":{"type":"LineString","coordinates":[[19.833046,41.316988],[19.833027,41.31702]]}},{"type":"Feature","properties":{"line":"8C","mode":"bus","color":"#9789ff","oi":-1,"n":2,"sw":1},"geometry":{"type":"LineString","coordinates":[[19.840433,41.307456],[19.840434,41.307467]]}},{"type":"Feature","properties":{"line":"8C","mode":"bus","color":"#9789ff","oi":-0.983,"n":2,"sw":1},"geometry":{"type":"LineString","coordinates":[[19.840434,41.307462],[19.840435,41.307475]]}},{"type":"Feature","properties":{"line":"8C","mode":"bus","color":"#9789ff","oi":-0.937,"n":2,"sw":1},"geometry":{"type":"LineString","coordinates":[[19.840434,41.30747],[19.840436,41.307484]]}},{"type":"Feature","properties":{"line":"8C","mode":"bus","color":"#9789ff","oi":-0.87,"n":2,"sw":1},"geometry":{"type":"LineString","coordinates":[[19.840435,41.307478],[19.840437,41.307492]]}},{"type":"Feature","properties":{"line":"8C","mode":"bus","color":"#9789ff","oi":-0.791,"n":2,"sw":1},"geometry":{"type":"LineString","coordinates":[[19.840436,41.307487],[19.840437,41.307501]]}},{"type":"Feature","properties":{"line":"8C","mode":"bus","color":"#9789ff","oi":-0.709,"n":2,"sw":1},"geometry":{"type":"LineString","coordinates":[[19.840437,41.307495],[19.840438,41.307509]]}},{"type":"Feature","properties":{"line":"8C","mode":"bus","color":"#9789ff","oi":-0.63,"n":2,"sw":1},"geometry":{"type":"LineString","coordinates":[[19.840438,41.307504],[19.840439,41.307517]]}},{"type":"Feature","properties":{"line":"8C","mode":"bus","color":"#9789ff","oi":-0.563,"n":2,"sw":1},"geometry":{"type":"LineString","coordinates":[[19.840438,41.307512],[19.84044,41.307526]]}},{"type":"Feature","properties":{"line":"8C","mode":"bus","color":"#9789ff","oi":-0.517,"n":2,"sw":1},"geometry":{"type":"LineString","coordinates":[[19.840439,41.30752],[19.84044,41.307528],[19.840437,41.307534]]}},{"type":"Feature","properties":{"line":"8C","mode":"bus","color":"#9789ff","oi":-0.5,"n":2,"sw":1},"geometry":{"type":"LineString","coordinates":[[19.84044,41.307529],[19.840434,41.307542]]}},{"type":"Feature","properties":{"line":"8C","mode":"bus","color":"#9789ff","oi":-0.5,"n":2,"sw":1},"geometry":{"type":"LineString","coordinates":[[19.840436,41.307536],[19.84043,41.307549]]}},{"type":"Feature","properties":{"line":"8C","mode":"bus","color":"#9789ff","oi":-0.483,"n":2,"sw":1},"geometry":{"type":"LineString","coordinates":[[19.840432,41.307544],[19.840426,41.307557]]}},{"type":"Feature","properties":{"line":"8C","mode":"bus","color":"#9789ff","oi":-0.437,"n":2,"sw":1},"geometry":{"type":"LineString","coordinates":[[19.840428,41.307552],[19.840422,41.307565]]}},{"type":"Feature","properties":{"line":"8C","mode":"bus","color":"#9789ff","oi":-0.37,"n":2,"sw":1},"geometry":{"type":"LineString","coordinates":[[19.840425,41.30756],[19.840418,41.307573]]}},{"type":"Feature","properties":{"line":"8C","mode":"bus","color":"#9789ff","oi":-0.291,"n":2,"sw":1},"geometry":{"type":"LineString","coordinates":[[19.840421,41.307568],[19.840415,41.307581]]}},{"type":"Feature","properties":{"line":"8C","mode":"bus","color":"#9789ff","oi":-0.209,"n":2,"sw":1},"geometry":{"type":"LineString","coordinates":[[19.840417,41.307576],[19.840411,41.307589]]}},{"type":"Feature","properties":{"line":"8C","mode":"bus","color":"#9789ff","oi":-0.13,"n":2,"sw":1},"geometry":{"type":"LineString","coordinates":[[19.840413,41.307584],[19.840407,41.307597]]}},{"type":"Feature","properties":{"line":"8C","mode":"bus","color":"#9789ff","oi":-0.063,"n":2,"sw":1},"geometry":{"type":"LineString","coordinates":[[19.84041,41.307592],[19.840403,41.307605]]}},{"type":"Feature","properties":{"line":"8C","mode":"bus","color":"#9789ff","oi":-0.017,"n":2,"sw":1},"geometry":{"type":"LineString","coordinates":[[19.840406,41.3076],[19.8404,41.307613]]}},{"type":"Feature","properties":{"line":"8C","mode":"bus","color":"#9789ff","oi":0,"n":2,"sw":1},"geometry":{"type":"LineString","coordinates":[[19.840402,41.307608],[19.840397,41.307618]]}},{"type":"Feature","properties":{"line":"8C","mode":"bus","color":"#9789ff","oi":0,"n":4,"sw":1},"geometry":{"type":"LineString","coordinates":[[19.830906,41.318203],[19.8309,41.318215]]}},{"type":"Feature","properties":{"line":"8C","mode":"bus","color":"#9789ff","oi":-0.017,"n":4,"sw":1},"geometry":{"type":"LineString","coordinates":[[19.830903,41.31821],[19.830896,41.318225]]}},{"type":"Feature","properties":{"line":"8C","mode":"bus","color":"#9789ff","oi":-0.063,"n":4,"sw":1},"geometry":{"type":"LineString","coordinates":[[19.830898,41.31822],[19.830891,41.318234]]}},{"type":"Feature","properties":{"line":"8C","mode":"bus","color":"#9789ff","oi":-0.13,"n":4,"sw":1},"geometry":{"type":"LineString","coordinates":[[19.830894,41.318229],[19.830887,41.318244]]}},{"type":"Feature","properties":{"line":"8C","mode":"bus","color":"#9789ff","oi":-0.209,"n":4,"sw":1},"geometry":{"type":"LineString","coordinates":[[19.830889,41.318239],[19.830882,41.318253]]}},{"type":"Feature","properties":{"line":"8C","mode":"bus","color":"#9789ff","oi":-0.291,"n":4,"sw":1},"geometry":{"type":"LineString","coordinates":[[19.830884,41.318248],[19.830878,41.318263]]}},{"type":"Feature","properties":{"line":"8C","mode":"bus","color":"#9789ff","oi":-0.37,"n":4,"sw":1},"geometry":{"type":"LineString","coordinates":[[19.83088,41.318258],[19.830873,41.318272]]}},{"type":"Feature","properties":{"line":"8C","mode":"bus","color":"#9789ff","oi":-0.437,"n":4,"sw":1},"geometry":{"type":"LineString","coordinates":[[19.830875,41.318267],[19.830868,41.318282]]}},{"type":"Feature","properties":{"line":"8C","mode":"bus","color":"#9789ff","oi":-0.483,"n":4,"sw":1},"geometry":{"type":"LineString","coordinates":[[19.830871,41.318277],[19.830867,41.318285],[19.830859,41.318289]]}},{"type":"Feature","properties":{"line":"8C","mode":"bus","color":"#9789ff","oi":-0.5,"n":4,"sw":1},"geometry":{"type":"LineString","coordinates":[[19.830865,41.318286],[19.830848,41.318295]]}},{"type":"Feature","properties":{"line":"8C","mode":"bus","color":"#9789ff","oi":-0.5,"n":4,"sw":1},"geometry":{"type":"LineString","coordinates":[[19.830854,41.318292],[19.830838,41.318301]]}},{"type":"Feature","properties":{"line":"8C","mode":"bus","color":"#9789ff","oi":-0.483,"n":4,"sw":1},"geometry":{"type":"LineString","coordinates":[[19.830843,41.318298],[19.830827,41.318307]]}},{"type":"Feature","properties":{"line":"8C","mode":"bus","color":"#9789ff","oi":-0.437,"n":4,"sw":1},"geometry":{"type":"LineString","coordinates":[[19.830832,41.318304],[19.830816,41.318313]]}},{"type":"Feature","properties":{"line":"8C","mode":"bus","color":"#9789ff","oi":-0.37,"n":4,"sw":1},"geometry":{"type":"LineString","coordinates":[[19.830821,41.31831],[19.830805,41.318319]]}},{"type":"Feature","properties":{"line":"8C","mode":"bus","color":"#9789ff","oi":-0.291,"n":4,"sw":1},"geometry":{"type":"LineString","coordinates":[[19.830811,41.318316],[19.830794,41.318325]]}},{"type":"Feature","properties":{"line":"8C","mode":"bus","color":"#9789ff","oi":-0.209,"n":4,"sw":1},"geometry":{"type":"LineString","coordinates":[[19.8308,41.318322],[19.830783,41.318331]]}},{"type":"Feature","properties":{"line":"8C","mode":"bus","color":"#9789ff","oi":-0.13,"n":4,"sw":1},"geometry":{"type":"LineString","coordinates":[[19.830789,41.318328],[19.830772,41.318337]]}},{"type":"Feature","properties":{"line":"8C","mode":"bus","color":"#9789ff","oi":-0.063,"n":4,"sw":1},"geometry":{"type":"LineString","coordinates":[[19.830778,41.318334],[19.830761,41.318343]]}},{"type":"Feature","properties":{"line":"8C","mode":"bus","color":"#9789ff","oi":-0.017,"n":4,"sw":1},"geometry":{"type":"LineString","coordinates":[[19.830767,41.31834],[19.83075,41.318349]]}},{"type":"Feature","properties":{"line":"8C","mode":"bus","color":"#9789ff","oi":0,"n":4,"sw":1},"geometry":{"type":"LineString","coordinates":[[19.830756,41.318345],[19.830742,41.318353]]}},{"type":"Feature","properties":{"line":"8C","mode":"bus","color":"#9789ff","oi":-0.5,"n":4},"geometry":{"type":"LineString","coordinates":[[19.832818,41.317164],[19.832635,41.317383],[19.832498,41.317487],[19.832338,41.317568],[19.831215,41.317963],[19.831199,41.317965]]}},{"type":"Feature","properties":{"line":"8C","mode":"bus","color":"#9789ff","oi":-0.5,"n":4,"sw":1},"geometry":{"type":"LineString","coordinates":[[19.831202,41.317965],[19.831153,41.317972]]}},{"type":"Feature","properties":{"line":"8C","mode":"bus","color":"#9789ff","oi":-0.483,"n":4,"sw":1},"geometry":{"type":"LineString","coordinates":[[19.83116,41.317971],[19.83111,41.317978]]}},{"type":"Feature","properties":{"line":"8C","mode":"bus","color":"#9789ff","oi":-0.437,"n":4,"sw":1},"geometry":{"type":"LineString","coordinates":[[19.831118,41.317977],[19.831068,41.317985]]}},{"type":"Feature","properties":{"line":"8C","mode":"bus","color":"#9789ff","oi":-0.37,"n":4,"sw":1},"geometry":{"type":"LineString","coordinates":[[19.831075,41.317984],[19.831026,41.317991]]}},{"type":"Feature","properties":{"line":"8C","mode":"bus","color":"#9789ff","oi":-0.291,"n":4,"sw":1},"geometry":{"type":"LineString","coordinates":[[19.831033,41.31799],[19.830984,41.317997]]}},{"type":"Feature","properties":{"line":"8C","mode":"bus","color":"#9789ff","oi":-0.209,"n":4,"sw":1},"geometry":{"type":"LineString","coordinates":[[19.830991,41.317996],[19.830941,41.318003]]}},{"type":"Feature","properties":{"line":"8C","mode":"bus","color":"#9789ff","oi":-0.13,"n":4,"sw":1},"geometry":{"type":"LineString","coordinates":[[19.830949,41.318002],[19.830899,41.31801]]}},{"type":"Feature","properties":{"line":"8C","mode":"bus","color":"#9789ff","oi":-0.063,"n":4,"sw":1},"geometry":{"type":"LineString","coordinates":[[19.830906,41.318009],[19.830857,41.318016]]}},{"type":"Feature","properties":{"line":"8C","mode":"bus","color":"#9789ff","oi":-0.017,"n":4,"sw":1},"geometry":{"type":"LineString","coordinates":[[19.830864,41.318015],[19.830815,41.318022]]}},{"type":"Feature","properties":{"line":"8C","mode":"bus","color":"#9789ff","oi":0,"n":4,"sw":1},"geometry":{"type":"LineString","coordinates":[[19.830822,41.318021],[19.830776,41.318028]]}},{"type":"Feature","properties":{"line":"8C","mode":"bus","color":"#9789ff","oi":-0.5,"n":4},"geometry":{"type":"LineString","coordinates":[[19.833027,41.31702],[19.832816,41.317346],[19.832646,41.317498],[19.832515,41.317579],[19.832278,41.317686],[19.831283,41.318026]]}},{"type":"Feature","properties":{"line":"8C","mode":"bus","color":"#9789ff","oi":-0.5,"n":4,"sw":1},"geometry":{"type":"LineString","coordinates":[[19.831286,41.318025],[19.83124,41.31804]]}},{"type":"Feature","properties":{"line":"8C","mode":"bus","color":"#9789ff","oi":-0.483,"n":4,"sw":1},"geometry":{"type":"LineString","coordinates":[[19.831247,41.318038],[19.831201,41.318054]]}},{"type":"Feature","properties":{"line":"8C","mode":"bus","color":"#9789ff","oi":-0.437,"n":4,"sw":1},"geometry":{"type":"LineString","coordinates":[[19.831207,41.318051],[19.831162,41.318067]]}},{"type":"Feature","properties":{"line":"8C","mode":"bus","color":"#9789ff","oi":-0.37,"n":4,"sw":1},"geometry":{"type":"LineString","coordinates":[[19.831168,41.318065],[19.831122,41.31808]]}},{"type":"Feature","properties":{"line":"8C","mode":"bus","color":"#9789ff","oi":-0.291,"n":4,"sw":1},"geometry":{"type":"LineString","coordinates":[[19.831129,41.318078],[19.831083,41.318094]]}},{"type":"Feature","properties":{"line":"8C","mode":"bus","color":"#9789ff","oi":-0.209,"n":4,"sw":1},"geometry":{"type":"LineString","coordinates":[[19.83109,41.318091],[19.831044,41.318107]]}},{"type":"Feature","properties":{"line":"8C","mode":"bus","color":"#9789ff","oi":-0.13,"n":4,"sw":1},"geometry":{"type":"LineString","coordinates":[[19.831051,41.318105],[19.831015,41.318117],[19.831006,41.318122]]}},{"type":"Feature","properties":{"line":"8C","mode":"bus","color":"#9789ff","oi":-0.063,"n":4,"sw":1},"geometry":{"type":"LineString","coordinates":[[19.831012,41.318119],[19.830973,41.318143]]}},{"type":"Feature","properties":{"line":"8C","mode":"bus","color":"#9789ff","oi":-0.017,"n":4,"sw":1},"geometry":{"type":"LineString","coordinates":[[19.830979,41.318139],[19.83094,41.318163]]}},{"type":"Feature","properties":{"line":"8C","mode":"bus","color":"#9789ff","oi":0,"n":4,"sw":1},"geometry":{"type":"LineString","coordinates":[[19.830945,41.31816],[19.830909,41.318182]]}},{"type":"Feature","properties":{"line":"8C","mode":"bus","color":"#9789ff","oi":1,"n":2,"sw":1},"geometry":{"type":"LineString","coordinates":[[19.840305,41.307332],[19.840316,41.307339]]}},{"type":"Feature","properties":{"line":"8C","mode":"bus","color":"#9789ff","oi":0.936,"n":2,"sw":1},"geometry":{"type":"LineString","coordinates":[[19.840311,41.307336],[19.840325,41.307344]]}},{"type":"Feature","properties":{"line":"8C","mode":"bus","color":"#9789ff","oi":0.766,"n":2,"sw":1},"geometry":{"type":"LineString","coordinates":[[19.840319,41.307341],[19.840333,41.307349]]}},{"type":"Feature","properties":{"line":"8C","mode":"bus","color":"#9789ff","oi":0.525,"n":2,"sw":1},"geometry":{"type":"LineString","coordinates":[[19.840327,41.307346],[19.840341,41.307355]]}},{"type":"Feature","properties":{"line":"8C","mode":"bus","color":"#9789ff","oi":0.25,"n":2,"sw":1},"geometry":{"type":"LineString","coordinates":[[19.840336,41.307351],[19.84035,41.30736]]}},{"type":"Feature","properties":{"line":"8C","mode":"bus","color":"#9789ff","oi":-0.025,"n":2,"sw":1},"geometry":{"type":"LineString","coordinates":[[19.840344,41.307357],[19.840358,41.307365]]}},{"type":"Feature","properties":{"line":"8C","mode":"bus","color":"#9789ff","oi":-0.266,"n":2,"sw":1},"geometry":{"type":"LineString","coordinates":[[19.840353,41.307362],[19.840367,41.30737]]}},{"type":"Feature","properties":{"line":"8C","mode":"bus","color":"#9789ff","oi":-0.436,"n":2,"sw":1},"geometry":{"type":"LineString","coordinates":[[19.840361,41.307367],[19.840375,41.307376]]}},{"type":"Feature","properties":{"line":"8C","mode":"bus","color":"#9789ff","oi":-0.5,"n":2,"sw":1},"geometry":{"type":"LineString","coordinates":[[19.84037,41.307372],[19.840382,41.30738],[19.840383,41.307381]]}},{"type":"Feature","properties":{"line":"8C","mode":"bus","color":"#9789ff","oi":-0.5,"n":2,"sw":1},"geometry":{"type":"LineString","coordinates":[[19.840378,41.307377],[19.840382,41.30738],[19.840388,41.307389]]}},{"type":"Feature","properties":{"line":"8C","mode":"bus","color":"#9789ff","oi":-0.521,"n":2,"sw":1},"geometry":{"type":"LineString","coordinates":[[19.840385,41.307384],[19.840393,41.307396]]}},{"type":"Feature","properties":{"line":"8C","mode":"bus","color":"#9789ff","oi":-0.578,"n":2,"sw":1},"geometry":{"type":"LineString","coordinates":[[19.84039,41.307391],[19.840399,41.307403]]}},{"type":"Feature","properties":{"line":"8C","mode":"bus","color":"#9789ff","oi":-0.658,"n":2,"sw":1},"geometry":{"type":"LineString","coordinates":[[19.840395,41.307398],[19.840404,41.30741]]}},{"type":"Feature","properties":{"line":"8C","mode":"bus","color":"#9789ff","oi":-0.75,"n":2,"sw":1},"geometry":{"type":"LineString","coordinates":[[19.8404,41.307405],[19.840409,41.307417]]}},{"type":"Feature","properties":{"line":"8C","mode":"bus","color":"#9789ff","oi":-0.842,"n":2,"sw":1},"geometry":{"type":"LineString","coordinates":[[19.840406,41.307413],[19.840414,41.307425]]}},{"type":"Feature","properties":{"line":"8C","mode":"bus","color":"#9789ff","oi":-0.922,"n":2,"sw":1},"geometry":{"type":"LineString","coordinates":[[19.840411,41.30742],[19.840419,41.307432]]}},{"type":"Feature","properties":{"line":"8C","mode":"bus","color":"#9789ff","oi":-0.979,"n":2,"sw":1},"geometry":{"type":"LineString","coordinates":[[19.840416,41.307427],[19.840425,41.307439]]}},{"type":"Feature","properties":{"line":"8C","mode":"bus","color":"#9789ff","oi":-1,"n":2,"sw":1},"geometry":{"type":"LineString","coordinates":[[19.840421,41.307434],[19.840428,41.307444]]}},{"type":"Feature","properties":{"line":"8C","mode":"bus","color":"#9789ff","oi":0,"n":1},"geometry":{"type":"LineString","coordinates":[[19.835228,41.303313],[19.835394,41.303317],[19.835472,41.30335],[19.835492,41.303363],[19.835502,41.303378],[19.835503,41.303398],[19.835493,41.303457],[19.835537,41.30356],[19.83562,41.303627],[19.835755,41.303666],[19.835881,41.303776],[19.836396,41.304741],[19.836575,41.304949],[19.836779,41.30512],[19.837088,41.305323],[19.837339,41.30544],[19.839617,41.306322],[19.83985,41.306449],[19.840006,41.306609],[19.840088,41.306814],[19.840108,41.307115],[19.840028,41.307338]]}},{"type":"Feature","properties":{"line":"8C","mode":"bus","color":"#9789ff","oi":0,"n":1},"geometry":{"type":"LineString","coordinates":[[19.840289,41.307325],[19.840228,41.307218],[19.840217,41.306902],[19.840173,41.306699],[19.840034,41.306479],[19.839903,41.306368],[19.839597,41.306219],[19.837222,41.305289],[19.836953,41.30513],[19.836722,41.304951],[19.836572,41.304798],[19.836349,41.304473],[19.83601,41.30376],[19.83602,41.303593],[19.836081,41.303515],[19.836098,41.303443],[19.836075,41.303354],[19.836007,41.303278],[19.835905,41.303229],[19.835786,41.303213],[19.83533,41.303268],[19.835228,41.303313],[19.834967,41.303335],[19.834869,41.303315],[19.83369,41.302679],[19.83203,41.301522],[19.831364,41.301164],[19.831334,41.301139],[19.83132,41.301107],[19.831297,41.300928],[19.831303,41.300581],[19.831275,41.30047],[19.831103,41.300286],[19.830169,41.299497]]}},{"type":"Feature","properties":{"line":"9B","mode":"bus","color":"#a72d06","oi":0,"n":4,"sw":1},"geometry":{"type":"LineString","coordinates":[[19.830906,41.318203],[19.830901,41.318214]]}},{"type":"Feature","properties":{"line":"9B","mode":"bus","color":"#a72d06","oi":-0.035,"n":4,"sw":1},"geometry":{"type":"LineString","coordinates":[[19.830903,41.318208],[19.830897,41.318221]]}},{"type":"Feature","properties":{"line":"9B","mode":"bus","color":"#a72d06","oi":-0.131,"n":4,"sw":1},"geometry":{"type":"LineString","coordinates":[[19.8309,41.318216],[19.830893,41.318229]]}},{"type":"Feature","properties":{"line":"9B","mode":"bus","color":"#a72d06","oi":-0.274,"n":4,"sw":1},"geometry":{"type":"LineString","coordinates":[[19.830896,41.318224],[19.83089,41.318237]]}},{"type":"Feature","properties":{"line":"9B","mode":"bus","color":"#a72d06","oi":-0.451,"n":4,"sw":1},"geometry":{"type":"LineString","coordinates":[[19.830892,41.318232],[19.830886,41.318245]]}},{"type":"Feature","properties":{"line":"9B","mode":"bus","color":"#a72d06","oi":-0.648,"n":4,"sw":1},"geometry":{"type":"LineString","coordinates":[[19.830888,41.31824],[19.830882,41.318253]]}},{"type":"Feature","properties":{"line":"9B","mode":"bus","color":"#a72d06","oi":-0.852,"n":4,"sw":1},"geometry":{"type":"LineString","coordinates":[[19.830884,41.318248],[19.830878,41.318261]]}},{"type":"Feature","properties":{"line":"9B","mode":"bus","color":"#a72d06","oi":-1.049,"n":4,"sw":1},"geometry":{"type":"LineString","coordinates":[[19.830881,41.318256],[19.830874,41.318269]]}},{"type":"Feature","properties":{"line":"9B","mode":"bus","color":"#a72d06","oi":-1.226,"n":4,"sw":1},"geometry":{"type":"LineString","coordinates":[[19.830877,41.318264],[19.830871,41.318277]]}},{"type":"Feature","properties":{"line":"9B","mode":"bus","color":"#a72d06","oi":-1.369,"n":4,"sw":1},"geometry":{"type":"LineString","coordinates":[[19.830873,41.318272],[19.830867,41.318285],[19.830867,41.318285]]}},{"type":"Feature","properties":{"line":"9B","mode":"bus","color":"#a72d06","oi":-1.465,"n":4,"sw":1},"geometry":{"type":"LineString","coordinates":[[19.830869,41.31828],[19.830867,41.318285],[19.830858,41.31829]]}},{"type":"Feature","properties":{"line":"9B","mode":"bus","color":"#a72d06","oi":-1.5,"n":4,"sw":1},"geometry":{"type":"LineString","coordinates":[[19.830863,41.318287],[19.830848,41.318295]]}},{"type":"Feature","properties":{"line":"9B","mode":"bus","color":"#a72d06","oi":-1.5,"n":4,"sw":1},"geometry":{"type":"LineString","coordinates":[[19.830854,41.318292],[19.830839,41.3183]]}},{"type":"Feature","properties":{"line":"9B","mode":"bus","color":"#a72d06","oi":-1.465,"n":4,"sw":1},"geometry":{"type":"LineString","coordinates":[[19.830845,41.318297],[19.83083,41.318305]]}},{"type":"Feature","properties":{"line":"9B","mode":"bus","color":"#a72d06","oi":-1.369,"n":4,"sw":1},"geometry":{"type":"LineString","coordinates":[[19.830836,41.318302],[19.830821,41.31831]]}},{"type":"Feature","properties":{"line":"9B","mode":"bus","color":"#a72d06","oi":-1.226,"n":4,"sw":1},"geometry":{"type":"LineString","coordinates":[[19.830827,41.318307],[19.830812,41.318315]]}},{"type":"Feature","properties":{"line":"9B","mode":"bus","color":"#a72d06","oi":-1.049,"n":4,"sw":1},"geometry":{"type":"LineString","coordinates":[[19.830818,41.318312],[19.830803,41.31832]]}},{"type":"Feature","properties":{"line":"9B","mode":"bus","color":"#a72d06","oi":-0.852,"n":4,"sw":1},"geometry":{"type":"LineString","coordinates":[[19.830809,41.318317],[19.830794,41.318325]]}},{"type":"Feature","properties":{"line":"9B","mode":"bus","color":"#a72d06","oi":-0.648,"n":4,"sw":1},"geometry":{"type":"LineString","coordinates":[[19.8308,41.318322],[19.830785,41.31833]]}},{"type":"Feature","properties":{"line":"9B","mode":"bus","color":"#a72d06","oi":-0.451,"n":4,"sw":1},"geometry":{"type":"LineString","coordinates":[[19.83079,41.318327],[19.830776,41.318335]]}},{"type":"Feature","properties":{"line":"9B","mode":"bus","color":"#a72d06","oi":-0.274,"n":4,"sw":1},"geometry":{"type":"LineString","coordinates":[[19.830781,41.318332],[19.830766,41.31834]]}},{"type":"Feature","properties":{"line":"9B","mode":"bus","color":"#a72d06","oi":-0.131,"n":4,"sw":1},"geometry":{"type":"LineString","coordinates":[[19.830772,41.318337],[19.830757,41.318345]]}},{"type":"Feature","properties":{"line":"9B","mode":"bus","color":"#a72d06","oi":-0.035,"n":4,"sw":1},"geometry":{"type":"LineString","coordinates":[[19.830763,41.318341],[19.830748,41.31835]]}},{"type":"Feature","properties":{"line":"9B","mode":"bus","color":"#a72d06","oi":0,"n":4,"sw":1},"geometry":{"type":"LineString","coordinates":[[19.830754,41.318346],[19.830742,41.318353]]}},{"type":"Feature","properties":{"line":"9B","mode":"bus","color":"#a72d06","oi":-1.5,"n":4},"geometry":{"type":"LineString","coordinates":[[19.832818,41.317164],[19.832635,41.317383],[19.832498,41.317487],[19.832338,41.317568],[19.831215,41.317963],[19.831199,41.317965]]}},{"type":"Feature","properties":{"line":"9B","mode":"bus","color":"#a72d06","oi":-1.5,"n":4,"sw":1},"geometry":{"type":"LineString","coordinates":[[19.831202,41.317965],[19.831179,41.317968]]}},{"type":"Feature","properties":{"line":"9B","mode":"bus","color":"#a72d06","oi":-1.493,"n":4,"sw":1},"geometry":{"type":"LineString","coordinates":[[19.831186,41.317967],[19.831163,41.317971]]}},{"type":"Feature","properties":{"line":"9B","mode":"bus","color":"#a72d06","oi":-1.473,"n":4,"sw":1},"geometry":{"type":"LineString","coordinates":[[19.83117,41.31797],[19.831146,41.317973]]}},{"type":"Feature","properties":{"line":"9B","mode":"bus","color":"#a72d06","oi":-1.44,"n":4,"sw":1},"geometry":{"type":"LineString","coordinates":[[19.831153,41.317972],[19.83113,41.317976]]}},{"type":"Feature","properties":{"line":"9B","mode":"bus","color":"#a72d06","oi":-1.397,"n":4,"sw":1},"geometry":{"type":"LineString","coordinates":[[19.831137,41.317975],[19.831114,41.317978]]}},{"type":"Feature","properties":{"line":"9B","mode":"bus","color":"#a72d06","oi":-1.344,"n":4,"sw":1},"geometry":{"type":"LineString","coordinates":[[19.831121,41.317977],[19.831097,41.31798]]}},{"type":"Feature","properties":{"line":"9B","mode":"bus","color":"#a72d06","oi":-1.282,"n":4,"sw":1},"geometry":{"type":"LineString","coordinates":[[19.831105,41.317979],[19.831081,41.317983]]}},{"type":"Feature","properties":{"line":"9B","mode":"bus","color":"#a72d06","oi":-1.213,"n":4,"sw":1},"geometry":{"type":"LineString","coordinates":[[19.831088,41.317982],[19.831065,41.317985]]}},{"type":"Feature","properties":{"line":"9B","mode":"bus","color":"#a72d06","oi":-1.138,"n":4,"sw":1},"geometry":{"type":"LineString","coordinates":[[19.831072,41.317984],[19.831049,41.317988]]}},{"type":"Feature","properties":{"line":"9B","mode":"bus","color":"#a72d06","oi":-1.057,"n":4,"sw":1},"geometry":{"type":"LineString","coordinates":[[19.831056,41.317987],[19.831032,41.31799]]}},{"type":"Feature","properties":{"line":"9B","mode":"bus","color":"#a72d06","oi":-0.972,"n":4,"sw":1},"geometry":{"type":"LineString","coordinates":[[19.83104,41.317989],[19.831016,41.317992]]}},{"type":"Feature","properties":{"line":"9B","mode":"bus","color":"#a72d06","oi":-0.884,"n":4,"sw":1},"geometry":{"type":"LineString","coordinates":[[19.831023,41.317991],[19.831,41.317995]]}},{"type":"Feature","properties":{"line":"9B","mode":"bus","color":"#a72d06","oi":-0.795,"n":4,"sw":1},"geometry":{"type":"LineString","coordinates":[[19.831007,41.317994],[19.830984,41.317997]]}},{"type":"Feature","properties":{"line":"9B","mode":"bus","color":"#a72d06","oi":-0.705,"n":4,"sw":1},"geometry":{"type":"LineString","coordinates":[[19.830991,41.317996],[19.830967,41.318]]}},{"type":"Feature","properties":{"line":"9B","mode":"bus","color":"#a72d06","oi":-0.616,"n":4,"sw":1},"geometry":{"type":"LineString","coordinates":[[19.830975,41.317999],[19.830951,41.318002]]}},{"type":"Feature","properties":{"line":"9B","mode":"bus","color":"#a72d06","oi":-0.528,"n":4,"sw":1},"geometry":{"type":"LineString","coordinates":[[19.830958,41.318001],[19.830935,41.318004]]}},{"type":"Feature","properties":{"line":"9B","mode":"bus","color":"#a72d06","oi":-0.443,"n":4,"sw":1},"geometry":{"type":"LineString","coordinates":[[19.830942,41.318003],[19.830919,41.318007]]}},{"type":"Feature","properties":{"line":"9B","mode":"bus","color":"#a72d06","oi":-0.362,"n":4,"sw":1},"geometry":{"type":"LineString","coordinates":[[19.830926,41.318006],[19.830902,41.318009]]}},{"type":"Feature","properties":{"line":"9B","mode":"bus","color":"#a72d06","oi":-0.287,"n":4,"sw":1},"geometry":{"type":"LineString","coordinates":[[19.83091,41.318008],[19.830886,41.318012]]}},{"type":"Feature","properties":{"line":"9B","mode":"bus","color":"#a72d06","oi":-0.218,"n":4,"sw":1},"geometry":{"type":"LineString","coordinates":[[19.830893,41.318011],[19.83087,41.318014]]}},{"type":"Feature","properties":{"line":"9B","mode":"bus","color":"#a72d06","oi":-0.156,"n":4,"sw":1},"geometry":{"type":"LineString","coordinates":[[19.830877,41.318013],[19.830854,41.318016]]}},{"type":"Feature","properties":{"line":"9B","mode":"bus","color":"#a72d06","oi":-0.103,"n":4,"sw":1},"geometry":{"type":"LineString","coordinates":[[19.830861,41.318015],[19.830837,41.318019]]}},{"type":"Feature","properties":{"line":"9B","mode":"bus","color":"#a72d06","oi":-0.06,"n":4,"sw":1},"geometry":{"type":"LineString","coordinates":[[19.830845,41.318018],[19.830821,41.318021]]}},{"type":"Feature","properties":{"line":"9B","mode":"bus","color":"#a72d06","oi":-0.027,"n":4,"sw":1},"geometry":{"type":"LineString","coordinates":[[19.830828,41.31802],[19.830805,41.318024]]}},{"type":"Feature","properties":{"line":"9B","mode":"bus","color":"#a72d06","oi":-0.007,"n":4,"sw":1},"geometry":{"type":"LineString","coordinates":[[19.830812,41.318023],[19.830789,41.318026]]}},{"type":"Feature","properties":{"line":"9B","mode":"bus","color":"#a72d06","oi":0,"n":4,"sw":1},"geometry":{"type":"LineString","coordinates":[[19.830796,41.318025],[19.830776,41.318028]]}},{"type":"Feature","properties":{"line":"9B","mode":"bus","color":"#a72d06","oi":-1.5,"n":4},"geometry":{"type":"LineString","coordinates":[[19.833027,41.31702],[19.832816,41.317346],[19.832646,41.317498],[19.832515,41.317579],[19.832278,41.317686],[19.831283,41.318026]]}},{"type":"Feature","properties":{"line":"9B","mode":"bus","color":"#a72d06","oi":-1.5,"n":4,"sw":1},"geometry":{"type":"LineString","coordinates":[[19.831286,41.318025],[19.831264,41.318032]]}},{"type":"Feature","properties":{"line":"9B","mode":"bus","color":"#a72d06","oi":-1.493,"n":4,"sw":1},"geometry":{"type":"LineString","coordinates":[[19.831271,41.31803],[19.831249,41.318037]]}},{"type":"Feature","properties":{"line":"9B","mode":"bus","color":"#a72d06","oi":-1.473,"n":4,"sw":1},"geometry":{"type":"LineString","coordinates":[[19.831256,41.318035],[19.831234,41.318042]]}},{"type":"Feature","properties":{"line":"9B","mode":"bus","color":"#a72d06","oi":-1.44,"n":4,"sw":1},"geometry":{"type":"LineString","coordinates":[[19.831241,41.31804],[19.831219,41.318047]]}},{"type":"Feature","properties":{"line":"9B","mode":"bus","color":"#a72d06","oi":-1.397,"n":4,"sw":1},"geometry":{"type":"LineString","coordinates":[[19.831226,41.318045],[19.831204,41.318053]]}},{"type":"Feature","properties":{"line":"9B","mode":"bus","color":"#a72d06","oi":-1.344,"n":4,"sw":1},"geometry":{"type":"LineString","coordinates":[[19.83121,41.31805],[19.831189,41.318058]]}},{"type":"Feature","properties":{"line":"9B","mode":"bus","color":"#a72d06","oi":-1.282,"n":4,"sw":1},"geometry":{"type":"LineString","coordinates":[[19.831195,41.318055],[19.831174,41.318063]]}},{"type":"Feature","properties":{"line":"9B","mode":"bus","color":"#a72d06","oi":-1.213,"n":4,"sw":1},"geometry":{"type":"LineString","coordinates":[[19.83118,41.318061],[19.831159,41.318068]]}},{"type":"Feature","properties":{"line":"9B","mode":"bus","color":"#a72d06","oi":-1.138,"n":4,"sw":1},"geometry":{"type":"LineString","coordinates":[[19.831165,41.318066],[19.831144,41.318073]]}},{"type":"Feature","properties":{"line":"9B","mode":"bus","color":"#a72d06","oi":-1.057,"n":4,"sw":1},"geometry":{"type":"LineString","coordinates":[[19.83115,41.318071],[19.831129,41.318078]]}},{"type":"Feature","properties":{"line":"9B","mode":"bus","color":"#a72d06","oi":-0.972,"n":4,"sw":1},"geometry":{"type":"LineString","coordinates":[[19.831135,41.318076],[19.831113,41.318083]]}},{"type":"Feature","properties":{"line":"9B","mode":"bus","color":"#a72d06","oi":-0.884,"n":4,"sw":1},"geometry":{"type":"LineString","coordinates":[[19.83112,41.318081],[19.831098,41.318089]]}},{"type":"Feature","properties":{"line":"9B","mode":"bus","color":"#a72d06","oi":-0.795,"n":4,"sw":1},"geometry":{"type":"LineString","coordinates":[[19.831105,41.318086],[19.831083,41.318094]]}},{"type":"Feature","properties":{"line":"9B","mode":"bus","color":"#a72d06","oi":-0.705,"n":4,"sw":1},"geometry":{"type":"LineString","coordinates":[[19.83109,41.318091],[19.831068,41.318099]]}},{"type":"Feature","properties":{"line":"9B","mode":"bus","color":"#a72d06","oi":-0.616,"n":4,"sw":1},"geometry":{"type":"LineString","coordinates":[[19.831075,41.318097],[19.831053,41.318104]]}},{"type":"Feature","properties":{"line":"9B","mode":"bus","color":"#a72d06","oi":-0.528,"n":4,"sw":1},"geometry":{"type":"LineString","coordinates":[[19.83106,41.318102],[19.831038,41.318109]]}},{"type":"Feature","properties":{"line":"9B","mode":"bus","color":"#a72d06","oi":-0.443,"n":4,"sw":1},"geometry":{"type":"LineString","coordinates":[[19.831045,41.318107],[19.831023,41.318114]]}},{"type":"Feature","properties":{"line":"9B","mode":"bus","color":"#a72d06","oi":-0.362,"n":4,"sw":1},"geometry":{"type":"LineString","coordinates":[[19.831029,41.318112],[19.831015,41.318117],[19.831009,41.318121]]}},{"type":"Feature","properties":{"line":"9B","mode":"bus","color":"#a72d06","oi":-0.287,"n":4,"sw":1},"geometry":{"type":"LineString","coordinates":[[19.831014,41.318117],[19.830996,41.318129]]}},{"type":"Feature","properties":{"line":"9B","mode":"bus","color":"#a72d06","oi":-0.218,"n":4,"sw":1},"geometry":{"type":"LineString","coordinates":[[19.831002,41.318125],[19.830983,41.318136]]}},{"type":"Feature","properties":{"line":"9B","mode":"bus","color":"#a72d06","oi":-0.156,"n":4,"sw":1},"geometry":{"type":"LineString","coordinates":[[19.830989,41.318133],[19.83097,41.318144]]}},{"type":"Feature","properties":{"line":"9B","mode":"bus","color":"#a72d06","oi":-0.103,"n":4,"sw":1},"geometry":{"type":"LineString","coordinates":[[19.830976,41.318141],[19.830958,41.318152]]}},{"type":"Feature","properties":{"line":"9B","mode":"bus","color":"#a72d06","oi":-0.06,"n":4,"sw":1},"geometry":{"type":"LineString","coordinates":[[19.830963,41.318149],[19.830945,41.31816]]}},{"type":"Feature","properties":{"line":"9B","mode":"bus","color":"#a72d06","oi":-0.027,"n":4,"sw":1},"geometry":{"type":"LineString","coordinates":[[19.83095,41.318157],[19.830932,41.318168]]}},{"type":"Feature","properties":{"line":"9B","mode":"bus","color":"#a72d06","oi":-0.007,"n":4,"sw":1},"geometry":{"type":"LineString","coordinates":[[19.830937,41.318165],[19.830919,41.318176]]}},{"type":"Feature","properties":{"line":"9B","mode":"bus","color":"#a72d06","oi":0,"n":4,"sw":1},"geometry":{"type":"LineString","coordinates":[[19.830925,41.318172],[19.830909,41.318182]]}},{"type":"Feature","properties":{"line":"9B","mode":"bus","color":"#a72d06","oi":0,"n":3},"geometry":{"type":"LineString","coordinates":[[19.816358,41.335988],[19.816387,41.335911]]}},{"type":"Feature","properties":{"line":"9B","mode":"bus","color":"#a72d06","oi":0.5,"n":4},"geometry":{"type":"LineString","coordinates":[[19.812408,41.335352],[19.815793,41.335897]]}},{"type":"Feature","properties":{"line":"9B","mode":"bus","color":"#a72d06","oi":0.5,"n":4,"sw":1},"geometry":{"type":"LineString","coordinates":[[19.815789,41.335897],[19.815839,41.335905]]}},{"type":"Feature","properties":{"line":"9B","mode":"bus","color":"#a72d06","oi":0.483,"n":4,"sw":1},"geometry":{"type":"LineString","coordinates":[[19.815832,41.335903],[19.815881,41.335911]]}},{"type":"Feature","properties":{"line":"9B","mode":"bus","color":"#a72d06","oi":0.437,"n":4,"sw":1},"geometry":{"type":"LineString","coordinates":[[19.815874,41.33591],[19.815923,41.335918]]}},{"type":"Feature","properties":{"line":"9B","mode":"bus","color":"#a72d06","oi":0.37,"n":4,"sw":1},"geometry":{"type":"LineString","coordinates":[[19.815916,41.335917],[19.815965,41.335925]]}},{"type":"Feature","properties":{"line":"9B","mode":"bus","color":"#a72d06","oi":0.291,"n":4,"sw":1},"geometry":{"type":"LineString","coordinates":[[19.815958,41.335924],[19.816007,41.335932]]}},{"type":"Feature","properties":{"line":"9B","mode":"bus","color":"#a72d06","oi":0.209,"n":4,"sw":1},"geometry":{"type":"LineString","coordinates":[[19.816,41.335931],[19.816049,41.335938]]}},{"type":"Feature","properties":{"line":"9B","mode":"bus","color":"#a72d06","oi":0.13,"n":4,"sw":1},"geometry":{"type":"LineString","coordinates":[[19.816042,41.335937],[19.816091,41.335945]]}},{"type":"Feature","properties":{"line":"9B","mode":"bus","color":"#a72d06","oi":0.063,"n":4,"sw":1},"geometry":{"type":"LineString","coordinates":[[19.816084,41.335944],[19.816133,41.335952]]}},{"type":"Feature","properties":{"line":"9B","mode":"bus","color":"#a72d06","oi":0.017,"n":4,"sw":1},"geometry":{"type":"LineString","coordinates":[[19.816126,41.335951],[19.816175,41.335959]]}},{"type":"Feature","properties":{"line":"9B","mode":"bus","color":"#a72d06","oi":0,"n":4,"sw":1},"geometry":{"type":"LineString","coordinates":[[19.816168,41.335958],[19.816214,41.335965]]}},{"type":"Feature","properties":{"line":"9B","mode":"bus","color":"#a72d06","oi":-0.5,"n":2},"geometry":{"type":"LineString","coordinates":[[19.808336,41.344436],[19.808533,41.344009],[19.808912,41.343288],[19.809125,41.342488],[19.809354,41.341976],[19.809645,41.341521],[19.810294,41.340968],[19.810543,41.340522],[19.810642,41.340141],[19.810732,41.339596],[19.811725,41.337664],[19.812342,41.335595]]}},{"type":"Feature","properties":{"line":"9B","mode":"bus","color":"#a72d06","oi":0,"n":2,"sw":1},"geometry":{"type":"LineString","coordinates":[[19.808195,41.344742],[19.80821,41.344709]]}},{"type":"Feature","properties":{"line":"9B","mode":"bus","color":"#a72d06","oi":-0.017,"n":2,"sw":1},"geometry":{"type":"LineString","coordinates":[[19.808208,41.344714],[19.808224,41.344678]]}},{"type":"Feature","properties":{"line":"9B","mode":"bus","color":"#a72d06","oi":-0.063,"n":2,"sw":1},"geometry":{"type":"LineString","coordinates":[[19.808222,41.344683],[19.808239,41.344648]]}},{"type":"Feature","properties":{"line":"9B","mode":"bus","color":"#a72d06","oi":-0.13,"n":2,"sw":1},"geometry":{"type":"LineString","coordinates":[[19.808236,41.344653],[19.808253,41.344617]]}},{"type":"Feature","properties":{"line":"9B","mode":"bus","color":"#a72d06","oi":-0.209,"n":2,"sw":1},"geometry":{"type":"LineString","coordinates":[[19.80825,41.344622],[19.808267,41.344586]]}},{"type":"Feature","properties":{"line":"9B","mode":"bus","color":"#a72d06","oi":-0.291,"n":2,"sw":1},"geometry":{"type":"LineString","coordinates":[[19.808264,41.344592],[19.808281,41.344556]]}},{"type":"Feature","properties":{"line":"9B","mode":"bus","color":"#a72d06","oi":-0.37,"n":2,"sw":1},"geometry":{"type":"LineString","coordinates":[[19.808278,41.344561],[19.808295,41.344525]]}},{"type":"Feature","properties":{"line":"9B","mode":"bus","color":"#a72d06","oi":-0.437,"n":2,"sw":1},"geometry":{"type":"LineString","coordinates":[[19.808293,41.34453],[19.808309,41.344495]]}},{"type":"Feature","properties":{"line":"9B","mode":"bus","color":"#a72d06","oi":-0.483,"n":2,"sw":1},"geometry":{"type":"LineString","coordinates":[[19.808307,41.3445],[19.808323,41.344464]]}},{"type":"Feature","properties":{"line":"9B","mode":"bus","color":"#a72d06","oi":-0.5,"n":2,"sw":1},"geometry":{"type":"LineString","coordinates":[[19.808321,41.344469],[19.808337,41.344433]]}},{"type":"Feature","properties":{"line":"9B","mode":"bus","color":"#a72d06","oi":-0.5,"n":2,"sw":1},"geometry":{"type":"LineString","coordinates":[[19.812341,41.335598],[19.812352,41.335561]]}},{"type":"Feature","properties":{"line":"9B","mode":"bus","color":"#a72d06","oi":-0.483,"n":2,"sw":1},"geometry":{"type":"LineString","coordinates":[[19.81235,41.335566],[19.812361,41.335529]]}},{"type":"Feature","properties":{"line":"9B","mode":"bus","color":"#a72d06","oi":-0.437,"n":2,"sw":1},"geometry":{"type":"LineString","coordinates":[[19.81236,41.335535],[19.812371,41.335498]]}},{"type":"Feature","properties":{"line":"9B","mode":"bus","color":"#a72d06","oi":-0.37,"n":2,"sw":1},"geometry":{"type":"LineString","coordinates":[[19.812369,41.335503],[19.81238,41.335466]]}},{"type":"Feature","properties":{"line":"9B","mode":"bus","color":"#a72d06","oi":-0.291,"n":2,"sw":1},"geometry":{"type":"LineString","coordinates":[[19.812379,41.335471],[19.81239,41.335434]]}},{"type":"Feature","properties":{"line":"9B","mode":"bus","color":"#a72d06","oi":-0.209,"n":2,"sw":1},"geometry":{"type":"LineString","coordinates":[[19.812388,41.33544],[19.812399,41.335403]]}},{"type":"Feature","properties":{"line":"9B","mode":"bus","color":"#a72d06","oi":-0.13,"n":2,"sw":1},"geometry":{"type":"LineString","coordinates":[[19.812398,41.335408],[19.812409,41.335371]]}},{"type":"Feature","properties":{"line":"9B","mode":"bus","color":"#a72d06","oi":-0.063,"n":2,"sw":1},"geometry":{"type":"LineString","coordinates":[[19.812407,41.335376],[19.812418,41.33534]]}},{"type":"Feature","properties":{"line":"9B","mode":"bus","color":"#a72d06","oi":-0.017,"n":2,"sw":1},"geometry":{"type":"LineString","coordinates":[[19.812416,41.335345],[19.812427,41.335308]]}},{"type":"Feature","properties":{"line":"9B","mode":"bus","color":"#a72d06","oi":0,"n":2,"sw":1},"geometry":{"type":"LineString","coordinates":[[19.812426,41.335313],[19.812436,41.335279]]}},{"type":"Feature","properties":{"line":"9B","mode":"bus","color":"#a72d06","oi":0,"n":3},"geometry":{"type":"LineString","coordinates":[[19.808195,41.344742],[19.807278,41.346961],[19.80715,41.34717],[19.806963,41.347383],[19.806966,41.347455],[19.806964,41.347471],[19.806956,41.347481],[19.806941,41.347487],[19.80692,41.347487],[19.806609,41.347462],[19.806599,41.347461],[19.806593,41.347459],[19.806592,41.347455],[19.806595,41.347451],[19.806603,41.347446],[19.806649,41.34742],[19.806985,41.347346]]}},{"type":"Feature","properties":{"line":"9B","mode":"bus","color":"#a72d06","oi":0,"n":3},"geometry":{"type":"LineString","coordinates":[[19.815767,41.335817],[19.816023,41.335776],[19.816302,41.335644]]}},{"type":"Feature","properties":{"line":"9B","mode":"bus","color":"#a72d06","oi":0.5,"n":2},"geometry":{"type":"LineString","coordinates":[[19.849992,41.322362],[19.851125,41.321941],[19.85195,41.321727],[19.852757,41.321412],[19.852981,41.321312],[19.853321,41.321051]]}},{"type":"Feature","properties":{"line":"9B","mode":"bus","color":"#a72d06","oi":0,"n":1},"geometry":{"type":"LineString","coordinates":[[19.850222,41.322279],[19.850339,41.322043],[19.850236,41.321838],[19.850006,41.321183],[19.849912,41.320793],[19.849732,41.320481],[19.849646,41.320387],[19.849487,41.320281],[19.849216,41.32018],[19.849102,41.320088],[19.849044,41.31993],[19.84902,41.319539],[19.848918,41.319256],[19.84882,41.319136],[19.848715,41.319074],[19.847981,41.318769],[19.847412,41.318587],[19.846972,41.318476],[19.846901,41.3184],[19.846797,41.318353],[19.846661,41.318316],[19.846289,41.318296],[19.846011,41.318235],[19.845689,41.318131],[19.845634,41.31807],[19.845644,41.318004],[19.845642,41.317984],[19.845628,41.317969],[19.845604,41.317959],[19.842804,41.317362],[19.84228,41.317367],[19.841502,41.317287],[19.84105,41.317206],[19.840936,41.317163],[19.840879,41.317101],[19.840936,41.316705],[19.840886,41.31661],[19.840818,41.316579],[19.840158,41.316552],[19.838911,41.316303],[19.838644,41.316366],[19.83839,41.316469],[19.838232,41.316572],[19.837961,41.31664],[19.837422,41.316697],[19.836832,41.316572],[19.836599,41.316574],[19.835074,41.317],[19.834476,41.317086],[19.834446,41.317087],[19.834421,41.31708],[19.834398,41.317065],[19.834218,41.316902],[19.834026,41.316812],[19.833345,41.316806],[19.832871,41.316664],[19.832712,41.31666],[19.832561,41.316739],[19.832546,41.316749],[19.832539,41.316761],[19.83254,41.316774],[19.83255,41.316788],[19.83278,41.317031],[19.832818,41.317164]]}},{"type":"Feature","properties":{"line":"9B","mode":"bus","color":"#a72d06","oi":0,"n":1},"geometry":{"type":"LineString","coordinates":[[19.833516,41.31681],[19.833027,41.31702]]}},{"type":"Feature","properties":{"line":"9B","mode":"bus","color":"#a72d06","oi":0,"n":1},"geometry":{"type":"LineString","coordinates":[[19.820379,41.330598],[19.820442,41.330549],[19.820443,41.330487]]}},{"type":"Feature","properties":{"line":"9A","mode":"bus","color":"#02af5a","oi":0,"n":1},"geometry":{"type":"LineString","coordinates":[[19.830776,41.318028],[19.830856,41.318075],[19.830909,41.318182]]}},{"type":"Feature","properties":{"line":"9A","mode":"bus","color":"#02af5a","oi":0,"n":1},"geometry":{"type":"LineString","coordinates":[[19.835528,41.321026],[19.835598,41.321401],[19.835631,41.321444],[19.83564,41.32145],[19.835651,41.321453],[19.835675,41.321454],[19.836581,41.321254],[19.837673,41.321079],[19.838354,41.320783],[19.838758,41.320651],[19.839788,41.320477],[19.840646,41.320364],[19.84089,41.320353],[19.841351,41.320371],[19.841806,41.320442],[19.843082,41.320855],[19.84314,41.320871]]}},{"type":"Feature","properties":{"line":"9A","mode":"bus","color":"#02af5a","oi":0,"n":1,"sw":1},"geometry":{"type":"LineString","coordinates":[[19.843136,41.32087],[19.843183,41.320883]]}},{"type":"Feature","properties":{"line":"9A","mode":"bus","color":"#02af5a","oi":0.017,"n":1,"sw":1},"geometry":{"type":"LineString","coordinates":[[19.843177,41.320881],[19.843224,41.320894]]}},{"type":"Feature","properties":{"line":"9A","mode":"bus","color":"#02af5a","oi":0.063,"n":1,"sw":1},"geometry":{"type":"LineString","coordinates":[[19.843217,41.320892],[19.843264,41.320905]]}},{"type":"Feature","properties":{"line":"9A","mode":"bus","color":"#02af5a","oi":0.13,"n":1,"sw":1},"geometry":{"type":"LineString","coordinates":[[19.843257,41.320903],[19.843305,41.320916]]}},{"type":"Feature","properties":{"line":"9A","mode":"bus","color":"#02af5a","oi":0.209,"n":1,"sw":1},"geometry":{"type":"LineString","coordinates":[[19.843298,41.320914],[19.843345,41.320927]]}},{"type":"Feature","properties":{"line":"9A","mode":"bus","color":"#02af5a","oi":0.291,"n":1,"sw":1},"geometry":{"type":"LineString","coordinates":[[19.843338,41.320925],[19.843386,41.320938]]}},{"type":"Feature","properties":{"line":"9A","mode":"bus","color":"#02af5a","oi":0.37,"n":1,"sw":1},"geometry":{"type":"LineString","coordinates":[[19.843379,41.320937],[19.843426,41.32095]]}},{"type":"Feature","properties":{"line":"9A","mode":"bus","color":"#02af5a","oi":0.437,"n":1,"sw":1},"geometry":{"type":"LineString","coordinates":[[19.843419,41.320948],[19.843466,41.320961]]}},{"type":"Feature","properties":{"line":"9A","mode":"bus","color":"#02af5a","oi":0.483,"n":1,"sw":1},"geometry":{"type":"LineString","coordinates":[[19.84346,41.320959],[19.843507,41.320972]]}},{"type":"Feature","properties":{"line":"9A","mode":"bus","color":"#02af5a","oi":0.5,"n":1,"sw":1},"geometry":{"type":"LineString","coordinates":[[19.8435,41.32097],[19.843544,41.320982]]}},{"type":"Feature","properties":{"line":"9A","mode":"bus","color":"#02af5a","oi":0,"n":1},"geometry":{"type":"LineString","coordinates":[[19.832995,41.319984],[19.834799,41.319866],[19.83522,41.31982],[19.835247,41.319821],[19.835266,41.319831],[19.835277,41.31985],[19.835386,41.320214],[19.835524,41.321001],[19.835525,41.321008],[19.835525,41.321012],[19.835523,41.321014],[19.835521,41.321013],[19.835518,41.32101],[19.835514,41.321003],[19.835488,41.320961],[19.835236,41.319884],[19.835226,41.319865],[19.835208,41.319855],[19.83518,41.319853],[19.834877,41.319877],[19.834839,41.319863]]}},{"type":"Feature","properties":{"line":"9A","mode":"bus","color":"#02af5a","oi":0,"n":1},"geometry":{"type":"LineString","coordinates":[[19.831076,41.318458],[19.830959,41.318378],[19.830837,41.318349],[19.830742,41.318353]]}},{"type":"Feature","properties":{"line":"9A","mode":"bus","color":"#02af5a","oi":0,"n":1},"geometry":{"type":"LineString","coordinates":[[19.830906,41.318203],[19.831044,41.318356],[19.831076,41.318458],[19.831537,41.319208],[19.83184,41.319369],[19.83274,41.319752],[19.832851,41.319835]]}},{"type":"Feature","properties":{"line":"9A","mode":"bus","color":"#02af5a","oi":0,"n":1},"geometry":{"type":"LineString","coordinates":[[19.832995,41.319984],[19.832879,41.319864],[19.832871,41.319856],[19.832865,41.319852],[19.832861,41.319851],[19.83286,41.319854],[19.832861,41.31986],[19.832865,41.31987],[19.8329,41.319961],[19.832909,41.319973],[19.832921,41.319981],[19.832939,41.319983],[19.832995,41.319984]]}},{"type":"Feature","properties":{"line":"9A","mode":"bus","color":"#02af5a","oi":0.5,"n":2},"geometry":{"type":"LineString","coordinates":[[19.843544,41.320982],[19.84402,41.321151],[19.844676,41.321225],[19.846044,41.321578],[19.84747,41.321902],[19.848669,41.322206],[19.84932,41.322304],[19.849805,41.322344]]}},{"type":"Feature","properties":{"line":"9A","mode":"bus","color":"#02af5a","oi":0,"n":3,"sw":1},"geometry":{"type":"LineString","coordinates":[[19.816358,41.335988],[19.816363,41.335976]]}},{"type":"Feature","properties":{"line":"9A","mode":"bus","color":"#02af5a","oi":0.259,"n":3,"sw":1},"geometry":{"type":"LineString","coordinates":[[19.816361,41.335981],[19.816366,41.335966]]}},{"type":"Feature","properties":{"line":"9A","mode":"bus","color":"#02af5a","oi":0.741,"n":3,"sw":1},"geometry":{"type":"LineString","coordinates":[[19.816364,41.335971],[19.81637,41.335957]]}},{"type":"Feature","properties":{"line":"9A","mode":"bus","color":"#02af5a","oi":1,"n":3,"sw":1},"geometry":{"type":"LineString","coordinates":[[19.816368,41.335962],[19.816373,41.335947]]}},{"type":"Feature","properties":{"line":"9A","mode":"bus","color":"#02af5a","oi":1,"n":3,"sw":1},"geometry":{"type":"LineString","coordinates":[[19.816372,41.335952],[19.816377,41.335937]]}},{"type":"Feature","properties":{"line":"9A","mode":"bus","color":"#02af5a","oi":0.741,"n":3,"sw":1},"geometry":{"type":"LineString","coordinates":[[19.816375,41.335942],[19.816381,41.335928]]}},{"type":"Feature","properties":{"line":"9A","mode":"bus","color":"#02af5a","oi":0.259,"n":3,"sw":1},"geometry":{"type":"LineString","coordinates":[[19.816379,41.335933],[19.816384,41.335918]]}},{"type":"Feature","properties":{"line":"9A","mode":"bus","color":"#02af5a","oi":0,"n":3,"sw":1},"geometry":{"type":"LineString","coordinates":[[19.816382,41.335923],[19.816387,41.335911]]}},{"type":"Feature","properties":{"line":"9A","mode":"bus","color":"#02af5a","oi":1.5,"n":4},"geometry":{"type":"LineString","coordinates":[[19.812408,41.335352],[19.815793,41.335897]]}},{"type":"Feature","properties":{"line":"9A","mode":"bus","color":"#02af5a","oi":1.5,"n":4,"sw":1},"geometry":{"type":"LineString","coordinates":[[19.815789,41.335897],[19.815813,41.3359]]}},{"type":"Feature","properties":{"line":"9A","mode":"bus","color":"#02af5a","oi":1.493,"n":4,"sw":1},"geometry":{"type":"LineString","coordinates":[[19.815806,41.335899],[19.815829,41.335903]]}},{"type":"Feature","properties":{"line":"9A","mode":"bus","color":"#02af5a","oi":1.473,"n":4,"sw":1},"geometry":{"type":"LineString","coordinates":[[19.815822,41.335902],[19.815845,41.335906]]}},{"type":"Feature","properties":{"line":"9A","mode":"bus","color":"#02af5a","oi":1.44,"n":4,"sw":1},"geometry":{"type":"LineString","coordinates":[[19.815838,41.335904],[19.815861,41.335908]]}},{"type":"Feature","properties":{"line":"9A","mode":"bus","color":"#02af5a","oi":1.397,"n":4,"sw":1},"geometry":{"type":"LineString","coordinates":[[19.815854,41.335907],[19.815877,41.335911]]}},{"type":"Feature","properties":{"line":"9A","mode":"bus","color":"#02af5a","oi":1.344,"n":4,"sw":1},"geometry":{"type":"LineString","coordinates":[[19.81587,41.33591],[19.815894,41.335913]]}},{"type":"Feature","properties":{"line":"9A","mode":"bus","color":"#02af5a","oi":1.282,"n":4,"sw":1},"geometry":{"type":"LineString","coordinates":[[19.815887,41.335912],[19.81591,41.335916]]}},{"type":"Feature","properties":{"line":"9A","mode":"bus","color":"#02af5a","oi":1.213,"n":4,"sw":1},"geometry":{"type":"LineString","coordinates":[[19.815903,41.335915],[19.815926,41.335919]]}},{"type":"Feature","properties":{"line":"9A","mode":"bus","color":"#02af5a","oi":1.138,"n":4,"sw":1},"geometry":{"type":"LineString","coordinates":[[19.815919,41.335917],[19.815942,41.335921]]}},{"type":"Feature","properties":{"line":"9A","mode":"bus","color":"#02af5a","oi":1.057,"n":4,"sw":1},"geometry":{"type":"LineString","coordinates":[[19.815935,41.33592],[19.815958,41.335924]]}},{"type":"Feature","properties":{"line":"9A","mode":"bus","color":"#02af5a","oi":0.972,"n":4,"sw":1},"geometry":{"type":"LineString","coordinates":[[19.815951,41.335923],[19.815975,41.335926]]}},{"type":"Feature","properties":{"line":"9A","mode":"bus","color":"#02af5a","oi":0.884,"n":4,"sw":1},"geometry":{"type":"LineString","coordinates":[[19.815968,41.335925],[19.815991,41.335929]]}},{"type":"Feature","properties":{"line":"9A","mode":"bus","color":"#02af5a","oi":0.795,"n":4,"sw":1},"geometry":{"type":"LineString","coordinates":[[19.815984,41.335928],[19.816007,41.335932]]}},{"type":"Feature","properties":{"line":"9A","mode":"bus","color":"#02af5a","oi":0.705,"n":4,"sw":1},"geometry":{"type":"LineString","coordinates":[[19.816,41.335931],[19.816023,41.335934]]}},{"type":"Feature","properties":{"line":"9A","mode":"bus","color":"#02af5a","oi":0.616,"n":4,"sw":1},"geometry":{"type":"LineString","coordinates":[[19.816016,41.335933],[19.816039,41.335937]]}},{"type":"Feature","properties":{"line":"9A","mode":"bus","color":"#02af5a","oi":0.528,"n":4,"sw":1},"geometry":{"type":"LineString","coordinates":[[19.816032,41.335936],[19.816056,41.335939]]}},{"type":"Feature","properties":{"line":"9A","mode":"bus","color":"#02af5a","oi":0.443,"n":4,"sw":1},"geometry":{"type":"LineString","coordinates":[[19.816049,41.335938],[19.816072,41.335942]]}},{"type":"Feature","properties":{"line":"9A","mode":"bus","color":"#02af5a","oi":0.362,"n":4,"sw":1},"geometry":{"type":"LineString","coordinates":[[19.816065,41.335941],[19.816088,41.335945]]}},{"type":"Feature","properties":{"line":"9A","mode":"bus","color":"#02af5a","oi":0.287,"n":4,"sw":1},"geometry":{"type":"LineString","coordinates":[[19.816081,41.335944],[19.816104,41.335947]]}},{"type":"Feature","properties":{"line":"9A","mode":"bus","color":"#02af5a","oi":0.218,"n":4,"sw":1},"geometry":{"type":"LineString","coordinates":[[19.816097,41.335946],[19.81612,41.33595]]}},{"type":"Feature","properties":{"line":"9A","mode":"bus","color":"#02af5a","oi":0.156,"n":4,"sw":1},"geometry":{"type":"LineString","coordinates":[[19.816113,41.335949],[19.816137,41.335953]]}},{"type":"Feature","properties":{"line":"9A","mode":"bus","color":"#02af5a","oi":0.103,"n":4,"sw":1},"geometry":{"type":"LineString","coordinates":[[19.81613,41.335951],[19.816153,41.335955]]}},{"type":"Feature","properties":{"line":"9A","mode":"bus","color":"#02af5a","oi":0.06,"n":4,"sw":1},"geometry":{"type":"LineString","coordinates":[[19.816146,41.335954],[19.816169,41.335958]]}},{"type":"Feature","properties":{"line":"9A","mode":"bus","color":"#02af5a","oi":0.027,"n":4,"sw":1},"geometry":{"type":"LineString","coordinates":[[19.816162,41.335957],[19.816185,41.33596]]}},{"type":"Feature","properties":{"line":"9A","mode":"bus","color":"#02af5a","oi":0.007,"n":4,"sw":1},"geometry":{"type":"LineString","coordinates":[[19.816178,41.335959],[19.816201,41.335963]]}},{"type":"Feature","properties":{"line":"9A","mode":"bus","color":"#02af5a","oi":0,"n":4,"sw":1},"geometry":{"type":"LineString","coordinates":[[19.816194,41.335962],[19.816214,41.335965]]}},{"type":"Feature","properties":{"line":"9A","mode":"bus","color":"#02af5a","oi":0.5,"n":2},"geometry":{"type":"LineString","coordinates":[[19.808336,41.344436],[19.808533,41.344009],[19.808912,41.343288],[19.809125,41.342488],[19.809354,41.341976],[19.809645,41.341521],[19.810294,41.340968],[19.810543,41.340522],[19.810642,41.340141],[19.810732,41.339596],[19.811725,41.337664],[19.812342,41.335595]]}},{"type":"Feature","properties":{"line":"9A","mode":"bus","color":"#02af5a","oi":-1,"n":2,"sw":1},"geometry":{"type":"LineString","coordinates":[[19.808195,41.344742],[19.808202,41.344728]]}},{"type":"Feature","properties":{"line":"9A","mode":"bus","color":"#02af5a","oi":-0.993,"n":2,"sw":1},"geometry":{"type":"LineString","coordinates":[[19.808199,41.344733],[19.808207,41.344716]]}},{"type":"Feature","properties":{"line":"9A","mode":"bus","color":"#02af5a","oi":-0.973,"n":2,"sw":1},"geometry":{"type":"LineString","coordinates":[[19.808205,41.344721],[19.808212,41.344704]]}},{"type":"Feature","properties":{"line":"9A","mode":"bus","color":"#02af5a","oi":-0.94,"n":2,"sw":1},"geometry":{"type":"LineString","coordinates":[[19.80821,41.344709],[19.808218,41.344692]]}},{"type":"Feature","properties":{"line":"9A","mode":"bus","color":"#02af5a","oi":-0.897,"n":2,"sw":1},"geometry":{"type":"LineString","coordinates":[[19.808216,41.344697],[19.808223,41.344681]]}},{"type":"Feature","properties":{"line":"9A","mode":"bus","color":"#02af5a","oi":-0.844,"n":2,"sw":1},"geometry":{"type":"LineString","coordinates":[[19.808221,41.344686],[19.808229,41.344669]]}},{"type":"Feature","properties":{"line":"9A","mode":"bus","color":"#02af5a","oi":-0.782,"n":2,"sw":1},"geometry":{"type":"LineString","coordinates":[[19.808226,41.344674],[19.808234,41.344657]]}},{"type":"Feature","properties":{"line":"9A","mode":"bus","color":"#02af5a","oi":-0.713,"n":2,"sw":1},"geometry":{"type":"LineString","coordinates":[[19.808232,41.344662],[19.80824,41.344645]]}},{"type":"Feature","properties":{"line":"9A","mode":"bus","color":"#02af5a","oi":-0.638,"n":2,"sw":1},"geometry":{"type":"LineString","coordinates":[[19.808237,41.34465],[19.808245,41.344634]]}},{"type":"Feature","properties":{"line":"9A","mode":"bus","color":"#02af5a","oi":-0.557,"n":2,"sw":1},"geometry":{"type":"LineString","coordinates":[[19.808243,41.344639],[19.80825,41.344622]]}},{"type":"Feature","properties":{"line":"9A","mode":"bus","color":"#02af5a","oi":-0.472,"n":2,"sw":1},"geometry":{"type":"LineString","coordinates":[[19.808248,41.344627],[19.808256,41.34461]]}},{"type":"Feature","properties":{"line":"9A","mode":"bus","color":"#02af5a","oi":-0.384,"n":2,"sw":1},"geometry":{"type":"LineString","coordinates":[[19.808254,41.344615],[19.808261,41.344598]]}},{"type":"Feature","properties":{"line":"9A","mode":"bus","color":"#02af5a","oi":-0.295,"n":2,"sw":1},"geometry":{"type":"LineString","coordinates":[[19.808259,41.344603],[19.808267,41.344586]]}},{"type":"Feature","properties":{"line":"9A","mode":"bus","color":"#02af5a","oi":-0.205,"n":2,"sw":1},"geometry":{"type":"LineString","coordinates":[[19.808264,41.344592],[19.808272,41.344575]]}},{"type":"Feature","properties":{"line":"9A","mode":"bus","color":"#02af5a","oi":-0.116,"n":2,"sw":1},"geometry":{"type":"LineString","coordinates":[[19.80827,41.34458],[19.808278,41.344563]]}},{"type":"Feature","properties":{"line":"9A","mode":"bus","color":"#02af5a","oi":-0.028,"n":2,"sw":1},"geometry":{"type":"LineString","coordinates":[[19.808275,41.344568],[19.808283,41.344551]]}},{"type":"Feature","properties":{"line":"9A","mode":"bus","color":"#02af5a","oi":0.057,"n":2,"sw":1},"geometry":{"type":"LineString","coordinates":[[19.808281,41.344556],[19.808288,41.344539]]}},{"type":"Feature","properties":{"line":"9A","mode":"bus","color":"#02af5a","oi":0.138,"n":2,"sw":1},"geometry":{"type":"LineString","coordinates":[[19.808286,41.344544],[19.808294,41.344528]]}},{"type":"Feature","properties":{"line":"9A","mode":"bus","color":"#02af5a","oi":0.213,"n":2,"sw":1},"geometry":{"type":"LineString","coordinates":[[19.808292,41.344533],[19.808299,41.344516]]}},{"type":"Feature","properties":{"line":"9A","mode":"bus","color":"#02af5a","oi":0.282,"n":2,"sw":1},"geometry":{"type":"LineString","coordinates":[[19.808297,41.344521],[19.808305,41.344504]]}},{"type":"Feature","properties":{"line":"9A","mode":"bus","color":"#02af5a","oi":0.344,"n":2,"sw":1},"geometry":{"type":"LineString","coordinates":[[19.808302,41.344509],[19.80831,41.344492]]}},{"type":"Feature","properties":{"line":"9A","mode":"bus","color":"#02af5a","oi":0.397,"n":2,"sw":1},"geometry":{"type":"LineString","coordinates":[[19.808308,41.344497],[19.808316,41.34448]]}},{"type":"Feature","properties":{"line":"9A","mode":"bus","color":"#02af5a","oi":0.44,"n":2,"sw":1},"geometry":{"type":"LineString","coordinates":[[19.808313,41.344486],[19.808321,41.344469]]}},{"type":"Feature","properties":{"line":"9A","mode":"bus","color":"#02af5a","oi":0.473,"n":2,"sw":1},"geometry":{"type":"LineString","coordinates":[[19.808319,41.344474],[19.808326,41.344457]]}},{"type":"Feature","properties":{"line":"9A","mode":"bus","color":"#02af5a","oi":0.493,"n":2,"sw":1},"geometry":{"type":"LineString","coordinates":[[19.808324,41.344462],[19.808332,41.344445]]}},{"type":"Feature","properties":{"line":"9A","mode":"bus","color":"#02af5a","oi":0.5,"n":2,"sw":1},"geometry":{"type":"LineString","coordinates":[[19.80833,41.34445],[19.808337,41.344433]]}},{"type":"Feature","properties":{"line":"9A","mode":"bus","color":"#02af5a","oi":0.5,"n":2,"sw":1},"geometry":{"type":"LineString","coordinates":[[19.812341,41.335598],[19.812352,41.335561]]}},{"type":"Feature","properties":{"line":"9A","mode":"bus","color":"#02af5a","oi":0.483,"n":2,"sw":1},"geometry":{"type":"LineString","coordinates":[[19.81235,41.335566],[19.812361,41.335529]]}},{"type":"Feature","properties":{"line":"9A","mode":"bus","color":"#02af5a","oi":0.437,"n":2,"sw":1},"geometry":{"type":"LineString","coordinates":[[19.81236,41.335535],[19.812371,41.335498]]}},{"type":"Feature","properties":{"line":"9A","mode":"bus","color":"#02af5a","oi":0.37,"n":2,"sw":1},"geometry":{"type":"LineString","coordinates":[[19.812369,41.335503],[19.81238,41.335466]]}},{"type":"Feature","properties":{"line":"9A","mode":"bus","color":"#02af5a","oi":0.291,"n":2,"sw":1},"geometry":{"type":"LineString","coordinates":[[19.812379,41.335471],[19.81239,41.335434]]}},{"type":"Feature","properties":{"line":"9A","mode":"bus","color":"#02af5a","oi":0.209,"n":2,"sw":1},"geometry":{"type":"LineString","coordinates":[[19.812388,41.33544],[19.812399,41.335403]]}},{"type":"Feature","properties":{"line":"9A","mode":"bus","color":"#02af5a","oi":0.13,"n":2,"sw":1},"geometry":{"type":"LineString","coordinates":[[19.812398,41.335408],[19.812409,41.335371]]}},{"type":"Feature","properties":{"line":"9A","mode":"bus","color":"#02af5a","oi":0.063,"n":2,"sw":1},"geometry":{"type":"LineString","coordinates":[[19.812407,41.335376],[19.812418,41.33534]]}},{"type":"Feature","properties":{"line":"9A","mode":"bus","color":"#02af5a","oi":0.017,"n":2,"sw":1},"geometry":{"type":"LineString","coordinates":[[19.812416,41.335345],[19.812427,41.335308]]}},{"type":"Feature","properties":{"line":"9A","mode":"bus","color":"#02af5a","oi":0,"n":2,"sw":1},"geometry":{"type":"LineString","coordinates":[[19.812426,41.335313],[19.812436,41.335279]]}},{"type":"Feature","properties":{"line":"9A","mode":"bus","color":"#02af5a","oi":1,"n":3},"geometry":{"type":"LineString","coordinates":[[19.808195,41.344742],[19.807278,41.346961],[19.80715,41.34717],[19.806963,41.347383],[19.806966,41.347455],[19.806964,41.347471],[19.806956,41.347481],[19.806941,41.347487],[19.80692,41.347487],[19.806609,41.347462],[19.806599,41.347461],[19.806593,41.347459],[19.806592,41.347455],[19.806595,41.347451],[19.806603,41.347446],[19.806649,41.34742],[19.806985,41.347346]]}},{"type":"Feature","properties":{"line":"9A","mode":"bus","color":"#02af5a","oi":0,"n":3,"sw":1},"geometry":{"type":"LineString","coordinates":[[19.815767,41.335817],[19.815787,41.335814]]}},{"type":"Feature","properties":{"line":"9A","mode":"bus","color":"#02af5a","oi":0.01,"n":3,"sw":1},"geometry":{"type":"LineString","coordinates":[[19.81578,41.335815],[19.815803,41.335811]]}},{"type":"Feature","properties":{"line":"9A","mode":"bus","color":"#02af5a","oi":0.038,"n":3,"sw":1},"geometry":{"type":"LineString","coordinates":[[19.815796,41.335812],[19.815819,41.335809]]}},{"type":"Feature","properties":{"line":"9A","mode":"bus","color":"#02af5a","oi":0.082,"n":3,"sw":1},"geometry":{"type":"LineString","coordinates":[[19.815812,41.33581],[19.815835,41.335806]]}},{"type":"Feature","properties":{"line":"9A","mode":"bus","color":"#02af5a","oi":0.14,"n":3,"sw":1},"geometry":{"type":"LineString","coordinates":[[19.815828,41.335807],[19.815851,41.335804]]}},{"type":"Feature","properties":{"line":"9A","mode":"bus","color":"#02af5a","oi":0.209,"n":3,"sw":1},"geometry":{"type":"LineString","coordinates":[[19.815844,41.335805],[19.815867,41.335801]]}},{"type":"Feature","properties":{"line":"9A","mode":"bus","color":"#02af5a","oi":0.286,"n":3,"sw":1},"geometry":{"type":"LineString","coordinates":[[19.81586,41.335802],[19.815883,41.335798]]}},{"type":"Feature","properties":{"line":"9A","mode":"bus","color":"#02af5a","oi":0.369,"n":3,"sw":1},"geometry":{"type":"LineString","coordinates":[[19.815876,41.3358],[19.815899,41.335796]]}},{"type":"Feature","properties":{"line":"9A","mode":"bus","color":"#02af5a","oi":0.456,"n":3,"sw":1},"geometry":{"type":"LineString","coordinates":[[19.815892,41.335797],[19.815915,41.335793]]}},{"type":"Feature","properties":{"line":"9A","mode":"bus","color":"#02af5a","oi":0.544,"n":3,"sw":1},"geometry":{"type":"LineString","coordinates":[[19.815908,41.335794],[19.815931,41.335791]]}},{"type":"Feature","properties":{"line":"9A","mode":"bus","color":"#02af5a","oi":0.631,"n":3,"sw":1},"geometry":{"type":"LineString","coordinates":[[19.815924,41.335792],[19.815947,41.335788]]}},{"type":"Feature","properties":{"line":"9A","mode":"bus","color":"#02af5a","oi":0.714,"n":3,"sw":1},"geometry":{"type":"LineString","coordinates":[[19.81594,41.335789],[19.815963,41.335786]]}},{"type":"Feature","properties":{"line":"9A","mode":"bus","color":"#02af5a","oi":0.791,"n":3,"sw":1},"geometry":{"type":"LineString","coordinates":[[19.815956,41.335787],[19.815979,41.335783]]}},{"type":"Feature","properties":{"line":"9A","mode":"bus","color":"#02af5a","oi":0.86,"n":3,"sw":1},"geometry":{"type":"LineString","coordinates":[[19.815972,41.335784],[19.815995,41.33578]]}},{"type":"Feature","properties":{"line":"9A","mode":"bus","color":"#02af5a","oi":0.918,"n":3,"sw":1},"geometry":{"type":"LineString","coordinates":[[19.815988,41.335782],[19.816011,41.335778]]}},{"type":"Feature","properties":{"line":"9A","mode":"bus","color":"#02af5a","oi":0.962,"n":3,"sw":1},"geometry":{"type":"LineString","coordinates":[[19.816004,41.335779],[19.816023,41.335776],[19.816027,41.335774]]}},{"type":"Feature","properties":{"line":"9A","mode":"bus","color":"#02af5a","oi":0.99,"n":3,"sw":1},"geometry":{"type":"LineString","coordinates":[[19.816021,41.335776],[19.816023,41.335776],[19.816041,41.335768]]}},{"type":"Feature","properties":{"line":"9A","mode":"bus","color":"#02af5a","oi":1,"n":3,"sw":1},"geometry":{"type":"LineString","coordinates":[[19.816035,41.33577],[19.816055,41.335761]]}},{"type":"Feature","properties":{"line":"9A","mode":"bus","color":"#02af5a","oi":1,"n":3,"sw":1},"geometry":{"type":"LineString","coordinates":[[19.816049,41.335764],[19.816069,41.335754]]}},{"type":"Feature","properties":{"line":"9A","mode":"bus","color":"#02af5a","oi":0.99,"n":3,"sw":1},"geometry":{"type":"LineString","coordinates":[[19.816063,41.335757],[19.816083,41.335748]]}},{"type":"Feature","properties":{"line":"9A","mode":"bus","color":"#02af5a","oi":0.962,"n":3,"sw":1},"geometry":{"type":"LineString","coordinates":[[19.816076,41.335751],[19.816096,41.335741]]}},{"type":"Feature","properties":{"line":"9A","mode":"bus","color":"#02af5a","oi":0.918,"n":3,"sw":1},"geometry":{"type":"LineString","coordinates":[[19.81609,41.335744],[19.81611,41.335735]]}},{"type":"Feature","properties":{"line":"9A","mode":"bus","color":"#02af5a","oi":0.86,"n":3,"sw":1},"geometry":{"type":"LineString","coordinates":[[19.816104,41.335738],[19.816124,41.335728]]}},{"type":"Feature","properties":{"line":"9A","mode":"bus","color":"#02af5a","oi":0.791,"n":3,"sw":1},"geometry":{"type":"LineString","coordinates":[[19.816118,41.335731],[19.816138,41.335722]]}},{"type":"Feature","properties":{"line":"9A","mode":"bus","color":"#02af5a","oi":0.714,"n":3,"sw":1},"geometry":{"type":"LineString","coordinates":[[19.816132,41.335724],[19.816152,41.335715]]}},{"type":"Feature","properties":{"line":"9A","mode":"bus","color":"#02af5a","oi":0.631,"n":3,"sw":1},"geometry":{"type":"LineString","coordinates":[[19.816146,41.335718],[19.816166,41.335708]]}},{"type":"Feature","properties":{"line":"9A","mode":"bus","color":"#02af5a","oi":0.544,"n":3,"sw":1},"geometry":{"type":"LineString","coordinates":[[19.81616,41.335711],[19.81618,41.335702]]}},{"type":"Feature","properties":{"line":"9A","mode":"bus","color":"#02af5a","oi":0.456,"n":3,"sw":1},"geometry":{"type":"LineString","coordinates":[[19.816174,41.335705],[19.816194,41.335695]]}},{"type":"Feature","properties":{"line":"9A","mode":"bus","color":"#02af5a","oi":0.369,"n":3,"sw":1},"geometry":{"type":"LineString","coordinates":[[19.816188,41.335698],[19.816208,41.335689]]}},{"type":"Feature","properties":{"line":"9A","mode":"bus","color":"#02af5a","oi":0.286,"n":3,"sw":1},"geometry":{"type":"LineString","coordinates":[[19.816202,41.335691],[19.816222,41.335682]]}},{"type":"Feature","properties":{"line":"9A","mode":"bus","color":"#02af5a","oi":0.209,"n":3,"sw":1},"geometry":{"type":"LineString","coordinates":[[19.816216,41.335685],[19.816236,41.335675]]}},{"type":"Feature","properties":{"line":"9A","mode":"bus","color":"#02af5a","oi":0.14,"n":3,"sw":1},"geometry":{"type":"LineString","coordinates":[[19.816229,41.335678],[19.816249,41.335669]]}},{"type":"Feature","properties":{"line":"9A","mode":"bus","color":"#02af5a","oi":0.082,"n":3,"sw":1},"geometry":{"type":"LineString","coordinates":[[19.816243,41.335672],[19.816263,41.335662]]}},{"type":"Feature","properties":{"line":"9A","mode":"bus","color":"#02af5a","oi":0.038,"n":3,"sw":1},"geometry":{"type":"LineString","coordinates":[[19.816257,41.335665],[19.816277,41.335656]]}},{"type":"Feature","properties":{"line":"9A","mode":"bus","color":"#02af5a","oi":0.01,"n":3,"sw":1},"geometry":{"type":"LineString","coordinates":[[19.816271,41.335659],[19.816291,41.335649]]}},{"type":"Feature","properties":{"line":"9A","mode":"bus","color":"#02af5a","oi":0,"n":3,"sw":1},"geometry":{"type":"LineString","coordinates":[[19.816285,41.335652],[19.816302,41.335644]]}},{"type":"Feature","properties":{"line":"11","mode":"bus","color":"#6895fc","oi":0,"n":1},"geometry":{"type":"LineString","coordinates":[[19.853327,41.345984],[19.853252,41.346079],[19.853228,41.346167],[19.853252,41.346304],[19.853356,41.34641],[19.853586,41.346491],[19.853801,41.34646],[19.853973,41.346339],[19.854011,41.346269],[19.85399,41.346081]]}},{"type":"Feature","properties":{"line":"11","mode":"bus","color":"#6895fc","oi":0,"n":1},"geometry":{"type":"LineString","coordinates":[[19.855542,41.346221],[19.855729,41.346769],[19.85574,41.347132],[19.855793,41.347256],[19.857644,41.348174],[19.85774,41.348479],[19.857825,41.348643],[19.858056,41.34898],[19.858184,41.349119],[19.858252,41.34916],[19.858597,41.349255],[19.858977,41.349248],[19.859432,41.349368],[19.860559,41.349763],[19.861538,41.350154],[19.862347,41.350419],[19.862822,41.35047],[19.863206,41.350543],[19.863593,41.350561],[19.863913,41.350541],[19.864146,41.35055],[19.864719,41.3507],[19.865236,41.350925],[19.865801,41.351093],[19.865979,41.351204],[19.866183,41.351441],[19.866331,41.351493],[19.866896,41.351543],[19.866992,41.351525],[19.86703,41.35151],[19.867054,41.351482],[19.867124,41.351335],[19.867449,41.350077],[19.867449,41.350057],[19.867436,41.350043],[19.867411,41.350035],[19.866425,41.349884],[19.865652,41.349616],[19.865196,41.349484],[19.864889,41.349401],[19.864196,41.349264],[19.862568,41.348693],[19.861267,41.348298],[19.861064,41.348149],[19.860662,41.34777],[19.859484,41.347487],[19.859305,41.347432],[19.859173,41.347354],[19.859023,41.347232],[19.858829,41.347004],[19.858586,41.346577],[19.858532,41.346528],[19.857034,41.346015],[19.856565,41.34593],[19.856275,41.345973],[19.856089,41.345973],[19.856048,41.34598],[19.856018,41.346002],[19.855972,41.346055],[19.855817,41.346153],[19.855717,41.346195],[19.855542,41.346221],[19.854164,41.346141],[19.85399,41.346081],[19.853799,41.345936],[19.853694,41.34591],[19.853513,41.345916],[19.853327,41.345984],[19.853198,41.345993],[19.853097,41.345973],[19.850956,41.345229]]}},{"type":"Feature","properties":{"line":"11","mode":"bus","color":"#6895fc","oi":0,"n":1},"geometry":{"type":"LineString","coordinates":[[19.821889,41.328603],[19.824308,41.329093],[19.824734,41.329151],[19.825176,41.329266],[19.82527,41.329312],[19.825328,41.329372],[19.82537,41.329547],[19.825438,41.329607],[19.832227,41.333059],[19.837666,41.335586],[19.839567,41.336635],[19.840061,41.33699],[19.840844,41.337654],[19.842267,41.338955],[19.84627,41.342456],[19.847235,41.343092],[19.847463,41.343183],[19.847702,41.343233],[19.847782,41.343274],[19.847907,41.34347],[19.848016,41.343586],[19.848024,41.343596],[19.848027,41.343602],[19.848024,41.343605],[19.848014,41.343605],[19.848,41.343602],[19.847586,41.343476],[19.847507,41.343428],[19.847386,41.343247],[19.847235,41.343092]]}},{"type":"Feature","properties":{"line":"11","mode":"bus","color":"#6895fc","oi":0,"n":1},"geometry":{"type":"LineString","coordinates":[[19.850956,41.345229],[19.850939,41.345305],[19.850929,41.345322],[19.850911,41.345335],[19.850867,41.345353],[19.850792,41.345345],[19.850738,41.345305],[19.850729,41.34524],[19.850624,41.345104],[19.850617,41.345094],[19.850616,41.345087],[19.850619,41.345084],[19.850628,41.345084],[19.850643,41.345089],[19.850886,41.345179],[19.850956,41.345229]]}},{"type":"Feature","properties":{"line":"11","mode":"bus","color":"#6895fc","oi":0,"n":1},"geometry":{"type":"LineString","coordinates":[[19.848044,41.343615],[19.849213,41.344373],[19.8506,41.345073]]}},{"type":"Feature","properties":{"line":"16A","mode":"bus","color":"#999f01","oi":-0.5,"n":2},"geometry":{"type":"LineString","coordinates":[[19.80479,41.333066],[19.804785,41.333098],[19.804979,41.333421],[19.80511,41.333535],[19.805566,41.333841],[19.805784,41.333976]]}},{"type":"Feature","properties":{"line":"16A","mode":"bus","color":"#999f01","oi":0,"n":2,"sw":1},"geometry":{"type":"LineString","coordinates":[[19.804629,41.332781],[19.80466,41.332808]]}},{"type":"Feature","properties":{"line":"16A","mode":"bus","color":"#999f01","oi":-0.017,"n":2,"sw":1},"geometry":{"type":"LineString","coordinates":[[19.804655,41.332803],[19.804688,41.332832]]}},{"type":"Feature","properties":{"line":"16A","mode":"bus","color":"#999f01","oi":-0.063,"n":2,"sw":1},"geometry":{"type":"LineString","coordinates":[[19.804683,41.332828],[19.804716,41.332857]]}},{"type":"Feature","properties":{"line":"16A","mode":"bus","color":"#999f01","oi":-0.13,"n":2,"sw":1},"geometry":{"type":"LineString","coordinates":[[19.804711,41.332852],[19.804744,41.332881]]}},{"type":"Feature","properties":{"line":"16A","mode":"bus","color":"#999f01","oi":-0.209,"n":2,"sw":1},"geometry":{"type":"LineString","coordinates":[[19.804739,41.332877],[19.804752,41.332888],[19.804759,41.332911]]}},{"type":"Feature","properties":{"line":"16A","mode":"bus","color":"#999f01","oi":-0.291,"n":2,"sw":1},"geometry":{"type":"LineString","coordinates":[[19.804758,41.332905],[19.804769,41.332942]]}},{"type":"Feature","properties":{"line":"16A","mode":"bus","color":"#999f01","oi":-0.37,"n":2,"sw":1},"geometry":{"type":"LineString","coordinates":[[19.804768,41.332937],[19.804779,41.332974]]}},{"type":"Feature","properties":{"line":"16A","mode":"bus","color":"#999f01","oi":-0.437,"n":2,"sw":1},"geometry":{"type":"LineString","coordinates":[[19.804778,41.332968],[19.80479,41.333005]]}},{"type":"Feature","properties":{"line":"16A","mode":"bus","color":"#999f01","oi":-0.483,"n":2,"sw":1},"geometry":{"type":"LineString","coordinates":[[19.804788,41.333],[19.804796,41.333025],[19.804794,41.333037]]}},{"type":"Feature","properties":{"line":"16A","mode":"bus","color":"#999f01","oi":-0.5,"n":2,"sw":1},"geometry":{"type":"LineString","coordinates":[[19.804795,41.333031],[19.804789,41.333069]]}},{"type":"Feature","properties":{"line":"16A","mode":"bus","color":"#999f01","oi":-0.5,"n":2,"sw":1},"geometry":{"type":"LineString","coordinates":[[19.805781,41.333974],[19.80582,41.333998]]}},{"type":"Feature","properties":{"line":"16A","mode":"bus","color":"#999f01","oi":-0.517,"n":2,"sw":1},"geometry":{"type":"LineString","coordinates":[[19.805814,41.333994],[19.805853,41.334018]]}},{"type":"Feature","properties":{"line":"16A","mode":"bus","color":"#999f01","oi":-0.563,"n":2,"sw":1},"geometry":{"type":"LineString","coordinates":[[19.805847,41.334015],[19.805886,41.334039]]}},{"type":"Feature","properties":{"line":"16A","mode":"bus","color":"#999f01","oi":-0.63,"n":2,"sw":1},"geometry":{"type":"LineString","coordinates":[[19.805881,41.334036],[19.80592,41.33406]]}},{"type":"Feature","properties":{"line":"16A","mode":"bus","color":"#999f01","oi":-0.709,"n":2,"sw":1},"geometry":{"type":"LineString","coordinates":[[19.805914,41.334056],[19.805922,41.334061],[19.805956,41.334077]]}},{"type":"Feature","properties":{"line":"16A","mode":"bus","color":"#999f01","oi":-0.791,"n":2,"sw":1},"geometry":{"type":"LineString","coordinates":[[19.80595,41.334074],[19.805992,41.334095]]}},{"type":"Feature","properties":{"line":"16A","mode":"bus","color":"#999f01","oi":-0.87,"n":2,"sw":1},"geometry":{"type":"LineString","coordinates":[[19.805986,41.334092],[19.806028,41.334112]]}},{"type":"Feature","properties":{"line":"16A","mode":"bus","color":"#999f01","oi":-0.937,"n":2,"sw":1},"geometry":{"type":"LineString","coordinates":[[19.806022,41.334109],[19.806064,41.33413]]}},{"type":"Feature","properties":{"line":"16A","mode":"bus","color":"#999f01","oi":-0.983,"n":2,"sw":1},"geometry":{"type":"LineString","coordinates":[[19.806058,41.334127],[19.806101,41.334147]]}},{"type":"Feature","properties":{"line":"16A","mode":"bus","color":"#999f01","oi":-1,"n":2,"sw":1},"geometry":{"type":"LineString","coordinates":[[19.806095,41.334144],[19.806134,41.334163]]}},{"type":"Feature","properties":{"line":"16A","mode":"bus","color":"#999f01","oi":-1.5,"n":4},"geometry":{"type":"LineString","coordinates":[[19.820414,41.337275],[19.821269,41.337746],[19.821966,41.338214],[19.82299,41.338987],[19.823552,41.339318],[19.824177,41.339591],[19.824777,41.33978],[19.825432,41.339936],[19.826322,41.340071]]}},{"type":"Feature","properties":{"line":"16A","mode":"bus","color":"#999f01","oi":0,"n":4,"sw":1},"geometry":{"type":"LineString","coordinates":[[19.820067,41.337083],[19.820083,41.337092]]}},{"type":"Feature","properties":{"line":"16A","mode":"bus","color":"#999f01","oi":-0.007,"n":4,"sw":1},"geometry":{"type":"LineString","coordinates":[[19.820077,41.337089],[19.820097,41.337099]]}},{"type":"Feature","properties":{"line":"16A","mode":"bus","color":"#999f01","oi":-0.027,"n":4,"sw":1},"geometry":{"type":"LineString","coordinates":[[19.820091,41.337096],[19.82011,41.337107]]}},{"type":"Feature","properties":{"line":"16A","mode":"bus","color":"#999f01","oi":-0.06,"n":4,"sw":1},"geometry":{"type":"LineString","coordinates":[[19.820104,41.337104],[19.820123,41.337114]]}},{"type":"Feature","properties":{"line":"16A","mode":"bus","color":"#999f01","oi":-0.103,"n":4,"sw":1},"geometry":{"type":"LineString","coordinates":[[19.820118,41.337111],[19.820137,41.337121]]}},{"type":"Feature","properties":{"line":"16A","mode":"bus","color":"#999f01","oi":-0.156,"n":4,"sw":1},"geometry":{"type":"LineString","coordinates":[[19.820131,41.337118],[19.82015,41.337129]]}},{"type":"Feature","properties":{"line":"16A","mode":"bus","color":"#999f01","oi":-0.218,"n":4,"sw":1},"geometry":{"type":"LineString","coordinates":[[19.820144,41.337126],[19.820163,41.337136]]}},{"type":"Feature","properties":{"line":"16A","mode":"bus","color":"#999f01","oi":-0.287,"n":4,"sw":1},"geometry":{"type":"LineString","coordinates":[[19.820158,41.337133],[19.820177,41.337144]]}},{"type":"Feature","properties":{"line":"16A","mode":"bus","color":"#999f01","oi":-0.362,"n":4,"sw":1},"geometry":{"type":"LineString","coordinates":[[19.820171,41.33714],[19.82019,41.337151]]}},{"type":"Feature","properties":{"line":"16A","mode":"bus","color":"#999f01","oi":-0.443,"n":4,"sw":1},"geometry":{"type":"LineString","coordinates":[[19.820184,41.337148],[19.820203,41.337158]]}},{"type":"Feature","properties":{"line":"16A","mode":"bus","color":"#999f01","oi":-0.528,"n":4,"sw":1},"geometry":{"type":"LineString","coordinates":[[19.820198,41.337155],[19.820217,41.337166]]}},{"type":"Feature","properties":{"line":"16A","mode":"bus","color":"#999f01","oi":-0.616,"n":4,"sw":1},"geometry":{"type":"LineString","coordinates":[[19.820211,41.337162],[19.82023,41.337173]]}},{"type":"Feature","properties":{"line":"16A","mode":"bus","color":"#999f01","oi":-0.705,"n":4,"sw":1},"geometry":{"type":"LineString","coordinates":[[19.820224,41.33717],[19.820244,41.33718]]}},{"type":"Feature","properties":{"line":"16A","mode":"bus","color":"#999f01","oi":-0.795,"n":4,"sw":1},"geometry":{"type":"LineString","coordinates":[[19.820238,41.337177],[19.820257,41.337188]]}},{"type":"Feature","properties":{"line":"16A","mode":"bus","color":"#999f01","oi":-0.884,"n":4,"sw":1},"geometry":{"type":"LineString","coordinates":[[19.820251,41.337185],[19.82027,41.337195]]}},{"type":"Feature","properties":{"line":"16A","mode":"bus","color":"#999f01","oi":-0.972,"n":4,"sw":1},"geometry":{"type":"LineString","coordinates":[[19.820264,41.337192],[19.820284,41.337202]]}},{"type":"Feature","properties":{"line":"16A","mode":"bus","color":"#999f01","oi":-1.057,"n":4,"sw":1},"geometry":{"type":"LineString","coordinates":[[19.820278,41.337199],[19.820297,41.33721]]}},{"type":"Feature","properties":{"line":"16A","mode":"bus","color":"#999f01","oi":-1.138,"n":4,"sw":1},"geometry":{"type":"LineString","coordinates":[[19.820291,41.337207],[19.82031,41.337217]]}},{"type":"Feature","properties":{"line":"16A","mode":"bus","color":"#999f01","oi":-1.213,"n":4,"sw":1},"geometry":{"type":"LineString","coordinates":[[19.820305,41.337214],[19.820324,41.337225]]}},{"type":"Feature","properties":{"line":"16A","mode":"bus","color":"#999f01","oi":-1.282,"n":4,"sw":1},"geometry":{"type":"LineString","coordinates":[[19.820318,41.337221],[19.820337,41.337232]]}},{"type":"Feature","properties":{"line":"16A","mode":"bus","color":"#999f01","oi":-1.344,"n":4,"sw":1},"geometry":{"type":"LineString","coordinates":[[19.820331,41.337229],[19.82035,41.337239]]}},{"type":"Feature","properties":{"line":"16A","mode":"bus","color":"#999f01","oi":-1.397,"n":4,"sw":1},"geometry":{"type":"LineString","coordinates":[[19.820345,41.337236],[19.820364,41.337247]]}},{"type":"Feature","properties":{"line":"16A","mode":"bus","color":"#999f01","oi":-1.44,"n":4,"sw":1},"geometry":{"type":"LineString","coordinates":[[19.820358,41.337243],[19.820377,41.337254]]}},{"type":"Feature","properties":{"line":"16A","mode":"bus","color":"#999f01","oi":-1.473,"n":4,"sw":1},"geometry":{"type":"LineString","coordinates":[[19.820371,41.337251],[19.82039,41.337261]]}},{"type":"Feature","properties":{"line":"16A","mode":"bus","color":"#999f01","oi":-1.493,"n":4,"sw":1},"geometry":{"type":"LineString","coordinates":[[19.820385,41.337258],[19.820404,41.337269]]}},{"type":"Feature","properties":{"line":"16A","mode":"bus","color":"#999f01","oi":-1.5,"n":4,"sw":1},"geometry":{"type":"LineString","coordinates":[[19.820398,41.337266],[19.820417,41.337276]]}},{"type":"Feature","properties":{"line":"16A","mode":"bus","color":"#999f01","oi":-1,"n":3},"geometry":{"type":"LineString","coordinates":[[19.826748,41.340118],[19.827945,41.340249],[19.828477,41.340283],[19.828729,41.340252],[19.828905,41.340181],[19.829024,41.340099],[19.829117,41.339997]]}},{"type":"Feature","properties":{"line":"16A","mode":"bus","color":"#999f01","oi":-1.5,"n":3,"sw":1},"geometry":{"type":"LineString","coordinates":[[19.826322,41.340071],[19.826368,41.340076]]}},{"type":"Feature","properties":{"line":"16A","mode":"bus","color":"#999f01","oi":-1.483,"n":3,"sw":1},"geometry":{"type":"LineString","coordinates":[[19.826361,41.340075],[19.826411,41.340081]]}},{"type":"Feature","properties":{"line":"16A","mode":"bus","color":"#999f01","oi":-1.437,"n":3,"sw":1},"geometry":{"type":"LineString","coordinates":[[19.826404,41.34008],[19.826453,41.340085]]}},{"type":"Feature","properties":{"line":"16A","mode":"bus","color":"#999f01","oi":-1.37,"n":3,"sw":1},"geometry":{"type":"LineString","coordinates":[[19.826446,41.340085],[19.826496,41.34009]]}},{"type":"Feature","properties":{"line":"16A","mode":"bus","color":"#999f01","oi":-1.291,"n":3,"sw":1},"geometry":{"type":"LineString","coordinates":[[19.826489,41.340089],[19.826539,41.340095]]}},{"type":"Feature","properties":{"line":"16A","mode":"bus","color":"#999f01","oi":-1.209,"n":3,"sw":1},"geometry":{"type":"LineString","coordinates":[[19.826532,41.340094],[19.826581,41.340099]]}},{"type":"Feature","properties":{"line":"16A","mode":"bus","color":"#999f01","oi":-1.13,"n":3,"sw":1},"geometry":{"type":"LineString","coordinates":[[19.826574,41.340099],[19.826624,41.340104]]}},{"type":"Feature","properties":{"line":"16A","mode":"bus","color":"#999f01","oi":-1.063,"n":3,"sw":1},"geometry":{"type":"LineString","coordinates":[[19.826617,41.340103],[19.826666,41.340109]]}},{"type":"Feature","properties":{"line":"16A","mode":"bus","color":"#999f01","oi":-1.017,"n":3,"sw":1},"geometry":{"type":"LineString","coordinates":[[19.826659,41.340108],[19.826709,41.340113]]}},{"type":"Feature","properties":{"line":"16A","mode":"bus","color":"#999f01","oi":-1,"n":3,"sw":1},"geometry":{"type":"LineString","coordinates":[[19.826702,41.340113],[19.826752,41.340118]]}},{"type":"Feature","properties":{"line":"16A","mode":"bus","color":"#999f01","oi":-1,"n":3},"geometry":{"type":"LineString","coordinates":[[19.817447,41.323667],[19.813265,41.323005]]}},{"type":"Feature","properties":{"line":"16A","mode":"bus","color":"#999f01","oi":-1.5,"n":4},"geometry":{"type":"LineString","coordinates":[[19.834307,41.330653],[19.828468,41.328149],[19.82815,41.32799],[19.827804,41.327756],[19.826031,41.326241],[19.825112,41.32552]]}},{"type":"Feature","properties":{"line":"16A","mode":"bus","color":"#999f01","oi":-1,"n":3},"geometry":{"type":"LineString","coordinates":[[19.806134,41.334163],[19.80648,41.334289],[19.806738,41.334342],[19.812015,41.33521]]}},{"type":"Feature","properties":{"line":"16A","mode":"bus","color":"#999f01","oi":-1,"n":3,"sw":1},"geometry":{"type":"LineString","coordinates":[[19.812012,41.335209],[19.812042,41.335214]]}},{"type":"Feature","properties":{"line":"16A","mode":"bus","color":"#999f01","oi":-0.99,"n":3,"sw":1},"geometry":{"type":"LineString","coordinates":[[19.812035,41.335213],[19.812066,41.335218]]}},{"type":"Feature","properties":{"line":"16A","mode":"bus","color":"#999f01","oi":-0.962,"n":3,"sw":1},"geometry":{"type":"LineString","coordinates":[[19.812059,41.335217],[19.812089,41.335222]]}},{"type":"Feature","properties":{"line":"16A","mode":"bus","color":"#999f01","oi":-0.918,"n":3,"sw":1},"geometry":{"type":"LineString","coordinates":[[19.812082,41.335221],[19.812112,41.335226]]}},{"type":"Feature","properties":{"line":"16A","mode":"bus","color":"#999f01","oi":-0.86,"n":3,"sw":1},"geometry":{"type":"LineString","coordinates":[[19.812105,41.335225],[19.812136,41.33523]]}},{"type":"Feature","properties":{"line":"16A","mode":"bus","color":"#999f01","oi":-0.791,"n":3,"sw":1},"geometry":{"type":"LineString","coordinates":[[19.812129,41.335228],[19.812159,41.335233]]}},{"type":"Feature","properties":{"line":"16A","mode":"bus","color":"#999f01","oi":-0.714,"n":3,"sw":1},"geometry":{"type":"LineString","coordinates":[[19.812152,41.335232],[19.812182,41.335237]]}},{"type":"Feature","properties":{"line":"16A","mode":"bus","color":"#999f01","oi":-0.631,"n":3,"sw":1},"geometry":{"type":"LineString","coordinates":[[19.812175,41.335236],[19.812206,41.335241]]}},{"type":"Feature","properties":{"line":"16A","mode":"bus","color":"#999f01","oi":-0.544,"n":3,"sw":1},"geometry":{"type":"LineString","coordinates":[[19.812199,41.33524],[19.812229,41.335245]]}},{"type":"Feature","properties":{"line":"16A","mode":"bus","color":"#999f01","oi":-0.456,"n":3,"sw":1},"geometry":{"type":"LineString","coordinates":[[19.812222,41.335244],[19.812253,41.335249]]}},{"type":"Feature","properties":{"line":"16A","mode":"bus","color":"#999f01","oi":-0.369,"n":3,"sw":1},"geometry":{"type":"LineString","coordinates":[[19.812246,41.335248],[19.812276,41.335253]]}},{"type":"Feature","properties":{"line":"16A","mode":"bus","color":"#999f01","oi":-0.286,"n":3,"sw":1},"geometry":{"type":"LineString","coordinates":[[19.812269,41.335252],[19.812299,41.335257]]}},{"type":"Feature","properties":{"line":"16A","mode":"bus","color":"#999f01","oi":-0.209,"n":3,"sw":1},"geometry":{"type":"LineString","coordinates":[[19.812292,41.335255],[19.812323,41.33526]]}},{"type":"Feature","properties":{"line":"16A","mode":"bus","color":"#999f01","oi":-0.14,"n":3,"sw":1},"geometry":{"type":"LineString","coordinates":[[19.812316,41.335259],[19.812346,41.335264]]}},{"type":"Feature","properties":{"line":"16A","mode":"bus","color":"#999f01","oi":-0.082,"n":3,"sw":1},"geometry":{"type":"LineString","coordinates":[[19.812339,41.335263],[19.812369,41.335268]]}},{"type":"Feature","properties":{"line":"16A","mode":"bus","color":"#999f01","oi":-0.038,"n":3,"sw":1},"geometry":{"type":"LineString","coordinates":[[19.812362,41.335267],[19.812393,41.335272]]}},{"type":"Feature","properties":{"line":"16A","mode":"bus","color":"#999f01","oi":-0.01,"n":3,"sw":1},"geometry":{"type":"LineString","coordinates":[[19.812386,41.335271],[19.812416,41.335276]]}},{"type":"Feature","properties":{"line":"16A","mode":"bus","color":"#999f01","oi":0,"n":3,"sw":1},"geometry":{"type":"LineString","coordinates":[[19.812409,41.335275],[19.812436,41.335279]]}},{"type":"Feature","properties":{"line":"16A","mode":"bus","color":"#999f01","oi":0,"n":2,"sw":1},"geometry":{"type":"LineString","coordinates":[[19.815767,41.335817],[19.815802,41.335822]]}},{"type":"Feature","properties":{"line":"16A","mode":"bus","color":"#999f01","oi":-0.017,"n":2,"sw":1},"geometry":{"type":"LineString","coordinates":[[19.815794,41.335821],[19.815833,41.335827]]}},{"type":"Feature","properties":{"line":"16A","mode":"bus","color":"#999f01","oi":-0.063,"n":2,"sw":1},"geometry":{"type":"LineString","coordinates":[[19.815825,41.335826],[19.815864,41.335832]]}},{"type":"Feature","properties":{"line":"16A","mode":"bus","color":"#999f01","oi":-0.13,"n":2,"sw":1},"geometry":{"type":"LineString","coordinates":[[19.815856,41.335831],[19.815895,41.335836]]}},{"type":"Feature","properties":{"line":"16A","mode":"bus","color":"#999f01","oi":-0.209,"n":2,"sw":1},"geometry":{"type":"LineString","coordinates":[[19.815887,41.335835],[19.815926,41.335841]]}},{"type":"Feature","properties":{"line":"16A","mode":"bus","color":"#999f01","oi":-0.291,"n":2,"sw":1},"geometry":{"type":"LineString","coordinates":[[19.815918,41.33584],[19.815957,41.335846]]}},{"type":"Feature","properties":{"line":"16A","mode":"bus","color":"#999f01","oi":-0.37,"n":2,"sw":1},"geometry":{"type":"LineString","coordinates":[[19.815949,41.335845],[19.815988,41.33585]]}},{"type":"Feature","properties":{"line":"16A","mode":"bus","color":"#999f01","oi":-0.437,"n":2,"sw":1},"geometry":{"type":"LineString","coordinates":[[19.81598,41.335849],[19.816019,41.335855]]}},{"type":"Feature","properties":{"line":"16A","mode":"bus","color":"#999f01","oi":-0.483,"n":2,"sw":1},"geometry":{"type":"LineString","coordinates":[[19.816011,41.335854],[19.81605,41.33586]]}},{"type":"Feature","properties":{"line":"16A","mode":"bus","color":"#999f01","oi":-0.5,"n":2,"sw":1},"geometry":{"type":"LineString","coordinates":[[19.816042,41.335859],[19.816081,41.335865]]}},{"type":"Feature","properties":{"line":"16A","mode":"bus","color":"#999f01","oi":-0.5,"n":2,"sw":1},"geometry":{"type":"LineString","coordinates":[[19.816073,41.335863],[19.816112,41.335869]]}},{"type":"Feature","properties":{"line":"16A","mode":"bus","color":"#999f01","oi":-0.483,"n":2,"sw":1},"geometry":{"type":"LineString","coordinates":[[19.816104,41.335868],[19.816143,41.335874]]}},{"type":"Feature","properties":{"line":"16A","mode":"bus","color":"#999f01","oi":-0.437,"n":2,"sw":1},"geometry":{"type":"LineString","coordinates":[[19.816135,41.335873],[19.816174,41.335879]]}},{"type":"Feature","properties":{"line":"16A","mode":"bus","color":"#999f01","oi":-0.37,"n":2,"sw":1},"geometry":{"type":"LineString","coordinates":[[19.816166,41.335878],[19.816205,41.335883]]}},{"type":"Feature","properties":{"line":"16A","mode":"bus","color":"#999f01","oi":-0.291,"n":2,"sw":1},"geometry":{"type":"LineString","coordinates":[[19.816197,41.335882],[19.816236,41.335888]]}},{"type":"Feature","properties":{"line":"16A","mode":"bus","color":"#999f01","oi":-0.209,"n":2,"sw":1},"geometry":{"type":"LineString","coordinates":[[19.816228,41.335887],[19.816267,41.335893]]}},{"type":"Feature","properties":{"line":"16A","mode":"bus","color":"#999f01","oi":-0.13,"n":2,"sw":1},"geometry":{"type":"LineString","coordinates":[[19.816259,41.335892],[19.816298,41.335897]]}},{"type":"Feature","properties":{"line":"16A","mode":"bus","color":"#999f01","oi":-0.063,"n":2,"sw":1},"geometry":{"type":"LineString","coordinates":[[19.81629,41.335896],[19.816329,41.335902]]}},{"type":"Feature","properties":{"line":"16A","mode":"bus","color":"#999f01","oi":-0.017,"n":2,"sw":1},"geometry":{"type":"LineString","coordinates":[[19.816321,41.335901],[19.81636,41.335907]]}},{"type":"Feature","properties":{"line":"16A","mode":"bus","color":"#999f01","oi":0,"n":2,"sw":1},"geometry":{"type":"LineString","coordinates":[[19.816352,41.335906],[19.816387,41.335911]]}},{"type":"Feature","properties":{"line":"16A","mode":"bus","color":"#999f01","oi":-0.5,"n":2},"geometry":{"type":"LineString","coordinates":[[19.803412,41.326032],[19.80271,41.327656],[19.802598,41.328041]]}},{"type":"Feature","properties":{"line":"16A","mode":"bus","color":"#999f01","oi":0,"n":1},"geometry":{"type":"LineString","coordinates":[[19.829313,41.339709],[19.83375,41.333193],[19.833855,41.332912],[19.834307,41.330653]]}},{"type":"Feature","properties":{"line":"16A","mode":"bus","color":"#999f01","oi":-1,"n":1,"sw":1},"geometry":{"type":"LineString","coordinates":[[19.829117,41.339997],[19.82913,41.339979]]}},{"type":"Feature","properties":{"line":"16A","mode":"bus","color":"#999f01","oi":-0.99,"n":1,"sw":1},"geometry":{"type":"LineString","coordinates":[[19.829126,41.339983],[19.82914,41.339963]]}},{"type":"Feature","properties":{"line":"16A","mode":"bus","color":"#999f01","oi":-0.962,"n":1,"sw":1},"geometry":{"type":"LineString","coordinates":[[19.829137,41.339967],[19.829151,41.339947]]}},{"type":"Feature","properties":{"line":"16A","mode":"bus","color":"#999f01","oi":-0.918,"n":1,"sw":1},"geometry":{"type":"LineString","coordinates":[[19.829148,41.339951],[19.829162,41.339931]]}},{"type":"Feature","properties":{"line":"16A","mode":"bus","color":"#999f01","oi":-0.86,"n":1,"sw":1},"geometry":{"type":"LineString","coordinates":[[19.829159,41.339935],[19.829173,41.339915]]}},{"type":"Feature","properties":{"line":"16A","mode":"bus","color":"#999f01","oi":-0.791,"n":1,"sw":1},"geometry":{"type":"LineString","coordinates":[[19.82917,41.339919],[19.829184,41.339898]]}},{"type":"Feature","properties":{"line":"16A","mode":"bus","color":"#999f01","oi":-0.714,"n":1,"sw":1},"geometry":{"type":"LineString","coordinates":[[19.829181,41.339903],[19.829195,41.339882]]}},{"type":"Feature","properties":{"line":"16A","mode":"bus","color":"#999f01","oi":-0.631,"n":1,"sw":1},"geometry":{"type":"LineString","coordinates":[[19.829192,41.339887],[19.829206,41.339866]]}},{"type":"Feature","properties":{"line":"16A","mode":"bus","color":"#999f01","oi":-0.544,"n":1,"sw":1},"geometry":{"type":"LineString","coordinates":[[19.829203,41.339871],[19.829217,41.33985]]}},{"type":"Feature","properties":{"line":"16A","mode":"bus","color":"#999f01","oi":-0.456,"n":1,"sw":1},"geometry":{"type":"LineString","coordinates":[[19.829214,41.339855],[19.829228,41.339834]]}},{"type":"Feature","properties":{"line":"16A","mode":"bus","color":"#999f01","oi":-0.369,"n":1,"sw":1},"geometry":{"type":"LineString","coordinates":[[19.829224,41.339839],[19.829239,41.339818]]}},{"type":"Feature","properties":{"line":"16A","mode":"bus","color":"#999f01","oi":-0.286,"n":1,"sw":1},"geometry":{"type":"LineString","coordinates":[[19.829235,41.339823],[19.82925,41.339802]]}},{"type":"Feature","properties":{"line":"16A","mode":"bus","color":"#999f01","oi":-0.209,"n":1,"sw":1},"geometry":{"type":"LineString","coordinates":[[19.829246,41.339807],[19.82926,41.339786]]}},{"type":"Feature","properties":{"line":"16A","mode":"bus","color":"#999f01","oi":-0.14,"n":1,"sw":1},"geometry":{"type":"LineString","coordinates":[[19.829257,41.339791],[19.829271,41.33977]]}},{"type":"Feature","properties":{"line":"16A","mode":"bus","color":"#999f01","oi":-0.082,"n":1,"sw":1},"geometry":{"type":"LineString","coordinates":[[19.829268,41.339775],[19.829282,41.339754]]}},{"type":"Feature","properties":{"line":"16A","mode":"bus","color":"#999f01","oi":-0.038,"n":1,"sw":1},"geometry":{"type":"LineString","coordinates":[[19.829279,41.339759],[19.829293,41.339738]]}},{"type":"Feature","properties":{"line":"16A","mode":"bus","color":"#999f01","oi":-0.01,"n":1,"sw":1},"geometry":{"type":"LineString","coordinates":[[19.82929,41.339743],[19.829304,41.339722]]}},{"type":"Feature","properties":{"line":"16A","mode":"bus","color":"#999f01","oi":0,"n":1,"sw":1},"geometry":{"type":"LineString","coordinates":[[19.829301,41.339727],[19.829315,41.339706]]}},{"type":"Feature","properties":{"line":"16A","mode":"bus","color":"#999f01","oi":0,"n":1},"geometry":{"type":"LineString","coordinates":[[19.824802,41.325295],[19.824733,41.325245],[19.82435,41.325028],[19.823667,41.324767],[19.823013,41.324581],[19.822405,41.324456],[19.817868,41.323734]]}},{"type":"Feature","properties":{"line":"16A","mode":"bus","color":"#999f01","oi":-1.5,"n":1,"sw":1},"geometry":{"type":"LineString","coordinates":[[19.825112,41.32552],[19.825097,41.325509]]}},{"type":"Feature","properties":{"line":"16A","mode":"bus","color":"#999f01","oi":-1.493,"n":1,"sw":1},"geometry":{"type":"LineString","coordinates":[[19.825103,41.325513],[19.825086,41.325501]]}},{"type":"Feature","properties":{"line":"16A","mode":"bus","color":"#999f01","oi":-1.473,"n":1,"sw":1},"geometry":{"type":"LineString","coordinates":[[19.825091,41.325505],[19.825074,41.325492]]}},{"type":"Feature","properties":{"line":"16A","mode":"bus","color":"#999f01","oi":-1.44,"n":1,"sw":1},"geometry":{"type":"LineString","coordinates":[[19.825079,41.325496],[19.825062,41.325484]]}},{"type":"Feature","properties":{"line":"16A","mode":"bus","color":"#999f01","oi":-1.397,"n":1,"sw":1},"geometry":{"type":"LineString","coordinates":[[19.825067,41.325487],[19.82505,41.325475]]}},{"type":"Feature","properties":{"line":"16A","mode":"bus","color":"#999f01","oi":-1.344,"n":1,"sw":1},"geometry":{"type":"LineString","coordinates":[[19.825055,41.325479],[19.825038,41.325466]]}},{"type":"Feature","properties":{"line":"16A","mode":"bus","color":"#999f01","oi":-1.282,"n":1,"sw":1},"geometry":{"type":"LineString","coordinates":[[19.825043,41.32547],[19.825026,41.325458]]}},{"type":"Feature","properties":{"line":"16A","mode":"bus","color":"#999f01","oi":-1.213,"n":1,"sw":1},"geometry":{"type":"LineString","coordinates":[[19.825031,41.325461],[19.825014,41.325449]]}},{"type":"Feature","properties":{"line":"16A","mode":"bus","color":"#999f01","oi":-1.138,"n":1,"sw":1},"geometry":{"type":"LineString","coordinates":[[19.825019,41.325453],[19.825002,41.32544]]}},{"type":"Feature","properties":{"line":"16A","mode":"bus","color":"#999f01","oi":-1.057,"n":1,"sw":1},"geometry":{"type":"LineString","coordinates":[[19.825007,41.325444],[19.82499,41.325432]]}},{"type":"Feature","properties":{"line":"16A","mode":"bus","color":"#999f01","oi":-0.972,"n":1,"sw":1},"geometry":{"type":"LineString","coordinates":[[19.824995,41.325435],[19.824978,41.325423]]}},{"type":"Feature","properties":{"line":"16A","mode":"bus","color":"#999f01","oi":-0.884,"n":1,"sw":1},"geometry":{"type":"LineString","coordinates":[[19.824983,41.325427],[19.824966,41.325414]]}},{"type":"Feature","properties":{"line":"16A","mode":"bus","color":"#999f01","oi":-0.795,"n":1,"sw":1},"geometry":{"type":"LineString","coordinates":[[19.824972,41.325418],[19.824954,41.325406]]}},{"type":"Feature","properties":{"line":"16A","mode":"bus","color":"#999f01","oi":-0.705,"n":1,"sw":1},"geometry":{"type":"LineString","coordinates":[[19.82496,41.325409],[19.824943,41.325397]]}},{"type":"Feature","properties":{"line":"16A","mode":"bus","color":"#999f01","oi":-0.616,"n":1,"sw":1},"geometry":{"type":"LineString","coordinates":[[19.824948,41.325401],[19.824931,41.325388]]}},{"type":"Feature","properties":{"line":"16A","mode":"bus","color":"#999f01","oi":-0.528,"n":1,"sw":1},"geometry":{"type":"LineString","coordinates":[[19.824936,41.325392],[19.824919,41.32538]]}},{"type":"Feature","properties":{"line":"16A","mode":"bus","color":"#999f01","oi":-0.443,"n":1,"sw":1},"geometry":{"type":"LineString","coordinates":[[19.824924,41.325383],[19.824907,41.325371]]}},{"type":"Feature","properties":{"line":"16A","mode":"bus","color":"#999f01","oi":-0.362,"n":1,"sw":1},"geometry":{"type":"LineString","coordinates":[[19.824912,41.325375],[19.824895,41.325362]]}},{"type":"Feature","properties":{"line":"16A","mode":"bus","color":"#999f01","oi":-0.287,"n":1,"sw":1},"geometry":{"type":"LineString","coordinates":[[19.8249,41.325366],[19.824883,41.325354]]}},{"type":"Feature","properties":{"line":"16A","mode":"bus","color":"#999f01","oi":-0.218,"n":1,"sw":1},"geometry":{"type":"LineString","coordinates":[[19.824888,41.325358],[19.824871,41.325345]]}},{"type":"Feature","properties":{"line":"16A","mode":"bus","color":"#999f01","oi":-0.156,"n":1,"sw":1},"geometry":{"type":"LineString","coordinates":[[19.824876,41.325349],[19.824859,41.325336]]}},{"type":"Feature","properties":{"line":"16A","mode":"bus","color":"#999f01","oi":-0.103,"n":1,"sw":1},"geometry":{"type":"LineString","coordinates":[[19.824864,41.32534],[19.824847,41.325328]]}},{"type":"Feature","properties":{"line":"16A","mode":"bus","color":"#999f01","oi":-0.06,"n":1,"sw":1},"geometry":{"type":"LineString","coordinates":[[19.824852,41.325332],[19.824835,41.325319]]}},{"type":"Feature","properties":{"line":"16A","mode":"bus","color":"#999f01","oi":-0.027,"n":1,"sw":1},"geometry":{"type":"LineString","coordinates":[[19.82484,41.325323],[19.824823,41.325311]]}},{"type":"Feature","properties":{"line":"16A","mode":"bus","color":"#999f01","oi":-0.007,"n":1,"sw":1},"geometry":{"type":"LineString","coordinates":[[19.824828,41.325314],[19.824811,41.325302]]}},{"type":"Feature","properties":{"line":"16A","mode":"bus","color":"#999f01","oi":0,"n":1,"sw":1},"geometry":{"type":"LineString","coordinates":[[19.824817,41.325306],[19.824799,41.325293]]}},{"type":"Feature","properties":{"line":"16A","mode":"bus","color":"#999f01","oi":0,"n":1,"sw":1},"geometry":{"type":"LineString","coordinates":[[19.817872,41.323735],[19.817841,41.32373]]}},{"type":"Feature","properties":{"line":"16A","mode":"bus","color":"#999f01","oi":-0.01,"n":1,"sw":1},"geometry":{"type":"LineString","coordinates":[[19.817848,41.323731],[19.817818,41.323726]]}},{"type":"Feature","properties":{"line":"16A","mode":"bus","color":"#999f01","oi":-0.038,"n":1,"sw":1},"geometry":{"type":"LineString","coordinates":[[19.817825,41.323727],[19.817795,41.323722]]}},{"type":"Feature","properties":{"line":"16A","mode":"bus","color":"#999f01","oi":-0.082,"n":1,"sw":1},"geometry":{"type":"LineString","coordinates":[[19.817802,41.323723],[19.817771,41.323719]]}},{"type":"Feature","properties":{"line":"16A","mode":"bus","color":"#999f01","oi":-0.14,"n":1,"sw":1},"geometry":{"type":"LineString","coordinates":[[19.817778,41.32372],[19.817748,41.323715]]}},{"type":"Feature","properties":{"line":"16A","mode":"bus","color":"#999f01","oi":-0.209,"n":1,"sw":1},"geometry":{"type":"LineString","coordinates":[[19.817755,41.323716],[19.817724,41.323711]]}},{"type":"Feature","properties":{"line":"16A","mode":"bus","color":"#999f01","oi":-0.286,"n":1,"sw":1},"geometry":{"type":"LineString","coordinates":[[19.817731,41.323712],[19.817701,41.323707]]}},{"type":"Feature","properties":{"line":"16A","mode":"bus","color":"#999f01","oi":-0.369,"n":1,"sw":1},"geometry":{"type":"LineString","coordinates":[[19.817708,41.323709],[19.817678,41.323704]]}},{"type":"Feature","properties":{"line":"16A","mode":"bus","color":"#999f01","oi":-0.456,"n":1,"sw":1},"geometry":{"type":"LineString","coordinates":[[19.817685,41.323705],[19.817654,41.3237]]}},{"type":"Feature","properties":{"line":"16A","mode":"bus","color":"#999f01","oi":-0.544,"n":1,"sw":1},"geometry":{"type":"LineString","coordinates":[[19.817661,41.323701],[19.817631,41.323696]]}},{"type":"Feature","properties":{"line":"16A","mode":"bus","color":"#999f01","oi":-0.631,"n":1,"sw":1},"geometry":{"type":"LineString","coordinates":[[19.817638,41.323697],[19.817607,41.323693]]}},{"type":"Feature","properties":{"line":"16A","mode":"bus","color":"#999f01","oi":-0.714,"n":1,"sw":1},"geometry":{"type":"LineString","coordinates":[[19.817614,41.323694],[19.817584,41.323689]]}},{"type":"Feature","properties":{"line":"16A","mode":"bus","color":"#999f01","oi":-0.791,"n":1,"sw":1},"geometry":{"type":"LineString","coordinates":[[19.817591,41.32369],[19.817561,41.323685]]}},{"type":"Feature","properties":{"line":"16A","mode":"bus","color":"#999f01","oi":-0.86,"n":1,"sw":1},"geometry":{"type":"LineString","coordinates":[[19.817568,41.323686],[19.817537,41.323681]]}},{"type":"Feature","properties":{"line":"16A","mode":"bus","color":"#999f01","oi":-0.918,"n":1,"sw":1},"geometry":{"type":"LineString","coordinates":[[19.817544,41.323682],[19.817514,41.323678]]}},{"type":"Feature","properties":{"line":"16A","mode":"bus","color":"#999f01","oi":-0.962,"n":1,"sw":1},"geometry":{"type":"LineString","coordinates":[[19.817521,41.323679],[19.81749,41.323674]]}},{"type":"Feature","properties":{"line":"16A","mode":"bus","color":"#999f01","oi":-0.99,"n":1,"sw":1},"geometry":{"type":"LineString","coordinates":[[19.817497,41.323675],[19.817467,41.32367]]}},{"type":"Feature","properties":{"line":"16A","mode":"bus","color":"#999f01","oi":-1,"n":1,"sw":1},"geometry":{"type":"LineString","coordinates":[[19.817474,41.323671],[19.817447,41.323667]]}},{"type":"Feature","properties":{"line":"16A","mode":"bus","color":"#999f01","oi":0,"n":1},"geometry":{"type":"LineString","coordinates":[[19.812843,41.322939],[19.805491,41.321783],[19.805322,41.321853],[19.805191,41.321944],[19.803546,41.325724]]}},{"type":"Feature","properties":{"line":"16A","mode":"bus","color":"#999f01","oi":-1,"n":1,"sw":1},"geometry":{"type":"LineString","coordinates":[[19.813265,41.323005],[19.813238,41.323001]]}},{"type":"Feature","properties":{"line":"16A","mode":"bus","color":"#999f01","oi":-0.99,"n":1,"sw":1},"geometry":{"type":"LineString","coordinates":[[19.813245,41.323002],[19.813215,41.322997]]}},{"type":"Feature","properties":{"line":"16A","mode":"bus","color":"#999f01","oi":-0.962,"n":1,"sw":1},"geometry":{"type":"LineString","coordinates":[[19.813222,41.322998],[19.813191,41.322993]]}},{"type":"Feature","properties":{"line":"16A","mode":"bus","color":"#999f01","oi":-0.918,"n":1,"sw":1},"geometry":{"type":"LineString","coordinates":[[19.813198,41.322995],[19.813168,41.32299]]}},{"type":"Feature","properties":{"line":"16A","mode":"bus","color":"#999f01","oi":-0.86,"n":1,"sw":1},"geometry":{"type":"LineString","coordinates":[[19.813175,41.322991],[19.813144,41.322986]]}},{"type":"Feature","properties":{"line":"16A","mode":"bus","color":"#999f01","oi":-0.791,"n":1,"sw":1},"geometry":{"type":"LineString","coordinates":[[19.813151,41.322987],[19.813121,41.322982]]}},{"type":"Feature","properties":{"line":"16A","mode":"bus","color":"#999f01","oi":-0.714,"n":1,"sw":1},"geometry":{"type":"LineString","coordinates":[[19.813128,41.322983],[19.813098,41.322979]]}},{"type":"Feature","properties":{"line":"16A","mode":"bus","color":"#999f01","oi":-0.631,"n":1,"sw":1},"geometry":{"type":"LineString","coordinates":[[19.813105,41.32298],[19.813074,41.322975]]}},{"type":"Feature","properties":{"line":"16A","mode":"bus","color":"#999f01","oi":-0.544,"n":1,"sw":1},"geometry":{"type":"LineString","coordinates":[[19.813081,41.322976],[19.813051,41.322971]]}},{"type":"Feature","properties":{"line":"16A","mode":"bus","color":"#999f01","oi":-0.456,"n":1,"sw":1},"geometry":{"type":"LineString","coordinates":[[19.813058,41.322972],[19.813027,41.322968]]}},{"type":"Feature","properties":{"line":"16A","mode":"bus","color":"#999f01","oi":-0.369,"n":1,"sw":1},"geometry":{"type":"LineString","coordinates":[[19.813034,41.322969],[19.813004,41.322964]]}},{"type":"Feature","properties":{"line":"16A","mode":"bus","color":"#999f01","oi":-0.286,"n":1,"sw":1},"geometry":{"type":"LineString","coordinates":[[19.813011,41.322965],[19.81298,41.32296]]}},{"type":"Feature","properties":{"line":"16A","mode":"bus","color":"#999f01","oi":-0.209,"n":1,"sw":1},"geometry":{"type":"LineString","coordinates":[[19.812987,41.322961],[19.812957,41.322957]]}},{"type":"Feature","properties":{"line":"16A","mode":"bus","color":"#999f01","oi":-0.14,"n":1,"sw":1},"geometry":{"type":"LineString","coordinates":[[19.812964,41.322958],[19.812934,41.322953]]}},{"type":"Feature","properties":{"line":"16A","mode":"bus","color":"#999f01","oi":-0.082,"n":1,"sw":1},"geometry":{"type":"LineString","coordinates":[[19.812941,41.322954],[19.81291,41.322949]]}},{"type":"Feature","properties":{"line":"16A","mode":"bus","color":"#999f01","oi":-0.038,"n":1,"sw":1},"geometry":{"type":"LineString","coordinates":[[19.812917,41.32295],[19.812887,41.322946]]}},{"type":"Feature","properties":{"line":"16A","mode":"bus","color":"#999f01","oi":-0.01,"n":1,"sw":1},"geometry":{"type":"LineString","coordinates":[[19.812894,41.322947],[19.812863,41.322942]]}},{"type":"Feature","properties":{"line":"16A","mode":"bus","color":"#999f01","oi":0,"n":1,"sw":1},"geometry":{"type":"LineString","coordinates":[[19.81287,41.322943],[19.81284,41.322938]]}},{"type":"Feature","properties":{"line":"16A","mode":"bus","color":"#999f01","oi":0,"n":1,"sw":1},"geometry":{"type":"LineString","coordinates":[[19.803547,41.325722],[19.803531,41.325757]]}},{"type":"Feature","properties":{"line":"16A","mode":"bus","color":"#999f01","oi":-0.017,"n":1,"sw":1},"geometry":{"type":"LineString","coordinates":[[19.803534,41.325752],[19.803518,41.325788]]}},{"type":"Feature","properties":{"line":"16A","mode":"bus","color":"#999f01","oi":-0.063,"n":1,"sw":1},"geometry":{"type":"LineString","coordinates":[[19.80352,41.325783],[19.803505,41.325819]]}},{"type":"Feature","properties":{"line":"16A","mode":"bus","color":"#999f01","oi":-0.13,"n":1,"sw":1},"geometry":{"type":"LineString","coordinates":[[19.803507,41.325814],[19.803491,41.32585]]}},{"type":"Feature","properties":{"line":"16A","mode":"bus","color":"#999f01","oi":-0.209,"n":1,"sw":1},"geometry":{"type":"LineString","coordinates":[[19.803494,41.325845],[19.803478,41.325881]]}},{"type":"Feature","properties":{"line":"16A","mode":"bus","color":"#999f01","oi":-0.291,"n":1,"sw":1},"geometry":{"type":"LineString","coordinates":[[19.80348,41.325876],[19.803464,41.325911]]}},{"type":"Feature","properties":{"line":"16A","mode":"bus","color":"#999f01","oi":-0.37,"n":1,"sw":1},"geometry":{"type":"LineString","coordinates":[[19.803467,41.325906],[19.803451,41.325942]]}},{"type":"Feature","properties":{"line":"16A","mode":"bus","color":"#999f01","oi":-0.437,"n":1,"sw":1},"geometry":{"type":"LineString","coordinates":[[19.803453,41.325937],[19.803438,41.325973]]}},{"type":"Feature","properties":{"line":"16A","mode":"bus","color":"#999f01","oi":-0.483,"n":1,"sw":1},"geometry":{"type":"LineString","coordinates":[[19.80344,41.325968],[19.803424,41.326004]]}},{"type":"Feature","properties":{"line":"16A","mode":"bus","color":"#999f01","oi":-0.5,"n":1,"sw":1},"geometry":{"type":"LineString","coordinates":[[19.803427,41.325999],[19.803412,41.326032]]}},{"type":"Feature","properties":{"line":"16A","mode":"bus","color":"#999f01","oi":0,"n":1},"geometry":{"type":"LineString","coordinates":[[19.802592,41.328365],[19.802588,41.328618],[19.802613,41.328872],[19.802691,41.329152],[19.802811,41.329412],[19.80431,41.331884],[19.804377,41.33205],[19.804403,41.332478],[19.804553,41.332748]]}},{"type":"Feature","properties":{"line":"16A","mode":"bus","color":"#999f01","oi":-0.5,"n":1,"sw":1},"geometry":{"type":"LineString","coordinates":[[19.802598,41.328041],[19.802597,41.328076]]}},{"type":"Feature","properties":{"line":"16A","mode":"bus","color":"#999f01","oi":-0.483,"n":1,"sw":1},"geometry":{"type":"LineString","coordinates":[[19.802597,41.328071],[19.802597,41.328108]]}},{"type":"Feature","properties":{"line":"16A","mode":"bus","color":"#999f01","oi":-0.437,"n":1,"sw":1},"geometry":{"type":"LineString","coordinates":[[19.802597,41.328103],[19.802596,41.328141]]}},{"type":"Feature","properties":{"line":"16A","mode":"bus","color":"#999f01","oi":-0.37,"n":1,"sw":1},"geometry":{"type":"LineString","coordinates":[[19.802596,41.328135],[19.802596,41.328173]]}},{"type":"Feature","properties":{"line":"16A","mode":"bus","color":"#999f01","oi":-0.291,"n":1,"sw":1},"geometry":{"type":"LineString","coordinates":[[19.802596,41.328168],[19.802595,41.328206]]}},{"type":"Feature","properties":{"line":"16A","mode":"bus","color":"#999f01","oi":-0.209,"n":1,"sw":1},"geometry":{"type":"LineString","coordinates":[[19.802595,41.3282],[19.802595,41.328238]]}},{"type":"Feature","properties":{"line":"16A","mode":"bus","color":"#999f01","oi":-0.13,"n":1,"sw":1},"geometry":{"type":"LineString","coordinates":[[19.802595,41.328233],[19.802594,41.32827]]}},{"type":"Feature","properties":{"line":"16A","mode":"bus","color":"#999f01","oi":-0.063,"n":1,"sw":1},"geometry":{"type":"LineString","coordinates":[[19.802594,41.328265],[19.802593,41.328303]]}},{"type":"Feature","properties":{"line":"16A","mode":"bus","color":"#999f01","oi":-0.017,"n":1,"sw":1},"geometry":{"type":"LineString","coordinates":[[19.802594,41.328297],[19.802593,41.328335]]}},{"type":"Feature","properties":{"line":"16A","mode":"bus","color":"#999f01","oi":0,"n":1,"sw":1},"geometry":{"type":"LineString","coordinates":[[19.802593,41.32833],[19.802592,41.328368]]}},{"type":"Feature","properties":{"line":"15B","mode":"bus","color":"#4d4aba","oi":0,"n":1},"geometry":{"type":"LineString","coordinates":[[19.844544,41.351279],[19.844489,41.351035],[19.844513,41.350884],[19.84458,41.350764],[19.844582,41.350669],[19.84449,41.35052],[19.844308,41.350431],[19.844141,41.350421],[19.844033,41.350443],[19.843927,41.350495],[19.843841,41.35058]]}},{"type":"Feature","properties":{"line":"15B","mode":"bus","color":"#4d4aba","oi":0,"n":1},"geometry":{"type":"LineString","coordinates":[[19.841241,41.346006],[19.841464,41.346206],[19.841961,41.346501],[19.842219,41.346708],[19.842382,41.346899],[19.84265,41.347358],[19.8437,41.34927],[19.843755,41.349491],[19.843882,41.350422],[19.843799,41.350693],[19.84382,41.350812],[19.843945,41.350944],[19.844245,41.35105],[19.844408,41.351155],[19.844544,41.351279],[19.845125,41.352111],[19.845984,41.353451],[19.846848,41.355449],[19.847656,41.357414],[19.848088,41.358205],[19.848408,41.358517],[19.849025,41.358921],[19.85094,41.360082],[19.851345,41.360399],[19.85151,41.360586],[19.851892,41.361614],[19.852851,41.36456],[19.853176,41.36543],[19.85443,41.36848],[19.854542,41.368835],[19.854952,41.36988]]}},{"type":"Feature","properties":{"line":"15B","mode":"bus","color":"#4d4aba","oi":0,"n":1},"geometry":{"type":"LineString","coordinates":[[19.851797,41.361519],[19.851854,41.361504]]}},{"type":"Feature","properties":{"line":"15B","mode":"bus","color":"#4d4aba","oi":-1.5,"n":4},"geometry":{"type":"LineString","coordinates":[[19.829117,41.339997],[19.834996,41.342975],[19.835319,41.343178],[19.838245,41.34522]]}},{"type":"Feature","properties":{"line":"15B","mode":"bus","color":"#4d4aba","oi":-1.5,"n":4},"geometry":{"type":"LineString","coordinates":[[19.838234,41.345296],[19.834943,41.343027],[19.83154,41.341285],[19.829467,41.340269]]}},{"type":"Feature","properties":{"line":"15B","mode":"bus","color":"#4d4aba","oi":-1.5,"n":4},"geometry":{"type":"LineString","coordinates":[[19.772449,41.31611],[19.772546,41.316171],[19.773302,41.316479],[19.774768,41.316963],[19.77724,41.317749],[19.779794,41.31852],[19.783563,41.319706]]}},{"type":"Feature","properties":{"line":"15B","mode":"bus","color":"#4d4aba","oi":-1.5,"n":4,"sw":1},"geometry":{"type":"LineString","coordinates":[[19.783559,41.319705],[19.783581,41.319712]]}},{"type":"Feature","properties":{"line":"15B","mode":"bus","color":"#4d4aba","oi":-1.493,"n":4,"sw":1},"geometry":{"type":"LineString","coordinates":[[19.783575,41.31971],[19.783597,41.319717]]}},{"type":"Feature","properties":{"line":"15B","mode":"bus","color":"#4d4aba","oi":-1.473,"n":4,"sw":1},"geometry":{"type":"LineString","coordinates":[[19.78359,41.319715],[19.783612,41.319721]]}},{"type":"Feature","properties":{"line":"15B","mode":"bus","color":"#4d4aba","oi":-1.44,"n":4,"sw":1},"geometry":{"type":"LineString","coordinates":[[19.783605,41.319719],[19.783627,41.319726]]}},{"type":"Feature","properties":{"line":"15B","mode":"bus","color":"#4d4aba","oi":-1.397,"n":4,"sw":1},"geometry":{"type":"LineString","coordinates":[[19.783621,41.319724],[19.783642,41.319731]]}},{"type":"Feature","properties":{"line":"15B","mode":"bus","color":"#4d4aba","oi":-1.344,"n":4,"sw":1},"geometry":{"type":"LineString","coordinates":[[19.783636,41.319729],[19.783658,41.319736]]}},{"type":"Feature","properties":{"line":"15B","mode":"bus","color":"#4d4aba","oi":-1.282,"n":4,"sw":1},"geometry":{"type":"LineString","coordinates":[[19.783651,41.319734],[19.783673,41.319741]]}},{"type":"Feature","properties":{"line":"15B","mode":"bus","color":"#4d4aba","oi":-1.213,"n":4,"sw":1},"geometry":{"type":"LineString","coordinates":[[19.783666,41.319739],[19.783688,41.319745]]}},{"type":"Feature","properties":{"line":"15B","mode":"bus","color":"#4d4aba","oi":-1.138,"n":4,"sw":1},"geometry":{"type":"LineString","coordinates":[[19.783682,41.319743],[19.783704,41.31975]]}},{"type":"Feature","properties":{"line":"15B","mode":"bus","color":"#4d4aba","oi":-1.057,"n":4,"sw":1},"geometry":{"type":"LineString","coordinates":[[19.783697,41.319748],[19.783719,41.319755]]}},{"type":"Feature","properties":{"line":"15B","mode":"bus","color":"#4d4aba","oi":-0.972,"n":4,"sw":1},"geometry":{"type":"LineString","coordinates":[[19.783712,41.319753],[19.783734,41.31976]]}},{"type":"Feature","properties":{"line":"15B","mode":"bus","color":"#4d4aba","oi":-0.884,"n":4,"sw":1},"geometry":{"type":"LineString","coordinates":[[19.783727,41.319758],[19.783749,41.319765]]}},{"type":"Feature","properties":{"line":"15B","mode":"bus","color":"#4d4aba","oi":-0.795,"n":4,"sw":1},"geometry":{"type":"LineString","coordinates":[[19.783743,41.319763],[19.783765,41.31977]]}},{"type":"Feature","properties":{"line":"15B","mode":"bus","color":"#4d4aba","oi":-0.705,"n":4,"sw":1},"geometry":{"type":"LineString","coordinates":[[19.783758,41.319767],[19.78378,41.319774]]}},{"type":"Feature","properties":{"line":"15B","mode":"bus","color":"#4d4aba","oi":-0.616,"n":4,"sw":1},"geometry":{"type":"LineString","coordinates":[[19.783773,41.319772],[19.783795,41.319779]]}},{"type":"Feature","properties":{"line":"15B","mode":"bus","color":"#4d4aba","oi":-0.528,"n":4,"sw":1},"geometry":{"type":"LineString","coordinates":[[19.783789,41.319777],[19.783811,41.319784]]}},{"type":"Feature","properties":{"line":"15B","mode":"bus","color":"#4d4aba","oi":-0.443,"n":4,"sw":1},"geometry":{"type":"LineString","coordinates":[[19.783804,41.319782],[19.783826,41.319789]]}},{"type":"Feature","properties":{"line":"15B","mode":"bus","color":"#4d4aba","oi":-0.362,"n":4,"sw":1},"geometry":{"type":"LineString","coordinates":[[19.783819,41.319787],[19.783841,41.319794]]}},{"type":"Feature","properties":{"line":"15B","mode":"bus","color":"#4d4aba","oi":-0.287,"n":4,"sw":1},"geometry":{"type":"LineString","coordinates":[[19.783834,41.319791],[19.783856,41.319798]]}},{"type":"Feature","properties":{"line":"15B","mode":"bus","color":"#4d4aba","oi":-0.218,"n":4,"sw":1},"geometry":{"type":"LineString","coordinates":[[19.78385,41.319796],[19.783872,41.319803]]}},{"type":"Feature","properties":{"line":"15B","mode":"bus","color":"#4d4aba","oi":-0.156,"n":4,"sw":1},"geometry":{"type":"LineString","coordinates":[[19.783865,41.319801],[19.783887,41.319808]]}},{"type":"Feature","properties":{"line":"15B","mode":"bus","color":"#4d4aba","oi":-0.103,"n":4,"sw":1},"geometry":{"type":"LineString","coordinates":[[19.78388,41.319806],[19.783902,41.319813]]}},{"type":"Feature","properties":{"line":"15B","mode":"bus","color":"#4d4aba","oi":-0.06,"n":4,"sw":1},"geometry":{"type":"LineString","coordinates":[[19.783896,41.319811],[19.783917,41.319818]]}},{"type":"Feature","properties":{"line":"15B","mode":"bus","color":"#4d4aba","oi":-0.027,"n":4,"sw":1},"geometry":{"type":"LineString","coordinates":[[19.783911,41.319816],[19.783933,41.319822]]}},{"type":"Feature","properties":{"line":"15B","mode":"bus","color":"#4d4aba","oi":-0.007,"n":4,"sw":1},"geometry":{"type":"LineString","coordinates":[[19.783926,41.31982],[19.783948,41.319827]]}},{"type":"Feature","properties":{"line":"15B","mode":"bus","color":"#4d4aba","oi":0,"n":4,"sw":1},"geometry":{"type":"LineString","coordinates":[[19.783941,41.319825],[19.78396,41.319831]]}},{"type":"Feature","properties":{"line":"15B","mode":"bus","color":"#4d4aba","oi":-1.5,"n":4},"geometry":{"type":"LineString","coordinates":[[19.783645,41.31968],[19.776425,41.317425],[19.773337,41.316421],[19.77257,41.316134],[19.772449,41.31611],[19.766374,41.313659]]}},{"type":"Feature","properties":{"line":"15B","mode":"bus","color":"#4d4aba","oi":0,"n":4,"sw":1},"geometry":{"type":"LineString","coordinates":[[19.784043,41.319804],[19.784024,41.319798]]}},{"type":"Feature","properties":{"line":"15B","mode":"bus","color":"#4d4aba","oi":-0.007,"n":4,"sw":1},"geometry":{"type":"LineString","coordinates":[[19.784031,41.3198],[19.784009,41.319793]]}},{"type":"Feature","properties":{"line":"15B","mode":"bus","color":"#4d4aba","oi":-0.027,"n":4,"sw":1},"geometry":{"type":"LineString","coordinates":[[19.784016,41.319795],[19.783994,41.319789]]}},{"type":"Feature","properties":{"line":"15B","mode":"bus","color":"#4d4aba","oi":-0.06,"n":4,"sw":1},"geometry":{"type":"LineString","coordinates":[[19.784,41.319791],[19.783978,41.319784]]}},{"type":"Feature","properties":{"line":"15B","mode":"bus","color":"#4d4aba","oi":-0.103,"n":4,"sw":1},"geometry":{"type":"LineString","coordinates":[[19.783985,41.319786],[19.783963,41.319779]]}},{"type":"Feature","properties":{"line":"15B","mode":"bus","color":"#4d4aba","oi":-0.156,"n":4,"sw":1},"geometry":{"type":"LineString","coordinates":[[19.78397,41.319781],[19.783948,41.319774]]}},{"type":"Feature","properties":{"line":"15B","mode":"bus","color":"#4d4aba","oi":-0.218,"n":4,"sw":1},"geometry":{"type":"LineString","coordinates":[[19.783955,41.319776],[19.783933,41.31977]]}},{"type":"Feature","properties":{"line":"15B","mode":"bus","color":"#4d4aba","oi":-0.287,"n":4,"sw":1},"geometry":{"type":"LineString","coordinates":[[19.783939,41.319772],[19.783917,41.319765]]}},{"type":"Feature","properties":{"line":"15B","mode":"bus","color":"#4d4aba","oi":-0.362,"n":4,"sw":1},"geometry":{"type":"LineString","coordinates":[[19.783924,41.319767],[19.783902,41.31976]]}},{"type":"Feature","properties":{"line":"15B","mode":"bus","color":"#4d4aba","oi":-0.443,"n":4,"sw":1},"geometry":{"type":"LineString","coordinates":[[19.783909,41.319762],[19.783887,41.319755]]}},{"type":"Feature","properties":{"line":"15B","mode":"bus","color":"#4d4aba","oi":-0.528,"n":4,"sw":1},"geometry":{"type":"LineString","coordinates":[[19.783893,41.319757],[19.783871,41.31975]]}},{"type":"Feature","properties":{"line":"15B","mode":"bus","color":"#4d4aba","oi":-0.616,"n":4,"sw":1},"geometry":{"type":"LineString","coordinates":[[19.783878,41.319752],[19.783856,41.319746]]}},{"type":"Feature","properties":{"line":"15B","mode":"bus","color":"#4d4aba","oi":-0.705,"n":4,"sw":1},"geometry":{"type":"LineString","coordinates":[[19.783863,41.319748],[19.783841,41.319741]]}},{"type":"Feature","properties":{"line":"15B","mode":"bus","color":"#4d4aba","oi":-0.795,"n":4,"sw":1},"geometry":{"type":"LineString","coordinates":[[19.783847,41.319743],[19.783826,41.319736]]}},{"type":"Feature","properties":{"line":"15B","mode":"bus","color":"#4d4aba","oi":-0.884,"n":4,"sw":1},"geometry":{"type":"LineString","coordinates":[[19.783832,41.319738],[19.78381,41.319731]]}},{"type":"Feature","properties":{"line":"15B","mode":"bus","color":"#4d4aba","oi":-0.972,"n":4,"sw":1},"geometry":{"type":"LineString","coordinates":[[19.783817,41.319733],[19.783795,41.319727]]}},{"type":"Feature","properties":{"line":"15B","mode":"bus","color":"#4d4aba","oi":-1.057,"n":4,"sw":1},"geometry":{"type":"LineString","coordinates":[[19.783802,41.319729],[19.78378,41.319722]]}},{"type":"Feature","properties":{"line":"15B","mode":"bus","color":"#4d4aba","oi":-1.138,"n":4,"sw":1},"geometry":{"type":"LineString","coordinates":[[19.783786,41.319724],[19.783764,41.319717]]}},{"type":"Feature","properties":{"line":"15B","mode":"bus","color":"#4d4aba","oi":-1.213,"n":4,"sw":1},"geometry":{"type":"LineString","coordinates":[[19.783771,41.319719],[19.783749,41.319712]]}},{"type":"Feature","properties":{"line":"15B","mode":"bus","color":"#4d4aba","oi":-1.282,"n":4,"sw":1},"geometry":{"type":"LineString","coordinates":[[19.783756,41.319714],[19.783734,41.319707]]}},{"type":"Feature","properties":{"line":"15B","mode":"bus","color":"#4d4aba","oi":-1.344,"n":4,"sw":1},"geometry":{"type":"LineString","coordinates":[[19.78374,41.319709],[19.783718,41.319703]]}},{"type":"Feature","properties":{"line":"15B","mode":"bus","color":"#4d4aba","oi":-1.397,"n":4,"sw":1},"geometry":{"type":"LineString","coordinates":[[19.783725,41.319705],[19.783703,41.319698]]}},{"type":"Feature","properties":{"line":"15B","mode":"bus","color":"#4d4aba","oi":-1.44,"n":4,"sw":1},"geometry":{"type":"LineString","coordinates":[[19.78371,41.3197],[19.783688,41.319693]]}},{"type":"Feature","properties":{"line":"15B","mode":"bus","color":"#4d4aba","oi":-1.473,"n":4,"sw":1},"geometry":{"type":"LineString","coordinates":[[19.783694,41.319695],[19.783673,41.319688]]}},{"type":"Feature","properties":{"line":"15B","mode":"bus","color":"#4d4aba","oi":-1.493,"n":4,"sw":1},"geometry":{"type":"LineString","coordinates":[[19.783679,41.31969],[19.783657,41.319684]]}},{"type":"Feature","properties":{"line":"15B","mode":"bus","color":"#4d4aba","oi":-1.5,"n":4,"sw":1},"geometry":{"type":"LineString","coordinates":[[19.783664,41.319686],[19.783642,41.319679]]}},{"type":"Feature","properties":{"line":"15B","mode":"bus","color":"#4d4aba","oi":-0.5,"n":2},"geometry":{"type":"LineString","coordinates":[[19.828954,41.339937],[19.826014,41.338263],[19.825923,41.338208],[19.825813,41.338085],[19.825104,41.337187],[19.824858,41.336811],[19.822804,41.333072],[19.822392,41.33241],[19.821913,41.331825],[19.820938,41.330874]]}},{"type":"Feature","properties":{"line":"15B","mode":"bus","color":"#4d4aba","oi":-0.5,"n":2,"sw":1},"geometry":{"type":"LineString","coordinates":[[19.82094,41.330876],[19.820909,41.330846]]}},{"type":"Feature","properties":{"line":"15B","mode":"bus","color":"#4d4aba","oi":-0.483,"n":2,"sw":1},"geometry":{"type":"LineString","coordinates":[[19.820914,41.33085],[19.820883,41.33082]]}},{"type":"Feature","properties":{"line":"15B","mode":"bus","color":"#4d4aba","oi":-0.437,"n":2,"sw":1},"geometry":{"type":"LineString","coordinates":[[19.820888,41.330824],[19.820857,41.330794]]}},{"type":"Feature","properties":{"line":"15B","mode":"bus","color":"#4d4aba","oi":-0.37,"n":2,"sw":1},"geometry":{"type":"LineString","coordinates":[[19.820861,41.330799],[19.820831,41.330769]]}},{"type":"Feature","properties":{"line":"15B","mode":"bus","color":"#4d4aba","oi":-0.291,"n":2,"sw":1},"geometry":{"type":"LineString","coordinates":[[19.820835,41.330773],[19.820804,41.330743]]}},{"type":"Feature","properties":{"line":"15B","mode":"bus","color":"#4d4aba","oi":-0.209,"n":2,"sw":1},"geometry":{"type":"LineString","coordinates":[[19.820809,41.330747],[19.820778,41.330717]]}},{"type":"Feature","properties":{"line":"15B","mode":"bus","color":"#4d4aba","oi":-0.13,"n":2,"sw":1},"geometry":{"type":"LineString","coordinates":[[19.820782,41.330722],[19.820752,41.330692]]}},{"type":"Feature","properties":{"line":"15B","mode":"bus","color":"#4d4aba","oi":-0.063,"n":2,"sw":1},"geometry":{"type":"LineString","coordinates":[[19.820756,41.330696],[19.820725,41.330666]]}},{"type":"Feature","properties":{"line":"15B","mode":"bus","color":"#4d4aba","oi":-0.017,"n":2,"sw":1},"geometry":{"type":"LineString","coordinates":[[19.82073,41.33067],[19.820699,41.330641]]}},{"type":"Feature","properties":{"line":"15B","mode":"bus","color":"#4d4aba","oi":0,"n":2,"sw":1},"geometry":{"type":"LineString","coordinates":[[19.820703,41.330645],[19.820675,41.330617]]}},{"type":"Feature","properties":{"line":"15B","mode":"bus","color":"#4d4aba","oi":-1.5,"n":2,"sw":1},"geometry":{"type":"LineString","coordinates":[[19.829467,41.340269],[19.829446,41.340257]]}},{"type":"Feature","properties":{"line":"15B","mode":"bus","color":"#4d4aba","oi":-1.49,"n":2,"sw":1},"geometry":{"type":"LineString","coordinates":[[19.829451,41.340261],[19.829427,41.340247]]}},{"type":"Feature","properties":{"line":"15B","mode":"bus","color":"#4d4aba","oi":-1.462,"n":2,"sw":1},"geometry":{"type":"LineString","coordinates":[[19.829433,41.34025],[19.829409,41.340237]]}},{"type":"Feature","properties":{"line":"15B","mode":"bus","color":"#4d4aba","oi":-1.418,"n":2,"sw":1},"geometry":{"type":"LineString","coordinates":[[19.829414,41.34024],[19.82939,41.340227]]}},{"type":"Feature","properties":{"line":"15B","mode":"bus","color":"#4d4aba","oi":-1.36,"n":2,"sw":1},"geometry":{"type":"LineString","coordinates":[[19.829396,41.34023],[19.829372,41.340217]]}},{"type":"Feature","properties":{"line":"15B","mode":"bus","color":"#4d4aba","oi":-1.291,"n":2,"sw":1},"geometry":{"type":"LineString","coordinates":[[19.829377,41.34022],[19.829353,41.340207]]}},{"type":"Feature","properties":{"line":"15B","mode":"bus","color":"#4d4aba","oi":-1.214,"n":2,"sw":1},"geometry":{"type":"LineString","coordinates":[[19.829359,41.34021],[19.829335,41.340197]]}},{"type":"Feature","properties":{"line":"15B","mode":"bus","color":"#4d4aba","oi":-1.131,"n":2,"sw":1},"geometry":{"type":"LineString","coordinates":[[19.82934,41.3402],[19.829316,41.340187]]}},{"type":"Feature","properties":{"line":"15B","mode":"bus","color":"#4d4aba","oi":-1.044,"n":2,"sw":1},"geometry":{"type":"LineString","coordinates":[[19.829322,41.34019],[19.829298,41.340177]]}},{"type":"Feature","properties":{"line":"15B","mode":"bus","color":"#4d4aba","oi":-0.956,"n":2,"sw":1},"geometry":{"type":"LineString","coordinates":[[19.829303,41.34018],[19.829279,41.340167]]}},{"type":"Feature","properties":{"line":"15B","mode":"bus","color":"#4d4aba","oi":-0.869,"n":2,"sw":1},"geometry":{"type":"LineString","coordinates":[[19.829285,41.34017],[19.829261,41.340157]]}},{"type":"Feature","properties":{"line":"15B","mode":"bus","color":"#4d4aba","oi":-0.786,"n":2,"sw":1},"geometry":{"type":"LineString","coordinates":[[19.829267,41.34016],[19.829242,41.340147]]}},{"type":"Feature","properties":{"line":"15B","mode":"bus","color":"#4d4aba","oi":-0.709,"n":2,"sw":1},"geometry":{"type":"LineString","coordinates":[[19.829248,41.34015],[19.829224,41.340137]]}},{"type":"Feature","properties":{"line":"15B","mode":"bus","color":"#4d4aba","oi":-0.64,"n":2,"sw":1},"geometry":{"type":"LineString","coordinates":[[19.82923,41.34014],[19.829205,41.340127]]}},{"type":"Feature","properties":{"line":"15B","mode":"bus","color":"#4d4aba","oi":-0.582,"n":2,"sw":1},"geometry":{"type":"LineString","coordinates":[[19.829211,41.34013],[19.829187,41.340116]]}},{"type":"Feature","properties":{"line":"15B","mode":"bus","color":"#4d4aba","oi":-0.538,"n":2,"sw":1},"geometry":{"type":"LineString","coordinates":[[19.829193,41.34012],[19.829168,41.340106]]}},{"type":"Feature","properties":{"line":"15B","mode":"bus","color":"#4d4aba","oi":-0.51,"n":2,"sw":1},"geometry":{"type":"LineString","coordinates":[[19.829174,41.34011],[19.82915,41.340096]]}},{"type":"Feature","properties":{"line":"15B","mode":"bus","color":"#4d4aba","oi":-0.5,"n":2,"sw":1},"geometry":{"type":"LineString","coordinates":[[19.829156,41.340099],[19.829131,41.340086]]}},{"type":"Feature","properties":{"line":"15B","mode":"bus","color":"#4d4aba","oi":-0.5,"n":2,"sw":1},"geometry":{"type":"LineString","coordinates":[[19.829137,41.340089],[19.829113,41.340076]]}},{"type":"Feature","properties":{"line":"15B","mode":"bus","color":"#4d4aba","oi":-0.51,"n":2,"sw":1},"geometry":{"type":"LineString","coordinates":[[19.829119,41.340079],[19.829094,41.340066]]}},{"type":"Feature","properties":{"line":"15B","mode":"bus","color":"#4d4aba","oi":-0.538,"n":2,"sw":1},"geometry":{"type":"LineString","coordinates":[[19.8291,41.340069],[19.829076,41.340056]]}},{"type":"Feature","properties":{"line":"15B","mode":"bus","color":"#4d4aba","oi":-0.582,"n":2,"sw":1},"geometry":{"type":"LineString","coordinates":[[19.829082,41.340059],[19.829072,41.340054],[19.829061,41.340043]]}},{"type":"Feature","properties":{"line":"15B","mode":"bus","color":"#4d4aba","oi":-0.64,"n":2,"sw":1},"geometry":{"type":"LineString","coordinates":[[19.829065,41.340047],[19.829047,41.340029]]}},{"type":"Feature","properties":{"line":"15B","mode":"bus","color":"#4d4aba","oi":-0.709,"n":2,"sw":1},"geometry":{"type":"LineString","coordinates":[[19.829052,41.340034],[19.829033,41.340016]]}},{"type":"Feature","properties":{"line":"15B","mode":"bus","color":"#4d4aba","oi":-0.786,"n":2,"sw":1},"geometry":{"type":"LineString","coordinates":[[19.829038,41.34002],[19.82902,41.340002]]}},{"type":"Feature","properties":{"line":"15B","mode":"bus","color":"#4d4aba","oi":-0.869,"n":2,"sw":1},"geometry":{"type":"LineString","coordinates":[[19.829024,41.340006],[19.829006,41.339988]]}},{"type":"Feature","properties":{"line":"15B","mode":"bus","color":"#4d4aba","oi":-0.956,"n":2,"sw":1},"geometry":{"type":"LineString","coordinates":[[19.82901,41.339993],[19.828992,41.339975]]}},{"type":"Feature","properties":{"line":"15B","mode":"bus","color":"#4d4aba","oi":-1.044,"n":2,"sw":1},"geometry":{"type":"LineString","coordinates":[[19.828996,41.339979],[19.828983,41.339966],[19.828979,41.339961]]}},{"type":"Feature","properties":{"line":"15B","mode":"bus","color":"#4d4aba","oi":-1.131,"n":2,"sw":1},"geometry":{"type":"LineString","coordinates":[[19.828983,41.339965],[19.828975,41.339957],[19.828972,41.339952],[19.828972,41.339948],[19.828976,41.339947]]}},{"type":"Feature","properties":{"line":"15B","mode":"bus","color":"#4d4aba","oi":-1.214,"n":2,"sw":1},"geometry":{"type":"LineString","coordinates":[[19.828972,41.339951],[19.828972,41.339948],[19.828976,41.339947],[19.828985,41.339949],[19.828997,41.339953],[19.828997,41.339953]]}},{"type":"Feature","properties":{"line":"15B","mode":"bus","color":"#4d4aba","oi":-1.291,"n":2,"sw":1},"geometry":{"type":"LineString","coordinates":[[19.828991,41.339951],[19.828997,41.339953],[19.829018,41.33996]]}},{"type":"Feature","properties":{"line":"15B","mode":"bus","color":"#4d4aba","oi":-1.36,"n":2,"sw":1},"geometry":{"type":"LineString","coordinates":[[19.829011,41.339958],[19.829038,41.339968]]}},{"type":"Feature","properties":{"line":"15B","mode":"bus","color":"#4d4aba","oi":-1.418,"n":2,"sw":1},"geometry":{"type":"LineString","coordinates":[[19.829032,41.339966],[19.829059,41.339976]]}},{"type":"Feature","properties":{"line":"15B","mode":"bus","color":"#4d4aba","oi":-1.462,"n":2,"sw":1},"geometry":{"type":"LineString","coordinates":[[19.829052,41.339973],[19.829079,41.339983]]}},{"type":"Feature","properties":{"line":"15B","mode":"bus","color":"#4d4aba","oi":-1.49,"n":2,"sw":1},"geometry":{"type":"LineString","coordinates":[[19.829073,41.339981],[19.8291,41.339991]]}},{"type":"Feature","properties":{"line":"15B","mode":"bus","color":"#4d4aba","oi":-1.5,"n":2,"sw":1},"geometry":{"type":"LineString","coordinates":[[19.829093,41.339988],[19.829117,41.339997]]}},{"type":"Feature","properties":{"line":"15B","mode":"bus","color":"#4d4aba","oi":-0.5,"n":2},"geometry":{"type":"LineString","coordinates":[[19.838654,41.345321],[19.840954,41.345888],[19.841133,41.345944],[19.841203,41.345984],[19.841213,41.345991],[19.841219,41.345996],[19.84122,41.345999],[19.841216,41.346001],[19.841207,41.346002],[19.841194,41.346001],[19.841104,41.345991],[19.838644,41.345395]]}},{"type":"Feature","properties":{"line":"15B","mode":"bus","color":"#4d4aba","oi":-1.5,"n":2,"sw":1},"geometry":{"type":"LineString","coordinates":[[19.838245,41.34522],[19.838271,41.345226]]}},{"type":"Feature","properties":{"line":"15B","mode":"bus","color":"#4d4aba","oi":-1.49,"n":2,"sw":1},"geometry":{"type":"LineString","coordinates":[[19.838264,41.345225],[19.838294,41.345232]]}},{"type":"Feature","properties":{"line":"15B","mode":"bus","color":"#4d4aba","oi":-1.462,"n":2,"sw":1},"geometry":{"type":"LineString","coordinates":[[19.838287,41.34523],[19.838317,41.345238]]}},{"type":"Feature","properties":{"line":"15B","mode":"bus","color":"#4d4aba","oi":-1.418,"n":2,"sw":1},"geometry":{"type":"LineString","coordinates":[[19.83831,41.345236],[19.838339,41.345243]]}},{"type":"Feature","properties":{"line":"15B","mode":"bus","color":"#4d4aba","oi":-1.36,"n":2,"sw":1},"geometry":{"type":"LineString","coordinates":[[19.838333,41.345242],[19.838362,41.345249]]}},{"type":"Feature","properties":{"line":"15B","mode":"bus","color":"#4d4aba","oi":-1.291,"n":2,"sw":1},"geometry":{"type":"LineString","coordinates":[[19.838355,41.345247],[19.838385,41.345254]]}},{"type":"Feature","properties":{"line":"15B","mode":"bus","color":"#4d4aba","oi":-1.214,"n":2,"sw":1},"geometry":{"type":"LineString","coordinates":[[19.838378,41.345253],[19.838408,41.34526]]}},{"type":"Feature","properties":{"line":"15B","mode":"bus","color":"#4d4aba","oi":-1.131,"n":2,"sw":1},"geometry":{"type":"LineString","coordinates":[[19.838401,41.345258],[19.83843,41.345266]]}},{"type":"Feature","properties":{"line":"15B","mode":"bus","color":"#4d4aba","oi":-1.044,"n":2,"sw":1},"geometry":{"type":"LineString","coordinates":[[19.838423,41.345264],[19.838453,41.345271]]}},{"type":"Feature","properties":{"line":"15B","mode":"bus","color":"#4d4aba","oi":-0.956,"n":2,"sw":1},"geometry":{"type":"LineString","coordinates":[[19.838446,41.34527],[19.838476,41.345277]]}},{"type":"Feature","properties":{"line":"15B","mode":"bus","color":"#4d4aba","oi":-0.869,"n":2,"sw":1},"geometry":{"type":"LineString","coordinates":[[19.838469,41.345275],[19.838498,41.345283]]}},{"type":"Feature","properties":{"line":"15B","mode":"bus","color":"#4d4aba","oi":-0.786,"n":2,"sw":1},"geometry":{"type":"LineString","coordinates":[[19.838492,41.345281],[19.838521,41.345288]]}},{"type":"Feature","properties":{"line":"15B","mode":"bus","color":"#4d4aba","oi":-0.709,"n":2,"sw":1},"geometry":{"type":"LineString","coordinates":[[19.838514,41.345286],[19.838544,41.345294]]}},{"type":"Feature","properties":{"line":"15B","mode":"bus","color":"#4d4aba","oi":-0.64,"n":2,"sw":1},"geometry":{"type":"LineString","coordinates":[[19.838537,41.345292],[19.838567,41.345299]]}},{"type":"Feature","properties":{"line":"15B","mode":"bus","color":"#4d4aba","oi":-0.582,"n":2,"sw":1},"geometry":{"type":"LineString","coordinates":[[19.83856,41.345298],[19.838589,41.345305]]}},{"type":"Feature","properties":{"line":"15B","mode":"bus","color":"#4d4aba","oi":-0.538,"n":2,"sw":1},"geometry":{"type":"LineString","coordinates":[[19.838583,41.345303],[19.838612,41.345311]]}},{"type":"Feature","properties":{"line":"15B","mode":"bus","color":"#4d4aba","oi":-0.51,"n":2,"sw":1},"geometry":{"type":"LineString","coordinates":[[19.838605,41.345309],[19.838635,41.345316]]}},{"type":"Feature","properties":{"line":"15B","mode":"bus","color":"#4d4aba","oi":-0.5,"n":2,"sw":1},"geometry":{"type":"LineString","coordinates":[[19.838628,41.345314],[19.838658,41.345322]]}},{"type":"Feature","properties":{"line":"15B","mode":"bus","color":"#4d4aba","oi":-0.5,"n":2,"sw":1},"geometry":{"type":"LineString","coordinates":[[19.838647,41.345396],[19.838618,41.345389]]}},{"type":"Feature","properties":{"line":"15B","mode":"bus","color":"#4d4aba","oi":-0.51,"n":2,"sw":1},"geometry":{"type":"LineString","coordinates":[[19.838625,41.345391],[19.838595,41.345383]]}},{"type":"Feature","properties":{"line":"15B","mode":"bus","color":"#4d4aba","oi":-0.538,"n":2,"sw":1},"geometry":{"type":"LineString","coordinates":[[19.838602,41.345385],[19.838572,41.345378]]}},{"type":"Feature","properties":{"line":"15B","mode":"bus","color":"#4d4aba","oi":-0.582,"n":2,"sw":1},"geometry":{"type":"LineString","coordinates":[[19.838579,41.34538],[19.838549,41.345372]]}},{"type":"Feature","properties":{"line":"15B","mode":"bus","color":"#4d4aba","oi":-0.64,"n":2,"sw":1},"geometry":{"type":"LineString","coordinates":[[19.838556,41.345374],[19.838527,41.345367]]}},{"type":"Feature","properties":{"line":"15B","mode":"bus","color":"#4d4aba","oi":-0.709,"n":2,"sw":1},"geometry":{"type":"LineString","coordinates":[[19.838533,41.345369],[19.838504,41.345361]]}},{"type":"Feature","properties":{"line":"15B","mode":"bus","color":"#4d4aba","oi":-0.786,"n":2,"sw":1},"geometry":{"type":"LineString","coordinates":[[19.838511,41.345363],[19.838481,41.345356]]}},{"type":"Feature","properties":{"line":"15B","mode":"bus","color":"#4d4aba","oi":-0.869,"n":2,"sw":1},"geometry":{"type":"LineString","coordinates":[[19.838488,41.345357],[19.838458,41.34535]]}},{"type":"Feature","properties":{"line":"15B","mode":"bus","color":"#4d4aba","oi":-0.956,"n":2,"sw":1},"geometry":{"type":"LineString","coordinates":[[19.838465,41.345352],[19.838436,41.345345]]}},{"type":"Feature","properties":{"line":"15B","mode":"bus","color":"#4d4aba","oi":-1.044,"n":2,"sw":1},"geometry":{"type":"LineString","coordinates":[[19.838442,41.345346],[19.838413,41.345339]]}},{"type":"Feature","properties":{"line":"15B","mode":"bus","color":"#4d4aba","oi":-1.131,"n":2,"sw":1},"geometry":{"type":"LineString","coordinates":[[19.83842,41.345341],[19.83839,41.345334]]}},{"type":"Feature","properties":{"line":"15B","mode":"bus","color":"#4d4aba","oi":-1.214,"n":2,"sw":1},"geometry":{"type":"LineString","coordinates":[[19.838397,41.345335],[19.838367,41.345328]]}},{"type":"Feature","properties":{"line":"15B","mode":"bus","color":"#4d4aba","oi":-1.291,"n":2,"sw":1},"geometry":{"type":"LineString","coordinates":[[19.838374,41.34533],[19.838344,41.345323]]}},{"type":"Feature","properties":{"line":"15B","mode":"bus","color":"#4d4aba","oi":-1.36,"n":2,"sw":1},"geometry":{"type":"LineString","coordinates":[[19.838351,41.345324],[19.838322,41.345317]]}},{"type":"Feature","properties":{"line":"15B","mode":"bus","color":"#4d4aba","oi":-1.418,"n":2,"sw":1},"geometry":{"type":"LineString","coordinates":[[19.838329,41.345319],[19.838299,41.345312]]}},{"type":"Feature","properties":{"line":"15B","mode":"bus","color":"#4d4aba","oi":-1.462,"n":2,"sw":1},"geometry":{"type":"LineString","coordinates":[[19.838306,41.345313],[19.838276,41.345306]]}},{"type":"Feature","properties":{"line":"15B","mode":"bus","color":"#4d4aba","oi":-1.49,"n":2,"sw":1},"geometry":{"type":"LineString","coordinates":[[19.838283,41.345308],[19.838253,41.345301]]}},{"type":"Feature","properties":{"line":"15B","mode":"bus","color":"#4d4aba","oi":-1.5,"n":2,"sw":1},"geometry":{"type":"LineString","coordinates":[[19.83826,41.345302],[19.838234,41.345296]]}},{"type":"Feature","properties":{"line":"15B","mode":"bus","color":"#4d4aba","oi":-0.5,"n":2},"geometry":{"type":"LineString","coordinates":[[19.826159,41.338343],[19.826191,41.338312]]}},{"type":"Feature","properties":{"line":"15B","mode":"bus","color":"#4d4aba","oi":-0.5,"n":2},"geometry":{"type":"LineString","coordinates":[[19.766164,41.313942],[19.765999,41.314163],[19.765993,41.314231],[19.766049,41.314283],[19.766665,41.314551],[19.766684,41.314557],[19.766701,41.314557],[19.766716,41.31455],[19.766728,41.314537],[19.767135,41.313963]]}},{"type":"Feature","properties":{"line":"15B","mode":"bus","color":"#4d4aba","oi":0,"n":2,"sw":1},"geometry":{"type":"LineString","coordinates":[[19.766374,41.313659],[19.766351,41.31369]]}},{"type":"Feature","properties":{"line":"15B","mode":"bus","color":"#4d4aba","oi":-0.017,"n":2,"sw":1},"geometry":{"type":"LineString","coordinates":[[19.766355,41.313685],[19.76633,41.313718]]}},{"type":"Feature","properties":{"line":"15B","mode":"bus","color":"#4d4aba","oi":-0.063,"n":2,"sw":1},"geometry":{"type":"LineString","coordinates":[[19.766334,41.313713],[19.766309,41.313746]]}},{"type":"Feature","properties":{"line":"15B","mode":"bus","color":"#4d4aba","oi":-0.13,"n":2,"sw":1},"geometry":{"type":"LineString","coordinates":[[19.766313,41.313741],[19.766288,41.313774]]}},{"type":"Feature","properties":{"line":"15B","mode":"bus","color":"#4d4aba","oi":-0.209,"n":2,"sw":1},"geometry":{"type":"LineString","coordinates":[[19.766292,41.31377],[19.766267,41.313803]]}},{"type":"Feature","properties":{"line":"15B","mode":"bus","color":"#4d4aba","oi":-0.291,"n":2,"sw":1},"geometry":{"type":"LineString","coordinates":[[19.766271,41.313798],[19.766246,41.313831]]}},{"type":"Feature","properties":{"line":"15B","mode":"bus","color":"#4d4aba","oi":-0.37,"n":2,"sw":1},"geometry":{"type":"LineString","coordinates":[[19.76625,41.313826],[19.766225,41.313859]]}},{"type":"Feature","properties":{"line":"15B","mode":"bus","color":"#4d4aba","oi":-0.437,"n":2,"sw":1},"geometry":{"type":"LineString","coordinates":[[19.766229,41.313855],[19.766204,41.313887]]}},{"type":"Feature","properties":{"line":"15B","mode":"bus","color":"#4d4aba","oi":-0.483,"n":2,"sw":1},"geometry":{"type":"LineString","coordinates":[[19.766207,41.313883],[19.766183,41.313916]]}},{"type":"Feature","properties":{"line":"15B","mode":"bus","color":"#4d4aba","oi":-0.5,"n":2,"sw":1},"geometry":{"type":"LineString","coordinates":[[19.766186,41.313911],[19.766162,41.313944]]}},{"type":"Feature","properties":{"line":"12B","mode":"bus","color":"#19a9a8","oi":-0.5,"n":4},"geometry":{"type":"LineString","coordinates":[[19.820414,41.337275],[19.821269,41.337746],[19.821966,41.338214],[19.82299,41.338987],[19.823552,41.339318],[19.824177,41.339591],[19.824777,41.33978],[19.825432,41.339936],[19.826322,41.340071]]}},{"type":"Feature","properties":{"line":"12B","mode":"bus","color":"#19a9a8","oi":0,"n":4,"sw":1},"geometry":{"type":"LineString","coordinates":[[19.820067,41.337083],[19.820105,41.337104]]}},{"type":"Feature","properties":{"line":"12B","mode":"bus","color":"#19a9a8","oi":-0.017,"n":4,"sw":1},"geometry":{"type":"LineString","coordinates":[[19.820099,41.337101],[19.820139,41.337123]]}},{"type":"Feature","properties":{"line":"12B","mode":"bus","color":"#19a9a8","oi":-0.063,"n":4,"sw":1},"geometry":{"type":"LineString","coordinates":[[19.820134,41.33712],[19.820174,41.337142]]}},{"type":"Feature","properties":{"line":"12B","mode":"bus","color":"#19a9a8","oi":-0.13,"n":4,"sw":1},"geometry":{"type":"LineString","coordinates":[[19.820168,41.337139],[19.820209,41.337161]]}},{"type":"Feature","properties":{"line":"12B","mode":"bus","color":"#19a9a8","oi":-0.209,"n":4,"sw":1},"geometry":{"type":"LineString","coordinates":[[19.820203,41.337158],[19.820244,41.33718]]}},{"type":"Feature","properties":{"line":"12B","mode":"bus","color":"#19a9a8","oi":-0.291,"n":4,"sw":1},"geometry":{"type":"LineString","coordinates":[[19.820238,41.337177],[19.820278,41.3372]]}},{"type":"Feature","properties":{"line":"12B","mode":"bus","color":"#19a9a8","oi":-0.37,"n":4,"sw":1},"geometry":{"type":"LineString","coordinates":[[19.820272,41.337196],[19.820313,41.337219]]}},{"type":"Feature","properties":{"line":"12B","mode":"bus","color":"#19a9a8","oi":-0.437,"n":4,"sw":1},"geometry":{"type":"LineString","coordinates":[[19.820307,41.337215],[19.820348,41.337238]]}},{"type":"Feature","properties":{"line":"12B","mode":"bus","color":"#19a9a8","oi":-0.483,"n":4,"sw":1},"geometry":{"type":"LineString","coordinates":[[19.820342,41.337235],[19.820382,41.337257]]}},{"type":"Feature","properties":{"line":"12B","mode":"bus","color":"#19a9a8","oi":-0.5,"n":4,"sw":1},"geometry":{"type":"LineString","coordinates":[[19.820377,41.337254],[19.820417,41.337276]]}},{"type":"Feature","properties":{"line":"12B","mode":"bus","color":"#19a9a8","oi":-0.5,"n":4},"geometry":{"type":"LineString","coordinates":[[19.820356,41.337337],[19.821199,41.337799],[19.821896,41.338262],[19.822926,41.339034],[19.823498,41.339373],[19.824266,41.339702],[19.824921,41.339896],[19.825478,41.34002],[19.826339,41.340149]]}},{"type":"Feature","properties":{"line":"12B","mode":"bus","color":"#19a9a8","oi":0,"n":4,"sw":1},"geometry":{"type":"LineString","coordinates":[[19.820008,41.337146],[19.820046,41.337167]]}},{"type":"Feature","properties":{"line":"12B","mode":"bus","color":"#19a9a8","oi":-0.017,"n":4,"sw":1},"geometry":{"type":"LineString","coordinates":[[19.82004,41.337163],[19.820081,41.337186]]}},{"type":"Feature","properties":{"line":"12B","mode":"bus","color":"#19a9a8","oi":-0.063,"n":4,"sw":1},"geometry":{"type":"LineString","coordinates":[[19.820075,41.337183],[19.820115,41.337205]]}},{"type":"Feature","properties":{"line":"12B","mode":"bus","color":"#19a9a8","oi":-0.13,"n":4,"sw":1},"geometry":{"type":"LineString","coordinates":[[19.82011,41.337202],[19.82015,41.337224]]}},{"type":"Feature","properties":{"line":"12B","mode":"bus","color":"#19a9a8","oi":-0.209,"n":4,"sw":1},"geometry":{"type":"LineString","coordinates":[[19.820144,41.337221],[19.820185,41.337243]]}},{"type":"Feature","properties":{"line":"12B","mode":"bus","color":"#19a9a8","oi":-0.291,"n":4,"sw":1},"geometry":{"type":"LineString","coordinates":[[19.820179,41.33724],[19.82022,41.337262]]}},{"type":"Feature","properties":{"line":"12B","mode":"bus","color":"#19a9a8","oi":-0.37,"n":4,"sw":1},"geometry":{"type":"LineString","coordinates":[[19.820214,41.337259],[19.820255,41.337281]]}},{"type":"Feature","properties":{"line":"12B","mode":"bus","color":"#19a9a8","oi":-0.437,"n":4,"sw":1},"geometry":{"type":"LineString","coordinates":[[19.820249,41.337278],[19.820289,41.3373]]}},{"type":"Feature","properties":{"line":"12B","mode":"bus","color":"#19a9a8","oi":-0.483,"n":4,"sw":1},"geometry":{"type":"LineString","coordinates":[[19.820284,41.337297],[19.820324,41.337319]]}},{"type":"Feature","properties":{"line":"12B","mode":"bus","color":"#19a9a8","oi":-0.5,"n":4,"sw":1},"geometry":{"type":"LineString","coordinates":[[19.820318,41.337316],[19.820359,41.337338]]}},{"type":"Feature","properties":{"line":"12B","mode":"bus","color":"#19a9a8","oi":0.5,"n":4},"geometry":{"type":"LineString","coordinates":[[19.772449,41.31611],[19.772546,41.316171],[19.773302,41.316479],[19.774768,41.316963],[19.77724,41.317749],[19.779794,41.31852],[19.783563,41.319706]]}},{"type":"Feature","properties":{"line":"12B","mode":"bus","color":"#19a9a8","oi":0.5,"n":4,"sw":1},"geometry":{"type":"LineString","coordinates":[[19.783559,41.319705],[19.783606,41.31972]]}},{"type":"Feature","properties":{"line":"12B","mode":"bus","color":"#19a9a8","oi":0.483,"n":4,"sw":1},"geometry":{"type":"LineString","coordinates":[[19.783599,41.319717],[19.783645,41.319732]]}},{"type":"Feature","properties":{"line":"12B","mode":"bus","color":"#19a9a8","oi":0.437,"n":4,"sw":1},"geometry":{"type":"LineString","coordinates":[[19.783639,41.31973],[19.783685,41.319745]]}},{"type":"Feature","properties":{"line":"12B","mode":"bus","color":"#19a9a8","oi":0.37,"n":4,"sw":1},"geometry":{"type":"LineString","coordinates":[[19.783679,41.319742],[19.783725,41.319757]]}},{"type":"Feature","properties":{"line":"12B","mode":"bus","color":"#19a9a8","oi":0.291,"n":4,"sw":1},"geometry":{"type":"LineString","coordinates":[[19.783718,41.319755],[19.783765,41.31977]]}},{"type":"Feature","properties":{"line":"12B","mode":"bus","color":"#19a9a8","oi":0.209,"n":4,"sw":1},"geometry":{"type":"LineString","coordinates":[[19.783758,41.319767],[19.783804,41.319782]]}},{"type":"Feature","properties":{"line":"12B","mode":"bus","color":"#19a9a8","oi":0.13,"n":4,"sw":1},"geometry":{"type":"LineString","coordinates":[[19.783798,41.31978],[19.783844,41.319795]]}},{"type":"Feature","properties":{"line":"12B","mode":"bus","color":"#19a9a8","oi":0.063,"n":4,"sw":1},"geometry":{"type":"LineString","coordinates":[[19.783838,41.319792],[19.783884,41.319807]]}},{"type":"Feature","properties":{"line":"12B","mode":"bus","color":"#19a9a8","oi":0.017,"n":4,"sw":1},"geometry":{"type":"LineString","coordinates":[[19.783877,41.319805],[19.783924,41.31982]]}},{"type":"Feature","properties":{"line":"12B","mode":"bus","color":"#19a9a8","oi":0,"n":4,"sw":1},"geometry":{"type":"LineString","coordinates":[[19.783917,41.319817],[19.78396,41.319831]]}},{"type":"Feature","properties":{"line":"12B","mode":"bus","color":"#19a9a8","oi":0.5,"n":4},"geometry":{"type":"LineString","coordinates":[[19.783645,41.31968],[19.776425,41.317425],[19.773337,41.316421],[19.77257,41.316134],[19.772449,41.31611],[19.766374,41.313659]]}},{"type":"Feature","properties":{"line":"12B","mode":"bus","color":"#19a9a8","oi":0,"n":4,"sw":1},"geometry":{"type":"LineString","coordinates":[[19.784043,41.319804],[19.784,41.319791]]}},{"type":"Feature","properties":{"line":"12B","mode":"bus","color":"#19a9a8","oi":0.017,"n":4,"sw":1},"geometry":{"type":"LineString","coordinates":[[19.784007,41.319793],[19.78396,41.319778]]}},{"type":"Feature","properties":{"line":"12B","mode":"bus","color":"#19a9a8","oi":0.063,"n":4,"sw":1},"geometry":{"type":"LineString","coordinates":[[19.783967,41.31978],[19.78392,41.319766]]}},{"type":"Feature","properties":{"line":"12B","mode":"bus","color":"#19a9a8","oi":0.13,"n":4,"sw":1},"geometry":{"type":"LineString","coordinates":[[19.783927,41.319768],[19.783881,41.319753]]}},{"type":"Feature","properties":{"line":"12B","mode":"bus","color":"#19a9a8","oi":0.209,"n":4,"sw":1},"geometry":{"type":"LineString","coordinates":[[19.783887,41.319755],[19.783841,41.319741]]}},{"type":"Feature","properties":{"line":"12B","mode":"bus","color":"#19a9a8","oi":0.291,"n":4,"sw":1},"geometry":{"type":"LineString","coordinates":[[19.783847,41.319743],[19.783801,41.319728]]}},{"type":"Feature","properties":{"line":"12B","mode":"bus","color":"#19a9a8","oi":0.37,"n":4,"sw":1},"geometry":{"type":"LineString","coordinates":[[19.783808,41.319731],[19.783761,41.319716]]}},{"type":"Feature","properties":{"line":"12B","mode":"bus","color":"#19a9a8","oi":0.437,"n":4,"sw":1},"geometry":{"type":"LineString","coordinates":[[19.783768,41.319718],[19.783722,41.319704]]}},{"type":"Feature","properties":{"line":"12B","mode":"bus","color":"#19a9a8","oi":0.483,"n":4,"sw":1},"geometry":{"type":"LineString","coordinates":[[19.783728,41.319706],[19.783682,41.319691]]}},{"type":"Feature","properties":{"line":"12B","mode":"bus","color":"#19a9a8","oi":0.5,"n":4,"sw":1},"geometry":{"type":"LineString","coordinates":[[19.783688,41.319693],[19.783642,41.319679]]}},{"type":"Feature","properties":{"line":"12B","mode":"bus","color":"#19a9a8","oi":-0.5,"n":2},"geometry":{"type":"LineString","coordinates":[[19.765995,41.313505],[19.760842,41.311404],[19.760543,41.311248],[19.760274,41.311067],[19.759686,41.31053],[19.759369,41.310195],[19.759233,41.309987],[19.757612,41.306959],[19.75741,41.306714],[19.757267,41.306601],[19.757124,41.306525],[19.754901,41.305749],[19.754251,41.305551],[19.747869,41.304277],[19.746094,41.303725],[19.745829,41.303611],[19.745341,41.303341]]}},{"type":"Feature","properties":{"line":"12B","mode":"bus","color":"#19a9a8","oi":0.5,"n":2,"sw":1},"geometry":{"type":"LineString","coordinates":[[19.766374,41.313659],[19.76635,41.313649]]}},{"type":"Feature","properties":{"line":"12B","mode":"bus","color":"#19a9a8","oi":0.49,"n":2,"sw":1},"geometry":{"type":"LineString","coordinates":[[19.766356,41.313652],[19.766329,41.313641]]}},{"type":"Feature","properties":{"line":"12B","mode":"bus","color":"#19a9a8","oi":0.462,"n":2,"sw":1},"geometry":{"type":"LineString","coordinates":[[19.766335,41.313643],[19.766308,41.313632]]}},{"type":"Feature","properties":{"line":"12B","mode":"bus","color":"#19a9a8","oi":0.418,"n":2,"sw":1},"geometry":{"type":"LineString","coordinates":[[19.766314,41.313635],[19.766287,41.313623]]}},{"type":"Feature","properties":{"line":"12B","mode":"bus","color":"#19a9a8","oi":0.36,"n":2,"sw":1},"geometry":{"type":"LineString","coordinates":[[19.766293,41.313626],[19.766266,41.313615]]}},{"type":"Feature","properties":{"line":"12B","mode":"bus","color":"#19a9a8","oi":0.291,"n":2,"sw":1},"geometry":{"type":"LineString","coordinates":[[19.766272,41.313617],[19.766245,41.313606]]}},{"type":"Feature","properties":{"line":"12B","mode":"bus","color":"#19a9a8","oi":0.214,"n":2,"sw":1},"geometry":{"type":"LineString","coordinates":[[19.766251,41.313609],[19.766224,41.313598]]}},{"type":"Feature","properties":{"line":"12B","mode":"bus","color":"#19a9a8","oi":0.131,"n":2,"sw":1},"geometry":{"type":"LineString","coordinates":[[19.76623,41.3136],[19.766203,41.313589]]}},{"type":"Feature","properties":{"line":"12B","mode":"bus","color":"#19a9a8","oi":0.044,"n":2,"sw":1},"geometry":{"type":"LineString","coordinates":[[19.766209,41.313592],[19.766182,41.313581]]}},{"type":"Feature","properties":{"line":"12B","mode":"bus","color":"#19a9a8","oi":-0.044,"n":2,"sw":1},"geometry":{"type":"LineString","coordinates":[[19.766188,41.313583],[19.766161,41.313572]]}},{"type":"Feature","properties":{"line":"12B","mode":"bus","color":"#19a9a8","oi":-0.131,"n":2,"sw":1},"geometry":{"type":"LineString","coordinates":[[19.766167,41.313575],[19.766139,41.313563]]}},{"type":"Feature","properties":{"line":"12B","mode":"bus","color":"#19a9a8","oi":-0.214,"n":2,"sw":1},"geometry":{"type":"LineString","coordinates":[[19.766146,41.313566],[19.766118,41.313555]]}},{"type":"Feature","properties":{"line":"12B","mode":"bus","color":"#19a9a8","oi":-0.291,"n":2,"sw":1},"geometry":{"type":"LineString","coordinates":[[19.766125,41.313557],[19.766097,41.313546]]}},{"type":"Feature","properties":{"line":"12B","mode":"bus","color":"#19a9a8","oi":-0.36,"n":2,"sw":1},"geometry":{"type":"LineString","coordinates":[[19.766104,41.313549],[19.766076,41.313538]]}},{"type":"Feature","properties":{"line":"12B","mode":"bus","color":"#19a9a8","oi":-0.418,"n":2,"sw":1},"geometry":{"type":"LineString","coordinates":[[19.766083,41.31354],[19.766055,41.313529]]}},{"type":"Feature","properties":{"line":"12B","mode":"bus","color":"#19a9a8","oi":-0.462,"n":2,"sw":1},"geometry":{"type":"LineString","coordinates":[[19.766062,41.313532],[19.766034,41.313521]]}},{"type":"Feature","properties":{"line":"12B","mode":"bus","color":"#19a9a8","oi":-0.49,"n":2,"sw":1},"geometry":{"type":"LineString","coordinates":[[19.766041,41.313523],[19.766013,41.313512]]}},{"type":"Feature","properties":{"line":"12B","mode":"bus","color":"#19a9a8","oi":-0.5,"n":2,"sw":1},"geometry":{"type":"LineString","coordinates":[[19.76602,41.313515],[19.765992,41.313503]]}},{"type":"Feature","properties":{"line":"12B","mode":"bus","color":"#19a9a8","oi":0,"n":1},"geometry":{"type":"LineString","coordinates":[[19.826322,41.340071],[19.826354,41.340242],[19.82635,41.340429],[19.826261,41.341126],[19.825669,41.343161],[19.825237,41.344909],[19.82382,41.348999]]}},{"type":"Feature","properties":{"line":"15A","mode":"bus","color":"#2d8c1b","oi":-0.5,"n":4},"geometry":{"type":"LineString","coordinates":[[19.829117,41.339997],[19.834996,41.342975],[19.835319,41.343178],[19.838245,41.34522]]}},{"type":"Feature","properties":{"line":"15A","mode":"bus","color":"#2d8c1b","oi":-0.5,"n":4},"geometry":{"type":"LineString","coordinates":[[19.838234,41.345296],[19.834943,41.343027],[19.83154,41.341285],[19.829467,41.340269]]}},{"type":"Feature","properties":{"line":"15A","mode":"bus","color":"#2d8c1b","oi":-0.5,"n":4},"geometry":{"type":"LineString","coordinates":[[19.772449,41.31611],[19.772546,41.316171],[19.773302,41.316479],[19.774768,41.316963],[19.77724,41.317749],[19.779794,41.31852],[19.783563,41.319706]]}},{"type":"Feature","properties":{"line":"15A","mode":"bus","color":"#2d8c1b","oi":-0.5,"n":4,"sw":1},"geometry":{"type":"LineString","coordinates":[[19.783559,41.319705],[19.783606,41.31972]]}},{"type":"Feature","properties":{"line":"15A","mode":"bus","color":"#2d8c1b","oi":-0.483,"n":4,"sw":1},"geometry":{"type":"LineString","coordinates":[[19.783599,41.319717],[19.783645,41.319732]]}},{"type":"Feature","properties":{"line":"15A","mode":"bus","color":"#2d8c1b","oi":-0.437,"n":4,"sw":1},"geometry":{"type":"LineString","coordinates":[[19.783639,41.31973],[19.783685,41.319745]]}},{"type":"Feature","properties":{"line":"15A","mode":"bus","color":"#2d8c1b","oi":-0.37,"n":4,"sw":1},"geometry":{"type":"LineString","coordinates":[[19.783679,41.319742],[19.783725,41.319757]]}},{"type":"Feature","properties":{"line":"15A","mode":"bus","color":"#2d8c1b","oi":-0.291,"n":4,"sw":1},"geometry":{"type":"LineString","coordinates":[[19.783718,41.319755],[19.783765,41.31977]]}},{"type":"Feature","properties":{"line":"15A","mode":"bus","color":"#2d8c1b","oi":-0.209,"n":4,"sw":1},"geometry":{"type":"LineString","coordinates":[[19.783758,41.319767],[19.783804,41.319782]]}},{"type":"Feature","properties":{"line":"15A","mode":"bus","color":"#2d8c1b","oi":-0.13,"n":4,"sw":1},"geometry":{"type":"LineString","coordinates":[[19.783798,41.31978],[19.783844,41.319795]]}},{"type":"Feature","properties":{"line":"15A","mode":"bus","color":"#2d8c1b","oi":-0.063,"n":4,"sw":1},"geometry":{"type":"LineString","coordinates":[[19.783838,41.319792],[19.783884,41.319807]]}},{"type":"Feature","properties":{"line":"15A","mode":"bus","color":"#2d8c1b","oi":-0.017,"n":4,"sw":1},"geometry":{"type":"LineString","coordinates":[[19.783877,41.319805],[19.783924,41.31982]]}},{"type":"Feature","properties":{"line":"15A","mode":"bus","color":"#2d8c1b","oi":0,"n":4,"sw":1},"geometry":{"type":"LineString","coordinates":[[19.783917,41.319817],[19.78396,41.319831]]}},{"type":"Feature","properties":{"line":"15A","mode":"bus","color":"#2d8c1b","oi":-0.5,"n":4},"geometry":{"type":"LineString","coordinates":[[19.783645,41.31968],[19.776425,41.317425],[19.773337,41.316421],[19.77257,41.316134],[19.772449,41.31611],[19.766374,41.313659]]}},{"type":"Feature","properties":{"line":"15A","mode":"bus","color":"#2d8c1b","oi":0,"n":4,"sw":1},"geometry":{"type":"LineString","coordinates":[[19.784043,41.319804],[19.784,41.319791]]}},{"type":"Feature","properties":{"line":"15A","mode":"bus","color":"#2d8c1b","oi":-0.017,"n":4,"sw":1},"geometry":{"type":"LineString","coordinates":[[19.784007,41.319793],[19.78396,41.319778]]}},{"type":"Feature","properties":{"line":"15A","mode":"bus","color":"#2d8c1b","oi":-0.063,"n":4,"sw":1},"geometry":{"type":"LineString","coordinates":[[19.783967,41.31978],[19.78392,41.319766]]}},{"type":"Feature","properties":{"line":"15A","mode":"bus","color":"#2d8c1b","oi":-0.13,"n":4,"sw":1},"geometry":{"type":"LineString","coordinates":[[19.783927,41.319768],[19.783881,41.319753]]}},{"type":"Feature","properties":{"line":"15A","mode":"bus","color":"#2d8c1b","oi":-0.209,"n":4,"sw":1},"geometry":{"type":"LineString","coordinates":[[19.783887,41.319755],[19.783841,41.319741]]}},{"type":"Feature","properties":{"line":"15A","mode":"bus","color":"#2d8c1b","oi":-0.291,"n":4,"sw":1},"geometry":{"type":"LineString","coordinates":[[19.783847,41.319743],[19.783801,41.319728]]}},{"type":"Feature","properties":{"line":"15A","mode":"bus","color":"#2d8c1b","oi":-0.37,"n":4,"sw":1},"geometry":{"type":"LineString","coordinates":[[19.783808,41.319731],[19.783761,41.319716]]}},{"type":"Feature","properties":{"line":"15A","mode":"bus","color":"#2d8c1b","oi":-0.437,"n":4,"sw":1},"geometry":{"type":"LineString","coordinates":[[19.783768,41.319718],[19.783722,41.319704]]}},{"type":"Feature","properties":{"line":"15A","mode":"bus","color":"#2d8c1b","oi":-0.483,"n":4,"sw":1},"geometry":{"type":"LineString","coordinates":[[19.783728,41.319706],[19.783682,41.319691]]}},{"type":"Feature","properties":{"line":"15A","mode":"bus","color":"#2d8c1b","oi":-0.5,"n":4,"sw":1},"geometry":{"type":"LineString","coordinates":[[19.783688,41.319693],[19.783642,41.319679]]}},{"type":"Feature","properties":{"line":"15A","mode":"bus","color":"#2d8c1b","oi":0.5,"n":2},"geometry":{"type":"LineString","coordinates":[[19.828954,41.339937],[19.826014,41.338263],[19.825923,41.338208],[19.825813,41.338085],[19.825104,41.337187],[19.824858,41.336811],[19.822804,41.333072],[19.822392,41.33241],[19.821913,41.331825],[19.820938,41.330874]]}},{"type":"Feature","properties":{"line":"15A","mode":"bus","color":"#2d8c1b","oi":0.5,"n":2,"sw":1},"geometry":{"type":"LineString","coordinates":[[19.82094,41.330876],[19.820909,41.330846]]}},{"type":"Feature","properties":{"line":"15A","mode":"bus","color":"#2d8c1b","oi":0.483,"n":2,"sw":1},"geometry":{"type":"LineString","coordinates":[[19.820914,41.33085],[19.820883,41.33082]]}},{"type":"Feature","properties":{"line":"15A","mode":"bus","color":"#2d8c1b","oi":0.437,"n":2,"sw":1},"geometry":{"type":"LineString","coordinates":[[19.820888,41.330824],[19.820857,41.330794]]}},{"type":"Feature","properties":{"line":"15A","mode":"bus","color":"#2d8c1b","oi":0.37,"n":2,"sw":1},"geometry":{"type":"LineString","coordinates":[[19.820861,41.330799],[19.820831,41.330769]]}},{"type":"Feature","properties":{"line":"15A","mode":"bus","color":"#2d8c1b","oi":0.291,"n":2,"sw":1},"geometry":{"type":"LineString","coordinates":[[19.820835,41.330773],[19.820804,41.330743]]}},{"type":"Feature","properties":{"line":"15A","mode":"bus","color":"#2d8c1b","oi":0.209,"n":2,"sw":1},"geometry":{"type":"LineString","coordinates":[[19.820809,41.330747],[19.820778,41.330717]]}},{"type":"Feature","properties":{"line":"15A","mode":"bus","color":"#2d8c1b","oi":0.13,"n":2,"sw":1},"geometry":{"type":"LineString","coordinates":[[19.820782,41.330722],[19.820752,41.330692]]}},{"type":"Feature","properties":{"line":"15A","mode":"bus","color":"#2d8c1b","oi":0.063,"n":2,"sw":1},"geometry":{"type":"LineString","coordinates":[[19.820756,41.330696],[19.820725,41.330666]]}},{"type":"Feature","properties":{"line":"15A","mode":"bus","color":"#2d8c1b","oi":0.017,"n":2,"sw":1},"geometry":{"type":"LineString","coordinates":[[19.82073,41.33067],[19.820699,41.330641]]}},{"type":"Feature","properties":{"line":"15A","mode":"bus","color":"#2d8c1b","oi":0,"n":2,"sw":1},"geometry":{"type":"LineString","coordinates":[[19.820703,41.330645],[19.820675,41.330617]]}},{"type":"Feature","properties":{"line":"15A","mode":"bus","color":"#2d8c1b","oi":-0.5,"n":2,"sw":1},"geometry":{"type":"LineString","coordinates":[[19.829467,41.340269],[19.829446,41.340257]]}},{"type":"Feature","properties":{"line":"15A","mode":"bus","color":"#2d8c1b","oi":-0.49,"n":2,"sw":1},"geometry":{"type":"LineString","coordinates":[[19.829451,41.340261],[19.829427,41.340247]]}},{"type":"Feature","properties":{"line":"15A","mode":"bus","color":"#2d8c1b","oi":-0.462,"n":2,"sw":1},"geometry":{"type":"LineString","coordinates":[[19.829433,41.34025],[19.829409,41.340237]]}},{"type":"Feature","properties":{"line":"15A","mode":"bus","color":"#2d8c1b","oi":-0.418,"n":2,"sw":1},"geometry":{"type":"LineString","coordinates":[[19.829414,41.34024],[19.82939,41.340227]]}},{"type":"Feature","properties":{"line":"15A","mode":"bus","color":"#2d8c1b","oi":-0.36,"n":2,"sw":1},"geometry":{"type":"LineString","coordinates":[[19.829396,41.34023],[19.829372,41.340217]]}},{"type":"Feature","properties":{"line":"15A","mode":"bus","color":"#2d8c1b","oi":-0.291,"n":2,"sw":1},"geometry":{"type":"LineString","coordinates":[[19.829377,41.34022],[19.829353,41.340207]]}},{"type":"Feature","properties":{"line":"15A","mode":"bus","color":"#2d8c1b","oi":-0.214,"n":2,"sw":1},"geometry":{"type":"LineString","coordinates":[[19.829359,41.34021],[19.829335,41.340197]]}},{"type":"Feature","properties":{"line":"15A","mode":"bus","color":"#2d8c1b","oi":-0.131,"n":2,"sw":1},"geometry":{"type":"LineString","coordinates":[[19.82934,41.3402],[19.829316,41.340187]]}},{"type":"Feature","properties":{"line":"15A","mode":"bus","color":"#2d8c1b","oi":-0.044,"n":2,"sw":1},"geometry":{"type":"LineString","coordinates":[[19.829322,41.34019],[19.829298,41.340177]]}},{"type":"Feature","properties":{"line":"15A","mode":"bus","color":"#2d8c1b","oi":0.044,"n":2,"sw":1},"geometry":{"type":"LineString","coordinates":[[19.829303,41.34018],[19.829279,41.340167]]}},{"type":"Feature","properties":{"line":"15A","mode":"bus","color":"#2d8c1b","oi":0.131,"n":2,"sw":1},"geometry":{"type":"LineString","coordinates":[[19.829285,41.34017],[19.829261,41.340157]]}},{"type":"Feature","properties":{"line":"15A","mode":"bus","color":"#2d8c1b","oi":0.214,"n":2,"sw":1},"geometry":{"type":"LineString","coordinates":[[19.829267,41.34016],[19.829242,41.340147]]}},{"type":"Feature","properties":{"line":"15A","mode":"bus","color":"#2d8c1b","oi":0.291,"n":2,"sw":1},"geometry":{"type":"LineString","coordinates":[[19.829248,41.34015],[19.829224,41.340137]]}},{"type":"Feature","properties":{"line":"15A","mode":"bus","color":"#2d8c1b","oi":0.36,"n":2,"sw":1},"geometry":{"type":"LineString","coordinates":[[19.82923,41.34014],[19.829205,41.340127]]}},{"type":"Feature","properties":{"line":"15A","mode":"bus","color":"#2d8c1b","oi":0.418,"n":2,"sw":1},"geometry":{"type":"LineString","coordinates":[[19.829211,41.34013],[19.829187,41.340116]]}},{"type":"Feature","properties":{"line":"15A","mode":"bus","color":"#2d8c1b","oi":0.462,"n":2,"sw":1},"geometry":{"type":"LineString","coordinates":[[19.829193,41.34012],[19.829168,41.340106]]}},{"type":"Feature","properties":{"line":"15A","mode":"bus","color":"#2d8c1b","oi":0.49,"n":2,"sw":1},"geometry":{"type":"LineString","coordinates":[[19.829174,41.34011],[19.82915,41.340096]]}},{"type":"Feature","properties":{"line":"15A","mode":"bus","color":"#2d8c1b","oi":0.5,"n":2,"sw":1},"geometry":{"type":"LineString","coordinates":[[19.829156,41.340099],[19.829131,41.340086]]}},{"type":"Feature","properties":{"line":"15A","mode":"bus","color":"#2d8c1b","oi":0.5,"n":2,"sw":1},"geometry":{"type":"LineString","coordinates":[[19.829137,41.340089],[19.829113,41.340076]]}},{"type":"Feature","properties":{"line":"15A","mode":"bus","color":"#2d8c1b","oi":0.49,"n":2,"sw":1},"geometry":{"type":"LineString","coordinates":[[19.829119,41.340079],[19.829094,41.340066]]}},{"type":"Feature","properties":{"line":"15A","mode":"bus","color":"#2d8c1b","oi":0.462,"n":2,"sw":1},"geometry":{"type":"LineString","coordinates":[[19.8291,41.340069],[19.829076,41.340056]]}},{"type":"Feature","properties":{"line":"15A","mode":"bus","color":"#2d8c1b","oi":0.418,"n":2,"sw":1},"geometry":{"type":"LineString","coordinates":[[19.829082,41.340059],[19.829072,41.340054],[19.829061,41.340043]]}},{"type":"Feature","properties":{"line":"15A","mode":"bus","color":"#2d8c1b","oi":0.36,"n":2,"sw":1},"geometry":{"type":"LineString","coordinates":[[19.829065,41.340047],[19.829047,41.340029]]}},{"type":"Feature","properties":{"line":"15A","mode":"bus","color":"#2d8c1b","oi":0.291,"n":2,"sw":1},"geometry":{"type":"LineString","coordinates":[[19.829052,41.340034],[19.829033,41.340016]]}},{"type":"Feature","properties":{"line":"15A","mode":"bus","color":"#2d8c1b","oi":0.214,"n":2,"sw":1},"geometry":{"type":"LineString","coordinates":[[19.829038,41.34002],[19.82902,41.340002]]}},{"type":"Feature","properties":{"line":"15A","mode":"bus","color":"#2d8c1b","oi":0.131,"n":2,"sw":1},"geometry":{"type":"LineString","coordinates":[[19.829024,41.340006],[19.829006,41.339988]]}},{"type":"Feature","properties":{"line":"15A","mode":"bus","color":"#2d8c1b","oi":0.044,"n":2,"sw":1},"geometry":{"type":"LineString","coordinates":[[19.82901,41.339993],[19.828992,41.339975]]}},{"type":"Feature","properties":{"line":"15A","mode":"bus","color":"#2d8c1b","oi":-0.044,"n":2,"sw":1},"geometry":{"type":"LineString","coordinates":[[19.828996,41.339979],[19.828983,41.339966],[19.828979,41.339961]]}},{"type":"Feature","properties":{"line":"15A","mode":"bus","color":"#2d8c1b","oi":-0.131,"n":2,"sw":1},"geometry":{"type":"LineString","coordinates":[[19.828983,41.339965],[19.828975,41.339957],[19.828972,41.339952],[19.828972,41.339948],[19.828976,41.339947]]}},{"type":"Feature","properties":{"line":"15A","mode":"bus","color":"#2d8c1b","oi":-0.214,"n":2,"sw":1},"geometry":{"type":"LineString","coordinates":[[19.828972,41.339951],[19.828972,41.339948],[19.828976,41.339947],[19.828985,41.339949],[19.828997,41.339953],[19.828997,41.339953]]}},{"type":"Feature","properties":{"line":"15A","mode":"bus","color":"#2d8c1b","oi":-0.291,"n":2,"sw":1},"geometry":{"type":"LineString","coordinates":[[19.828991,41.339951],[19.828997,41.339953],[19.829018,41.33996]]}},{"type":"Feature","properties":{"line":"15A","mode":"bus","color":"#2d8c1b","oi":-0.36,"n":2,"sw":1},"geometry":{"type":"LineString","coordinates":[[19.829011,41.339958],[19.829038,41.339968]]}},{"type":"Feature","properties":{"line":"15A","mode":"bus","color":"#2d8c1b","oi":-0.418,"n":2,"sw":1},"geometry":{"type":"LineString","coordinates":[[19.829032,41.339966],[19.829059,41.339976]]}},{"type":"Feature","properties":{"line":"15A","mode":"bus","color":"#2d8c1b","oi":-0.462,"n":2,"sw":1},"geometry":{"type":"LineString","coordinates":[[19.829052,41.339973],[19.829079,41.339983]]}},{"type":"Feature","properties":{"line":"15A","mode":"bus","color":"#2d8c1b","oi":-0.49,"n":2,"sw":1},"geometry":{"type":"LineString","coordinates":[[19.829073,41.339981],[19.8291,41.339991]]}},{"type":"Feature","properties":{"line":"15A","mode":"bus","color":"#2d8c1b","oi":-0.5,"n":2,"sw":1},"geometry":{"type":"LineString","coordinates":[[19.829093,41.339988],[19.829117,41.339997]]}},{"type":"Feature","properties":{"line":"15A","mode":"bus","color":"#2d8c1b","oi":0.5,"n":2},"geometry":{"type":"LineString","coordinates":[[19.838654,41.345321],[19.840954,41.345888],[19.841133,41.345944],[19.841203,41.345984],[19.841213,41.345991],[19.841219,41.345996],[19.84122,41.345999],[19.841216,41.346001],[19.841207,41.346002],[19.841194,41.346001],[19.841104,41.345991],[19.838644,41.345395]]}},{"type":"Feature","properties":{"line":"15A","mode":"bus","color":"#2d8c1b","oi":-0.5,"n":2,"sw":1},"geometry":{"type":"LineString","coordinates":[[19.838245,41.34522],[19.838271,41.345226]]}},{"type":"Feature","properties":{"line":"15A","mode":"bus","color":"#2d8c1b","oi":-0.49,"n":2,"sw":1},"geometry":{"type":"LineString","coordinates":[[19.838264,41.345225],[19.838294,41.345232]]}},{"type":"Feature","properties":{"line":"15A","mode":"bus","color":"#2d8c1b","oi":-0.462,"n":2,"sw":1},"geometry":{"type":"LineString","coordinates":[[19.838287,41.34523],[19.838317,41.345238]]}},{"type":"Feature","properties":{"line":"15A","mode":"bus","color":"#2d8c1b","oi":-0.418,"n":2,"sw":1},"geometry":{"type":"LineString","coordinates":[[19.83831,41.345236],[19.838339,41.345243]]}},{"type":"Feature","properties":{"line":"15A","mode":"bus","color":"#2d8c1b","oi":-0.36,"n":2,"sw":1},"geometry":{"type":"LineString","coordinates":[[19.838333,41.345242],[19.838362,41.345249]]}},{"type":"Feature","properties":{"line":"15A","mode":"bus","color":"#2d8c1b","oi":-0.291,"n":2,"sw":1},"geometry":{"type":"LineString","coordinates":[[19.838355,41.345247],[19.838385,41.345254]]}},{"type":"Feature","properties":{"line":"15A","mode":"bus","color":"#2d8c1b","oi":-0.214,"n":2,"sw":1},"geometry":{"type":"LineString","coordinates":[[19.838378,41.345253],[19.838408,41.34526]]}},{"type":"Feature","properties":{"line":"15A","mode":"bus","color":"#2d8c1b","oi":-0.131,"n":2,"sw":1},"geometry":{"type":"LineString","coordinates":[[19.838401,41.345258],[19.83843,41.345266]]}},{"type":"Feature","properties":{"line":"15A","mode":"bus","color":"#2d8c1b","oi":-0.044,"n":2,"sw":1},"geometry":{"type":"LineString","coordinates":[[19.838423,41.345264],[19.838453,41.345271]]}},{"type":"Feature","properties":{"line":"15A","mode":"bus","color":"#2d8c1b","oi":0.044,"n":2,"sw":1},"geometry":{"type":"LineString","coordinates":[[19.838446,41.34527],[19.838476,41.345277]]}},{"type":"Feature","properties":{"line":"15A","mode":"bus","color":"#2d8c1b","oi":0.131,"n":2,"sw":1},"geometry":{"type":"LineString","coordinates":[[19.838469,41.345275],[19.838498,41.345283]]}},{"type":"Feature","properties":{"line":"15A","mode":"bus","color":"#2d8c1b","oi":0.214,"n":2,"sw":1},"geometry":{"type":"LineString","coordinates":[[19.838492,41.345281],[19.838521,41.345288]]}},{"type":"Feature","properties":{"line":"15A","mode":"bus","color":"#2d8c1b","oi":0.291,"n":2,"sw":1},"geometry":{"type":"LineString","coordinates":[[19.838514,41.345286],[19.838544,41.345294]]}},{"type":"Feature","properties":{"line":"15A","mode":"bus","color":"#2d8c1b","oi":0.36,"n":2,"sw":1},"geometry":{"type":"LineString","coordinates":[[19.838537,41.345292],[19.838567,41.345299]]}},{"type":"Feature","properties":{"line":"15A","mode":"bus","color":"#2d8c1b","oi":0.418,"n":2,"sw":1},"geometry":{"type":"LineString","coordinates":[[19.83856,41.345298],[19.838589,41.345305]]}},{"type":"Feature","properties":{"line":"15A","mode":"bus","color":"#2d8c1b","oi":0.462,"n":2,"sw":1},"geometry":{"type":"LineString","coordinates":[[19.838583,41.345303],[19.838612,41.345311]]}},{"type":"Feature","properties":{"line":"15A","mode":"bus","color":"#2d8c1b","oi":0.49,"n":2,"sw":1},"geometry":{"type":"LineString","coordinates":[[19.838605,41.345309],[19.838635,41.345316]]}},{"type":"Feature","properties":{"line":"15A","mode":"bus","color":"#2d8c1b","oi":0.5,"n":2,"sw":1},"geometry":{"type":"LineString","coordinates":[[19.838628,41.345314],[19.838658,41.345322]]}},{"type":"Feature","properties":{"line":"15A","mode":"bus","color":"#2d8c1b","oi":0.5,"n":2,"sw":1},"geometry":{"type":"LineString","coordinates":[[19.838647,41.345396],[19.838618,41.345389]]}},{"type":"Feature","properties":{"line":"15A","mode":"bus","color":"#2d8c1b","oi":0.49,"n":2,"sw":1},"geometry":{"type":"LineString","coordinates":[[19.838625,41.345391],[19.838595,41.345383]]}},{"type":"Feature","properties":{"line":"15A","mode":"bus","color":"#2d8c1b","oi":0.462,"n":2,"sw":1},"geometry":{"type":"LineString","coordinates":[[19.838602,41.345385],[19.838572,41.345378]]}},{"type":"Feature","properties":{"line":"15A","mode":"bus","color":"#2d8c1b","oi":0.418,"n":2,"sw":1},"geometry":{"type":"LineString","coordinates":[[19.838579,41.34538],[19.838549,41.345372]]}},{"type":"Feature","properties":{"line":"15A","mode":"bus","color":"#2d8c1b","oi":0.36,"n":2,"sw":1},"geometry":{"type":"LineString","coordinates":[[19.838556,41.345374],[19.838527,41.345367]]}},{"type":"Feature","properties":{"line":"15A","mode":"bus","color":"#2d8c1b","oi":0.291,"n":2,"sw":1},"geometry":{"type":"LineString","coordinates":[[19.838533,41.345369],[19.838504,41.345361]]}},{"type":"Feature","properties":{"line":"15A","mode":"bus","color":"#2d8c1b","oi":0.214,"n":2,"sw":1},"geometry":{"type":"LineString","coordinates":[[19.838511,41.345363],[19.838481,41.345356]]}},{"type":"Feature","properties":{"line":"15A","mode":"bus","color":"#2d8c1b","oi":0.131,"n":2,"sw":1},"geometry":{"type":"LineString","coordinates":[[19.838488,41.345357],[19.838458,41.34535]]}},{"type":"Feature","properties":{"line":"15A","mode":"bus","color":"#2d8c1b","oi":0.044,"n":2,"sw":1},"geometry":{"type":"LineString","coordinates":[[19.838465,41.345352],[19.838436,41.345345]]}},{"type":"Feature","properties":{"line":"15A","mode":"bus","color":"#2d8c1b","oi":-0.044,"n":2,"sw":1},"geometry":{"type":"LineString","coordinates":[[19.838442,41.345346],[19.838413,41.345339]]}},{"type":"Feature","properties":{"line":"15A","mode":"bus","color":"#2d8c1b","oi":-0.131,"n":2,"sw":1},"geometry":{"type":"LineString","coordinates":[[19.83842,41.345341],[19.83839,41.345334]]}},{"type":"Feature","properties":{"line":"15A","mode":"bus","color":"#2d8c1b","oi":-0.214,"n":2,"sw":1},"geometry":{"type":"LineString","coordinates":[[19.838397,41.345335],[19.838367,41.345328]]}},{"type":"Feature","properties":{"line":"15A","mode":"bus","color":"#2d8c1b","oi":-0.291,"n":2,"sw":1},"geometry":{"type":"LineString","coordinates":[[19.838374,41.34533],[19.838344,41.345323]]}},{"type":"Feature","properties":{"line":"15A","mode":"bus","color":"#2d8c1b","oi":-0.36,"n":2,"sw":1},"geometry":{"type":"LineString","coordinates":[[19.838351,41.345324],[19.838322,41.345317]]}},{"type":"Feature","properties":{"line":"15A","mode":"bus","color":"#2d8c1b","oi":-0.418,"n":2,"sw":1},"geometry":{"type":"LineString","coordinates":[[19.838329,41.345319],[19.838299,41.345312]]}},{"type":"Feature","properties":{"line":"15A","mode":"bus","color":"#2d8c1b","oi":-0.462,"n":2,"sw":1},"geometry":{"type":"LineString","coordinates":[[19.838306,41.345313],[19.838276,41.345306]]}},{"type":"Feature","properties":{"line":"15A","mode":"bus","color":"#2d8c1b","oi":-0.49,"n":2,"sw":1},"geometry":{"type":"LineString","coordinates":[[19.838283,41.345308],[19.838253,41.345301]]}},{"type":"Feature","properties":{"line":"15A","mode":"bus","color":"#2d8c1b","oi":-0.5,"n":2,"sw":1},"geometry":{"type":"LineString","coordinates":[[19.83826,41.345302],[19.838234,41.345296]]}},{"type":"Feature","properties":{"line":"15A","mode":"bus","color":"#2d8c1b","oi":0.5,"n":2},"geometry":{"type":"LineString","coordinates":[[19.826159,41.338343],[19.826191,41.338312]]}},{"type":"Feature","properties":{"line":"15A","mode":"bus","color":"#2d8c1b","oi":0.5,"n":2},"geometry":{"type":"LineString","coordinates":[[19.766164,41.313942],[19.765999,41.314163],[19.765993,41.314231],[19.766049,41.314283],[19.766665,41.314551],[19.766684,41.314557],[19.766701,41.314557],[19.766716,41.31455],[19.766728,41.314537],[19.767135,41.313963]]}},{"type":"Feature","properties":{"line":"15A","mode":"bus","color":"#2d8c1b","oi":0,"n":2,"sw":1},"geometry":{"type":"LineString","coordinates":[[19.766374,41.313659],[19.766351,41.31369]]}},{"type":"Feature","properties":{"line":"15A","mode":"bus","color":"#2d8c1b","oi":0.017,"n":2,"sw":1},"geometry":{"type":"LineString","coordinates":[[19.766355,41.313685],[19.76633,41.313718]]}},{"type":"Feature","properties":{"line":"15A","mode":"bus","color":"#2d8c1b","oi":0.063,"n":2,"sw":1},"geometry":{"type":"LineString","coordinates":[[19.766334,41.313713],[19.766309,41.313746]]}},{"type":"Feature","properties":{"line":"15A","mode":"bus","color":"#2d8c1b","oi":0.13,"n":2,"sw":1},"geometry":{"type":"LineString","coordinates":[[19.766313,41.313741],[19.766288,41.313774]]}},{"type":"Feature","properties":{"line":"15A","mode":"bus","color":"#2d8c1b","oi":0.209,"n":2,"sw":1},"geometry":{"type":"LineString","coordinates":[[19.766292,41.31377],[19.766267,41.313803]]}},{"type":"Feature","properties":{"line":"15A","mode":"bus","color":"#2d8c1b","oi":0.291,"n":2,"sw":1},"geometry":{"type":"LineString","coordinates":[[19.766271,41.313798],[19.766246,41.313831]]}},{"type":"Feature","properties":{"line":"15A","mode":"bus","color":"#2d8c1b","oi":0.37,"n":2,"sw":1},"geometry":{"type":"LineString","coordinates":[[19.76625,41.313826],[19.766225,41.313859]]}},{"type":"Feature","properties":{"line":"15A","mode":"bus","color":"#2d8c1b","oi":0.437,"n":2,"sw":1},"geometry":{"type":"LineString","coordinates":[[19.766229,41.313855],[19.766204,41.313887]]}},{"type":"Feature","properties":{"line":"15A","mode":"bus","color":"#2d8c1b","oi":0.483,"n":2,"sw":1},"geometry":{"type":"LineString","coordinates":[[19.766207,41.313883],[19.766183,41.313916]]}},{"type":"Feature","properties":{"line":"15A","mode":"bus","color":"#2d8c1b","oi":0.5,"n":2,"sw":1},"geometry":{"type":"LineString","coordinates":[[19.766186,41.313911],[19.766162,41.313944]]}},{"type":"Feature","properties":{"line":"15A","mode":"bus","color":"#2d8c1b","oi":0,"n":1},"geometry":{"type":"LineString","coordinates":[[19.850533,41.34542],[19.846128,41.346949],[19.845316,41.347198],[19.845048,41.347236],[19.844829,41.347246],[19.844435,41.34721],[19.843764,41.347104],[19.843547,41.34705],[19.843329,41.346966],[19.841541,41.346101],[19.841241,41.346006]]}},{"type":"Feature","properties":{"line":"10A","mode":"bus","color":"#f57145","oi":-0.5,"n":2},"geometry":{"type":"LineString","coordinates":[[19.844967,41.331743],[19.844417,41.331407]]}},{"type":"Feature","properties":{"line":"10A","mode":"bus","color":"#f57145","oi":0.5,"n":4},"geometry":{"type":"LineString","coordinates":[[19.828992,41.327887],[19.834481,41.330232],[19.840341,41.332717],[19.840708,41.332762],[19.842165,41.332599],[19.843102,41.332531],[19.843665,41.332626],[19.844125,41.332787]]}},{"type":"Feature","properties":{"line":"10A","mode":"bus","color":"#f57145","oi":0.5,"n":4},"geometry":{"type":"LineString","coordinates":[[19.828655,41.327737],[19.828277,41.327528],[19.826445,41.325958]]}},{"type":"Feature","properties":{"line":"10A","mode":"bus","color":"#f57145","oi":0.5,"n":4,"sw":1},"geometry":{"type":"LineString","coordinates":[[19.826447,41.32596],[19.826414,41.325932]]}},{"type":"Feature","properties":{"line":"10A","mode":"bus","color":"#f57145","oi":0.483,"n":4,"sw":1},"geometry":{"type":"LineString","coordinates":[[19.826419,41.325936],[19.826386,41.325908]]}},{"type":"Feature","properties":{"line":"10A","mode":"bus","color":"#f57145","oi":0.437,"n":4,"sw":1},"geometry":{"type":"LineString","coordinates":[[19.826391,41.325912],[19.826358,41.325883]]}},{"type":"Feature","properties":{"line":"10A","mode":"bus","color":"#f57145","oi":0.37,"n":4,"sw":1},"geometry":{"type":"LineString","coordinates":[[19.826362,41.325887],[19.826329,41.325859]]}},{"type":"Feature","properties":{"line":"10A","mode":"bus","color":"#f57145","oi":0.291,"n":4,"sw":1},"geometry":{"type":"LineString","coordinates":[[19.826334,41.325863],[19.826301,41.325835]]}},{"type":"Feature","properties":{"line":"10A","mode":"bus","color":"#f57145","oi":0.209,"n":4,"sw":1},"geometry":{"type":"LineString","coordinates":[[19.826305,41.325839],[19.826272,41.32581]]}},{"type":"Feature","properties":{"line":"10A","mode":"bus","color":"#f57145","oi":0.13,"n":4,"sw":1},"geometry":{"type":"LineString","coordinates":[[19.826277,41.325814],[19.826244,41.325786]]}},{"type":"Feature","properties":{"line":"10A","mode":"bus","color":"#f57145","oi":0.063,"n":4,"sw":1},"geometry":{"type":"LineString","coordinates":[[19.826249,41.32579],[19.826215,41.325762]]}},{"type":"Feature","properties":{"line":"10A","mode":"bus","color":"#f57145","oi":0.017,"n":4,"sw":1},"geometry":{"type":"LineString","coordinates":[[19.82622,41.325766],[19.826187,41.325737]]}},{"type":"Feature","properties":{"line":"10A","mode":"bus","color":"#f57145","oi":0,"n":4,"sw":1},"geometry":{"type":"LineString","coordinates":[[19.826192,41.325741],[19.826161,41.325715]]}},{"type":"Feature","properties":{"line":"10A","mode":"bus","color":"#f57145","oi":0,"n":3},"geometry":{"type":"LineString","coordinates":[[19.83439,41.330687],[19.834348,41.33067]]}},{"type":"Feature","properties":{"line":"10A","mode":"bus","color":"#f57145","oi":0,"n":3,"sw":1},"geometry":{"type":"LineString","coordinates":[[19.834352,41.330671],[19.834335,41.330664]]}},{"type":"Feature","properties":{"line":"10A","mode":"bus","color":"#f57145","oi":0.13,"n":3,"sw":1},"geometry":{"type":"LineString","coordinates":[[19.834341,41.330667],[19.834325,41.33066]]}},{"type":"Feature","properties":{"line":"10A","mode":"bus","color":"#f57145","oi":0.37,"n":3,"sw":1},"geometry":{"type":"LineString","coordinates":[[19.834331,41.330663],[19.834314,41.330656]]}},{"type":"Feature","properties":{"line":"10A","mode":"bus","color":"#f57145","oi":0.5,"n":3,"sw":1},"geometry":{"type":"LineString","coordinates":[[19.834321,41.330659],[19.834307,41.330653]]}},{"type":"Feature","properties":{"line":"10A","mode":"bus","color":"#f57145","oi":0.5,"n":4},"geometry":{"type":"LineString","coordinates":[[19.834307,41.330653],[19.828468,41.328149],[19.82815,41.32799],[19.827804,41.327756],[19.826031,41.326241],[19.82541,41.325754]]}},{"type":"Feature","properties":{"line":"10A","mode":"bus","color":"#f57145","oi":0.5,"n":4,"sw":1},"geometry":{"type":"LineString","coordinates":[[19.825413,41.325756],[19.825378,41.325728]]}},{"type":"Feature","properties":{"line":"10A","mode":"bus","color":"#f57145","oi":0.483,"n":4,"sw":1},"geometry":{"type":"LineString","coordinates":[[19.825383,41.325732],[19.825348,41.325705]]}},{"type":"Feature","properties":{"line":"10A","mode":"bus","color":"#f57145","oi":0.437,"n":4,"sw":1},"geometry":{"type":"LineString","coordinates":[[19.825353,41.325709],[19.825318,41.325682]]}},{"type":"Feature","properties":{"line":"10A","mode":"bus","color":"#f57145","oi":0.37,"n":4,"sw":1},"geometry":{"type":"LineString","coordinates":[[19.825323,41.325686],[19.825288,41.325658]]}},{"type":"Feature","properties":{"line":"10A","mode":"bus","color":"#f57145","oi":0.291,"n":4,"sw":1},"geometry":{"type":"LineString","coordinates":[[19.825293,41.325662],[19.825259,41.325635]]}},{"type":"Feature","properties":{"line":"10A","mode":"bus","color":"#f57145","oi":0.209,"n":4,"sw":1},"geometry":{"type":"LineString","coordinates":[[19.825264,41.325639],[19.825229,41.325612]]}},{"type":"Feature","properties":{"line":"10A","mode":"bus","color":"#f57145","oi":0.13,"n":4,"sw":1},"geometry":{"type":"LineString","coordinates":[[19.825234,41.325615],[19.825199,41.325588]]}},{"type":"Feature","properties":{"line":"10A","mode":"bus","color":"#f57145","oi":0.063,"n":4,"sw":1},"geometry":{"type":"LineString","coordinates":[[19.825204,41.325592],[19.825169,41.325565]]}},{"type":"Feature","properties":{"line":"10A","mode":"bus","color":"#f57145","oi":0.017,"n":4,"sw":1},"geometry":{"type":"LineString","coordinates":[[19.825174,41.325569],[19.825139,41.325541]]}},{"type":"Feature","properties":{"line":"10A","mode":"bus","color":"#f57145","oi":0,"n":4,"sw":1},"geometry":{"type":"LineString","coordinates":[[19.825144,41.325545],[19.825112,41.32552]]}},{"type":"Feature","properties":{"line":"10A","mode":"bus","color":"#f57145","oi":0,"n":1},"geometry":{"type":"LineString","coordinates":[[19.844417,41.331407],[19.845105,41.330567],[19.845245,41.329799],[19.845299,41.32964],[19.845696,41.328914],[19.846861,41.328502],[19.84737,41.328391],[19.848097,41.327895],[19.848365,41.32777],[19.848688,41.327692],[19.848788,41.32763],[19.848864,41.32754],[19.849175,41.327085],[19.849403,41.326657],[19.849507,41.326388],[19.84956,41.325706],[19.849851,41.324985],[19.84983,41.324392]]}},{"type":"Feature","properties":{"line":"10A","mode":"bus","color":"#f57145","oi":0,"n":1},"geometry":{"type":"LineString","coordinates":[[19.844125,41.332787],[19.844285,41.332672],[19.844967,41.331743]]}},{"type":"Feature","properties":{"line":"10A","mode":"bus","color":"#f57145","oi":0,"n":1},"geometry":{"type":"LineString","coordinates":[[19.844285,41.332672],[19.844205,41.332824],[19.843826,41.333109],[19.84371,41.333127]]}},{"type":"Feature","properties":{"line":"10A","mode":"bus","color":"#f57145","oi":0.5,"n":2},"geometry":{"type":"LineString","coordinates":[[19.84371,41.333127],[19.843331,41.333008],[19.843002,41.332968],[19.842813,41.332967],[19.840785,41.33321],[19.840486,41.333209],[19.840249,41.333166],[19.839981,41.333078],[19.834764,41.330847]]}},{"type":"Feature","properties":{"line":"10A","mode":"bus","color":"#f57145","oi":0.5,"n":2,"sw":1},"geometry":{"type":"LineString","coordinates":[[19.834767,41.330848],[19.834724,41.33083]]}},{"type":"Feature","properties":{"line":"10A","mode":"bus","color":"#f57145","oi":0.483,"n":2,"sw":1},"geometry":{"type":"LineString","coordinates":[[19.83473,41.330832],[19.834686,41.330814]]}},{"type":"Feature","properties":{"line":"10A","mode":"bus","color":"#f57145","oi":0.437,"n":2,"sw":1},"geometry":{"type":"LineString","coordinates":[[19.834693,41.330816],[19.834649,41.330798]]}},{"type":"Feature","properties":{"line":"10A","mode":"bus","color":"#f57145","oi":0.37,"n":2,"sw":1},"geometry":{"type":"LineString","coordinates":[[19.834655,41.3308],[19.834611,41.330782]]}},{"type":"Feature","properties":{"line":"10A","mode":"bus","color":"#f57145","oi":0.291,"n":2,"sw":1},"geometry":{"type":"LineString","coordinates":[[19.834618,41.330784],[19.834574,41.330766]]}},{"type":"Feature","properties":{"line":"10A","mode":"bus","color":"#f57145","oi":0.209,"n":2,"sw":1},"geometry":{"type":"LineString","coordinates":[[19.83458,41.330768],[19.834537,41.33075]]}},{"type":"Feature","properties":{"line":"10A","mode":"bus","color":"#f57145","oi":0.13,"n":2,"sw":1},"geometry":{"type":"LineString","coordinates":[[19.834543,41.330752],[19.834499,41.330734]]}},{"type":"Feature","properties":{"line":"10A","mode":"bus","color":"#f57145","oi":0.063,"n":2,"sw":1},"geometry":{"type":"LineString","coordinates":[[19.834505,41.330736],[19.834462,41.330718]]}},{"type":"Feature","properties":{"line":"10A","mode":"bus","color":"#f57145","oi":0.017,"n":2,"sw":1},"geometry":{"type":"LineString","coordinates":[[19.834468,41.33072],[19.834424,41.330702]]}},{"type":"Feature","properties":{"line":"10A","mode":"bus","color":"#f57145","oi":0,"n":2,"sw":1},"geometry":{"type":"LineString","coordinates":[[19.834431,41.330704],[19.83439,41.330687]]}},{"type":"Feature","properties":{"line":"10A","mode":"bus","color":"#f57145","oi":-0.5,"n":3,"sw":1},"geometry":{"type":"LineString","coordinates":[[19.828655,41.327737],[19.828667,41.327743]]}},{"type":"Feature","properties":{"line":"10A","mode":"bus","color":"#f57145","oi":-0.485,"n":3,"sw":1},"geometry":{"type":"LineString","coordinates":[[19.828661,41.32774],[19.828677,41.327747]]}},{"type":"Feature","properties":{"line":"10A","mode":"bus","color":"#f57145","oi":-0.443,"n":3,"sw":1},"geometry":{"type":"LineString","coordinates":[[19.828671,41.327744],[19.828686,41.327751]]}},{"type":"Feature","properties":{"line":"10A","mode":"bus","color":"#f57145","oi":-0.376,"n":3,"sw":1},"geometry":{"type":"LineString","coordinates":[[19.82868,41.327748],[19.828696,41.327755]]}},{"type":"Feature","properties":{"line":"10A","mode":"bus","color":"#f57145","oi":-0.29,"n":3,"sw":1},"geometry":{"type":"LineString","coordinates":[[19.828689,41.327752],[19.828705,41.327759]]}},{"type":"Feature","properties":{"line":"10A","mode":"bus","color":"#f57145","oi":-0.187,"n":3,"sw":1},"geometry":{"type":"LineString","coordinates":[[19.828699,41.327756],[19.828714,41.327763]]}},{"type":"Feature","properties":{"line":"10A","mode":"bus","color":"#f57145","oi":-0.071,"n":3,"sw":1},"geometry":{"type":"LineString","coordinates":[[19.828708,41.327761],[19.828724,41.327768]]}},{"type":"Feature","properties":{"line":"10A","mode":"bus","color":"#f57145","oi":0.054,"n":3,"sw":1},"geometry":{"type":"LineString","coordinates":[[19.828717,41.327765],[19.828733,41.327772]]}},{"type":"Feature","properties":{"line":"10A","mode":"bus","color":"#f57145","oi":0.184,"n":3,"sw":1},"geometry":{"type":"LineString","coordinates":[[19.828727,41.327769],[19.828742,41.327776]]}},{"type":"Feature","properties":{"line":"10A","mode":"bus","color":"#f57145","oi":0.316,"n":3,"sw":1},"geometry":{"type":"LineString","coordinates":[[19.828736,41.327773],[19.828752,41.32778]]}},{"type":"Feature","properties":{"line":"10A","mode":"bus","color":"#f57145","oi":0.446,"n":3,"sw":1},"geometry":{"type":"LineString","coordinates":[[19.828746,41.327777],[19.828761,41.327784]]}},{"type":"Feature","properties":{"line":"10A","mode":"bus","color":"#f57145","oi":0.571,"n":3,"sw":1},"geometry":{"type":"LineString","coordinates":[[19.828755,41.327781],[19.82877,41.327788]]}},{"type":"Feature","properties":{"line":"10A","mode":"bus","color":"#f57145","oi":0.687,"n":3,"sw":1},"geometry":{"type":"LineString","coordinates":[[19.828764,41.327786],[19.82878,41.327793]]}},{"type":"Feature","properties":{"line":"10A","mode":"bus","color":"#f57145","oi":0.79,"n":3,"sw":1},"geometry":{"type":"LineString","coordinates":[[19.828774,41.32779],[19.828789,41.327797]]}},{"type":"Feature","properties":{"line":"10A","mode":"bus","color":"#f57145","oi":0.876,"n":3,"sw":1},"geometry":{"type":"LineString","coordinates":[[19.828783,41.327794],[19.828799,41.327801]]}},{"type":"Feature","properties":{"line":"10A","mode":"bus","color":"#f57145","oi":0.943,"n":3,"sw":1},"geometry":{"type":"LineString","coordinates":[[19.828792,41.327798],[19.828808,41.327805]]}},{"type":"Feature","properties":{"line":"10A","mode":"bus","color":"#f57145","oi":0.985,"n":3,"sw":1},"geometry":{"type":"LineString","coordinates":[[19.828802,41.327802],[19.828817,41.327809]]}},{"type":"Feature","properties":{"line":"10A","mode":"bus","color":"#f57145","oi":1,"n":3,"sw":1},"geometry":{"type":"LineString","coordinates":[[19.828811,41.327806],[19.828827,41.327813]]}},{"type":"Feature","properties":{"line":"10A","mode":"bus","color":"#f57145","oi":1,"n":3,"sw":1},"geometry":{"type":"LineString","coordinates":[[19.82882,41.327811],[19.828843,41.327821]]}},{"type":"Feature","properties":{"line":"10A","mode":"bus","color":"#f57145","oi":0.983,"n":3,"sw":1},"geometry":{"type":"LineString","coordinates":[[19.828837,41.327818],[19.82886,41.327828]]}},{"type":"Feature","properties":{"line":"10A","mode":"bus","color":"#f57145","oi":0.937,"n":3,"sw":1},"geometry":{"type":"LineString","coordinates":[[19.828854,41.327826],[19.828877,41.327836]]}},{"type":"Feature","properties":{"line":"10A","mode":"bus","color":"#f57145","oi":0.87,"n":3,"sw":1},"geometry":{"type":"LineString","coordinates":[[19.828871,41.327833],[19.828894,41.327843]]}},{"type":"Feature","properties":{"line":"10A","mode":"bus","color":"#f57145","oi":0.791,"n":3,"sw":1},"geometry":{"type":"LineString","coordinates":[[19.828888,41.327841],[19.828911,41.327851]]}},{"type":"Feature","properties":{"line":"10A","mode":"bus","color":"#f57145","oi":0.709,"n":3,"sw":1},"geometry":{"type":"LineString","coordinates":[[19.828905,41.327848],[19.828928,41.327858]]}},{"type":"Feature","properties":{"line":"10A","mode":"bus","color":"#f57145","oi":0.63,"n":3,"sw":1},"geometry":{"type":"LineString","coordinates":[[19.828922,41.327856],[19.828945,41.327866]]}},{"type":"Feature","properties":{"line":"10A","mode":"bus","color":"#f57145","oi":0.563,"n":3,"sw":1},"geometry":{"type":"LineString","coordinates":[[19.828938,41.327863],[19.828961,41.327873]]}},{"type":"Feature","properties":{"line":"10A","mode":"bus","color":"#f57145","oi":0.517,"n":3,"sw":1},"geometry":{"type":"LineString","coordinates":[[19.828955,41.327871],[19.828978,41.327881]]}},{"type":"Feature","properties":{"line":"10A","mode":"bus","color":"#f57145","oi":0.5,"n":3,"sw":1},"geometry":{"type":"LineString","coordinates":[[19.828972,41.327878],[19.828992,41.327887]]}},{"type":"Feature","properties":{"line":"10B","mode":"bus","color":"#ff5e9b","oi":-0.5,"n":2},"geometry":{"type":"LineString","coordinates":[[19.843544,41.320982],[19.84402,41.321151],[19.844676,41.321225],[19.846044,41.321578],[19.84747,41.321902],[19.848669,41.322206],[19.84932,41.322304],[19.849805,41.322344]]}},{"type":"Feature","properties":{"line":"10B","mode":"bus","color":"#ff5e9b","oi":0,"n":1},"geometry":{"type":"LineString","coordinates":[[19.849899,41.322353],[19.849992,41.322362]]}},{"type":"Feature","properties":{"line":"10B","mode":"bus","color":"#ff5e9b","oi":-0.5,"n":1,"sw":1},"geometry":{"type":"LineString","coordinates":[[19.849805,41.322344],[19.84982,41.322345]]}},{"type":"Feature","properties":{"line":"10B","mode":"bus","color":"#ff5e9b","oi":-0.472,"n":1,"sw":1},"geometry":{"type":"LineString","coordinates":[[19.849813,41.322345],[19.849832,41.322347]]}},{"type":"Feature","properties":{"line":"10B","mode":"bus","color":"#ff5e9b","oi":-0.401,"n":1,"sw":1},"geometry":{"type":"LineString","coordinates":[[19.849825,41.322346],[19.849844,41.322348]]}},{"type":"Feature","properties":{"line":"10B","mode":"bus","color":"#ff5e9b","oi":-0.303,"n":1,"sw":1},"geometry":{"type":"LineString","coordinates":[[19.849837,41.322347],[19.849855,41.322349]]}},{"type":"Feature","properties":{"line":"10B","mode":"bus","color":"#ff5e9b","oi":-0.197,"n":1,"sw":1},"geometry":{"type":"LineString","coordinates":[[19.849848,41.322348],[19.849867,41.32235]]}},{"type":"Feature","properties":{"line":"10B","mode":"bus","color":"#ff5e9b","oi":-0.099,"n":1,"sw":1},"geometry":{"type":"LineString","coordinates":[[19.84986,41.322349],[19.849879,41.322351]]}},{"type":"Feature","properties":{"line":"10B","mode":"bus","color":"#ff5e9b","oi":-0.028,"n":1,"sw":1},"geometry":{"type":"LineString","coordinates":[[19.849872,41.32235],[19.84989,41.322352]]}},{"type":"Feature","properties":{"line":"10B","mode":"bus","color":"#ff5e9b","oi":0,"n":1,"sw":1},"geometry":{"type":"LineString","coordinates":[[19.849883,41.322352],[19.849902,41.322353]]}},{"type":"Feature","properties":{"line":"10B","mode":"bus","color":"#ff5e9b","oi":0,"n":1},"geometry":{"type":"LineString","coordinates":[[19.853717,41.320924],[19.853978,41.320841],[19.854771,41.320643]]}},{"type":"Feature","properties":{"line":"10B","mode":"bus","color":"#ff5e9b","oi":-0.5,"n":1,"sw":1},"geometry":{"type":"LineString","coordinates":[[19.853321,41.321051],[19.853364,41.321037]]}},{"type":"Feature","properties":{"line":"10B","mode":"bus","color":"#ff5e9b","oi":-0.483,"n":1,"sw":1},"geometry":{"type":"LineString","coordinates":[[19.853357,41.321039],[19.853404,41.321025]]}},{"type":"Feature","properties":{"line":"10B","mode":"bus","color":"#ff5e9b","oi":-0.437,"n":1,"sw":1},"geometry":{"type":"LineString","coordinates":[[19.853397,41.321027],[19.853443,41.321012]]}},{"type":"Feature","properties":{"line":"10B","mode":"bus","color":"#ff5e9b","oi":-0.37,"n":1,"sw":1},"geometry":{"type":"LineString","coordinates":[[19.853437,41.321014],[19.853483,41.320999]]}},{"type":"Feature","properties":{"line":"10B","mode":"bus","color":"#ff5e9b","oi":-0.291,"n":1,"sw":1},"geometry":{"type":"LineString","coordinates":[[19.853476,41.321001],[19.853522,41.320987]]}},{"type":"Feature","properties":{"line":"10B","mode":"bus","color":"#ff5e9b","oi":-0.209,"n":1,"sw":1},"geometry":{"type":"LineString","coordinates":[[19.853516,41.320989],[19.853562,41.320974]]}},{"type":"Feature","properties":{"line":"10B","mode":"bus","color":"#ff5e9b","oi":-0.13,"n":1,"sw":1},"geometry":{"type":"LineString","coordinates":[[19.853555,41.320976],[19.853602,41.320961]]}},{"type":"Feature","properties":{"line":"10B","mode":"bus","color":"#ff5e9b","oi":-0.063,"n":1,"sw":1},"geometry":{"type":"LineString","coordinates":[[19.853595,41.320963],[19.853641,41.320949]]}},{"type":"Feature","properties":{"line":"10B","mode":"bus","color":"#ff5e9b","oi":-0.017,"n":1,"sw":1},"geometry":{"type":"LineString","coordinates":[[19.853635,41.320951],[19.853681,41.320936]]}},{"type":"Feature","properties":{"line":"10B","mode":"bus","color":"#ff5e9b","oi":0,"n":1,"sw":1},"geometry":{"type":"LineString","coordinates":[[19.853674,41.320938],[19.853721,41.320923]]}},{"type":"Feature","properties":{"line":"10B","mode":"bus","color":"#ff5e9b","oi":0,"n":1},"geometry":{"type":"LineString","coordinates":[[19.843696,41.321039],[19.843631,41.321135],[19.843514,41.321207],[19.843286,41.321259],[19.842809,41.321471],[19.842483,41.321574],[19.842344,41.321601],[19.841933,41.321595],[19.841727,41.321623],[19.840847,41.321802],[19.84025,41.321973],[19.840008,41.322018],[19.838877,41.322504],[19.838397,41.322652],[19.837592,41.322987],[19.837453,41.323069],[19.837374,41.323149],[19.837234,41.32346],[19.837192,41.323516],[19.837082,41.323583],[19.836786,41.323687],[19.836085,41.323766],[19.835769,41.323839],[19.835386,41.323973],[19.835039,41.324169],[19.834023,41.325114],[19.833497,41.325258],[19.833232,41.325397],[19.833176,41.325465],[19.833154,41.325559],[19.833187,41.325717],[19.833186,41.325739],[19.833174,41.325756],[19.83315,41.325768],[19.832987,41.325823],[19.832106,41.326052],[19.831908,41.326068],[19.83105,41.325903],[19.829798,41.325606],[19.829267,41.325503],[19.827219,41.325371],[19.826959,41.325385],[19.826833,41.325418],[19.826401,41.325593],[19.826161,41.325715]]}},{"type":"Feature","properties":{"line":"10B","mode":"bus","color":"#ff5e9b","oi":0,"n":1},"geometry":{"type":"LineString","coordinates":[[19.82691,41.325394],[19.826829,41.325276],[19.826574,41.325018],[19.826382,41.32489],[19.825523,41.324531],[19.825433,41.324519],[19.825187,41.324567]]}},{"type":"Feature","properties":{"line":"10B","mode":"bus","color":"#ff5e9b","oi":-0.5,"n":2},"geometry":{"type":"LineString","coordinates":[[19.849992,41.322362],[19.851125,41.321941],[19.85195,41.321727],[19.852757,41.321412],[19.852981,41.321312],[19.853321,41.321051]]}},{"type":"Feature","properties":{"line":"12A","mode":"bus","color":"#ff627e","oi":-1,"n":3},"geometry":{"type":"LineString","coordinates":[[19.808195,41.344742],[19.807278,41.346961],[19.80715,41.34717],[19.806963,41.347383],[19.806966,41.347455],[19.806964,41.347471],[19.806956,41.347481],[19.806941,41.347487],[19.80692,41.347487],[19.806609,41.347462],[19.806599,41.347461],[19.806593,41.347459],[19.806592,41.347455],[19.806595,41.347451],[19.806603,41.347446],[19.806649,41.34742],[19.806985,41.347346]]}},{"type":"Feature","properties":{"line":"12A","mode":"bus","color":"#ff627e","oi":0,"n":1},"geometry":{"type":"LineString","coordinates":[[19.813375,41.346265],[19.812909,41.347909],[19.812898,41.347928],[19.812879,41.347938],[19.812852,41.347938],[19.812619,41.34791],[19.812462,41.34792],[19.811449,41.347744],[19.811179,41.347751],[19.810536,41.347835],[19.810041,41.347864],[19.807274,41.347844],[19.807166,41.347806],[19.806968,41.347491]]}},{"type":"Feature","properties":{"line":"12A","mode":"bus","color":"#ff627e","oi":0,"n":1},"geometry":{"type":"LineString","coordinates":[[19.820067,41.337083],[19.818947,41.338402],[19.818628,41.339046],[19.816578,41.341848],[19.815423,41.343935],[19.81461,41.345541],[19.814156,41.346338],[19.81414,41.346356],[19.814118,41.346364],[19.81409,41.346364],[19.81308,41.346225],[19.812609,41.346123],[19.808195,41.344742]]}},{"type":"Feature","properties":{"line":"12A","mode":"bus","color":"#ff627e","oi":1.5,"n":4},"geometry":{"type":"LineString","coordinates":[[19.772449,41.31611],[19.772546,41.316171],[19.773302,41.316479],[19.774768,41.316963],[19.77724,41.317749],[19.779794,41.31852],[19.783563,41.319706]]}},{"type":"Feature","properties":{"line":"12A","mode":"bus","color":"#ff627e","oi":1.5,"n":4,"sw":1},"geometry":{"type":"LineString","coordinates":[[19.783559,41.319705],[19.783581,41.319712]]}},{"type":"Feature","properties":{"line":"12A","mode":"bus","color":"#ff627e","oi":1.493,"n":4,"sw":1},"geometry":{"type":"LineString","coordinates":[[19.783575,41.31971],[19.783597,41.319717]]}},{"type":"Feature","properties":{"line":"12A","mode":"bus","color":"#ff627e","oi":1.473,"n":4,"sw":1},"geometry":{"type":"LineString","coordinates":[[19.78359,41.319715],[19.783612,41.319721]]}},{"type":"Feature","properties":{"line":"12A","mode":"bus","color":"#ff627e","oi":1.44,"n":4,"sw":1},"geometry":{"type":"LineString","coordinates":[[19.783605,41.319719],[19.783627,41.319726]]}},{"type":"Feature","properties":{"line":"12A","mode":"bus","color":"#ff627e","oi":1.397,"n":4,"sw":1},"geometry":{"type":"LineString","coordinates":[[19.783621,41.319724],[19.783642,41.319731]]}},{"type":"Feature","properties":{"line":"12A","mode":"bus","color":"#ff627e","oi":1.344,"n":4,"sw":1},"geometry":{"type":"LineString","coordinates":[[19.783636,41.319729],[19.783658,41.319736]]}},{"type":"Feature","properties":{"line":"12A","mode":"bus","color":"#ff627e","oi":1.282,"n":4,"sw":1},"geometry":{"type":"LineString","coordinates":[[19.783651,41.319734],[19.783673,41.319741]]}},{"type":"Feature","properties":{"line":"12A","mode":"bus","color":"#ff627e","oi":1.213,"n":4,"sw":1},"geometry":{"type":"LineString","coordinates":[[19.783666,41.319739],[19.783688,41.319745]]}},{"type":"Feature","properties":{"line":"12A","mode":"bus","color":"#ff627e","oi":1.138,"n":4,"sw":1},"geometry":{"type":"LineString","coordinates":[[19.783682,41.319743],[19.783704,41.31975]]}},{"type":"Feature","properties":{"line":"12A","mode":"bus","color":"#ff627e","oi":1.057,"n":4,"sw":1},"geometry":{"type":"LineString","coordinates":[[19.783697,41.319748],[19.783719,41.319755]]}},{"type":"Feature","properties":{"line":"12A","mode":"bus","color":"#ff627e","oi":0.972,"n":4,"sw":1},"geometry":{"type":"LineString","coordinates":[[19.783712,41.319753],[19.783734,41.31976]]}},{"type":"Feature","properties":{"line":"12A","mode":"bus","color":"#ff627e","oi":0.884,"n":4,"sw":1},"geometry":{"type":"LineString","coordinates":[[19.783727,41.319758],[19.783749,41.319765]]}},{"type":"Feature","properties":{"line":"12A","mode":"bus","color":"#ff627e","oi":0.795,"n":4,"sw":1},"geometry":{"type":"LineString","coordinates":[[19.783743,41.319763],[19.783765,41.31977]]}},{"type":"Feature","properties":{"line":"12A","mode":"bus","color":"#ff627e","oi":0.705,"n":4,"sw":1},"geometry":{"type":"LineString","coordinates":[[19.783758,41.319767],[19.78378,41.319774]]}},{"type":"Feature","properties":{"line":"12A","mode":"bus","color":"#ff627e","oi":0.616,"n":4,"sw":1},"geometry":{"type":"LineString","coordinates":[[19.783773,41.319772],[19.783795,41.319779]]}},{"type":"Feature","properties":{"line":"12A","mode":"bus","color":"#ff627e","oi":0.528,"n":4,"sw":1},"geometry":{"type":"LineString","coordinates":[[19.783789,41.319777],[19.783811,41.319784]]}},{"type":"Feature","properties":{"line":"12A","mode":"bus","color":"#ff627e","oi":0.443,"n":4,"sw":1},"geometry":{"type":"LineString","coordinates":[[19.783804,41.319782],[19.783826,41.319789]]}},{"type":"Feature","properties":{"line":"12A","mode":"bus","color":"#ff627e","oi":0.362,"n":4,"sw":1},"geometry":{"type":"LineString","coordinates":[[19.783819,41.319787],[19.783841,41.319794]]}},{"type":"Feature","properties":{"line":"12A","mode":"bus","color":"#ff627e","oi":0.287,"n":4,"sw":1},"geometry":{"type":"LineString","coordinates":[[19.783834,41.319791],[19.783856,41.319798]]}},{"type":"Feature","properties":{"line":"12A","mode":"bus","color":"#ff627e","oi":0.218,"n":4,"sw":1},"geometry":{"type":"LineString","coordinates":[[19.78385,41.319796],[19.783872,41.319803]]}},{"type":"Feature","properties":{"line":"12A","mode":"bus","color":"#ff627e","oi":0.156,"n":4,"sw":1},"geometry":{"type":"LineString","coordinates":[[19.783865,41.319801],[19.783887,41.319808]]}},{"type":"Feature","properties":{"line":"12A","mode":"bus","color":"#ff627e","oi":0.103,"n":4,"sw":1},"geometry":{"type":"LineString","coordinates":[[19.78388,41.319806],[19.783902,41.319813]]}},{"type":"Feature","properties":{"line":"12A","mode":"bus","color":"#ff627e","oi":0.06,"n":4,"sw":1},"geometry":{"type":"LineString","coordinates":[[19.783896,41.319811],[19.783917,41.319818]]}},{"type":"Feature","properties":{"line":"12A","mode":"bus","color":"#ff627e","oi":0.027,"n":4,"sw":1},"geometry":{"type":"LineString","coordinates":[[19.783911,41.319816],[19.783933,41.319822]]}},{"type":"Feature","properties":{"line":"12A","mode":"bus","color":"#ff627e","oi":0.007,"n":4,"sw":1},"geometry":{"type":"LineString","coordinates":[[19.783926,41.31982],[19.783948,41.319827]]}},{"type":"Feature","properties":{"line":"12A","mode":"bus","color":"#ff627e","oi":0,"n":4,"sw":1},"geometry":{"type":"LineString","coordinates":[[19.783941,41.319825],[19.78396,41.319831]]}},{"type":"Feature","properties":{"line":"12A","mode":"bus","color":"#ff627e","oi":1.5,"n":4},"geometry":{"type":"LineString","coordinates":[[19.783645,41.31968],[19.776425,41.317425],[19.773337,41.316421],[19.77257,41.316134],[19.772449,41.31611],[19.766374,41.313659]]}},{"type":"Feature","properties":{"line":"12A","mode":"bus","color":"#ff627e","oi":0,"n":4,"sw":1},"geometry":{"type":"LineString","coordinates":[[19.784043,41.319804],[19.784024,41.319798]]}},{"type":"Feature","properties":{"line":"12A","mode":"bus","color":"#ff627e","oi":0.007,"n":4,"sw":1},"geometry":{"type":"LineString","coordinates":[[19.784031,41.3198],[19.784009,41.319793]]}},{"type":"Feature","properties":{"line":"12A","mode":"bus","color":"#ff627e","oi":0.027,"n":4,"sw":1},"geometry":{"type":"LineString","coordinates":[[19.784016,41.319795],[19.783994,41.319789]]}},{"type":"Feature","properties":{"line":"12A","mode":"bus","color":"#ff627e","oi":0.06,"n":4,"sw":1},"geometry":{"type":"LineString","coordinates":[[19.784,41.319791],[19.783978,41.319784]]}},{"type":"Feature","properties":{"line":"12A","mode":"bus","color":"#ff627e","oi":0.103,"n":4,"sw":1},"geometry":{"type":"LineString","coordinates":[[19.783985,41.319786],[19.783963,41.319779]]}},{"type":"Feature","properties":{"line":"12A","mode":"bus","color":"#ff627e","oi":0.156,"n":4,"sw":1},"geometry":{"type":"LineString","coordinates":[[19.78397,41.319781],[19.783948,41.319774]]}},{"type":"Feature","properties":{"line":"12A","mode":"bus","color":"#ff627e","oi":0.218,"n":4,"sw":1},"geometry":{"type":"LineString","coordinates":[[19.783955,41.319776],[19.783933,41.31977]]}},{"type":"Feature","properties":{"line":"12A","mode":"bus","color":"#ff627e","oi":0.287,"n":4,"sw":1},"geometry":{"type":"LineString","coordinates":[[19.783939,41.319772],[19.783917,41.319765]]}},{"type":"Feature","properties":{"line":"12A","mode":"bus","color":"#ff627e","oi":0.362,"n":4,"sw":1},"geometry":{"type":"LineString","coordinates":[[19.783924,41.319767],[19.783902,41.31976]]}},{"type":"Feature","properties":{"line":"12A","mode":"bus","color":"#ff627e","oi":0.443,"n":4,"sw":1},"geometry":{"type":"LineString","coordinates":[[19.783909,41.319762],[19.783887,41.319755]]}},{"type":"Feature","properties":{"line":"12A","mode":"bus","color":"#ff627e","oi":0.528,"n":4,"sw":1},"geometry":{"type":"LineString","coordinates":[[19.783893,41.319757],[19.783871,41.31975]]}},{"type":"Feature","properties":{"line":"12A","mode":"bus","color":"#ff627e","oi":0.616,"n":4,"sw":1},"geometry":{"type":"LineString","coordinates":[[19.783878,41.319752],[19.783856,41.319746]]}},{"type":"Feature","properties":{"line":"12A","mode":"bus","color":"#ff627e","oi":0.705,"n":4,"sw":1},"geometry":{"type":"LineString","coordinates":[[19.783863,41.319748],[19.783841,41.319741]]}},{"type":"Feature","properties":{"line":"12A","mode":"bus","color":"#ff627e","oi":0.795,"n":4,"sw":1},"geometry":{"type":"LineString","coordinates":[[19.783847,41.319743],[19.783826,41.319736]]}},{"type":"Feature","properties":{"line":"12A","mode":"bus","color":"#ff627e","oi":0.884,"n":4,"sw":1},"geometry":{"type":"LineString","coordinates":[[19.783832,41.319738],[19.78381,41.319731]]}},{"type":"Feature","properties":{"line":"12A","mode":"bus","color":"#ff627e","oi":0.972,"n":4,"sw":1},"geometry":{"type":"LineString","coordinates":[[19.783817,41.319733],[19.783795,41.319727]]}},{"type":"Feature","properties":{"line":"12A","mode":"bus","color":"#ff627e","oi":1.057,"n":4,"sw":1},"geometry":{"type":"LineString","coordinates":[[19.783802,41.319729],[19.78378,41.319722]]}},{"type":"Feature","properties":{"line":"12A","mode":"bus","color":"#ff627e","oi":1.138,"n":4,"sw":1},"geometry":{"type":"LineString","coordinates":[[19.783786,41.319724],[19.783764,41.319717]]}},{"type":"Feature","properties":{"line":"12A","mode":"bus","color":"#ff627e","oi":1.213,"n":4,"sw":1},"geometry":{"type":"LineString","coordinates":[[19.783771,41.319719],[19.783749,41.319712]]}},{"type":"Feature","properties":{"line":"12A","mode":"bus","color":"#ff627e","oi":1.282,"n":4,"sw":1},"geometry":{"type":"LineString","coordinates":[[19.783756,41.319714],[19.783734,41.319707]]}},{"type":"Feature","properties":{"line":"12A","mode":"bus","color":"#ff627e","oi":1.344,"n":4,"sw":1},"geometry":{"type":"LineString","coordinates":[[19.78374,41.319709],[19.783718,41.319703]]}},{"type":"Feature","properties":{"line":"12A","mode":"bus","color":"#ff627e","oi":1.397,"n":4,"sw":1},"geometry":{"type":"LineString","coordinates":[[19.783725,41.319705],[19.783703,41.319698]]}},{"type":"Feature","properties":{"line":"12A","mode":"bus","color":"#ff627e","oi":1.44,"n":4,"sw":1},"geometry":{"type":"LineString","coordinates":[[19.78371,41.3197],[19.783688,41.319693]]}},{"type":"Feature","properties":{"line":"12A","mode":"bus","color":"#ff627e","oi":1.473,"n":4,"sw":1},"geometry":{"type":"LineString","coordinates":[[19.783694,41.319695],[19.783673,41.319688]]}},{"type":"Feature","properties":{"line":"12A","mode":"bus","color":"#ff627e","oi":1.493,"n":4,"sw":1},"geometry":{"type":"LineString","coordinates":[[19.783679,41.31969],[19.783657,41.319684]]}},{"type":"Feature","properties":{"line":"12A","mode":"bus","color":"#ff627e","oi":1.5,"n":4,"sw":1},"geometry":{"type":"LineString","coordinates":[[19.783664,41.319686],[19.783642,41.319679]]}},{"type":"Feature","properties":{"line":"12A","mode":"bus","color":"#ff627e","oi":0.5,"n":2},"geometry":{"type":"LineString","coordinates":[[19.765995,41.313505],[19.760842,41.311404],[19.760543,41.311248],[19.760274,41.311067],[19.759686,41.31053],[19.759369,41.310195],[19.759233,41.309987],[19.757612,41.306959],[19.75741,41.306714],[19.757267,41.306601],[19.757124,41.306525],[19.754901,41.305749],[19.754251,41.305551],[19.747869,41.304277],[19.746094,41.303725],[19.745829,41.303611],[19.745341,41.303341]]}},{"type":"Feature","properties":{"line":"12A","mode":"bus","color":"#ff627e","oi":1.5,"n":2,"sw":1},"geometry":{"type":"LineString","coordinates":[[19.766374,41.313659],[19.76635,41.313649]]}},{"type":"Feature","properties":{"line":"12A","mode":"bus","color":"#ff627e","oi":1.49,"n":2,"sw":1},"geometry":{"type":"LineString","coordinates":[[19.766356,41.313652],[19.766329,41.313641]]}},{"type":"Feature","properties":{"line":"12A","mode":"bus","color":"#ff627e","oi":1.462,"n":2,"sw":1},"geometry":{"type":"LineString","coordinates":[[19.766335,41.313643],[19.766308,41.313632]]}},{"type":"Feature","properties":{"line":"12A","mode":"bus","color":"#ff627e","oi":1.418,"n":2,"sw":1},"geometry":{"type":"LineString","coordinates":[[19.766314,41.313635],[19.766287,41.313623]]}},{"type":"Feature","properties":{"line":"12A","mode":"bus","color":"#ff627e","oi":1.36,"n":2,"sw":1},"geometry":{"type":"LineString","coordinates":[[19.766293,41.313626],[19.766266,41.313615]]}},{"type":"Feature","properties":{"line":"12A","mode":"bus","color":"#ff627e","oi":1.291,"n":2,"sw":1},"geometry":{"type":"LineString","coordinates":[[19.766272,41.313617],[19.766245,41.313606]]}},{"type":"Feature","properties":{"line":"12A","mode":"bus","color":"#ff627e","oi":1.214,"n":2,"sw":1},"geometry":{"type":"LineString","coordinates":[[19.766251,41.313609],[19.766224,41.313598]]}},{"type":"Feature","properties":{"line":"12A","mode":"bus","color":"#ff627e","oi":1.131,"n":2,"sw":1},"geometry":{"type":"LineString","coordinates":[[19.76623,41.3136],[19.766203,41.313589]]}},{"type":"Feature","properties":{"line":"12A","mode":"bus","color":"#ff627e","oi":1.044,"n":2,"sw":1},"geometry":{"type":"LineString","coordinates":[[19.766209,41.313592],[19.766182,41.313581]]}},{"type":"Feature","properties":{"line":"12A","mode":"bus","color":"#ff627e","oi":0.956,"n":2,"sw":1},"geometry":{"type":"LineString","coordinates":[[19.766188,41.313583],[19.766161,41.313572]]}},{"type":"Feature","properties":{"line":"12A","mode":"bus","color":"#ff627e","oi":0.869,"n":2,"sw":1},"geometry":{"type":"LineString","coordinates":[[19.766167,41.313575],[19.766139,41.313563]]}},{"type":"Feature","properties":{"line":"12A","mode":"bus","color":"#ff627e","oi":0.786,"n":2,"sw":1},"geometry":{"type":"LineString","coordinates":[[19.766146,41.313566],[19.766118,41.313555]]}},{"type":"Feature","properties":{"line":"12A","mode":"bus","color":"#ff627e","oi":0.709,"n":2,"sw":1},"geometry":{"type":"LineString","coordinates":[[19.766125,41.313557],[19.766097,41.313546]]}},{"type":"Feature","properties":{"line":"12A","mode":"bus","color":"#ff627e","oi":0.64,"n":2,"sw":1},"geometry":{"type":"LineString","coordinates":[[19.766104,41.313549],[19.766076,41.313538]]}},{"type":"Feature","properties":{"line":"12A","mode":"bus","color":"#ff627e","oi":0.582,"n":2,"sw":1},"geometry":{"type":"LineString","coordinates":[[19.766083,41.31354],[19.766055,41.313529]]}},{"type":"Feature","properties":{"line":"12A","mode":"bus","color":"#ff627e","oi":0.538,"n":2,"sw":1},"geometry":{"type":"LineString","coordinates":[[19.766062,41.313532],[19.766034,41.313521]]}},{"type":"Feature","properties":{"line":"12A","mode":"bus","color":"#ff627e","oi":0.51,"n":2,"sw":1},"geometry":{"type":"LineString","coordinates":[[19.766041,41.313523],[19.766013,41.313512]]}},{"type":"Feature","properties":{"line":"12A","mode":"bus","color":"#ff627e","oi":0.5,"n":2,"sw":1},"geometry":{"type":"LineString","coordinates":[[19.76602,41.313515],[19.765992,41.313503]]}}]}