{"type":"FeatureCollection","features":[{"type":"Feature","properties":{"lines":"1A, 1B","arr":["1A","1B"],"mode":"bus","angle":26.1,"mi":11,"l0":"1A, ","c0":"#b0045c","l1":"1B","c1":"#7c5001"},"geometry":{"type":"Point","coordinates":[19.798113,41.314892]}},{"type":"Feature","properties":{"lines":"1A, 1B","arr":["1A","1B"],"mode":"bus","angle":38.4,"mi":9,"l0":"1A, ","c0":"#b0045c","l1":"1B","c1":"#7c5001"},"geometry":{"type":"Point","coordinates":[19.799953,41.313913]}},{"type":"Feature","properties":{"lines":"1A, 1B","arr":["1A","1B"],"mode":"bus","angle":23.4,"mi":6,"l0":"1A, ","c0":"#b0045c","l1":"1B","c1":"#7c5001"},"geometry":{"type":"Point","coordinates":[19.803235,41.312558]}},{"type":"Feature","properties":{"lines":"1A, 1B","arr":["1A","1B"],"mode":"bus","angle":43.8,"mi":8,"l0":"1A, ","c0":"#b0045c","l1":"1B","c1":"#7c5001"},"geometry":{"type":"Point","coordinates":[19.80008,41.314305]}},{"type":"Feature","properties":{"lines":"1A, 1B","arr":["1A","1B"],"mode":"bus","angle":-73.4,"mi":7,"l0":"1A, ","c0":"#b0045c","l1":"1B","c1":"#7c5001"},"geometry":{"type":"Point","coordinates":[19.805818,41.312098]}},{"type":"Feature","properties":{"lines":"1A, 1B","arr":["1A","1B"],"mode":"bus","angle":14.2,"mi":5,"l0":"1A, ","c0":"#b0045c","l1":"1B","c1":"#7c5001"},"geometry":{"type":"Point","coordinates":[19.805382,41.312428]}},{"type":"Feature","properties":{"lines":"1A, 1B","arr":["1A","1B"],"mode":"bus","angle":22.9,"mi":4,"l0":"1A, ","c0":"#b0045c","l1":"1B","c1":"#7c5001"},"geometry":{"type":"Point","coordinates":[19.803766,41.312868]}},{"type":"Feature","properties":{"lines":"1A, 1B","arr":["1A","1B"],"mode":"bus","angle":-0.2,"mi":3,"l0":"1A, ","c0":"#b0045c","l1":"1B","c1":"#7c5001"},"geometry":{"type":"Point","coordinates":[19.803211,41.313575]}},{"type":"Feature","properties":{"lines":"1A, 1B","arr":["1A","1B"],"mode":"bus","angle":13.7,"extra":1,"ei":0,"l0":"1A, ","c0":"#b0045c","l1":"1B","c1":"#7c5001"},"geometry":{"type":"Point","coordinates":[19.801672,41.313767]}},{"type":"Feature","properties":{"lines":"1A, 1B","arr":["1A","1B"],"mode":"bus","angle":-72.2,"mi":1,"l0":"1A, ","c0":"#b0045c","l1":"1B","c1":"#7c5001"},"geometry":{"type":"Point","coordinates":[19.806181,41.315293]}},{"type":"Feature","properties":{"lines":"1A, 1B","arr":["1A","1B"],"mode":"bus","angle":-56.6,"mi":2,"l0":"1A, ","c0":"#b0045c","l1":"1B","c1":"#7c5001"},"geometry":{"type":"Point","coordinates":[19.80736,41.318188]}},{"type":"Feature","properties":{"lines":"1A, 1B","arr":["1A","1B"],"mode":"bus","angle":-58,"mi":10,"l0":"1A, ","c0":"#b0045c","l1":"1B","c1":"#7c5001"},"geometry":{"type":"Point","coordinates":[19.809392,41.320562]}},{"type":"Feature","properties":{"lines":"1A, 1B, 16B","arr":["1A","1B","16B"],"mode":"bus","angle":-11.9,"l0":"1A, ","c0":"#b0045c","l1":"1B, ","c1":"#7c5001","l2":"16B","c2":"#999f01"},"geometry":{"type":"Point","coordinates":[19.811835,41.322325]}},{"type":"Feature","properties":{"lines":"1A, 1B","arr":["1A","1B"],"mode":"bus","angle":78.5,"mi":12,"l0":"1A, ","c0":"#b0045c","l1":"1B","c1":"#7c5001"},"geometry":{"type":"Point","coordinates":[19.813597,41.321801]}},{"type":"Feature","properties":{"lines":"1A, 1B","arr":["1A","1B"],"mode":"bus","angle":78.1,"extra":1,"ei":0,"l0":"1A, ","c0":"#b0045c","l1":"1B","c1":"#7c5001"},"geometry":{"type":"Point","coordinates":[19.812973,41.324013]}},{"type":"Feature","properties":{"lines":"1A, 1B","arr":["1A","1B"],"mode":"bus","angle":78.2,"extra":1,"ei":1,"l0":"1A, ","c0":"#b0045c","l1":"1B","c1":"#7c5001"},"geometry":{"type":"Point","coordinates":[19.814004,41.320316]}},{"type":"Feature","properties":{"lines":"1A, 1B","arr":["1A","1B"],"mode":"bus","angle":-11.8,"mi":13,"l0":"1A, ","c0":"#b0045c","l1":"1B","c1":"#7c5001"},"geometry":{"type":"Point","coordinates":[19.814809,41.325268]}},{"type":"Feature","properties":{"lines":"1A, 1B","arr":["1A","1B"],"mode":"bus","angle":-11.9,"extra":1,"ei":0,"l0":"1A, ","c0":"#b0045c","l1":"1B","c1":"#7c5001"},"geometry":{"type":"Point","coordinates":[19.816407,41.325519]}},{"type":"Feature","properties":{"lines":"1A, 1B, 3B, 3C, 4, 5A, 5B, 8A, 8B, 8C, 9A, 9B, 10A, 10B, 10C, 12A, 12B, 13A, 15A, 15B","arr":["1A","1B","3B","3C","4","5A","5B","8A","8B","8C","9A","9B","10A","10B","10C","12A","12B","13A","15A","15B"],"mode":"bus","angle":-11.8,"l0":"1A, ","c0":"#b0045c","l1":"1B, ","c1":"#7c5001","l2":"3B, ","c2":"#05617d","l3":"3C, ","c3":"#6b5806","l4":"4, ","c4":"#07ad80","l5":"5A, ","c5":"#19a9a8","l6":"5B, ","c6":"#b11526","l7":"8A, ","c7":"#446303","l8":"8B, ","c8":"#095d97","l9":"8C, ","c9":"#9789ff","l10":"9A, ","c10":"#02af5a","l11":"9B, ","c11":"#a72d06","l12":"10A, ","c12":"#f57145","l13":"10B, ","c13":"#ff5e9b","l14":"10C, ","c14":"#ab0377","l15":"12A, ","c15":"#ff627e","l16":"12B, ","c16":"#19a9a8","l17":"13A, ","c17":"#05617d","l18":"15A, ","c18":"#2d8c1b","l19":"15B","c19":"#4d4aba"},"geometry":{"type":"Point","coordinates":[19.817959,41.325763]}},{"type":"Feature","properties":{"lines":"1A, 1B, 2, 3B, 3C, 4, 5B, 8A, 8B, 8C, 9A, 9B, 10A, 10B, 10C, 12A, 12B, 13B, 15A, 15B","arr":["1A","1B","2","3B","3C","4","5B","8A","8B","8C","9A","9B","10A","10B","10C","12A","12B","13B","15A","15B"],"mode":"bus","angle":78.5,"mi":1,"l0":"1A, ","c0":"#b0045c","l1":"1B, ","c1":"#7c5001","l2":"2, ","c2":"#119efc","l3":"3B, ","c3":"#05617d","l4":"3C, ","c4":"#6b5806","l5":"4, ","c5":"#07ad80","l6":"5B, ","c6":"#b11526","l7":"8A, ","c7":"#446303","l8":"8B, ","c8":"#095d97","l9":"8C, ","c9":"#9789ff","l10":"9A, ","c10":"#02af5a","l11":"9B, ","c11":"#a72d06","l12":"10A, ","c12":"#f57145","l13":"10B, ","c13":"#ff5e9b","l14":"10C, ","c14":"#ab0377","l15":"12A, ","c15":"#ff627e","l16":"12B, ","c16":"#19a9a8","l17":"13B, ","c17":"#e16cd6","l18":"15A, ","c18":"#2d8c1b","l19":"15B","c19":"#4d4aba"},"geometry":{"type":"Point","coordinates":[19.818995,41.32635]}},{"type":"Feature","properties":{"lines":"1A, 1B, 2, 3B, 3C, 4, 5B, 8A, 8B, 8C, 9A, 9B, 10A, 10B, 10C, 12A, 12B, 13B, 15A, 15B","arr":["1A","1B","2","3B","3C","4","5B","8A","8B","8C","9A","9B","10A","10B","10C","12A","12B","13B","15A","15B"],"mode":"bus","angle":-48.3,"l0":"1A, ","c0":"#b0045c","l1":"1B, ","c1":"#7c5001","l2":"2, ","c2":"#119efc","l3":"3B, ","c3":"#05617d","l4":"3C, ","c4":"#6b5806","l5":"4, ","c5":"#07ad80","l6":"5B, ","c6":"#b11526","l7":"8A, ","c7":"#446303","l8":"8B, ","c8":"#095d97","l9":"8C, ","c9":"#9789ff","l10":"9A, ","c10":"#02af5a","l11":"9B, ","c11":"#a72d06","l12":"10A, ","c12":"#f57145","l13":"10B, ","c13":"#ff5e9b","l14":"10C, ","c14":"#ab0377","l15":"12A, ","c15":"#ff627e","l16":"12B, ","c16":"#19a9a8","l17":"13B, ","c17":"#e16cd6","l18":"15A, ","c18":"#2d8c1b","l19":"15B","c19":"#4d4aba"},"geometry":{"type":"Point","coordinates":[19.819162,41.326968]}},{"type":"Feature","properties":{"lines":"1A, 1B, 2, 3B, 3C, 4, 5B, 8A, 8B, 8C, 9A, 9B, 10A, 10B, 10C, 12A, 12B, 13B, 15A, 15B","arr":["1A","1B","2","3B","3C","4","5B","8A","8B","8C","9A","9B","10A","10B","10C","12A","12B","13B","15A","15B"],"mode":"bus","angle":-6.7,"mi":2,"l0":"1A, ","c0":"#b0045c","l1":"1B, ","c1":"#7c5001","l2":"2, ","c2":"#119efc","l3":"3B, ","c3":"#05617d","l4":"3C, ","c4":"#6b5806","l5":"4, ","c5":"#07ad80","l6":"5B, ","c6":"#b11526","l7":"8A, ","c7":"#446303","l8":"8B, ","c8":"#095d97","l9":"8C, ","c9":"#9789ff","l10":"9A, ","c10":"#02af5a","l11":"9B, ","c11":"#a72d06","l12":"10A, ","c12":"#f57145","l13":"10B, ","c13":"#ff5e9b","l14":"10C, ","c14":"#ab0377","l15":"12A, ","c15":"#ff627e","l16":"12B, ","c16":"#19a9a8","l17":"13B, ","c17":"#e16cd6","l18":"15A, ","c18":"#2d8c1b","l19":"15B","c19":"#4d4aba"},"geometry":{"type":"Point","coordinates":[19.821074,41.327304]}},{"type":"Feature","properties":{"lines":"1A, 1B, 2, 3B, 3C, 4, 5A, 5B, 8A, 8B, 8C, 9A, 9B, 10A, 10B, 10C, 12A, 12B, 13B, 15A, 15B","arr":["1A","1B","2","3B","3C","4","5A","5B","8A","8B","8C","9A","9B","10A","10B","10C","12A","12B","13B","15A","15B"],"mode":"bus","angle":65,"l0":"1A, ","c0":"#b0045c","l1":"1B, ","c1":"#7c5001","l2":"2, ","c2":"#119efc","l3":"3B, ","c3":"#05617d","l4":"3C, ","c4":"#6b5806","l5":"4, ","c5":"#07ad80","l6":"5A, ","c6":"#19a9a8","l7":"5B, ","c7":"#b11526","l8":"8A, ","c8":"#446303","l9":"8B, ","c9":"#095d97","l10":"8C, ","c10":"#9789ff","l11":"9A, ","c11":"#02af5a","l12":"9B, ","c12":"#a72d06","l13":"10A, ","c13":"#f57145","l14":"10B, ","c14":"#ff5e9b","l15":"10C, ","c15":"#ab0377","l16":"12A, ","c16":"#ff627e","l17":"12B, ","c17":"#19a9a8","l18":"13B, ","c18":"#e16cd6","l19":"15A, ","c19":"#2d8c1b","l20":"15B","c20":"#4d4aba"},"geometry":{"type":"Point","coordinates":[19.822215,41.328018]}},{"type":"Feature","properties":{"lines":"1A, 1B, 2, 4, 5A, 5B, 8A, 8B, 8C, 12A, 12B, 13B, 15A, 15B","arr":["1A","1B","2","4","5A","5B","8A","8B","8C","12A","12B","13B","15A","15B"],"mode":"bus","angle":66.5,"l0":"1A, ","c0":"#b0045c","l1":"1B, ","c1":"#7c5001","l2":"2, ","c2":"#119efc","l3":"4, ","c3":"#07ad80","l4":"5A, ","c4":"#19a9a8","l5":"5B, ","c5":"#b11526","l6":"8A, ","c6":"#446303","l7":"8B, ","c7":"#095d97","l8":"8C, ","c8":"#9789ff","l9":"12A, ","c9":"#ff627e","l10":"12B, ","c10":"#19a9a8","l11":"13B, ","c11":"#e16cd6","l12":"15A, ","c12":"#2d8c1b","l13":"15B","c13":"#4d4aba"},"geometry":{"type":"Point","coordinates":[19.821307,41.32962]}},{"type":"Feature","properties":{"lines":"1A, 1B, 3B, 3C, 4, 5A, 5B, 6, 8A, 8B, 8C, 9A, 9B, 10A, 10B, 10C, 12A, 12B, 13B, 15A, 15B","arr":["1A","1B","3B","3C","4","5A","5B","6","8A","8B","8C","9A","9B","10A","10B","10C","12A","12B","13B","15A","15B"],"mode":"bus","angle":-10.1,"l0":"1A, ","c0":"#b0045c","l1":"1B, ","c1":"#7c5001","l2":"3B, ","c2":"#05617d","l3":"3C, ","c3":"#6b5806","l4":"4, ","c4":"#07ad80","l5":"5A, ","c5":"#19a9a8","l6":"5B, ","c6":"#b11526","l7":"6, ","c7":"#7b3aa8","l8":"8A, ","c8":"#446303","l9":"8B, ","c9":"#095d97","l10":"8C, ","c10":"#9789ff","l11":"9A, ","c11":"#02af5a","l12":"9B, ","c12":"#a72d06","l13":"10A, ","c13":"#f57145","l14":"10B, ","c14":"#ff5e9b","l15":"10C, ","c15":"#ab0377","l16":"12A, ","c16":"#ff627e","l17":"12B, ","c17":"#19a9a8","l18":"13B, ","c18":"#e16cd6","l19":"15A, ","c19":"#2d8c1b","l20":"15B","c20":"#4d4aba"},"geometry":{"type":"Point","coordinates":[19.81916,41.330497]}},{"type":"Feature","properties":{"lines":"1A, 1B, 9A, 9B, 12A, 12B, 13B","arr":["1A","1B","9A","9B","12A","12B","13B"],"mode":"bus","angle":78.1,"l0":"1A, ","c0":"#b0045c","l1":"1B, ","c1":"#7c5001","l2":"9A, ","c2":"#02af5a","l3":"9B, ","c3":"#a72d06","l4":"12A, ","c4":"#ff627e","l5":"12B, ","c5":"#19a9a8","l6":"13B","c6":"#e16cd6"},"geometry":{"type":"Point","coordinates":[19.817211,41.332995]}},{"type":"Feature","properties":{"lines":"1A, 1B, 9A, 9B, 12A, 12B, 13B","arr":["1A","1B","9A","9B","12A","12B","13B"],"mode":"bus","angle":78.3,"extra":1,"ei":0,"l0":"1A, ","c0":"#b0045c","l1":"1B, ","c1":"#7c5001","l2":"9A, ","c2":"#02af5a","l3":"9B, ","c3":"#a72d06","l4":"12A, ","c4":"#ff627e","l5":"12B, ","c5":"#19a9a8","l6":"13B","c6":"#e16cd6"},"geometry":{"type":"Point","coordinates":[19.817691,41.331256]}},{"type":"Feature","properties":{"lines":"1A, 1B, 9A, 9B, 12A, 12B, 13B","arr":["1A","1B","9A","9B","12A","12B","13B"],"mode":"bus","angle":78.7,"extra":1,"ei":1,"l0":"1A, ","c0":"#b0045c","l1":"1B, ","c1":"#7c5001","l2":"9A, ","c2":"#02af5a","l3":"9B, ","c3":"#a72d06","l4":"12A, ","c4":"#ff627e","l5":"12B, ","c5":"#19a9a8","l6":"13B","c6":"#e16cd6"},"geometry":{"type":"Point","coordinates":[19.816659,41.334953]}},{"type":"Feature","properties":{"lines":"1A, 1B, 6, 12A, 12B, 16A","arr":["1A","1B","6","12A","12B","16A"],"mode":"bus","angle":-13.1,"side":-1,"l0":"1A, ","c0":"#b0045c","l1":"1B, ","c1":"#7c5001","l2":"6, ","c2":"#7b3aa8","l3":"12A, ","c3":"#ff627e","l4":"12B, ","c4":"#19a9a8","l5":"16A","c5":"#999f01"},"geometry":{"type":"Point","coordinates":[19.817134,41.336036]}},{"type":"Feature","properties":{"lines":"1A, 1B, 12A, 12B, 16A","arr":["1A","1B","12A","12B","16A"],"mode":"bus","angle":-27.3,"side":-1,"l0":"1A, ","c0":"#b0045c","l1":"1B, ","c1":"#7c5001","l2":"12A, ","c2":"#ff627e","l3":"12B, ","c3":"#19a9a8","l4":"16A","c4":"#999f01"},"geometry":{"type":"Point","coordinates":[19.818766,41.336564]}},{"type":"Feature","properties":{"lines":"1A, 1B, 12B, 16A","arr":["1A","1B","12B","16A"],"mode":"bus","angle":-43.1,"side":-1,"l0":"1A, ","c0":"#b0045c","l1":"1B, ","c1":"#7c5001","l2":"12B, ","c2":"#19a9a8","l3":"16A","c3":"#999f01"},"geometry":{"type":"Point","coordinates":[19.82292,41.338936]}},{"type":"Feature","properties":{"lines":"1A, 1B, 12B, 16A","arr":["1A","1B","12B","16A"],"mode":"bus","angle":-37.8,"side":-1,"extra":1,"ei":0,"l0":"1A, ","c0":"#b0045c","l1":"1B, ","c1":"#7c5001","l2":"12B, ","c2":"#19a9a8","l3":"16A","c3":"#999f01"},"geometry":{"type":"Point","coordinates":[19.821083,41.337639]}},{"type":"Feature","properties":{"lines":"1A, 1B, 12B, 16A","arr":["1A","1B","12B","16A"],"mode":"bus","angle":-17.8,"side":-1,"extra":1,"ei":1,"l0":"1A, ","c0":"#b0045c","l1":"1B, ","c1":"#7c5001","l2":"12B, ","c2":"#19a9a8","l3":"16A","c3":"#999f01"},"geometry":{"type":"Point","coordinates":[19.825078,41.339858]}},{"type":"Feature","properties":{"lines":"1A, 1B, 16A","arr":["1A","1B","16A"],"mode":"bus","angle":-7.6,"side":-1,"l0":"1A, ","c0":"#b0045c","l1":"1B, ","c1":"#7c5001","l2":"16A","c2":"#999f01"},"geometry":{"type":"Point","coordinates":[19.827785,41.340232]}},{"type":"Feature","properties":{"lines":"1A, 1B, 15A, 15B","arr":["1A","1B","15A","15B"],"mode":"bus","angle":-34.2,"side":-1,"l0":"1A, ","c0":"#b0045c","l1":"1B, ","c1":"#7c5001","l2":"15A, ","c2":"#2d8c1b","l3":"15B","c3":"#4d4aba"},"geometry":{"type":"Point","coordinates":[19.833889,41.342411]}},{"type":"Feature","properties":{"lines":"1A, 1B, 15A, 15B","arr":["1A","1B","15A","15B"],"mode":"bus","angle":-33.4,"side":-1,"extra":1,"ei":0,"l0":"1A, ","c0":"#b0045c","l1":"1B, ","c1":"#7c5001","l2":"15A, ","c2":"#2d8c1b","l3":"15B","c3":"#4d4aba"},"geometry":{"type":"Point","coordinates":[19.830156,41.340528]}},{"type":"Feature","properties":{"lines":"1A, 1B, 15A, 15B","arr":["1A","1B","15A","15B"],"mode":"bus","angle":-34.1,"side":-1,"extra":1,"ei":1,"l0":"1A, ","c0":"#b0045c","l1":"1B, ","c1":"#7c5001","l2":"15A, ","c2":"#2d8c1b","l3":"15B","c3":"#4d4aba"},"geometry":{"type":"Point","coordinates":[19.832251,41.341573]}},{"type":"Feature","properties":{"lines":"1A, 1B, 15A, 15B","arr":["1A","1B","15A","15B"],"mode":"bus","angle":-42.8,"side":-1,"extra":1,"ei":2,"l0":"1A, ","c0":"#b0045c","l1":"1B, ","c1":"#7c5001","l2":"15A, ","c2":"#2d8c1b","l3":"15B","c3":"#4d4aba"},"geometry":{"type":"Point","coordinates":[19.836262,41.343837]}},{"type":"Feature","properties":{"lines":"1A, 1B, 15A, 15B","arr":["1A","1B","15A","15B"],"mode":"bus","angle":-42.9,"side":-1,"extra":1,"ei":3,"l0":"1A, ","c0":"#b0045c","l1":"1B, ","c1":"#7c5001","l2":"15A, ","c2":"#2d8c1b","l3":"15B","c3":"#4d4aba"},"geometry":{"type":"Point","coordinates":[19.838101,41.345124]}},{"type":"Feature","properties":{"lines":"1A, 1B","arr":["1A","1B"],"mode":"bus","angle":79.7,"mi":1,"l0":"1A, ","c0":"#b0045c","l1":"1B","c1":"#7c5001"},"geometry":{"type":"Point","coordinates":[19.838342,41.346084]}},{"type":"Feature","properties":{"lines":"1A, 1B","arr":["1A","1B"],"mode":"bus","angle":-8.1,"l0":"1A, ","c0":"#b0045c","l1":"1B","c1":"#7c5001"},"geometry":{"type":"Point","coordinates":[19.83576,41.346602]}},{"type":"Feature","properties":{"lines":"1A, 1B","arr":["1A","1B"],"mode":"bus","angle":77.3,"mi":2,"l0":"1A, ","c0":"#b0045c","l1":"1B","c1":"#7c5001"},"geometry":{"type":"Point","coordinates":[19.83304,41.34877]}},{"type":"Feature","properties":{"lines":"1A, 1B","arr":["1A","1B"],"mode":"bus","angle":64.2,"extra":1,"ei":0,"l0":"1A, ","c0":"#b0045c","l1":"1B","c1":"#7c5001"},"geometry":{"type":"Point","coordinates":[19.832494,41.350227]}},{"type":"Feature","properties":{"lines":"1A, 1B","arr":["1A","1B"],"mode":"bus","angle":-87.5,"extra":1,"ei":1,"l0":"1A, ","c0":"#b0045c","l1":"1B","c1":"#7c5001"},"geometry":{"type":"Point","coordinates":[19.833513,41.346574]}},{"type":"Feature","properties":{"lines":"1A, 1B, 16B","arr":["1A","1B","16B"],"mode":"bus","angle":-7.7,"l0":"1A, ","c0":"#b0045c","l1":"1B, ","c1":"#7c5001","l2":"16B","c2":"#999f01"},"geometry":{"type":"Point","coordinates":[19.827704,41.340298]}},{"type":"Feature","properties":{"lines":"1A, 1B, 12B, 16B","arr":["1A","1B","12B","16B"],"mode":"bus","angle":-42.6,"l0":"1A, ","c0":"#b0045c","l1":"1B, ","c1":"#7c5001","l2":"12B, ","c2":"#19a9a8","l3":"16B","c3":"#999f01"},"geometry":{"type":"Point","coordinates":[19.822896,41.339012]}},{"type":"Feature","properties":{"lines":"1A, 1B, 12B, 16B","arr":["1A","1B","12B","16B"],"mode":"bus","angle":-17.4,"extra":1,"ei":0,"l0":"1A, ","c0":"#b0045c","l1":"1B, ","c1":"#7c5001","l2":"12B, ","c2":"#19a9a8","l3":"16B","c3":"#999f01"},"geometry":{"type":"Point","coordinates":[19.825113,41.339942]}},{"type":"Feature","properties":{"lines":"1A, 1B, 12B, 16B","arr":["1A","1B","12B","16B"],"mode":"bus","angle":-38.1,"extra":1,"ei":1,"l0":"1A, ","c0":"#b0045c","l1":"1B, ","c1":"#7c5001","l2":"12B, ","c2":"#19a9a8","l3":"16B","c3":"#999f01"},"geometry":{"type":"Point","coordinates":[19.8211,41.337744]}},{"type":"Feature","properties":{"lines":"1A, 1B, 12A, 12B, 16B","arr":["1A","1B","12A","12B","16B"],"mode":"bus","angle":-27.5,"l0":"1A, ","c0":"#b0045c","l1":"1B, ","c1":"#7c5001","l2":"12A, ","c2":"#ff627e","l3":"12B, ","c3":"#19a9a8","l4":"16B","c4":"#999f01"},"geometry":{"type":"Point","coordinates":[19.818714,41.336622]}},{"type":"Feature","properties":{"lines":"1A, 1B, 2, 12A, 12B, 16B","arr":["1A","1B","2","12A","12B","16B"],"mode":"bus","angle":-12.5,"mi":1,"l0":"1A, ","c0":"#b0045c","l1":"1B, ","c1":"#7c5001","l2":"2, ","c2":"#119efc","l3":"12A, ","c3":"#ff627e","l4":"12B, ","c4":"#19a9a8","l5":"16B","c5":"#999f01"},"geometry":{"type":"Point","coordinates":[19.817129,41.336117]}},{"type":"Feature","properties":{"lines":"1A, 1B, 2, 12A, 12B, 16B","arr":["1A","1B","2","12A","12B","16B"],"mode":"bus","angle":-12.5,"l0":"1A, ","c0":"#b0045c","l1":"1B, ","c1":"#7c5001","l2":"2, ","c2":"#119efc","l3":"12A, ","c3":"#ff627e","l4":"12B, ","c4":"#19a9a8","l5":"16B","c5":"#999f01"},"geometry":{"type":"Point","coordinates":[19.816616,41.33603]}},{"type":"Feature","properties":{"lines":"1A, 1B, 2, 9A, 9B, 12A, 12B, 13A","arr":["1A","1B","2","9A","9B","12A","12B","13A"],"mode":"bus","angle":79.3,"side":-1,"l0":"1A, ","c0":"#b0045c","l1":"1B, ","c1":"#7c5001","l2":"2, ","c2":"#119efc","l3":"9A, ","c3":"#02af5a","l4":"9B, ","c4":"#a72d06","l5":"12A, ","c5":"#ff627e","l6":"12B, ","c6":"#19a9a8","l7":"13A","c7":"#05617d"},"geometry":{"type":"Point","coordinates":[19.817026,41.332973]}},{"type":"Feature","properties":{"lines":"1A, 1B, 2, 9A, 9B, 12A, 12B, 13A","arr":["1A","1B","2","9A","9B","12A","12B","13A"],"mode":"bus","angle":78.1,"side":-1,"extra":1,"ei":0,"l0":"1A, ","c0":"#b0045c","l1":"1B, ","c1":"#7c5001","l2":"2, ","c2":"#119efc","l3":"9A, ","c3":"#02af5a","l4":"9B, ","c4":"#a72d06","l5":"12A, ","c5":"#ff627e","l6":"12B, ","c6":"#19a9a8","l7":"13A","c7":"#05617d"},"geometry":{"type":"Point","coordinates":[19.816564,41.33472]}},{"type":"Feature","properties":{"lines":"1A, 1B, 2, 9A, 9B, 12A, 12B, 13A","arr":["1A","1B","2","9A","9B","12A","12B","13A"],"mode":"bus","angle":78.3,"side":-1,"extra":1,"ei":1,"l0":"1A, ","c0":"#b0045c","l1":"1B, ","c1":"#7c5001","l2":"2, ","c2":"#119efc","l3":"9A, ","c3":"#02af5a","l4":"9B, ","c4":"#a72d06","l5":"12A, ","c5":"#ff627e","l6":"12B, ","c6":"#19a9a8","l7":"13A","c7":"#05617d"},"geometry":{"type":"Point","coordinates":[19.817563,41.331019]}},{"type":"Feature","properties":{"lines":"1A, 1B, 2, 3B, 3C, 4, 5A, 5B, 6, 8A, 8B, 8C, 9A, 9B, 10A, 10B, 10C, 12A, 12B, 13A, 15A, 15B","arr":["1A","1B","2","3B","3C","4","5A","5B","6","8A","8B","8C","9A","9B","10A","10B","10C","12A","12B","13A","15A","15B"],"mode":"bus","angle":-31,"l0":"1A, ","c0":"#b0045c","l1":"1B, ","c1":"#7c5001","l2":"2, ","c2":"#119efc","l3":"3B, ","c3":"#05617d","l4":"3C, ","c4":"#6b5806","l5":"4, ","c5":"#07ad80","l6":"5A, ","c6":"#19a9a8","l7":"5B, ","c7":"#b11526","l8":"6, ","c8":"#7b3aa8","l9":"8A, ","c9":"#446303","l10":"8B, ","c10":"#095d97","l11":"8C, ","c11":"#9789ff","l12":"9A, ","c12":"#02af5a","l13":"9B, ","c13":"#a72d06","l14":"10A, ","c14":"#f57145","l15":"10B, ","c15":"#ff5e9b","l16":"10C, ","c16":"#ab0377","l17":"12A, ","c17":"#ff627e","l18":"12B, ","c18":"#19a9a8","l19":"13A, ","c19":"#05617d","l20":"15A, ","c20":"#2d8c1b","l21":"15B","c21":"#4d4aba"},"geometry":{"type":"Point","coordinates":[19.816694,41.330101]}},{"type":"Feature","properties":{"lines":"1A, 1B, 2, 3C, 5A, 8A, 8B, 8C, 9A, 9B, 10A, 10B, 10C, 12A, 12B, 13A, 15A, 15B","arr":["1A","1B","2","3C","5A","8A","8B","8C","9A","9B","10A","10B","10C","12A","12B","13A","15A","15B"],"mode":"bus","angle":-74.9,"side":-1,"l0":"1A, ","c0":"#b0045c","l1":"1B, ","c1":"#7c5001","l2":"2, ","c2":"#119efc","l3":"3C, ","c3":"#6b5806","l4":"5A, ","c4":"#19a9a8","l5":"8A, ","c5":"#446303","l6":"8B, ","c6":"#095d97","l7":"8C, ","c7":"#9789ff","l8":"9A, ","c8":"#02af5a","l9":"9B, ","c9":"#a72d06","l10":"10A, ","c10":"#f57145","l11":"10B, ","c11":"#ff5e9b","l12":"10C, ","c12":"#ab0377","l13":"12A, ","c13":"#ff627e","l14":"12B, ","c14":"#19a9a8","l15":"13A, ","c15":"#05617d","l16":"15A, ","c16":"#2d8c1b","l17":"15B","c17":"#4d4aba"},"geometry":{"type":"Point","coordinates":[19.816049,41.3292]}},{"type":"Feature","properties":{"lines":"1A, 1B, 2, 4, 5A, 5B, 8A, 8B, 8C, 9A, 9B, 10A, 10B, 13A","arr":["1A","1B","2","4","5A","5B","8A","8B","8C","9A","9B","10A","10B","13A"],"mode":"bus","angle":79.6,"l0":"1A, ","c0":"#b0045c","l1":"1B, ","c1":"#7c5001","l2":"2, ","c2":"#119efc","l3":"4, ","c3":"#07ad80","l4":"5A, ","c4":"#19a9a8","l5":"5B, ","c5":"#b11526","l6":"8A, ","c6":"#446303","l7":"8B, ","c7":"#095d97","l8":"8C, ","c8":"#9789ff","l9":"9A, ","c9":"#02af5a","l10":"9B, ","c10":"#a72d06","l11":"10A, ","c11":"#f57145","l12":"10B, ","c12":"#ff5e9b","l13":"13A","c13":"#05617d"},"geometry":{"type":"Point","coordinates":[19.816139,41.3284]}},{"type":"Feature","properties":{"lines":"1A, 1B, 2, 3B, 3C, 4, 5A, 5B, 8A, 8B, 8C, 9A, 9B, 10A, 10B, 10C, 12A, 12B, 13A, 15A, 15B","arr":["1A","1B","2","3B","3C","4","5A","5B","8A","8B","8C","9A","9B","10A","10B","10C","12A","12B","13A","15A","15B"],"mode":"bus","angle":78,"l0":"1A, ","c0":"#b0045c","l1":"1B, ","c1":"#7c5001","l2":"2, ","c2":"#119efc","l3":"3B, ","c3":"#05617d","l4":"3C, ","c4":"#6b5806","l5":"4, ","c5":"#07ad80","l6":"5A, ","c6":"#19a9a8","l7":"5B, ","c7":"#b11526","l8":"8A, ","c8":"#446303","l9":"8B, ","c9":"#095d97","l10":"8C, ","c10":"#9789ff","l11":"9A, ","c11":"#02af5a","l12":"9B, ","c12":"#a72d06","l13":"10A, ","c13":"#f57145","l14":"10B, ","c14":"#ff5e9b","l15":"10C, ","c15":"#ab0377","l16":"12A, ","c16":"#ff627e","l17":"12B, ","c17":"#19a9a8","l18":"13A, ","c18":"#05617d","l19":"15A, ","c19":"#2d8c1b","l20":"15B","c20":"#4d4aba"},"geometry":{"type":"Point","coordinates":[19.816549,41.326848]}},{"type":"Feature","properties":{"lines":"1A, 1B, 2","arr":["1A","1B","2"],"mode":"bus","angle":78,"l0":"1A, ","c0":"#b0045c","l1":"1B, ","c1":"#7c5001","l2":"2","c2":"#119efc"},"geometry":{"type":"Point","coordinates":[19.817175,41.324633]}},{"type":"Feature","properties":{"lines":"1A, 1B, 16A","arr":["1A","1B","16A"],"mode":"bus","angle":-11.6,"l0":"1A, ","c0":"#b0045c","l1":"1B, ","c1":"#7c5001","l2":"16A","c2":"#999f01"},"geometry":{"type":"Point","coordinates":[19.815356,41.323337]}},{"type":"Feature","properties":{"lines":"1A, 1B, 16A","arr":["1A","1B","16A"],"mode":"bus","angle":-12.1,"extra":1,"ei":0,"l0":"1A, ","c0":"#b0045c","l1":"1B, ","c1":"#7c5001","l2":"16A","c2":"#999f01"},"geometry":{"type":"Point","coordinates":[19.813755,41.323086]}},{"type":"Feature","properties":{"lines":"1A, 1B, 13A","arr":["1A","1B","13A"],"mode":"bus","angle":-12.3,"mi":2,"l0":"1A, ","c0":"#b0045c","l1":"1B, ","c1":"#7c5001","l2":"13A","c2":"#05617d"},"geometry":{"type":"Point","coordinates":[19.812628,41.318119]}},{"type":"Feature","properties":{"lines":"1A, 1B, 13A","arr":["1A","1B","13A"],"mode":"bus","angle":33.6,"mi":1,"l0":"1A, ","c0":"#b0045c","l1":"1B, ","c1":"#7c5001","l2":"13A","c2":"#05617d"},"geometry":{"type":"Point","coordinates":[19.809207,41.318505]}},{"type":"Feature","properties":{"lines":"1A, 1B, 13A","arr":["1A","1B","13A"],"mode":"bus","angle":16.1,"l0":"1A, ","c0":"#b0045c","l1":"1B, ","c1":"#7c5001","l2":"13A","c2":"#05617d"},"geometry":{"type":"Point","coordinates":[19.810572,41.31786]}},{"type":"Feature","properties":{"lines":"1A, 1B","arr":["1A","1B"],"mode":"bus","angle":-61.4,"l0":"1A, ","c0":"#b0045c","l1":"1B","c1":"#7c5001"},"geometry":{"type":"Point","coordinates":[19.805085,41.315406]}},{"type":"Feature","properties":{"lines":"1A, 1B","arr":["1A","1B"],"mode":"bus","angle":-58.3,"extra":1,"ei":0,"l0":"1A, ","c0":"#b0045c","l1":"1B","c1":"#7c5001"},"geometry":{"type":"Point","coordinates":[19.805911,41.316417]}},{"type":"Feature","properties":{"lines":"1B","arr":["1B"],"mode":"bus","angle":-75,"l0":"1B","c0":"#7c5001"},"geometry":{"type":"Point","coordinates":[19.798146,41.309844]}},{"type":"Feature","properties":{"lines":"1B","arr":["1B"],"mode":"bus","angle":-53.2,"extra":1,"ei":0,"l0":"1B","c0":"#7c5001"},"geometry":{"type":"Point","coordinates":[19.797751,41.312064]}},{"type":"Feature","properties":{"lines":"1B","arr":["1B"],"mode":"bus","angle":-56.8,"extra":1,"ei":1,"l0":"1B","c0":"#7c5001"},"geometry":{"type":"Point","coordinates":[19.798738,41.307189]}},{"type":"Feature","properties":{"lines":"1B","arr":["1B"],"mode":"bus","angle":-87,"mi":1,"l0":"1B","c0":"#7c5001"},"geometry":{"type":"Point","coordinates":[19.798332,41.313823]}},{"type":"Feature","properties":{"lines":"2, 8A","arr":["2","8A"],"mode":"bus","angle":-49.7,"mi":2,"l0":"2, ","c0":"#119efc","l1":"8A","c1":"#446303"},"geometry":{"type":"Point","coordinates":[19.857698,41.282289]}},{"type":"Feature","properties":{"lines":"2","arr":["2"],"mode":"bus","angle":44.5,"mi":5,"l0":"2","c0":"#119efc"},"geometry":{"type":"Point","coordinates":[19.85568,41.281665]}},{"type":"Feature","properties":{"lines":"2","arr":["2"],"mode":"bus","angle":-30.6,"side":-1,"mi":3,"l0":"2","c0":"#119efc"},"geometry":{"type":"Point","coordinates":[19.855259,41.282158]}},{"type":"Feature","properties":{"lines":"2","arr":["2"],"mode":"bus","angle":35.8,"l0":"2","c0":"#119efc"},"geometry":{"type":"Point","coordinates":[19.854452,41.282756]}},{"type":"Feature","properties":{"lines":"2","arr":["2"],"mode":"bus","angle":72.8,"mi":7,"l0":"2","c0":"#119efc"},"geometry":{"type":"Point","coordinates":[19.852895,41.284851]}},{"type":"Feature","properties":{"lines":"2","arr":["2"],"mode":"bus","angle":64.9,"extra":1,"ei":0,"l0":"2","c0":"#119efc"},"geometry":{"type":"Point","coordinates":[19.85235,41.286046]}},{"type":"Feature","properties":{"lines":"2","arr":["2"],"mode":"bus","angle":37.3,"mi":6,"l0":"2","c0":"#119efc"},"geometry":{"type":"Point","coordinates":[19.823713,41.30478]}},{"type":"Feature","properties":{"lines":"2","arr":["2"],"mode":"bus","angle":-24,"mi":2,"l0":"2","c0":"#119efc"},"geometry":{"type":"Point","coordinates":[19.815943,41.305723]}},{"type":"Feature","properties":{"lines":"2","arr":["2"],"mode":"bus","angle":71.4,"mi":6,"l0":"2","c0":"#119efc"},"geometry":{"type":"Point","coordinates":[19.852578,41.284594]}},{"type":"Feature","properties":{"lines":"2","arr":["2"],"mode":"bus","angle":87.9,"extra":1,"ei":0,"l0":"2","c0":"#119efc"},"geometry":{"type":"Point","coordinates":[19.853082,41.283258]}},{"type":"Feature","properties":{"lines":"2","arr":["2"],"mode":"bus","angle":35.5,"mi":1,"l0":"2","c0":"#119efc"},"geometry":{"type":"Point","coordinates":[19.854424,41.282678]}},{"type":"Feature","properties":{"lines":"2","arr":["2"],"mode":"bus","angle":-43.7,"mi":2,"l0":"2","c0":"#119efc"},"geometry":{"type":"Point","coordinates":[19.855552,41.282628]}},{"type":"Feature","properties":{"lines":"2","arr":["2"],"mode":"bus","angle":-41.3,"mi":4,"l0":"2","c0":"#119efc"},"geometry":{"type":"Point","coordinates":[19.856016,41.282965]}},{"type":"Feature","properties":{"lines":"2","arr":["2"],"mode":"bus","angle":58,"side":-1,"l0":"2","c0":"#119efc"},"geometry":{"type":"Point","coordinates":[19.838768,41.301231]}},{"type":"Feature","properties":{"lines":"2","arr":["2"],"mode":"bus","angle":52.9,"extra":1,"ei":0,"l0":"2","c0":"#119efc"},"geometry":{"type":"Point","coordinates":[19.848457,41.291697]}},{"type":"Feature","properties":{"lines":"2","arr":["2"],"mode":"bus","angle":52.8,"extra":1,"ei":1,"l0":"2","c0":"#119efc"},"geometry":{"type":"Point","coordinates":[19.846939,41.293202]}},{"type":"Feature","properties":{"lines":"2","arr":["2"],"mode":"bus","angle":52.6,"extra":1,"ei":2,"l0":"2","c0":"#119efc"},"geometry":{"type":"Point","coordinates":[19.845415,41.294704]}},{"type":"Feature","properties":{"lines":"2","arr":["2"],"mode":"bus","angle":52.5,"extra":1,"ei":3,"l0":"2","c0":"#119efc"},"geometry":{"type":"Point","coordinates":[19.843886,41.296204]}},{"type":"Feature","properties":{"lines":"2","arr":["2"],"mode":"bus","angle":52.6,"extra":1,"ei":4,"l0":"2","c0":"#119efc"},"geometry":{"type":"Point","coordinates":[19.842357,41.297703]}},{"type":"Feature","properties":{"lines":"2","arr":["2"],"mode":"bus","angle":52.8,"extra":1,"ei":5,"l0":"2","c0":"#119efc"},"geometry":{"type":"Point","coordinates":[19.840838,41.299208]}},{"type":"Feature","properties":{"lines":"2","arr":["2"],"mode":"bus","angle":55.3,"extra":1,"ei":6,"l0":"2","c0":"#119efc"},"geometry":{"type":"Point","coordinates":[19.83801,41.302328]}},{"type":"Feature","properties":{"lines":"2","arr":["2"],"mode":"bus","angle":19.9,"extra":1,"ei":7,"l0":"2","c0":"#119efc"},"geometry":{"type":"Point","coordinates":[19.836037,41.303441]}},{"type":"Feature","properties":{"lines":"2","arr":["2"],"mode":"bus","angle":-1.6,"extra":1,"ei":8,"l0":"2","c0":"#119efc"},"geometry":{"type":"Point","coordinates":[19.833617,41.3039]}},{"type":"Feature","properties":{"lines":"2","arr":["2"],"mode":"bus","angle":-20.7,"extra":1,"ei":9,"l0":"2","c0":"#119efc"},"geometry":{"type":"Point","coordinates":[19.831215,41.303377]}},{"type":"Feature","properties":{"lines":"2","arr":["2"],"mode":"bus","angle":9.6,"extra":1,"ei":10,"l0":"2","c0":"#119efc"},"geometry":{"type":"Point","coordinates":[19.828771,41.303078]}},{"type":"Feature","properties":{"lines":"2","arr":["2"],"mode":"bus","angle":26.6,"extra":1,"ei":11,"l0":"2","c0":"#119efc"},"geometry":{"type":"Point","coordinates":[19.826482,41.303838]}},{"type":"Feature","properties":{"lines":"2","arr":["2"],"mode":"bus","angle":18.6,"extra":1,"ei":0,"l0":"2","c0":"#119efc"},"geometry":{"type":"Point","coordinates":[19.817704,41.305292]}},{"type":"Feature","properties":{"lines":"2","arr":["2"],"mode":"bus","angle":3.7,"extra":1,"ei":1,"l0":"2","c0":"#119efc"},"geometry":{"type":"Point","coordinates":[19.820197,41.305143]}},{"type":"Feature","properties":{"lines":"2","arr":["2"],"mode":"bus","angle":16.2,"extra":1,"ei":2,"l0":"2","c0":"#119efc"},"geometry":{"type":"Point","coordinates":[19.822664,41.304801]}},{"type":"Feature","properties":{"lines":"2","arr":["2"],"mode":"bus","angle":62.1,"extra":1,"ei":3,"l0":"2","c0":"#119efc"},"geometry":{"type":"Point","coordinates":[19.850267,41.289369]}},{"type":"Feature","properties":{"lines":"2","arr":["2"],"mode":"bus","angle":67.9,"extra":1,"ei":4,"l0":"2","c0":"#119efc"},"geometry":{"type":"Point","coordinates":[19.851346,41.287665]}},{"type":"Feature","properties":{"lines":"2","arr":["2"],"mode":"bus","angle":-20.1,"mi":5,"l0":"2","c0":"#119efc"},"geometry":{"type":"Point","coordinates":[19.822169,41.305211]}},{"type":"Feature","properties":{"lines":"2","arr":["2"],"mode":"bus","angle":41.9,"mi":3,"l0":"2","c0":"#119efc"},"geometry":{"type":"Point","coordinates":[19.815169,41.305555]}},{"type":"Feature","properties":{"lines":"2","arr":["2"],"mode":"bus","angle":8.2,"side":-1,"extra":1,"ei":0,"l0":"2","c0":"#119efc"},"geometry":{"type":"Point","coordinates":[19.820545,41.304983]}},{"type":"Feature","properties":{"lines":"2","arr":["2"],"mode":"bus","angle":-9.4,"side":-1,"extra":1,"ei":1,"l0":"2","c0":"#119efc"},"geometry":{"type":"Point","coordinates":[19.818037,41.304996]}},{"type":"Feature","properties":{"lines":"2","arr":["2"],"mode":"bus","angle":40.9,"extra":1,"ei":2,"l0":"2","c0":"#119efc"},"geometry":{"type":"Point","coordinates":[19.813918,41.306684]}},{"type":"Feature","properties":{"lines":"2","arr":["2"],"mode":"bus","angle":46.3,"extra":1,"ei":3,"l0":"2","c0":"#119efc"},"geometry":{"type":"Point","coordinates":[19.811972,41.307864]}},{"type":"Feature","properties":{"lines":"2","arr":["2"],"mode":"bus","angle":-44.5,"mi":1,"l0":"2","c0":"#119efc"},"geometry":{"type":"Point","coordinates":[19.812991,41.31127]}},{"type":"Feature","properties":{"lines":"2","arr":["2"],"mode":"bus","angle":-70,"l0":"2","c0":"#119efc"},"geometry":{"type":"Point","coordinates":[19.815611,41.313137]}},{"type":"Feature","properties":{"lines":"2","arr":["2"],"mode":"bus","angle":78.3,"mi":4,"l0":"2","c0":"#119efc"},"geometry":{"type":"Point","coordinates":[19.815167,41.316196]}},{"type":"Feature","properties":{"lines":"2","arr":["2"],"mode":"bus","angle":78.3,"extra":1,"ei":0,"l0":"2","c0":"#119efc"},"geometry":{"type":"Point","coordinates":[19.815513,41.314943]}},{"type":"Feature","properties":{"lines":"2, 13A, 13B","arr":["2","13A","13B"],"mode":"bus","angle":-11.2,"l0":"2, ","c0":"#119efc","l1":"13A, ","c1":"#05617d","l2":"13B","c2":"#e16cd6"},"geometry":{"type":"Point","coordinates":[19.817898,41.31917]}},{"type":"Feature","properties":{"lines":"2, 13A, 13B","arr":["2","13A","13B"],"mode":"bus","angle":-11.8,"extra":1,"ei":0,"l0":"2, ","c0":"#119efc","l1":"13A, ","c1":"#05617d","l2":"13B","c2":"#e16cd6"},"geometry":{"type":"Point","coordinates":[19.816276,41.318925]}},{"type":"Feature","properties":{"lines":"2, 13B","arr":["2","13B"],"mode":"bus","angle":78.2,"l0":"2, ","c0":"#119efc","l1":"13B","c1":"#e16cd6"},"geometry":{"type":"Point","coordinates":[19.820166,41.322168]}},{"type":"Feature","properties":{"lines":"2, 13B","arr":["2","13B"],"mode":"bus","angle":78.6,"side":-1,"extra":1,"ei":0,"l0":"2, ","c0":"#119efc","l1":"13B","c1":"#e16cd6"},"geometry":{"type":"Point","coordinates":[19.821015,41.318638]}},{"type":"Feature","properties":{"lines":"2, 13B","arr":["2","13B"],"mode":"bus","angle":78.2,"extra":1,"ei":0,"l0":"2, ","c0":"#119efc","l1":"13B","c1":"#e16cd6"},"geometry":{"type":"Point","coordinates":[19.819414,41.32486]}},{"type":"Feature","properties":{"lines":"2, 6","arr":["2","6"],"mode":"bus","angle":66.4,"l0":"2, ","c0":"#119efc","l1":"6","c1":"#7b3aa8"},"geometry":{"type":"Point","coordinates":[19.819158,41.333403]}},{"type":"Feature","properties":{"lines":"2, 6","arr":["2","6"],"mode":"bus","angle":66.4,"extra":1,"ei":0,"l0":"2, ","c0":"#119efc","l1":"6","c1":"#7b3aa8"},"geometry":{"type":"Point","coordinates":[19.820266,41.331499]}},{"type":"Feature","properties":{"lines":"2, 6","arr":["2","6"],"mode":"bus","angle":66.5,"extra":1,"ei":1,"l0":"2, ","c0":"#119efc","l1":"6","c1":"#7b3aa8"},"geometry":{"type":"Point","coordinates":[19.818255,41.33496]}},{"type":"Feature","properties":{"lines":"2","arr":["2"],"mode":"bus","angle":78.9,"mi":7,"l0":"2","c0":"#119efc"},"geometry":{"type":"Point","coordinates":[19.817504,41.323449]}},{"type":"Feature","properties":{"lines":"2, 16B","arr":["2","16B"],"mode":"bus","angle":-11.9,"l0":"2, ","c0":"#119efc","l1":"16B","c1":"#999f01"},"geometry":{"type":"Point","coordinates":[19.818609,41.323396]}},{"type":"Feature","properties":{"lines":"2, 13A","arr":["2","13A"],"mode":"bus","angle":78.1,"side":-1,"l0":"2, ","c0":"#119efc","l1":"13A","c1":"#05617d"},"geometry":{"type":"Point","coordinates":[19.820211,41.321563]}},{"type":"Feature","properties":{"lines":"2, 13A","arr":["2","13A"],"mode":"bus","angle":-9.2,"mi":1,"l0":"2, ","c0":"#119efc","l1":"13A","c1":"#05617d"},"geometry":{"type":"Point","coordinates":[19.814791,41.31872]}},{"type":"Feature","properties":{"lines":"2, 8A","arr":["2","8A"],"mode":"bus","angle":-74.3,"l0":"2, ","c0":"#119efc","l1":"8A","c1":"#446303"},"geometry":{"type":"Point","coordinates":[19.85636,41.281095]}},{"type":"Feature","properties":{"lines":"2, 8A","arr":["2","8A"],"mode":"bus","angle":70.3,"mi":1,"l0":"2, ","c0":"#119efc","l1":"8A","c1":"#446303"},"geometry":{"type":"Point","coordinates":[19.854813,41.281122]}},{"type":"Feature","properties":{"lines":"2, 8A","arr":["2","8A"],"mode":"bus","angle":-53.9,"side":-1,"extra":1,"ei":0,"l0":"2, ","c0":"#119efc","l1":"8A","c1":"#446303"},"geometry":{"type":"Point","coordinates":[19.85431,41.282912]}},{"type":"Feature","properties":{"lines":"2, 8A","arr":["2","8A"],"mode":"bus","angle":32.1,"side":-1,"extra":1,"ei":1,"l0":"2, ","c0":"#119efc","l1":"8A","c1":"#446303"},"geometry":{"type":"Point","coordinates":[19.856314,41.28067]}},{"type":"Feature","properties":{"lines":"2, 8A","arr":["2","8A"],"mode":"bus","angle":-36.3,"mi":3,"l0":"2, ","c0":"#119efc","l1":"8A","c1":"#446303"},"geometry":{"type":"Point","coordinates":[19.854853,41.283341]}},{"type":"Feature","properties":{"lines":"3A, 3B","arr":["3A","3B"],"mode":"bus","angle":-51.9,"mi":1,"l0":"3A, ","c0":"#119efc","l1":"3B","c1":"#05617d"},"geometry":{"type":"Point","coordinates":[19.764571,41.339796]}},{"type":"Feature","properties":{"lines":"3A, 3B","arr":["3A","3B"],"mode":"bus","angle":43.8,"l0":"3A, ","c0":"#119efc","l1":"3B","c1":"#05617d"},"geometry":{"type":"Point","coordinates":[19.76825,41.339179]}},{"type":"Feature","properties":{"lines":"3A, 3B","arr":["3A","3B"],"mode":"bus","angle":42.5,"mi":2,"l0":"3A, ","c0":"#119efc","l1":"3B","c1":"#05617d"},"geometry":{"type":"Point","coordinates":[19.772467,41.336301]}},{"type":"Feature","properties":{"lines":"3A, 3B","arr":["3A","3B"],"mode":"bus","angle":42,"extra":1,"ei":0,"l0":"3A, ","c0":"#119efc","l1":"3B","c1":"#05617d"},"geometry":{"type":"Point","coordinates":[19.766672,41.340282]}},{"type":"Feature","properties":{"lines":"3A, 3B","arr":["3A","3B"],"mode":"bus","angle":42.6,"extra":1,"ei":1,"l0":"3A, ","c0":"#119efc","l1":"3B","c1":"#05617d"},"geometry":{"type":"Point","coordinates":[19.770377,41.33773]}},{"type":"Feature","properties":{"lines":"3A","arr":["3A"],"mode":"bus","angle":42.7,"side":-1,"mi":5,"l0":"3A","c0":"#119efc"},"geometry":{"type":"Point","coordinates":[19.771397,41.33698]}},{"type":"Feature","properties":{"lines":"3A","arr":["3A"],"mode":"bus","angle":44.6,"side":-1,"mi":3,"l0":"3A","c0":"#119efc"},"geometry":{"type":"Point","coordinates":[19.773135,41.335801]}},{"type":"Feature","properties":{"lines":"3A","arr":["3A"],"mode":"bus","angle":42,"side":-1,"l0":"3A","c0":"#119efc"},"geometry":{"type":"Point","coordinates":[19.776888,41.333257]}},{"type":"Feature","properties":{"lines":"3A","arr":["3A"],"mode":"bus","angle":41.9,"side":-1,"extra":1,"ei":0,"l0":"3A","c0":"#119efc"},"geometry":{"type":"Point","coordinates":[19.774384,41.334949]}},{"type":"Feature","properties":{"lines":"3A","arr":["3A"],"mode":"bus","angle":42,"side":-1,"extra":1,"ei":1,"l0":"3A","c0":"#119efc"},"geometry":{"type":"Point","coordinates":[19.778122,41.332423]}},{"type":"Feature","properties":{"lines":"3A","arr":["3A"],"mode":"bus","angle":40,"side":-1,"extra":1,"ei":2,"l0":"3A","c0":"#119efc"},"geometry":{"type":"Point","coordinates":[19.780004,41.331171]}},{"type":"Feature","properties":{"lines":"3A","arr":["3A"],"mode":"bus","angle":40.4,"side":-1,"mi":1,"l0":"3A","c0":"#119efc"},"geometry":{"type":"Point","coordinates":[19.781688,41.330101]}},{"type":"Feature","properties":{"lines":"3A","arr":["3A"],"mode":"bus","angle":-21.5,"side":-1,"mi":2,"l0":"3A","c0":"#119efc"},"geometry":{"type":"Point","coordinates":[19.783946,41.329293]}},{"type":"Feature","properties":{"lines":"3A","arr":["3A"],"mode":"bus","angle":-21.5,"mi":4,"l0":"3A","c0":"#119efc"},"geometry":{"type":"Point","coordinates":[19.784877,41.329569]}},{"type":"Feature","properties":{"lines":"3A, 13A","arr":["3A","13A"],"mode":"bus","angle":-85.7,"l0":"3A, ","c0":"#119efc","l1":"13A","c1":"#05617d"},"geometry":{"type":"Point","coordinates":[19.783222,41.334615]}},{"type":"Feature","properties":{"lines":"3A, 13A","arr":["3A","13A"],"mode":"bus","angle":67.2,"extra":1,"ei":0,"l0":"3A, ","c0":"#119efc","l1":"13A","c1":"#05617d"},"geometry":{"type":"Point","coordinates":[19.784838,41.330571]}},{"type":"Feature","properties":{"lines":"3A, 13A","arr":["3A","13A"],"mode":"bus","angle":65.6,"extra":1,"ei":1,"l0":"3A, ","c0":"#119efc","l1":"13A","c1":"#05617d"},"geometry":{"type":"Point","coordinates":[19.783918,41.332326]}},{"type":"Feature","properties":{"lines":"3A, 13A","arr":["3A","13A"],"mode":"bus","angle":-63.6,"extra":1,"ei":2,"l0":"3A, ","c0":"#119efc","l1":"13A","c1":"#05617d"},"geometry":{"type":"Point","coordinates":[19.783717,41.335957]}},{"type":"Feature","properties":{"lines":"3A, 13A","arr":["3A","13A"],"mode":"bus","angle":-54,"extra":1,"ei":3,"l0":"3A, ","c0":"#119efc","l1":"13A","c1":"#05617d"},"geometry":{"type":"Point","coordinates":[19.785084,41.337539]}},{"type":"Feature","properties":{"lines":"3A, 13A","arr":["3A","13A"],"mode":"bus","angle":-57.6,"extra":1,"ei":4,"l0":"3A, ","c0":"#119efc","l1":"13A","c1":"#05617d"},"geometry":{"type":"Point","coordinates":[19.786554,41.339069]}},{"type":"Feature","properties":{"lines":"3A, 4, 5B, 13A","arr":["3A","4","5B","13A"],"mode":"bus","angle":24.6,"side":-1,"l0":"3A, ","c0":"#119efc","l1":"4, ","c1":"#07ad80","l2":"5B, ","c2":"#b11526","l3":"13A","c3":"#05617d"},"geometry":{"type":"Point","coordinates":[19.795365,41.336109]}},{"type":"Feature","properties":{"lines":"3A, 4, 5B, 13A","arr":["3A","4","5B","13A"],"mode":"bus","angle":22.8,"side":-1,"extra":1,"ei":0,"l0":"3A, ","c0":"#119efc","l1":"4, ","c1":"#07ad80","l2":"5B, ","c2":"#b11526","l3":"13A","c3":"#05617d"},"geometry":{"type":"Point","coordinates":[19.78774,41.338737]}},{"type":"Feature","properties":{"lines":"3A, 4, 5B, 13A","arr":["3A","4","5B","13A"],"mode":"bus","angle":24.8,"side":-1,"extra":1,"ei":1,"l0":"3A, ","c0":"#119efc","l1":"4, ","c1":"#07ad80","l2":"5B, ","c2":"#b11526","l3":"13A","c3":"#05617d"},"geometry":{"type":"Point","coordinates":[19.790031,41.33796]}},{"type":"Feature","properties":{"lines":"3A, 4, 5B, 13A","arr":["3A","4","5B","13A"],"mode":"bus","angle":25.5,"side":-1,"extra":1,"ei":2,"l0":"3A, ","c0":"#119efc","l1":"4, ","c1":"#07ad80","l2":"5B, ","c2":"#b11526","l3":"13A","c3":"#05617d"},"geometry":{"type":"Point","coordinates":[19.792313,41.337168]}},{"type":"Feature","properties":{"lines":"3A, 4, 5B, 13A","arr":["3A","4","5B","13A"],"mode":"bus","angle":24.6,"side":-1,"extra":1,"ei":3,"l0":"3A, ","c0":"#119efc","l1":"4, ","c1":"#07ad80","l2":"5B, ","c2":"#b11526","l3":"13A","c3":"#05617d"},"geometry":{"type":"Point","coordinates":[19.79688,41.335586]}},{"type":"Feature","properties":{"lines":"3A, 4, 5B, 13A","arr":["3A","4","5B","13A"],"mode":"bus","angle":24.8,"side":-1,"extra":1,"ei":4,"l0":"3A, ","c0":"#119efc","l1":"4, ","c1":"#07ad80","l2":"5B, ","c2":"#b11526","l3":"13A","c3":"#05617d"},"geometry":{"type":"Point","coordinates":[19.799163,41.334795]}},{"type":"Feature","properties":{"lines":"3A, 4, 5B, 13A","arr":["3A","4","5B","13A"],"mode":"bus","angle":24.8,"side":-1,"extra":1,"ei":5,"l0":"3A, ","c0":"#119efc","l1":"4, ","c1":"#07ad80","l2":"5B, ","c2":"#b11526","l3":"13A","c3":"#05617d"},"geometry":{"type":"Point","coordinates":[19.801444,41.334]}},{"type":"Feature","properties":{"lines":"3A, 4, 5B, 13A","arr":["3A","4","5B","13A"],"mode":"bus","angle":38.1,"side":-1,"extra":1,"ei":6,"l0":"3A, ","c0":"#119efc","l1":"4, ","c1":"#07ad80","l2":"5B, ","c2":"#b11526","l3":"13A","c3":"#05617d"},"geometry":{"type":"Point","coordinates":[19.803711,41.333188]}},{"type":"Feature","properties":{"lines":"3A, 4, 5B","arr":["3A","4","5B"],"mode":"bus","angle":24.9,"l0":"3A, ","c0":"#119efc","l1":"4, ","c1":"#07ad80","l2":"5B","c2":"#b11526"},"geometry":{"type":"Point","coordinates":[19.809984,41.331082]}},{"type":"Feature","properties":{"lines":"3A, 4, 5B","arr":["3A","4","5B"],"mode":"bus","angle":23.9,"extra":1,"ei":0,"l0":"3A, ","c0":"#119efc","l1":"4, ","c1":"#07ad80","l2":"5B","c2":"#b11526"},"geometry":{"type":"Point","coordinates":[19.805824,41.332529]}},{"type":"Feature","properties":{"lines":"3A, 4, 5B","arr":["3A","4","5B"],"mode":"bus","angle":24.7,"extra":1,"ei":1,"l0":"3A, ","c0":"#119efc","l1":"4, ","c1":"#07ad80","l2":"5B","c2":"#b11526"},"geometry":{"type":"Point","coordinates":[19.808105,41.331733]}},{"type":"Feature","properties":{"lines":"3A, 4, 5B","arr":["3A","4","5B"],"mode":"bus","angle":24.8,"extra":1,"ei":2,"l0":"3A, ","c0":"#119efc","l1":"4, ","c1":"#07ad80","l2":"5B","c2":"#b11526"},"geometry":{"type":"Point","coordinates":[19.812669,41.330147]}},{"type":"Feature","properties":{"lines":"3A, 4, 5B","arr":["3A","4","5B"],"mode":"bus","angle":24.8,"side":-1,"extra":1,"ei":3,"l0":"3A, ","c0":"#119efc","l1":"4, ","c1":"#07ad80","l2":"5B","c2":"#b11526"},"geometry":{"type":"Point","coordinates":[19.814951,41.329354]}},{"type":"Feature","properties":{"lines":"3A, 3C, 10C, 12A, 12B, 15A, 15B","arr":["3A","3C","10C","12A","12B","15A","15B"],"mode":"bus","angle":-57.8,"l0":"3A, ","c0":"#119efc","l1":"3C, ","c1":"#6b5806","l2":"10C, ","c2":"#ab0377","l3":"12A, ","c3":"#ff627e","l4":"12B, ","c4":"#19a9a8","l5":"15A, ","c5":"#2d8c1b","l6":"15B","c6":"#4d4aba"},"geometry":{"type":"Point","coordinates":[19.816038,41.328349]}},{"type":"Feature","properties":{"lines":"3A, 3C, 10C, 12A, 12B, 15A, 15B","arr":["3A","3C","10C","12A","12B","15A","15B"],"mode":"bus","angle":-22.4,"mi":1,"l0":"3A, ","c0":"#119efc","l1":"3C, ","c1":"#6b5806","l2":"10C, ","c2":"#ab0377","l3":"12A, ","c3":"#ff627e","l4":"12B, ","c4":"#19a9a8","l5":"15A, ","c5":"#2d8c1b","l6":"15B","c6":"#4d4aba"},"geometry":{"type":"Point","coordinates":[19.809583,41.327709]}},{"type":"Feature","properties":{"lines":"3A, 3C, 10C, 12A, 12B, 15A, 15B","arr":["3A","3C","10C","12A","12B","15A","15B"],"mode":"bus","angle":3.3,"extra":1,"ei":0,"l0":"3A, ","c0":"#119efc","l1":"3C, ","c1":"#6b5806","l2":"10C, ","c2":"#ab0377","l3":"12A, ","c3":"#ff627e","l4":"12B, ","c4":"#19a9a8","l5":"15A, ","c5":"#2d8c1b","l6":"15B","c6":"#4d4aba"},"geometry":{"type":"Point","coordinates":[19.81443,41.328275]}},{"type":"Feature","properties":{"lines":"3A, 3C, 10C, 12A, 12B, 15A, 15B","arr":["3A","3C","10C","12A","12B","15A","15B"],"mode":"bus","angle":-6,"extra":1,"ei":1,"l0":"3A, ","c0":"#119efc","l1":"3C, ","c1":"#6b5806","l2":"10C, ","c2":"#ab0377","l3":"12A, ","c3":"#ff627e","l4":"12B, ","c4":"#19a9a8","l5":"15A, ","c5":"#2d8c1b","l6":"15B","c6":"#4d4aba"},"geometry":{"type":"Point","coordinates":[19.811919,41.328357]}},{"type":"Feature","properties":{"lines":"3A, 3C, 10C, 12A, 12B, 15A, 15B","arr":["3A","3C","10C","12A","12B","15A","15B"],"mode":"bus","angle":-22.6,"extra":1,"ei":2,"l0":"3A, ","c0":"#119efc","l1":"3C, ","c1":"#6b5806","l2":"10C, ","c2":"#ab0377","l3":"12A, ","c3":"#ff627e","l4":"12B, ","c4":"#19a9a8","l5":"15A, ","c5":"#2d8c1b","l6":"15B","c6":"#4d4aba"},"geometry":{"type":"Point","coordinates":[19.807245,41.326982]}},{"type":"Feature","properties":{"lines":"3A, 3C, 10C, 12A, 12B, 15A, 15B","arr":["3A","3C","10C","12A","12B","15A","15B"],"mode":"bus","angle":-22.5,"extra":1,"ei":3,"l0":"3A, ","c0":"#119efc","l1":"3C, ","c1":"#6b5806","l2":"10C, ","c2":"#ab0377","l3":"12A, ","c3":"#ff627e","l4":"12B, ","c4":"#19a9a8","l5":"15A, ","c5":"#2d8c1b","l6":"15B","c6":"#4d4aba"},"geometry":{"type":"Point","coordinates":[19.804922,41.326259]}},{"type":"Feature","properties":{"lines":"3A, 3C, 12A, 12B, 15A, 15B","arr":["3A","3C","12A","12B","15A","15B"],"mode":"bus","angle":-20.9,"mi":2,"l0":"3A, ","c0":"#119efc","l1":"3C, ","c1":"#6b5806","l2":"12A, ","c2":"#ff627e","l3":"12B, ","c3":"#19a9a8","l4":"15A, ","c4":"#2d8c1b","l5":"15B","c5":"#4d4aba"},"geometry":{"type":"Point","coordinates":[19.797945,41.324132]}},{"type":"Feature","properties":{"lines":"3A, 3C, 12A, 12B, 15A, 15B","arr":["3A","3C","12A","12B","15A","15B"],"mode":"bus","angle":-13.6,"l0":"3A, ","c0":"#119efc","l1":"3C, ","c1":"#6b5806","l2":"12A, ","c2":"#ff627e","l3":"12B, ","c3":"#19a9a8","l4":"15A, ","c4":"#2d8c1b","l5":"15B","c5":"#4d4aba"},"geometry":{"type":"Point","coordinates":[19.790043,41.321958]}},{"type":"Feature","properties":{"lines":"3A, 3C, 12A, 12B, 15A, 15B","arr":["3A","3C","12A","12B","15A","15B"],"mode":"bus","angle":-22.1,"extra":1,"ei":0,"l0":"3A, ","c0":"#119efc","l1":"3C, ","c1":"#6b5806","l2":"12A, ","c2":"#ff627e","l3":"12B, ","c3":"#19a9a8","l4":"15A, ","c4":"#2d8c1b","l5":"15B","c5":"#4d4aba"},"geometry":{"type":"Point","coordinates":[19.802628,41.325547]}},{"type":"Feature","properties":{"lines":"3A, 3C, 12A, 12B, 15A, 15B","arr":["3A","3C","12A","12B","15A","15B"],"mode":"bus","angle":-21.9,"extra":1,"ei":1,"l0":"3A, ","c0":"#119efc","l1":"3C, ","c1":"#6b5806","l2":"12A, ","c2":"#ff627e","l3":"12B, ","c3":"#19a9a8","l4":"15A, ","c4":"#2d8c1b","l5":"15B","c5":"#4d4aba"},"geometry":{"type":"Point","coordinates":[19.800298,41.324836]}},{"type":"Feature","properties":{"lines":"3A, 3C, 12A, 12B, 15A, 15B","arr":["3A","3C","12A","12B","15A","15B"],"mode":"bus","angle":-20.7,"extra":1,"ei":2,"l0":"3A, ","c0":"#119efc","l1":"3C, ","c1":"#6b5806","l2":"12A, ","c2":"#ff627e","l3":"12B, ","c3":"#19a9a8","l4":"15A, ","c4":"#2d8c1b","l5":"15B","c5":"#4d4aba"},"geometry":{"type":"Point","coordinates":[19.79561,41.32347]}},{"type":"Feature","properties":{"lines":"3A, 3C, 12A, 12B, 15A, 15B","arr":["3A","3C","12A","12B","15A","15B"],"mode":"bus","angle":-20.1,"extra":1,"ei":3,"l0":"3A, ","c0":"#119efc","l1":"3C, ","c1":"#6b5806","l2":"12A, ","c2":"#ff627e","l3":"12B, ","c3":"#19a9a8","l4":"15A, ","c4":"#2d8c1b","l5":"15B","c5":"#4d4aba"},"geometry":{"type":"Point","coordinates":[19.793258,41.322803]}},{"type":"Feature","properties":{"lines":"3A, 3C, 12A, 12B, 13A, 15A, 15B","arr":["3A","3C","12A","12B","13A","15A","15B"],"mode":"bus","angle":-19.2,"l0":"3A, ","c0":"#119efc","l1":"3C, ","c1":"#6b5806","l2":"12A, ","c2":"#ff627e","l3":"12B, ","c3":"#19a9a8","l4":"13A, ","c4":"#05617d","l5":"15A, ","c5":"#2d8c1b","l6":"15B","c6":"#4d4aba"},"geometry":{"type":"Point","coordinates":[19.791264,41.322265]}},{"type":"Feature","properties":{"lines":"3A, 3C, 12A, 12B, 15A, 15B","arr":["3A","3C","12A","12B","15A","15B"],"mode":"bus","angle":-24.4,"mi":1,"l0":"3A, ","c0":"#119efc","l1":"3C, ","c1":"#6b5806","l2":"12A, ","c2":"#ff627e","l3":"12B, ","c3":"#19a9a8","l4":"15A, ","c4":"#2d8c1b","l5":"15B","c5":"#4d4aba"},"geometry":{"type":"Point","coordinates":[19.786596,41.320728]}},{"type":"Feature","properties":{"lines":"3A, 3C, 12A, 12B, 15A, 15B","arr":["3A","3C","12A","12B","15A","15B"],"mode":"bus","angle":-26.2,"extra":1,"ei":0,"l0":"3A, ","c0":"#119efc","l1":"3C, ","c1":"#6b5806","l2":"12A, ","c2":"#ff627e","l3":"12B, ","c3":"#19a9a8","l4":"15A, ","c4":"#2d8c1b","l5":"15B","c5":"#4d4aba"},"geometry":{"type":"Point","coordinates":[19.788076,41.321251]}},{"type":"Feature","properties":{"lines":"3A, 3B, 3C","arr":["3A","3B","3C"],"mode":"bus","angle":10.5,"mi":2,"l0":"3A, ","c0":"#119efc","l1":"3B, ","c1":"#05617d","l2":"3C","c2":"#6b5806"},"geometry":{"type":"Point","coordinates":[19.780206,41.323257]}},{"type":"Feature","properties":{"lines":"3A, 3B, 3C","arr":["3A","3B","3C"],"mode":"bus","angle":-84.6,"extra":1,"ei":0,"l0":"3A, ","c0":"#119efc","l1":"3B, ","c1":"#05617d","l2":"3C","c2":"#6b5806"},"geometry":{"type":"Point","coordinates":[19.78341,41.320642]}},{"type":"Feature","properties":{"lines":"3A, 3B, 3C","arr":["3A","3B","3C"],"mode":"bus","angle":63.1,"extra":1,"ei":1,"l0":"3A, ","c0":"#119efc","l1":"3B, ","c1":"#05617d","l2":"3C","c2":"#6b5806"},"geometry":{"type":"Point","coordinates":[19.782853,41.322372]}},{"type":"Feature","properties":{"lines":"3A, 3B, 3C","arr":["3A","3B","3C"],"mode":"bus","angle":11.2,"extra":1,"ei":2,"l0":"3A, ","c0":"#119efc","l1":"3B, ","c1":"#05617d","l2":"3C","c2":"#6b5806"},"geometry":{"type":"Point","coordinates":[19.778246,41.323553]}},{"type":"Feature","properties":{"lines":"3A, 3B, 3C","arr":["3A","3B","3C"],"mode":"bus","angle":31,"extra":1,"ei":3,"l0":"3A, ","c0":"#119efc","l1":"3B, ","c1":"#05617d","l2":"3C","c2":"#6b5806"},"geometry":{"type":"Point","coordinates":[19.775864,41.32409]}},{"type":"Feature","properties":{"lines":"3A, 3B, 3C","arr":["3A","3B","3C"],"mode":"bus","angle":-84.5,"mi":1,"l0":"3A, ","c0":"#119efc","l1":"3B, ","c1":"#05617d","l2":"3C","c2":"#6b5806"},"geometry":{"type":"Point","coordinates":[19.773861,41.327009]}},{"type":"Feature","properties":{"lines":"3A, 3B, 3C","arr":["3A","3B","3C"],"mode":"bus","angle":49,"l0":"3A, ","c0":"#119efc","l1":"3B, ","c1":"#05617d","l2":"3C","c2":"#6b5806"},"geometry":{"type":"Point","coordinates":[19.772212,41.331222]}},{"type":"Feature","properties":{"lines":"3A, 3B, 3C","arr":["3A","3B","3C"],"mode":"bus","angle":65.6,"extra":1,"ei":0,"l0":"3A, ","c0":"#119efc","l1":"3B, ","c1":"#05617d","l2":"3C","c2":"#6b5806"},"geometry":{"type":"Point","coordinates":[19.773657,41.329263]}},{"type":"Feature","properties":{"lines":"3A, 3B, 3C","arr":["3A","3B","3C"],"mode":"bus","angle":73.7,"extra":1,"ei":1,"l0":"3A, ","c0":"#119efc","l1":"3B, ","c1":"#05617d","l2":"3C","c2":"#6b5806"},"geometry":{"type":"Point","coordinates":[19.771019,41.33243]}},{"type":"Feature","properties":{"lines":"3A, 3B, 3C","arr":["3A","3B","3C"],"mode":"bus","angle":46.8,"mi":3,"l0":"3A, ","c0":"#119efc","l1":"3B, ","c1":"#05617d","l2":"3C","c2":"#6b5806"},"geometry":{"type":"Point","coordinates":[19.766599,41.33619]}},{"type":"Feature","properties":{"lines":"3A, 3B, 3C","arr":["3A","3B","3C"],"mode":"bus","angle":30.8,"extra":1,"ei":0,"l0":"3A, ","c0":"#119efc","l1":"3B, ","c1":"#05617d","l2":"3C","c2":"#6b5806"},"geometry":{"type":"Point","coordinates":[19.768847,41.334288]}},{"type":"Feature","properties":{"lines":"3A, 3B, 3C","arr":["3A","3B","3C"],"mode":"bus","angle":45.4,"extra":1,"ei":1,"l0":"3A, ","c0":"#119efc","l1":"3B, ","c1":"#05617d","l2":"3C","c2":"#6b5806"},"geometry":{"type":"Point","coordinates":[19.765475,41.337073]}},{"type":"Feature","properties":{"lines":"3A, 3B, 3C","arr":["3A","3B","3C"],"mode":"bus","angle":48.1,"extra":1,"ei":2,"l0":"3A, ","c0":"#119efc","l1":"3B, ","c1":"#05617d","l2":"3C","c2":"#6b5806"},"geometry":{"type":"Point","coordinates":[19.763717,41.338422]}},{"type":"Feature","properties":{"lines":"3B, 3C, 12A, 12B, 15A, 15B","arr":["3B","3C","12A","12B","15A","15B"],"mode":"bus","angle":-24.6,"side":-1,"l0":"3B, ","c0":"#05617d","l1":"3C, ","c1":"#6b5806","l2":"12A, ","c2":"#ff627e","l3":"12B, ","c3":"#19a9a8","l4":"15A, ","c4":"#2d8c1b","l5":"15B","c5":"#4d4aba"},"geometry":{"type":"Point","coordinates":[19.78667,41.320685]}},{"type":"Feature","properties":{"lines":"3B, 3C, 12A, 12B, 15A, 15B","arr":["3B","3C","12A","12B","15A","15B"],"mode":"bus","angle":-23.5,"side":-1,"extra":1,"ei":0,"l0":"3B, ","c0":"#05617d","l1":"3C, ","c1":"#6b5806","l2":"12A, ","c2":"#ff627e","l3":"12B, ","c3":"#19a9a8","l4":"15A, ","c4":"#2d8c1b","l5":"15B","c5":"#4d4aba"},"geometry":{"type":"Point","coordinates":[19.785193,41.320186]}},{"type":"Feature","properties":{"lines":"3B, 3C, 12A, 12B, 13B, 15A, 15B","arr":["3B","3C","12A","12B","13B","15A","15B"],"mode":"bus","angle":-21.4,"side":-1,"l0":"3B, ","c0":"#05617d","l1":"3C, ","c1":"#6b5806","l2":"12A, ","c2":"#ff627e","l3":"12B, ","c3":"#19a9a8","l4":"13B, ","c4":"#e16cd6","l5":"15A, ","c5":"#2d8c1b","l6":"15B","c6":"#4d4aba"},"geometry":{"type":"Point","coordinates":[19.790581,41.321948]}},{"type":"Feature","properties":{"lines":"3B, 3C, 12A, 12B, 15A, 15B","arr":["3B","3C","12A","12B","15A","15B"],"mode":"bus","angle":-20.9,"side":-1,"mi":1,"l0":"3B, ","c0":"#05617d","l1":"3C, ","c1":"#6b5806","l2":"12A, ","c2":"#ff627e","l3":"12B, ","c3":"#19a9a8","l4":"15A, ","c4":"#2d8c1b","l5":"15B","c5":"#4d4aba"},"geometry":{"type":"Point","coordinates":[19.797488,41.3239]}},{"type":"Feature","properties":{"lines":"3B, 3C, 12A, 12B, 15A, 15B","arr":["3B","3C","12A","12B","15A","15B"],"mode":"bus","angle":-21.1,"side":-1,"extra":1,"ei":0,"l0":"3B, ","c0":"#05617d","l1":"3C, ","c1":"#6b5806","l2":"12A, ","c2":"#ff627e","l3":"12B, ","c3":"#19a9a8","l4":"15A, ","c4":"#2d8c1b","l5":"15B","c5":"#4d4aba"},"geometry":{"type":"Point","coordinates":[19.792669,41.322543]}},{"type":"Feature","properties":{"lines":"3B, 3C, 12A, 12B, 15A, 15B","arr":["3B","3C","12A","12B","15A","15B"],"mode":"bus","angle":-20.6,"side":-1,"extra":1,"ei":1,"l0":"3B, ","c0":"#05617d","l1":"3C, ","c1":"#6b5806","l2":"12A, ","c2":"#ff627e","l3":"12B, ","c3":"#19a9a8","l4":"15A, ","c4":"#2d8c1b","l5":"15B","c5":"#4d4aba"},"geometry":{"type":"Point","coordinates":[19.795024,41.323206]}},{"type":"Feature","properties":{"lines":"3B, 3C, 12A, 12B, 15A, 15B","arr":["3B","3C","12A","12B","15A","15B"],"mode":"bus","angle":-21.6,"side":-1,"extra":1,"ei":2,"l0":"3B, ","c0":"#05617d","l1":"3C, ","c1":"#6b5806","l2":"12A, ","c2":"#ff627e","l3":"12B, ","c3":"#19a9a8","l4":"15A, ","c4":"#2d8c1b","l5":"15B","c5":"#4d4aba"},"geometry":{"type":"Point","coordinates":[19.799722,41.324553]}},{"type":"Feature","properties":{"lines":"3B, 3C, 12A, 12B, 15A, 15B","arr":["3B","3C","12A","12B","15A","15B"],"mode":"bus","angle":-22.3,"side":-1,"extra":1,"ei":3,"l0":"3B, ","c0":"#05617d","l1":"3C, ","c1":"#6b5806","l2":"12A, ","c2":"#ff627e","l3":"12B, ","c3":"#19a9a8","l4":"15A, ","c4":"#2d8c1b","l5":"15B","c5":"#4d4aba"},"geometry":{"type":"Point","coordinates":[19.802052,41.325263]}},{"type":"Feature","properties":{"lines":"3B, 3C, 10C, 12A, 12B, 15A, 15B","arr":["3B","3C","10C","12A","12B","15A","15B"],"mode":"bus","angle":-22.6,"side":-1,"l0":"3B, ","c0":"#05617d","l1":"3C, ","c1":"#6b5806","l2":"10C, ","c2":"#ab0377","l3":"12A, ","c3":"#ff627e","l4":"12B, ","c4":"#19a9a8","l5":"15A, ","c5":"#2d8c1b","l6":"15B","c6":"#4d4aba"},"geometry":{"type":"Point","coordinates":[19.809649,41.327617]}},{"type":"Feature","properties":{"lines":"3B, 3C, 10C, 12A, 12B, 15A, 15B","arr":["3B","3C","10C","12A","12B","15A","15B"],"mode":"bus","angle":-22.6,"side":-1,"extra":1,"ei":0,"l0":"3B, ","c0":"#05617d","l1":"3C, ","c1":"#6b5806","l2":"10C, ","c2":"#ab0377","l3":"12A, ","c3":"#ff627e","l4":"12B, ","c4":"#19a9a8","l5":"15A, ","c5":"#2d8c1b","l6":"15B","c6":"#4d4aba"},"geometry":{"type":"Point","coordinates":[19.804593,41.326052]}},{"type":"Feature","properties":{"lines":"3B, 3C, 10C, 12A, 12B, 15A, 15B","arr":["3B","3C","10C","12A","12B","15A","15B"],"mode":"bus","angle":-22.3,"side":-1,"extra":1,"ei":1,"l0":"3B, ","c0":"#05617d","l1":"3C, ","c1":"#6b5806","l2":"10C, ","c2":"#ab0377","l3":"12A, ","c3":"#ff627e","l4":"12B, ","c4":"#19a9a8","l5":"15A, ","c5":"#2d8c1b","l6":"15B","c6":"#4d4aba"},"geometry":{"type":"Point","coordinates":[19.806918,41.32677]}},{"type":"Feature","properties":{"lines":"3B, 3C, 10C, 12A, 12B, 15A, 15B","arr":["3B","3C","10C","12A","12B","15A","15B"],"mode":"bus","angle":-15,"side":-1,"extra":1,"ei":2,"l0":"3B, ","c0":"#05617d","l1":"3C, ","c1":"#6b5806","l2":"10C, ","c2":"#ab0377","l3":"12A, ","c3":"#ff627e","l4":"12B, ","c4":"#19a9a8","l5":"15A, ","c5":"#2d8c1b","l6":"15B","c6":"#4d4aba"},"geometry":{"type":"Point","coordinates":[19.811575,41.328194]}},{"type":"Feature","properties":{"lines":"3B, 3C, 10C, 12A, 12B, 15A, 15B","arr":["3B","3C","10C","12A","12B","15A","15B"],"mode":"bus","angle":3.4,"side":-1,"extra":1,"ei":3,"l0":"3B, ","c0":"#05617d","l1":"3C, ","c1":"#6b5806","l2":"10C, ","c2":"#ab0377","l3":"12A, ","c3":"#ff627e","l4":"12B, ","c4":"#19a9a8","l5":"15A, ","c5":"#2d8c1b","l6":"15B","c6":"#4d4aba"},"geometry":{"type":"Point","coordinates":[19.814078,41.32818]}},{"type":"Feature","properties":{"lines":"3B, 3C, 9A, 9B, 10A, 10B, 10C, 11","arr":["3B","3C","9A","9B","10A","10B","10C","11"],"mode":"bus","angle":-14.3,"l0":"3B, ","c0":"#05617d","l1":"3C, ","c1":"#6b5806","l2":"9A, ","c2":"#02af5a","l3":"9B, ","c3":"#a72d06","l4":"10A, ","c4":"#f57145","l5":"10B, ","c5":"#ff5e9b","l6":"10C, ","c6":"#ab0377","l7":"11","c7":"#6895fc"},"geometry":{"type":"Point","coordinates":[19.821454,41.32852]}},{"type":"Feature","properties":{"lines":"3B, 3C, 9A, 9B, 10A, 10B, 10C","arr":["3B","3C","9A","9B","10A","10B","10C"],"mode":"bus","angle":-14.7,"mi":1,"l0":"3B, ","c0":"#05617d","l1":"3C, ","c1":"#6b5806","l2":"9A, ","c2":"#02af5a","l3":"9B, ","c3":"#a72d06","l4":"10A, ","c4":"#f57145","l5":"10B, ","c5":"#ff5e9b","l6":"10C","c6":"#ab0377"},"geometry":{"type":"Point","coordinates":[19.820749,41.328384]}},{"type":"Feature","properties":{"lines":"3B, 3C, 9A, 9B, 10A, 10B, 10C","arr":["3B","3C","9A","9B","10A","10B","10C"],"mode":"bus","angle":77.2,"l0":"3B, ","c0":"#05617d","l1":"3C, ","c1":"#6b5806","l2":"9A, ","c2":"#02af5a","l3":"9B, ","c3":"#a72d06","l4":"10A, ","c4":"#f57145","l5":"10B, ","c5":"#ff5e9b","l6":"10C","c6":"#ab0377"},"geometry":{"type":"Point","coordinates":[19.820215,41.329206]}},{"type":"Feature","properties":{"lines":"3B, 3C, 9A, 9B, 10A, 10B, 10C","arr":["3B","3C","9A","9B","10A","10B","10C"],"mode":"bus","angle":-46.7,"mi":2,"l0":"3B, ","c0":"#05617d","l1":"3C, ","c1":"#6b5806","l2":"9A, ","c2":"#02af5a","l3":"9B, ","c3":"#a72d06","l4":"10A, ","c4":"#f57145","l5":"10B, ","c5":"#ff5e9b","l6":"10C","c6":"#ab0377"},"geometry":{"type":"Point","coordinates":[19.820176,41.330285]}},{"type":"Feature","properties":{"lines":"3B, 4, 5B, 6","arr":["3B","4","5B","6"],"mode":"bus","angle":-38.1,"mi":1,"l0":"3B, ","c0":"#05617d","l1":"4, ","c1":"#07ad80","l2":"5B, ","c2":"#b11526","l3":"6","c3":"#7b3aa8"},"geometry":{"type":"Point","coordinates":[19.815952,41.329181]}},{"type":"Feature","properties":{"lines":"3B, 4, 5B, 6","arr":["3B","4","5B","6"],"mode":"bus","angle":35.5,"l0":"3B, ","c0":"#05617d","l1":"4, ","c1":"#07ad80","l2":"5B, ","c2":"#b11526","l3":"6","c3":"#7b3aa8"},"geometry":{"type":"Point","coordinates":[19.810927,41.332016]}},{"type":"Feature","properties":{"lines":"3B, 4, 5B, 6","arr":["3B","4","5B","6"],"mode":"bus","angle":45.9,"extra":1,"ei":0,"l0":"3B, ","c0":"#05617d","l1":"4, ","c1":"#07ad80","l2":"5B, ","c2":"#b11526","l3":"6","c3":"#7b3aa8"},"geometry":{"type":"Point","coordinates":[19.814445,41.329941]}},{"type":"Feature","properties":{"lines":"3B, 4, 5B, 6","arr":["3B","4","5B","6"],"mode":"bus","angle":35.9,"extra":1,"ei":1,"l0":"3B, ","c0":"#05617d","l1":"4, ","c1":"#07ad80","l2":"5B, ","c2":"#b11526","l3":"6","c3":"#7b3aa8"},"geometry":{"type":"Point","coordinates":[19.812513,41.331144]}},{"type":"Feature","properties":{"lines":"3B, 4, 5B, 6","arr":["3B","4","5B","6"],"mode":"bus","angle":21.1,"extra":1,"ei":2,"l0":"3B, ","c0":"#05617d","l1":"4, ","c1":"#07ad80","l2":"5B, ","c2":"#b11526","l3":"6","c3":"#7b3aa8"},"geometry":{"type":"Point","coordinates":[19.80823,41.333072]}},{"type":"Feature","properties":{"lines":"3B, 4, 5B, 6","arr":["3B","4","5B","6"],"mode":"bus","angle":62.3,"extra":1,"ei":3,"l0":"3B, ","c0":"#05617d","l1":"4, ","c1":"#07ad80","l2":"5B, ","c2":"#b11526","l3":"6","c3":"#7b3aa8"},"geometry":{"type":"Point","coordinates":[19.806209,41.334057]}},{"type":"Feature","properties":{"lines":"3B, 4, 5B, 13B, 16B","arr":["3B","4","5B","13B","16B"],"mode":"bus","angle":-40.8,"l0":"3B, ","c0":"#05617d","l1":"4, ","c1":"#07ad80","l2":"5B, ","c2":"#b11526","l3":"13B, ","c3":"#e16cd6","l4":"16B","c4":"#999f01"},"geometry":{"type":"Point","coordinates":[19.805616,41.333976]}},{"type":"Feature","properties":{"lines":"3B, 4, 16B","arr":["3B","4","16B"],"mode":"bus","angle":-29.5,"l0":"3B, ","c0":"#05617d","l1":"4, ","c1":"#07ad80","l2":"16B","c2":"#999f01"},"geometry":{"type":"Point","coordinates":[19.804787,41.333465]}},{"type":"Feature","properties":{"lines":"3B, 4","arr":["3B","4"],"mode":"bus","angle":23.5,"l0":"3B, ","c0":"#05617d","l1":"4","c1":"#07ad80"},"geometry":{"type":"Point","coordinates":[19.803356,41.333452]}},{"type":"Feature","properties":{"lines":"3B, 4, 5B, 13B","arr":["3B","4","5B","13B"],"mode":"bus","angle":24.8,"l0":"3B, ","c0":"#05617d","l1":"4, ","c1":"#07ad80","l2":"5B, ","c2":"#b11526","l3":"13B","c3":"#e16cd6"},"geometry":{"type":"Point","coordinates":[19.79461,41.336493]}},{"type":"Feature","properties":{"lines":"3B, 4, 5B, 13B","arr":["3B","4","5B","13B"],"mode":"bus","angle":24.8,"extra":1,"ei":0,"l0":"3B, ","c0":"#05617d","l1":"4, ","c1":"#07ad80","l2":"5B, ","c2":"#b11526","l3":"13B","c3":"#e16cd6"},"geometry":{"type":"Point","coordinates":[19.801372,41.334138]}},{"type":"Feature","properties":{"lines":"3B, 4, 5B, 13B","arr":["3B","4","5B","13B"],"mode":"bus","angle":24.9,"extra":1,"ei":1,"l0":"3B, ","c0":"#05617d","l1":"4, ","c1":"#07ad80","l2":"5B, ","c2":"#b11526","l3":"13B","c3":"#e16cd6"},"geometry":{"type":"Point","coordinates":[19.799091,41.334933]}},{"type":"Feature","properties":{"lines":"3B, 4, 5B, 13B","arr":["3B","4","5B","13B"],"mode":"bus","angle":25,"extra":1,"ei":2,"l0":"3B, ","c0":"#05617d","l1":"4, ","c1":"#07ad80","l2":"5B, ","c2":"#b11526","l3":"13B","c3":"#e16cd6"},"geometry":{"type":"Point","coordinates":[19.796811,41.335729]}},{"type":"Feature","properties":{"lines":"3B, 4, 5B, 13B","arr":["3B","4","5B","13B"],"mode":"bus","angle":24.9,"extra":1,"ei":3,"l0":"3B, ","c0":"#05617d","l1":"4, ","c1":"#07ad80","l2":"5B, ","c2":"#b11526","l3":"13B","c3":"#e16cd6"},"geometry":{"type":"Point","coordinates":[19.792248,41.337316]}},{"type":"Feature","properties":{"lines":"3B, 4, 5B, 13B","arr":["3B","4","5B","13B"],"mode":"bus","angle":25,"extra":1,"ei":4,"l0":"3B, ","c0":"#05617d","l1":"4, ","c1":"#07ad80","l2":"5B, ","c2":"#b11526","l3":"13B","c3":"#e16cd6"},"geometry":{"type":"Point","coordinates":[19.789967,41.338111]}},{"type":"Feature","properties":{"lines":"3B, 4, 5B, 13B","arr":["3B","4","5B","13B"],"mode":"bus","angle":24.9,"extra":1,"ei":5,"l0":"3B, ","c0":"#05617d","l1":"4, ","c1":"#07ad80","l2":"5B, ","c2":"#b11526","l3":"13B","c3":"#e16cd6"},"geometry":{"type":"Point","coordinates":[19.787692,41.338915]}},{"type":"Feature","properties":{"lines":"3B, 4, 5B, 13B","arr":["3B","4","5B","13B"],"mode":"bus","angle":26.6,"mi":1,"l0":"3B, ","c0":"#05617d","l1":"4, ","c1":"#07ad80","l2":"5B, ","c2":"#b11526","l3":"13B","c3":"#e16cd6"},"geometry":{"type":"Point","coordinates":[19.78644,41.339366]}},{"type":"Feature","properties":{"lines":"3B, 13B","arr":["3B","13B"],"mode":"bus","angle":-82.2,"l0":"3B, ","c0":"#05617d","l1":"13B","c1":"#e16cd6"},"geometry":{"type":"Point","coordinates":[19.78284,41.334853]}},{"type":"Feature","properties":{"lines":"3B, 13B","arr":["3B","13B"],"mode":"bus","angle":-55.5,"extra":1,"ei":0,"l0":"3B, ","c0":"#05617d","l1":"13B","c1":"#e16cd6"},"geometry":{"type":"Point","coordinates":[19.785261,41.338517]}},{"type":"Feature","properties":{"lines":"3B, 13B","arr":["3B","13B"],"mode":"bus","angle":-58.9,"extra":1,"ei":1,"l0":"3B, ","c0":"#05617d","l1":"13B","c1":"#e16cd6"},"geometry":{"type":"Point","coordinates":[19.783958,41.336902]}},{"type":"Feature","properties":{"lines":"3B, 13B","arr":["3B","13B"],"mode":"bus","angle":74.9,"extra":1,"ei":2,"l0":"3B, ","c0":"#05617d","l1":"13B","c1":"#e16cd6"},"geometry":{"type":"Point","coordinates":[19.782966,41.333327]}},{"type":"Feature","properties":{"lines":"3B, 13B","arr":["3B","13B"],"mode":"bus","angle":68.3,"extra":1,"ei":3,"l0":"3B, ","c0":"#05617d","l1":"13B","c1":"#e16cd6"},"geometry":{"type":"Point","coordinates":[19.783852,41.331561]}},{"type":"Feature","properties":{"lines":"3B","arr":["3B"],"mode":"bus","angle":-65.4,"mi":4,"l0":"3B","c0":"#05617d"},"geometry":{"type":"Point","coordinates":[19.784565,41.32975]}},{"type":"Feature","properties":{"lines":"3B","arr":["3B"],"mode":"bus","angle":-21.5,"mi":2,"l0":"3B","c0":"#05617d"},"geometry":{"type":"Point","coordinates":[19.783868,41.329386]}},{"type":"Feature","properties":{"lines":"3B","arr":["3B"],"mode":"bus","angle":40.9,"mi":1,"l0":"3B","c0":"#05617d"},"geometry":{"type":"Point","coordinates":[19.781736,41.330151]}},{"type":"Feature","properties":{"lines":"3B","arr":["3B"],"mode":"bus","angle":41.7,"l0":"3B","c0":"#05617d"},"geometry":{"type":"Point","coordinates":[19.776943,41.333332]}},{"type":"Feature","properties":{"lines":"3B","arr":["3B"],"mode":"bus","angle":42.5,"extra":1,"ei":0,"l0":"3B","c0":"#05617d"},"geometry":{"type":"Point","coordinates":[19.779462,41.33164]}},{"type":"Feature","properties":{"lines":"3B","arr":["3B"],"mode":"bus","angle":41.6,"extra":1,"ei":1,"l0":"3B","c0":"#05617d"},"geometry":{"type":"Point","coordinates":[19.77571,41.334155]}},{"type":"Feature","properties":{"lines":"3B","arr":["3B"],"mode":"bus","angle":41.7,"extra":1,"ei":2,"l0":"3B","c0":"#05617d"},"geometry":{"type":"Point","coordinates":[19.773837,41.335415]}},{"type":"Feature","properties":{"lines":"3B","arr":["3B"],"mode":"bus","angle":41.9,"mi":5,"l0":"3B","c0":"#05617d"},"geometry":{"type":"Point","coordinates":[19.771453,41.337028]}},{"type":"Feature","properties":{"lines":"3B","arr":["3B"],"mode":"bus","angle":39.7,"mi":3,"l0":"3B","c0":"#05617d"},"geometry":{"type":"Point","coordinates":[19.773176,41.335855]}},{"type":"Feature","properties":{"lines":"3C","arr":["3C"],"mode":"bus","angle":27.2,"mi":1,"l0":"3C","c0":"#6b5806"},"geometry":{"type":"Point","coordinates":[19.73964,41.352457]}},{"type":"Feature","properties":{"lines":"3C","arr":["3C"],"mode":"bus","angle":-63.9,"l0":"3C","c0":"#6b5806"},"geometry":{"type":"Point","coordinates":[19.740962,41.35241]}},{"type":"Feature","properties":{"lines":"3C","arr":["3C"],"mode":"bus","angle":46.3,"mi":2,"l0":"3C","c0":"#6b5806"},"geometry":{"type":"Point","coordinates":[19.744577,41.351417]}},{"type":"Feature","properties":{"lines":"3C","arr":["3C"],"mode":"bus","angle":21.9,"extra":1,"ei":0,"l0":"3C","c0":"#6b5806"},"geometry":{"type":"Point","coordinates":[19.742373,41.352434]}},{"type":"Feature","properties":{"lines":"3C","arr":["3C"],"mode":"bus","angle":40.5,"extra":1,"ei":1,"l0":"3C","c0":"#6b5806"},"geometry":{"type":"Point","coordinates":[19.746341,41.350197]}},{"type":"Feature","properties":{"lines":"3C","arr":["3C"],"mode":"bus","angle":45.2,"l0":"3C","c0":"#6b5806"},"geometry":{"type":"Point","coordinates":[19.755845,41.34447]}},{"type":"Feature","properties":{"lines":"3C","arr":["3C"],"mode":"bus","angle":37.5,"extra":1,"ei":0,"l0":"3C","c0":"#6b5806"},"geometry":{"type":"Point","coordinates":[19.748572,41.349027]}},{"type":"Feature","properties":{"lines":"3C","arr":["3C"],"mode":"bus","angle":37.2,"extra":1,"ei":1,"l0":"3C","c0":"#6b5806"},"geometry":{"type":"Point","coordinates":[19.750572,41.347882]}},{"type":"Feature","properties":{"lines":"3C","arr":["3C"],"mode":"bus","angle":40,"extra":1,"ei":2,"l0":"3C","c0":"#6b5806"},"geometry":{"type":"Point","coordinates":[19.752579,41.346745]}},{"type":"Feature","properties":{"lines":"3C","arr":["3C"],"mode":"bus","angle":44.4,"extra":1,"ei":3,"l0":"3C","c0":"#6b5806"},"geometry":{"type":"Point","coordinates":[19.754466,41.345503]}},{"type":"Feature","properties":{"lines":"3C","arr":["3C"],"mode":"bus","angle":45,"extra":1,"ei":4,"l0":"3C","c0":"#6b5806"},"geometry":{"type":"Point","coordinates":[19.758028,41.342837]}},{"type":"Feature","properties":{"lines":"3C","arr":["3C"],"mode":"bus","angle":44.9,"extra":1,"ei":5,"l0":"3C","c0":"#6b5806"},"geometry":{"type":"Point","coordinates":[19.759811,41.341506]}},{"type":"Feature","properties":{"lines":"3C","arr":["3C"],"mode":"bus","angle":44.9,"extra":1,"ei":6,"l0":"3C","c0":"#6b5806"},"geometry":{"type":"Point","coordinates":[19.761591,41.340172]}},{"type":"Feature","properties":{"lines":"3C","arr":["3C"],"mode":"bus","angle":43.2,"extra":1,"ei":7,"l0":"3C","c0":"#6b5806"},"geometry":{"type":"Point","coordinates":[19.763281,41.338778]}},{"type":"Feature","properties":{"lines":"4, 5B, 13B","arr":["4","5B","13B"],"mode":"bus","angle":26.2,"mi":1,"l0":"4, ","c0":"#07ad80","l1":"5B, ","c1":"#b11526","l2":"13B","c2":"#e16cd6"},"geometry":{"type":"Point","coordinates":[19.779284,41.342014]}},{"type":"Feature","properties":{"lines":"4, 5B, 13B","arr":["4","5B","13B"],"mode":"bus","angle":26.9,"mi":2,"l0":"4, ","c0":"#07ad80","l1":"5B, ","c1":"#b11526","l2":"13B","c2":"#e16cd6"},"geometry":{"type":"Point","coordinates":[19.78415,41.33988]}},{"type":"Feature","properties":{"lines":"4, 5B, 13B","arr":["4","5B","13B"],"mode":"bus","angle":42.8,"extra":1,"ei":0,"l0":"4, ","c0":"#07ad80","l1":"5B, ","c1":"#b11526","l2":"13B","c2":"#e16cd6"},"geometry":{"type":"Point","coordinates":[19.777845,41.342582]}},{"type":"Feature","properties":{"lines":"4, 5B, 13B","arr":["4","5B","13B"],"mode":"bus","angle":22.7,"extra":1,"ei":0,"l0":"4, ","c0":"#07ad80","l1":"5B, ","c1":"#b11526","l2":"13B","c2":"#e16cd6"},"geometry":{"type":"Point","coordinates":[19.785772,41.339362]}},{"type":"Feature","properties":{"lines":"4, 5B, 13B","arr":["4","5B","13B"],"mode":"bus","angle":25.4,"side":-1,"l0":"4, ","c0":"#07ad80","l1":"5B, ","c1":"#b11526","l2":"13B","c2":"#e16cd6"},"geometry":{"type":"Point","coordinates":[19.781588,41.340932]}},{"type":"Feature","properties":{"lines":"4","arr":["4"],"mode":"bus","angle":23.8,"mi":1,"l0":"4","c0":"#07ad80"},"geometry":{"type":"Point","coordinates":[19.775198,41.343448]}},{"type":"Feature","properties":{"lines":"4","arr":["4"],"mode":"bus","angle":24.9,"l0":"4","c0":"#07ad80"},"geometry":{"type":"Point","coordinates":[19.748497,41.352797]}},{"type":"Feature","properties":{"lines":"4","arr":["4"],"mode":"bus","angle":-56.5,"mi":2,"l0":"4","c0":"#07ad80"},"geometry":{"type":"Point","coordinates":[19.688748,41.368044]}},{"type":"Feature","properties":{"lines":"4","arr":["4"],"mode":"bus","angle":-3.3,"side":-1,"l0":"4","c0":"#07ad80"},"geometry":{"type":"Point","coordinates":[19.689621,41.367988]}},{"type":"Feature","properties":{"lines":"4","arr":["4"],"mode":"bus","angle":-27.9,"l0":"4","c0":"#07ad80"},"geometry":{"type":"Point","coordinates":[19.775468,41.344084]}},{"type":"Feature","properties":{"lines":"4","arr":["4"],"mode":"bus","angle":25,"mi":2,"l0":"4","c0":"#07ad80"},"geometry":{"type":"Point","coordinates":[19.766395,41.346545]}},{"type":"Feature","properties":{"lines":"4","arr":["4"],"mode":"bus","angle":25,"extra":1,"ei":0,"l0":"4","c0":"#07ad80"},"geometry":{"type":"Point","coordinates":[19.759265,41.34902]}},{"type":"Feature","properties":{"lines":"4","arr":["4"],"mode":"bus","angle":24.9,"extra":1,"ei":1,"l0":"4","c0":"#07ad80"},"geometry":{"type":"Point","coordinates":[19.761548,41.348228]}},{"type":"Feature","properties":{"lines":"4","arr":["4"],"mode":"bus","angle":24.9,"extra":1,"ei":2,"l0":"4","c0":"#07ad80"},"geometry":{"type":"Point","coordinates":[19.76383,41.347435]}},{"type":"Feature","properties":{"lines":"4","arr":["4"],"mode":"bus","angle":24.7,"extra":1,"ei":3,"l0":"4","c0":"#07ad80"},"geometry":{"type":"Point","coordinates":[19.768396,41.345853]}},{"type":"Feature","properties":{"lines":"4","arr":["4"],"mode":"bus","angle":24.5,"extra":1,"ei":4,"l0":"4","c0":"#07ad80"},"geometry":{"type":"Point","coordinates":[19.770681,41.345065]}},{"type":"Feature","properties":{"lines":"4","arr":["4"],"mode":"bus","angle":24.6,"extra":1,"ei":5,"l0":"4","c0":"#07ad80"},"geometry":{"type":"Point","coordinates":[19.772969,41.344282]}},{"type":"Feature","properties":{"lines":"4","arr":["4"],"mode":"bus","angle":24.8,"mi":1,"l0":"4","c0":"#07ad80"},"geometry":{"type":"Point","coordinates":[19.750911,41.351921]}},{"type":"Feature","properties":{"lines":"4","arr":["4"],"mode":"bus","angle":24.9,"extra":1,"ei":0,"l0":"4","c0":"#07ad80"},"geometry":{"type":"Point","coordinates":[19.756993,41.349829]}},{"type":"Feature","properties":{"lines":"4","arr":["4"],"mode":"bus","angle":23.4,"extra":1,"ei":1,"l0":"4","c0":"#07ad80"},"geometry":{"type":"Point","coordinates":[19.75471,41.350619]}},{"type":"Feature","properties":{"lines":"4","arr":["4"],"mode":"bus","angle":24.9,"extra":1,"ei":2,"l0":"4","c0":"#07ad80"},"geometry":{"type":"Point","coordinates":[19.752419,41.351397]}},{"type":"Feature","properties":{"lines":"4","arr":["4"],"mode":"bus","angle":24.7,"extra":1,"ei":3,"l0":"4","c0":"#07ad80"},"geometry":{"type":"Point","coordinates":[19.747853,41.35298]}},{"type":"Feature","properties":{"lines":"4","arr":["4"],"mode":"bus","angle":24.3,"extra":1,"ei":4,"l0":"4","c0":"#07ad80"},"geometry":{"type":"Point","coordinates":[19.745571,41.353773]}},{"type":"Feature","properties":{"lines":"4","arr":["4"],"mode":"bus","angle":24.7,"l0":"4","c0":"#07ad80"},"geometry":{"type":"Point","coordinates":[19.73755,41.356554]}},{"type":"Feature","properties":{"lines":"4","arr":["4"],"mode":"bus","angle":24.9,"extra":1,"ei":0,"l0":"4","c0":"#07ad80"},"geometry":{"type":"Point","coordinates":[19.742551,41.354817]}},{"type":"Feature","properties":{"lines":"4","arr":["4"],"mode":"bus","angle":25,"extra":1,"ei":1,"l0":"4","c0":"#07ad80"},"geometry":{"type":"Point","coordinates":[19.740269,41.355608]}},{"type":"Feature","properties":{"lines":"4","arr":["4"],"mode":"bus","angle":24.7,"extra":1,"ei":2,"l0":"4","c0":"#07ad80"},"geometry":{"type":"Point","coordinates":[19.735704,41.357193]}},{"type":"Feature","properties":{"lines":"4","arr":["4"],"mode":"bus","angle":24.2,"extra":1,"ei":3,"l0":"4","c0":"#07ad80"},"geometry":{"type":"Point","coordinates":[19.733423,41.357988]}},{"type":"Feature","properties":{"lines":"4","arr":["4"],"mode":"bus","angle":18.9,"l0":"4","c0":"#07ad80"},"geometry":{"type":"Point","coordinates":[19.722827,41.361436]}},{"type":"Feature","properties":{"lines":"4","arr":["4"],"mode":"bus","angle":24.9,"extra":1,"ei":0,"l0":"4","c0":"#07ad80"},"geometry":{"type":"Point","coordinates":[19.730266,41.359083]}},{"type":"Feature","properties":{"lines":"4","arr":["4"],"mode":"bus","angle":24.9,"extra":1,"ei":1,"l0":"4","c0":"#07ad80"},"geometry":{"type":"Point","coordinates":[19.727981,41.359871]}},{"type":"Feature","properties":{"lines":"4","arr":["4"],"mode":"bus","angle":23.6,"extra":1,"ei":2,"l0":"4","c0":"#07ad80"},"geometry":{"type":"Point","coordinates":[19.725696,41.360658]}},{"type":"Feature","properties":{"lines":"4","arr":["4"],"mode":"bus","angle":18.9,"extra":1,"ei":3,"l0":"4","c0":"#07ad80"},"geometry":{"type":"Point","coordinates":[19.720953,41.361911]}},{"type":"Feature","properties":{"lines":"4","arr":["4"],"mode":"bus","angle":18.5,"extra":1,"ei":4,"l0":"4","c0":"#07ad80"},"geometry":{"type":"Point","coordinates":[19.718575,41.362525]}},{"type":"Feature","properties":{"lines":"4","arr":["4"],"mode":"bus","angle":18.6,"extra":1,"ei":5,"l0":"4","c0":"#07ad80"},"geometry":{"type":"Point","coordinates":[19.716192,41.363126]}},{"type":"Feature","properties":{"lines":"4","arr":["4"],"mode":"bus","angle":-20.9,"l0":"4","c0":"#07ad80"},"geometry":{"type":"Point","coordinates":[19.702109,41.370535]}},{"type":"Feature","properties":{"lines":"4","arr":["4"],"mode":"bus","angle":-80.7,"extra":1,"ei":0,"l0":"4","c0":"#07ad80"},"geometry":{"type":"Point","coordinates":[19.714045,41.364656]}},{"type":"Feature","properties":{"lines":"4","arr":["4"],"mode":"bus","angle":38.3,"extra":1,"ei":1,"l0":"4","c0":"#07ad80"},"geometry":{"type":"Point","coordinates":[19.712694,41.366062]}},{"type":"Feature","properties":{"lines":"4","arr":["4"],"mode":"bus","angle":39.4,"extra":1,"ei":2,"l0":"4","c0":"#07ad80"},"geometry":{"type":"Point","coordinates":[19.710734,41.367244]}},{"type":"Feature","properties":{"lines":"4","arr":["4"],"mode":"bus","angle":33.6,"extra":1,"ei":3,"l0":"4","c0":"#07ad80"},"geometry":{"type":"Point","coordinates":[19.708791,41.368442]}},{"type":"Feature","properties":{"lines":"4","arr":["4"],"mode":"bus","angle":31,"extra":1,"ei":4,"l0":"4","c0":"#07ad80"},"geometry":{"type":"Point","coordinates":[19.706641,41.369421]}},{"type":"Feature","properties":{"lines":"4","arr":["4"],"mode":"bus","angle":37.4,"extra":1,"ei":5,"l0":"4","c0":"#07ad80"},"geometry":{"type":"Point","coordinates":[19.704567,41.370484]}},{"type":"Feature","properties":{"lines":"4","arr":["4"],"mode":"bus","angle":-26.8,"extra":1,"ei":6,"l0":"4","c0":"#07ad80"},"geometry":{"type":"Point","coordinates":[19.700835,41.3692]}},{"type":"Feature","properties":{"lines":"4","arr":["4"],"mode":"bus","angle":14.5,"extra":1,"ei":7,"l0":"4","c0":"#07ad80"},"geometry":{"type":"Point","coordinates":[19.698393,41.369611]}},{"type":"Feature","properties":{"lines":"4","arr":["4"],"mode":"bus","angle":14.4,"extra":1,"ei":8,"l0":"4","c0":"#07ad80"},"geometry":{"type":"Point","coordinates":[19.695956,41.370075]}},{"type":"Feature","properties":{"lines":"4","arr":["4"],"mode":"bus","angle":14.2,"extra":1,"ei":9,"l0":"4","c0":"#07ad80"},"geometry":{"type":"Point","coordinates":[19.693518,41.370538]}},{"type":"Feature","properties":{"lines":"4","arr":["4"],"mode":"bus","angle":-10.4,"extra":1,"ei":10,"l0":"4","c0":"#07ad80"},"geometry":{"type":"Point","coordinates":[19.691078,41.370993]}},{"type":"Feature","properties":{"lines":"4","arr":["4"],"mode":"bus","angle":-76.3,"extra":1,"ei":11,"l0":"4","c0":"#07ad80"},"geometry":{"type":"Point","coordinates":[19.690857,41.369289]}},{"type":"Feature","properties":{"lines":"4","arr":["4"],"mode":"bus","angle":-56.9,"side":-1,"mi":1,"l0":"4","c0":"#07ad80"},"geometry":{"type":"Point","coordinates":[19.69029,41.367796]}},{"type":"Feature","properties":{"lines":"4, 5B","arr":["4","5B"],"mode":"bus","angle":87.7,"side":-1,"l0":"4, ","c0":"#07ad80","l1":"5B","c1":"#b11526"},"geometry":{"type":"Point","coordinates":[19.77631,41.343854]}},{"type":"Feature","properties":{"lines":"4, 5B","arr":["4","5B"],"mode":"bus","angle":23.3,"side":-1,"mi":1,"l0":"4, ","c0":"#07ad80","l1":"5B","c1":"#b11526"},"geometry":{"type":"Point","coordinates":[19.786285,41.339191]}},{"type":"Feature","properties":{"lines":"5A","arr":["5A"],"mode":"bus","angle":11.2,"side":-1,"mi":5,"l0":"5A","c0":"#19a9a8"},"geometry":{"type":"Point","coordinates":[19.870064,41.331906]}},{"type":"Feature","properties":{"lines":"5A","arr":["5A"],"mode":"bus","angle":16.1,"mi":3,"l0":"5A","c0":"#19a9a8"},"geometry":{"type":"Point","coordinates":[19.862676,41.334236]}},{"type":"Feature","properties":{"lines":"5A","arr":["5A"],"mode":"bus","angle":12.4,"extra":1,"ei":0,"l0":"5A","c0":"#19a9a8"},"geometry":{"type":"Point","coordinates":[19.869498,41.332124]}},{"type":"Feature","properties":{"lines":"5A","arr":["5A"],"mode":"bus","angle":-31.2,"extra":1,"ei":1,"l0":"5A","c0":"#19a9a8"},"geometry":{"type":"Point","coordinates":[19.867092,41.332286]}},{"type":"Feature","properties":{"lines":"5A","arr":["5A"],"mode":"bus","angle":42.3,"extra":1,"ei":2,"l0":"5A","c0":"#19a9a8"},"geometry":{"type":"Point","coordinates":[19.865075,41.333067]}},{"type":"Feature","properties":{"lines":"5A","arr":["5A"],"mode":"bus","angle":0.7,"extra":1,"ei":3,"l0":"5A","c0":"#19a9a8"},"geometry":{"type":"Point","coordinates":[19.860591,41.334548]}},{"type":"Feature","properties":{"lines":"5A","arr":["5A"],"mode":"bus","angle":14,"extra":1,"ei":4,"l0":"5A","c0":"#19a9a8"},"geometry":{"type":"Point","coordinates":[19.858104,41.334533]}},{"type":"Feature","properties":{"lines":"5A","arr":["5A"],"mode":"bus","angle":-8.6,"extra":1,"ei":5,"l0":"5A","c0":"#19a9a8"},"geometry":{"type":"Point","coordinates":[19.855644,41.334874]}},{"type":"Feature","properties":{"lines":"5A","arr":["5A"],"mode":"bus","angle":-22.4,"l0":"5A","c0":"#19a9a8"},"geometry":{"type":"Point","coordinates":[19.851984,41.334114]}},{"type":"Feature","properties":{"lines":"5A","arr":["5A"],"mode":"bus","angle":-27.6,"mi":1,"l0":"5A","c0":"#19a9a8"},"geometry":{"type":"Point","coordinates":[19.847069,41.332888]}},{"type":"Feature","properties":{"lines":"5A, 10A","arr":["5A","10A"],"mode":"bus","angle":-39.1,"l0":"5A, ","c0":"#19a9a8","l1":"10A","c1":"#f57145"},"geometry":{"type":"Point","coordinates":[19.844692,41.331575]}},{"type":"Feature","properties":{"lines":"5A","arr":["5A"],"mode":"bus","angle":-37.2,"mi":2,"l0":"5A","c0":"#19a9a8"},"geometry":{"type":"Point","coordinates":[19.843849,41.331072]}},{"type":"Feature","properties":{"lines":"5A","arr":["5A"],"mode":"bus","angle":-50.4,"mi":4,"l0":"5A","c0":"#19a9a8"},"geometry":{"type":"Point","coordinates":[19.83686,41.328507]}},{"type":"Feature","properties":{"lines":"5A","arr":["5A"],"mode":"bus","angle":20.6,"extra":1,"ei":0,"l0":"5A","c0":"#19a9a8"},"geometry":{"type":"Point","coordinates":[19.842098,41.3305]}},{"type":"Feature","properties":{"lines":"5A","arr":["5A"],"mode":"bus","angle":-18,"extra":1,"ei":1,"l0":"5A","c0":"#19a9a8"},"geometry":{"type":"Point","coordinates":[19.839896,41.330632]}},{"type":"Feature","properties":{"lines":"5A","arr":["5A"],"mode":"bus","angle":-77,"extra":1,"ei":2,"l0":"5A","c0":"#19a9a8"},"geometry":{"type":"Point","coordinates":[19.83783,41.329822]}},{"type":"Feature","properties":{"lines":"5A","arr":["5A"],"mode":"bus","angle":-4.3,"extra":1,"ei":3,"l0":"5A","c0":"#19a9a8"},"geometry":{"type":"Point","coordinates":[19.834369,41.327464]}},{"type":"Feature","properties":{"lines":"5A","arr":["5A"],"mode":"bus","angle":4.1,"extra":1,"ei":4,"l0":"5A","c0":"#19a9a8"},"geometry":{"type":"Point","coordinates":[19.831929,41.327743]}},{"type":"Feature","properties":{"lines":"5A","arr":["5A"],"mode":"bus","angle":-0.1,"extra":1,"ei":5,"l0":"5A","c0":"#19a9a8"},"geometry":{"type":"Point","coordinates":[19.829414,41.327742]}},{"type":"Feature","properties":{"lines":"5A, 10A, 10C, 16B","arr":["5A","10A","10C","16B"],"mode":"bus","angle":-29.4,"l0":"5A, ","c0":"#19a9a8","l1":"10A, ","c1":"#f57145","l2":"10C, ","c2":"#ab0377","l3":"16B","c3":"#999f01"},"geometry":{"type":"Point","coordinates":[19.831732,41.329066]}},{"type":"Feature","properties":{"lines":"5A, 10A, 10C, 16B","arr":["5A","10A","10C","16B"],"mode":"bus","angle":-49,"mi":1,"l0":"5A, ","c0":"#19a9a8","l1":"10A, ","c1":"#f57145","l2":"10C, ","c2":"#ab0377","l3":"16B","c3":"#999f01"},"geometry":{"type":"Point","coordinates":[19.827376,41.326753]}},{"type":"Feature","properties":{"lines":"5A, 10A, 10C, 16B","arr":["5A","10A","10C","16B"],"mode":"bus","angle":-29.9,"extra":1,"ei":0,"l0":"5A, ","c0":"#19a9a8","l1":"10A, ","c1":"#f57145","l2":"10C, ","c2":"#ab0377","l3":"16B","c3":"#999f01"},"geometry":{"type":"Point","coordinates":[19.830083,41.328356]}},{"type":"Feature","properties":{"lines":"5A, 10A, 10C, 16B","arr":["5A","10A","10C","16B"],"mode":"bus","angle":-30,"extra":1,"ei":1,"l0":"5A, ","c0":"#19a9a8","l1":"10A, ","c1":"#f57145","l2":"10C, ","c2":"#ab0377","l3":"16B","c3":"#999f01"},"geometry":{"type":"Point","coordinates":[19.834456,41.330221]}},{"type":"Feature","properties":{"lines":"5A, 16B","arr":["5A","16B"],"mode":"bus","angle":81.5,"l0":"5A, ","c0":"#19a9a8","l1":"16B","c1":"#999f01"},"geometry":{"type":"Point","coordinates":[19.834436,41.33046]}},{"type":"Feature","properties":{"lines":"5A, 10A, 10C, 16A","arr":["5A","10A","10C","16A"],"mode":"bus","angle":-29.4,"l0":"5A, ","c0":"#19a9a8","l1":"10A, ","c1":"#f57145","l2":"10C, ","c2":"#ab0377","l3":"16A","c3":"#999f01"},"geometry":{"type":"Point","coordinates":[19.829279,41.328492]}},{"type":"Feature","properties":{"lines":"5A, 10A, 10C, 16A","arr":["5A","10A","10C","16A"],"mode":"bus","angle":-30.2,"extra":1,"ei":0,"l0":"5A, ","c0":"#19a9a8","l1":"10A, ","c1":"#f57145","l2":"10C, ","c2":"#ab0377","l3":"16A","c3":"#999f01"},"geometry":{"type":"Point","coordinates":[19.833217,41.330183]}},{"type":"Feature","properties":{"lines":"5A, 10A, 10C, 16A","arr":["5A","10A","10C","16A"],"mode":"bus","angle":-29.8,"extra":1,"ei":1,"l0":"5A, ","c0":"#19a9a8","l1":"10A, ","c1":"#f57145","l2":"10C, ","c2":"#ab0377","l3":"16A","c3":"#999f01"},"geometry":{"type":"Point","coordinates":[19.831035,41.329244]}},{"type":"Feature","properties":{"lines":"5A, 10A, 10C, 16A","arr":["5A","10A","10C","16A"],"mode":"bus","angle":-48.9,"extra":1,"ei":2,"l0":"5A, ","c0":"#19a9a8","l1":"10A, ","c1":"#f57145","l2":"10C, ","c2":"#ab0377","l3":"16A","c3":"#999f01"},"geometry":{"type":"Point","coordinates":[19.826998,41.32706]}},{"type":"Feature","properties":{"lines":"5A, 10A, 10C, 16A","arr":["5A","10A","10C","16A"],"mode":"bus","angle":-45.9,"side":-1,"extra":1,"ei":3,"l0":"5A, ","c0":"#19a9a8","l1":"10A, ","c1":"#f57145","l2":"10C, ","c2":"#ab0377","l3":"16A","c3":"#999f01"},"geometry":{"type":"Point","coordinates":[19.825301,41.325667]}},{"type":"Feature","properties":{"lines":"5A, 8A, 8B, 8C, 9A, 9B, 10A, 10B, 10C","arr":["5A","8A","8B","8C","9A","9B","10A","10B","10C"],"mode":"bus","angle":36.4,"l0":"5A, ","c0":"#19a9a8","l1":"8A, ","c1":"#446303","l2":"8B, ","c2":"#095d97","l3":"8C, ","c3":"#9789ff","l4":"9A, ","c4":"#02af5a","l5":"9B, ","c5":"#a72d06","l6":"10A, ","c6":"#f57145","l7":"10B, ","c7":"#ff5e9b","l8":"10C","c8":"#ab0377"},"geometry":{"type":"Point","coordinates":[19.824412,41.326839]}},{"type":"Feature","properties":{"lines":"5A, 8A, 8B, 8C, 9A, 9B, 10A, 10B, 10C","arr":["5A","8A","8B","8C","9A","9B","10A","10B","10C"],"mode":"bus","angle":29.2,"extra":1,"ei":0,"l0":"5A, ","c0":"#19a9a8","l1":"8A, ","c1":"#446303","l2":"8B, ","c2":"#095d97","l3":"8C, ","c3":"#9789ff","l4":"9A, ","c4":"#02af5a","l5":"9B, ","c5":"#a72d06","l6":"10A, ","c6":"#f57145","l7":"10B, ","c7":"#ff5e9b","l8":"10C","c8":"#ab0377"},"geometry":{"type":"Point","coordinates":[19.822802,41.327475]}},{"type":"Feature","properties":{"lines":"5A, 13A","arr":["5A","13A"],"mode":"bus","angle":78.5,"side":-1,"l0":"5A, ","c0":"#19a9a8","l1":"13A","c1":"#05617d"},"geometry":{"type":"Point","coordinates":[19.819332,41.324745]}},{"type":"Feature","properties":{"lines":"5A, 16B","arr":["5A","16B"],"mode":"bus","angle":-13.6,"l0":"5A, ","c0":"#19a9a8","l1":"16B","c1":"#999f01"},"geometry":{"type":"Point","coordinates":[19.822522,41.324021]}},{"type":"Feature","properties":{"lines":"5A, 16B","arr":["5A","16B"],"mode":"bus","angle":-11.9,"extra":1,"ei":0,"l0":"5A, ","c0":"#19a9a8","l1":"16B","c1":"#999f01"},"geometry":{"type":"Point","coordinates":[19.820887,41.323756]}},{"type":"Feature","properties":{"lines":"5A, 10A, 10B, 10C, 16B","arr":["5A","10A","10B","10C","16B"],"mode":"bus","angle":-47.7,"l0":"5A, ","c0":"#19a9a8","l1":"10A, ","c1":"#f57145","l2":"10B, ","c2":"#ff5e9b","l3":"10C, ","c3":"#ab0377","l4":"16B","c4":"#999f01"},"geometry":{"type":"Point","coordinates":[19.825673,41.325316]}},{"type":"Feature","properties":{"lines":"5B","arr":["5B"],"mode":"bus","angle":60.4,"mi":5,"l0":"5B","c0":"#b11526"},"geometry":{"type":"Point","coordinates":[19.774087,41.347098]}},{"type":"Feature","properties":{"lines":"5B","arr":["5B"],"mode":"bus","angle":66,"side":-1,"mi":4,"l0":"5B","c0":"#b11526"},"geometry":{"type":"Point","coordinates":[19.77224,41.359606]}},{"type":"Feature","properties":{"lines":"5B","arr":["5B"],"mode":"bus","angle":60.6,"side":-1,"extra":1,"ei":0,"l0":"5B","c0":"#b11526"},"geometry":{"type":"Point","coordinates":[19.771709,41.350131]}},{"type":"Feature","properties":{"lines":"5B","arr":["5B"],"mode":"bus","angle":60.8,"side":-1,"extra":1,"ei":1,"l0":"5B","c0":"#b11526"},"geometry":{"type":"Point","coordinates":[19.77294,41.348484]}},{"type":"Feature","properties":{"lines":"5B","arr":["5B"],"mode":"bus","angle":60.9,"side":-1,"extra":1,"ei":2,"l0":"5B","c0":"#b11526"},"geometry":{"type":"Point","coordinates":[19.775391,41.345186]}},{"type":"Feature","properties":{"lines":"5B","arr":["5B"],"mode":"bus","angle":60.4,"extra":1,"ei":0,"l0":"5B","c0":"#b11526"},"geometry":{"type":"Point","coordinates":[19.776397,41.344011]}},{"type":"Feature","properties":{"lines":"5B","arr":["5B"],"mode":"bus","angle":-39.6,"l0":"5B","c0":"#b11526"},"geometry":{"type":"Point","coordinates":[19.772503,41.353619]}},{"type":"Feature","properties":{"lines":"5B","arr":["5B"],"mode":"bus","angle":62.2,"mi":3,"l0":"5B","c0":"#b11526"},"geometry":{"type":"Point","coordinates":[19.772455,41.359461]}},{"type":"Feature","properties":{"lines":"5B","arr":["5B"],"mode":"bus","angle":62.3,"side":-1,"mi":2,"l0":"5B","c0":"#b11526"},"geometry":{"type":"Point","coordinates":[19.770766,41.351384]}},{"type":"Feature","properties":{"lines":"5B","arr":["5B"],"mode":"bus","angle":-38.8,"extra":1,"ei":0,"l0":"5B","c0":"#b11526"},"geometry":{"type":"Point","coordinates":[19.77378,41.354392]}},{"type":"Feature","properties":{"lines":"5B","arr":["5B"],"mode":"bus","angle":88.1,"extra":1,"ei":0,"l0":"5B","c0":"#b11526"},"geometry":{"type":"Point","coordinates":[19.772114,41.360757]}},{"type":"Feature","properties":{"lines":"5B","arr":["5B"],"mode":"bus","angle":76.2,"mi":1,"l0":"5B","c0":"#b11526"},"geometry":{"type":"Point","coordinates":[19.774198,41.356702]}},{"type":"Feature","properties":{"lines":"5B","arr":["5B"],"mode":"bus","angle":76.6,"side":-1,"extra":1,"ei":0,"l0":"5B","c0":"#b11526"},"geometry":{"type":"Point","coordinates":[19.774477,41.355395]}},{"type":"Feature","properties":{"lines":"5B","arr":["5B"],"mode":"bus","angle":61.7,"extra":1,"ei":0,"l0":"5B","c0":"#b11526"},"geometry":{"type":"Point","coordinates":[19.773668,41.357883]}},{"type":"Feature","properties":{"lines":"5B, 13B","arr":["5B","13B"],"mode":"bus","angle":7.2,"l0":"5B, ","c0":"#b11526","l1":"13B","c1":"#e16cd6"},"geometry":{"type":"Point","coordinates":[19.80383,41.333434]}},{"type":"Feature","properties":{"lines":"5B, 6","arr":["5B","6"],"mode":"bus","angle":-51.5,"side":-1,"l0":"5B, ","c0":"#b11526","l1":"6","c1":"#7b3aa8"},"geometry":{"type":"Point","coordinates":[19.770926,41.352168]}},{"type":"Feature","properties":{"lines":"5B, 6","arr":["5B","6"],"mode":"bus","angle":65.1,"mi":1,"l0":"5B, ","c0":"#b11526","l1":"6","c1":"#7b3aa8"},"geometry":{"type":"Point","coordinates":[19.77078,41.351525]}},{"type":"Feature","properties":{"lines":"6","arr":["6"],"mode":"bus","angle":-75.2,"l0":"6","c0":"#7b3aa8"},"geometry":{"type":"Point","coordinates":[19.757573,41.365569]}},{"type":"Feature","properties":{"lines":"6","arr":["6"],"mode":"bus","angle":30.4,"mi":1,"l0":"6","c0":"#7b3aa8"},"geometry":{"type":"Point","coordinates":[19.762327,41.358111]}},{"type":"Feature","properties":{"lines":"6","arr":["6"],"mode":"bus","angle":76.4,"extra":1,"ei":0,"l0":"6","c0":"#7b3aa8"},"geometry":{"type":"Point","coordinates":[19.757378,41.364406]}},{"type":"Feature","properties":{"lines":"6","arr":["6"],"mode":"bus","angle":34.6,"extra":1,"ei":1,"l0":"6","c0":"#7b3aa8"},"geometry":{"type":"Point","coordinates":[19.758338,41.362686]}},{"type":"Feature","properties":{"lines":"6","arr":["6"],"mode":"bus","angle":62.7,"extra":1,"ei":2,"l0":"6","c0":"#7b3aa8"},"geometry":{"type":"Point","coordinates":[19.760117,41.361564]}},{"type":"Feature","properties":{"lines":"6","arr":["6"],"mode":"bus","angle":69.3,"extra":1,"ei":3,"l0":"6","c0":"#7b3aa8"},"geometry":{"type":"Point","coordinates":[19.761294,41.359912]}},{"type":"Feature","properties":{"lines":"6","arr":["6"],"mode":"bus","angle":29.4,"extra":1,"ei":4,"l0":"6","c0":"#7b3aa8"},"geometry":{"type":"Point","coordinates":[19.763943,41.357148]}},{"type":"Feature","properties":{"lines":"6","arr":["6"],"mode":"bus","angle":43.4,"extra":1,"ei":5,"l0":"6","c0":"#7b3aa8"},"geometry":{"type":"Point","coordinates":[19.765594,41.355734]}},{"type":"Feature","properties":{"lines":"6","arr":["6"],"mode":"bus","angle":42.1,"extra":1,"ei":6,"l0":"6","c0":"#7b3aa8"},"geometry":{"type":"Point","coordinates":[19.767826,41.354953]}},{"type":"Feature","properties":{"lines":"6","arr":["6"],"mode":"bus","angle":57.6,"extra":1,"ei":7,"l0":"6","c0":"#7b3aa8"},"geometry":{"type":"Point","coordinates":[19.769309,41.353434]}},{"type":"Feature","properties":{"lines":"6","arr":["6"],"mode":"bus","angle":-62.8,"mi":5,"l0":"6","c0":"#7b3aa8"},"geometry":{"type":"Point","coordinates":[19.786806,41.340215]}},{"type":"Feature","properties":{"lines":"6","arr":["6"],"mode":"bus","angle":-83.7,"mi":3,"l0":"6","c0":"#7b3aa8"},"geometry":{"type":"Point","coordinates":[19.788,41.346389]}},{"type":"Feature","properties":{"lines":"6","arr":["6"],"mode":"bus","angle":-49.6,"extra":1,"ei":0,"l0":"6","c0":"#7b3aa8"},"geometry":{"type":"Point","coordinates":[19.788957,41.348202]}},{"type":"Feature","properties":{"lines":"6","arr":["6"],"mode":"bus","angle":78.7,"extra":1,"ei":1,"l0":"6","c0":"#7b3aa8"},"geometry":{"type":"Point","coordinates":[19.788223,41.344597]}},{"type":"Feature","properties":{"lines":"6","arr":["6"],"mode":"bus","angle":36.1,"mi":12,"l0":"6","c0":"#7b3aa8"},"geometry":{"type":"Point","coordinates":[19.771907,41.351977]}},{"type":"Feature","properties":{"lines":"6","arr":["6"],"mode":"bus","angle":81.7,"mi":10,"l0":"6","c0":"#7b3aa8"},"geometry":{"type":"Point","coordinates":[19.772567,41.351351]}},{"type":"Feature","properties":{"lines":"6","arr":["6"],"mode":"bus","angle":34.8,"mi":9,"l0":"6","c0":"#7b3aa8"},"geometry":{"type":"Point","coordinates":[19.778226,41.350069]}},{"type":"Feature","properties":{"lines":"6","arr":["6"],"mode":"bus","angle":22.1,"extra":1,"ei":0,"l0":"6","c0":"#7b3aa8"},"geometry":{"type":"Point","coordinates":[19.782427,41.346744]}},{"type":"Feature","properties":{"lines":"6","arr":["6"],"mode":"bus","angle":44.2,"extra":1,"ei":1,"l0":"6","c0":"#7b3aa8"},"geometry":{"type":"Point","coordinates":[19.780496,41.347929]}},{"type":"Feature","properties":{"lines":"6","arr":["6"],"mode":"bus","angle":14.1,"extra":1,"ei":2,"l0":"6","c0":"#7b3aa8"},"geometry":{"type":"Point","coordinates":[19.77469,41.351237]}},{"type":"Feature","properties":{"lines":"6","arr":["6"],"mode":"bus","angle":-14.9,"extra":1,"ei":3,"l0":"6","c0":"#7b3aa8"},"geometry":{"type":"Point","coordinates":[19.772223,41.351042]}},{"type":"Feature","properties":{"lines":"6","arr":["6"],"mode":"bus","angle":78.1,"l0":"6","c0":"#7b3aa8"},"geometry":{"type":"Point","coordinates":[19.788799,41.344619]}},{"type":"Feature","properties":{"lines":"6","arr":["6"],"mode":"bus","angle":-6.6,"mi":1,"l0":"6","c0":"#7b3aa8"},"geometry":{"type":"Point","coordinates":[19.786071,41.345416]}},{"type":"Feature","properties":{"lines":"6","arr":["6"],"mode":"bus","angle":-72.1,"mi":2,"l0":"6","c0":"#7b3aa8"},"geometry":{"type":"Point","coordinates":[19.788353,41.342492]}},{"type":"Feature","properties":{"lines":"6","arr":["6"],"mode":"bus","angle":-58.9,"mi":4,"l0":"6","c0":"#7b3aa8"},"geometry":{"type":"Point","coordinates":[19.787579,41.340361]}},{"type":"Feature","properties":{"lines":"6","arr":["6"],"mode":"bus","angle":79.8,"extra":1,"ei":0,"l0":"6","c0":"#7b3aa8"},"geometry":{"type":"Point","coordinates":[19.783863,41.345707]}},{"type":"Feature","properties":{"lines":"6","arr":["6"],"mode":"bus","angle":-53.7,"extra":1,"ei":0,"l0":"6","c0":"#7b3aa8"},"geometry":{"type":"Point","coordinates":[19.789166,41.34752]}},{"type":"Feature","properties":{"lines":"6","arr":["6"],"mode":"bus","angle":37.4,"mi":6,"l0":"6","c0":"#7b3aa8"},"geometry":{"type":"Point","coordinates":[19.790666,41.339609]}},{"type":"Feature","properties":{"lines":"6","arr":["6"],"mode":"bus","angle":36.7,"extra":1,"ei":0,"l0":"6","c0":"#7b3aa8"},"geometry":{"type":"Point","coordinates":[19.792265,41.338702]}},{"type":"Feature","properties":{"lines":"6","arr":["6"],"mode":"bus","angle":59.3,"extra":1,"ei":1,"l0":"6","c0":"#7b3aa8"},"geometry":{"type":"Point","coordinates":[19.788351,41.341055]}},{"type":"Feature","properties":{"lines":"6","arr":["6"],"mode":"bus","angle":-68.8,"mi":7,"l0":"6","c0":"#7b3aa8"},"geometry":{"type":"Point","coordinates":[19.794359,41.33994]}},{"type":"Feature","properties":{"lines":"6","arr":["6"],"mode":"bus","angle":-16.5,"mi":8,"l0":"6","c0":"#7b3aa8"},"geometry":{"type":"Point","coordinates":[19.797656,41.342085]}},{"type":"Feature","properties":{"lines":"6","arr":["6"],"mode":"bus","angle":-3.7,"extra":1,"ei":0,"l0":"6","c0":"#7b3aa8"},"geometry":{"type":"Point","coordinates":[19.796062,41.341641]}},{"type":"Feature","properties":{"lines":"6","arr":["6"],"mode":"bus","angle":64,"mi":11,"l0":"6","c0":"#7b3aa8"},"geometry":{"type":"Point","coordinates":[19.803363,41.338453]}},{"type":"Feature","properties":{"lines":"6","arr":["6"],"mode":"bus","angle":63.8,"extra":1,"ei":0,"l0":"6","c0":"#7b3aa8"},"geometry":{"type":"Point","coordinates":[19.801153,41.341799]}},{"type":"Feature","properties":{"lines":"6","arr":["6"],"mode":"bus","angle":63,"extra":1,"ei":1,"l0":"6","c0":"#7b3aa8"},"geometry":{"type":"Point","coordinates":[19.802271,41.340108]}},{"type":"Feature","properties":{"lines":"6","arr":["6"],"mode":"bus","angle":64.3,"extra":1,"ei":2,"l0":"6","c0":"#7b3aa8"},"geometry":{"type":"Point","coordinates":[19.804479,41.336715]}},{"type":"Feature","properties":{"lines":"6","arr":["6"],"mode":"bus","angle":63.7,"extra":1,"ei":3,"l0":"6","c0":"#7b3aa8"},"geometry":{"type":"Point","coordinates":[19.805585,41.335019]}},{"type":"Feature","properties":{"lines":"6, 13A, 16A","arr":["6","13A","16A"],"mode":"bus","angle":-12.5,"side":-1,"l0":"6, ","c0":"#7b3aa8","l1":"13A, ","c1":"#05617d","l2":"16A","c2":"#999f01"},"geometry":{"type":"Point","coordinates":[19.809268,41.334757]}},{"type":"Feature","properties":{"lines":"6, 13A, 16A","arr":["6","13A","16A"],"mode":"bus","angle":-12.4,"side":-1,"extra":1,"ei":0,"l0":"6, ","c0":"#7b3aa8","l1":"13A, ","c1":"#05617d","l2":"16A","c2":"#999f01"},"geometry":{"type":"Point","coordinates":[19.807328,41.334441]}},{"type":"Feature","properties":{"lines":"6, 13A, 16A","arr":["6","13A","16A"],"mode":"bus","angle":-12.5,"side":-1,"extra":1,"ei":1,"l0":"6, ","c0":"#7b3aa8","l1":"13A, ","c1":"#05617d","l2":"16A","c2":"#999f01"},"geometry":{"type":"Point","coordinates":[19.812241,41.335248]}},{"type":"Feature","properties":{"lines":"6, 9A, 9B, 13A, 16A","arr":["6","9A","9B","13A","16A"],"mode":"bus","angle":-12,"side":-1,"l0":"6, ","c0":"#7b3aa8","l1":"9A, ","c1":"#02af5a","l2":"9B, ","c2":"#a72d06","l3":"13A, ","c3":"#05617d","l4":"16A","c4":"#999f01"},"geometry":{"type":"Point","coordinates":[19.8141,41.335554]}},{"type":"Feature","properties":{"lines":"6, 16A","arr":["6","16A"],"mode":"bus","angle":-11.4,"side":-1,"l0":"6, ","c0":"#7b3aa8","l1":"16A","c1":"#999f01"},"geometry":{"type":"Point","coordinates":[19.816077,41.335863]}},{"type":"Feature","properties":{"lines":"8A, 8B, 8C, 9A, 9B, 10A, 10B, 10C","arr":["8A","8B","8C","9A","9B","10A","10B","10C"],"mode":"bus","angle":69.1,"side":-1,"mi":1,"l0":"8A, ","c0":"#446303","l1":"8B, ","c1":"#095d97","l2":"8C, ","c2":"#9789ff","l3":"9A, ","c3":"#02af5a","l4":"9B, ","c4":"#a72d06","l5":"10A, ","c5":"#f57145","l6":"10B, ","c6":"#ff5e9b","l7":"10C","c7":"#ab0377"},"geometry":{"type":"Point","coordinates":[19.824688,41.326402]}},{"type":"Feature","properties":{"lines":"8A, 8B, 8C, 9A, 9B, 10A, 10B, 10C","arr":["8A","8B","8C","9A","9B","10A","10B","10C"],"mode":"bus","angle":76.4,"side":-1,"l0":"8A, ","c0":"#446303","l1":"8B, ","c1":"#095d97","l2":"8C, ","c2":"#9789ff","l3":"9A, ","c3":"#02af5a","l4":"9B, ","c4":"#a72d06","l5":"10A, ","c5":"#f57145","l6":"10B, ","c6":"#ff5e9b","l7":"10C","c7":"#ab0377"},"geometry":{"type":"Point","coordinates":[19.825096,41.325182]}},{"type":"Feature","properties":{"lines":"8A, 8B, 8C, 9A, 9B","arr":["8A","8B","8C","9A","9B"],"mode":"bus","angle":66.3,"side":-1,"l0":"8A, ","c0":"#446303","l1":"8B, ","c1":"#095d97","l2":"8C, ","c2":"#9789ff","l3":"9A, ","c3":"#02af5a","l4":"9B","c4":"#a72d06"},"geometry":{"type":"Point","coordinates":[19.826026,41.320736]}},{"type":"Feature","properties":{"lines":"8A, 8B, 8C, 9A, 9B","arr":["8A","8B","8C","9A","9B"],"mode":"bus","angle":-78.2,"extra":1,"ei":0,"l0":"8A, ","c0":"#446303","l1":"8B, ","c1":"#095d97","l2":"8C, ","c2":"#9789ff","l3":"9A, ","c3":"#02af5a","l4":"9B","c4":"#a72d06"},"geometry":{"type":"Point","coordinates":[19.824863,41.324009]}},{"type":"Feature","properties":{"lines":"8A, 8B, 8C, 9A, 9B","arr":["8A","8B","8C","9A","9B"],"mode":"bus","angle":67,"side":-1,"extra":1,"ei":1,"l0":"8A, ","c0":"#446303","l1":"8B, ","c1":"#095d97","l2":"8C, ","c2":"#9789ff","l3":"9A, ","c3":"#02af5a","l4":"9B","c4":"#a72d06"},"geometry":{"type":"Point","coordinates":[19.825188,41.322182]}},{"type":"Feature","properties":{"lines":"8A, 8B, 8C, 9A, 9B","arr":["8A","8B","8C","9A","9B"],"mode":"bus","angle":22.6,"side":-1,"extra":1,"ei":2,"l0":"8A, ","c0":"#446303","l1":"8B, ","c1":"#095d97","l2":"8C, ","c2":"#9789ff","l3":"9A, ","c3":"#02af5a","l4":"9B","c4":"#a72d06"},"geometry":{"type":"Point","coordinates":[19.827813,41.31913]}},{"type":"Feature","properties":{"lines":"8A, 8B, 8C, 9A, 9B","arr":["8A","8B","8C","9A","9B"],"mode":"bus","angle":25.7,"side":-1,"extra":1,"ei":3,"l0":"8A, ","c0":"#446303","l1":"8B, ","c1":"#095d97","l2":"8C, ","c2":"#9789ff","l3":"9A, ","c3":"#02af5a","l4":"9B","c4":"#a72d06"},"geometry":{"type":"Point","coordinates":[19.830088,41.318337]}},{"type":"Feature","properties":{"lines":"8A, 8B, 8C, 9B","arr":["8A","8B","8C","9B"],"mode":"bus","angle":26.1,"l0":"8A, ","c0":"#446303","l1":"8B, ","c1":"#095d97","l2":"8C, ","c2":"#9789ff","l3":"9B","c3":"#a72d06"},"geometry":{"type":"Point","coordinates":[19.832128,41.317738]}},{"type":"Feature","properties":{"lines":"8A, 8B, 8C","arr":["8A","8B","8C"],"mode":"bus","angle":62.1,"side":-1,"l0":"8A, ","c0":"#446303","l1":"8B, ","c1":"#095d97","l2":"8C","c2":"#9789ff"},"geometry":{"type":"Point","coordinates":[19.835675,41.311722]}},{"type":"Feature","properties":{"lines":"8A, 8B, 8C","arr":["8A","8B","8C"],"mode":"bus","angle":66.3,"side":-1,"extra":1,"ei":0,"l0":"8A, ","c0":"#446303","l1":"8B, ","c1":"#095d97","l2":"8C","c2":"#9789ff"},"geometry":{"type":"Point","coordinates":[19.833317,41.316297]}},{"type":"Feature","properties":{"lines":"8A, 8B, 8C","arr":["8A","8B","8C"],"mode":"bus","angle":68.2,"side":-1,"extra":1,"ei":1,"l0":"8A, ","c0":"#446303","l1":"8B, ","c1":"#095d97","l2":"8C","c2":"#9789ff"},"geometry":{"type":"Point","coordinates":[19.834332,41.31457]}},{"type":"Feature","properties":{"lines":"8A, 8B, 8C","arr":["8A","8B","8C"],"mode":"bus","angle":61.3,"side":-1,"extra":1,"ei":2,"l0":"8A, ","c0":"#446303","l1":"8B, ","c1":"#095d97","l2":"8C","c2":"#9789ff"},"geometry":{"type":"Point","coordinates":[19.834909,41.312778]}},{"type":"Feature","properties":{"lines":"8A, 8B, 8C","arr":["8A","8B","8C"],"mode":"bus","angle":73.1,"side":-1,"extra":1,"ei":3,"l0":"8A, ","c0":"#446303","l1":"8B, ","c1":"#095d97","l2":"8C","c2":"#9789ff"},"geometry":{"type":"Point","coordinates":[19.836889,41.309326]}},{"type":"Feature","properties":{"lines":"8A, 8B, 8C","arr":["8A","8B","8C"],"mode":"bus","angle":36.3,"side":-1,"extra":1,"ei":4,"l0":"8A, ","c0":"#446303","l1":"8B, ","c1":"#095d97","l2":"8C","c2":"#9789ff"},"geometry":{"type":"Point","coordinates":[19.838081,41.307708]}},{"type":"Feature","properties":{"lines":"8A","arr":["8A"],"mode":"bus","angle":74.9,"l0":"8A","c0":"#446303"},"geometry":{"type":"Point","coordinates":[19.851366,41.297708]}},{"type":"Feature","properties":{"lines":"8A","arr":["8A"],"mode":"bus","angle":-89.6,"extra":1,"ei":0,"l0":"8A","c0":"#446303"},"geometry":{"type":"Point","coordinates":[19.856223,41.286295]}},{"type":"Feature","properties":{"lines":"8A","arr":["8A"],"mode":"bus","angle":64.5,"extra":1,"ei":1,"l0":"8A","c0":"#446303"},"geometry":{"type":"Point","coordinates":[19.856031,41.288123]}},{"type":"Feature","properties":{"lines":"8A","arr":["8A"],"mode":"bus","angle":66.2,"extra":1,"ei":2,"l0":"8A","c0":"#446303"},"geometry":{"type":"Point","coordinates":[19.854994,41.289843]}},{"type":"Feature","properties":{"lines":"8A","arr":["8A"],"mode":"bus","angle":62.2,"extra":1,"ei":3,"l0":"8A","c0":"#446303"},"geometry":{"type":"Point","coordinates":[19.853914,41.291548]}},{"type":"Feature","properties":{"lines":"8A","arr":["8A"],"mode":"bus","angle":75,"extra":1,"ei":4,"l0":"8A","c0":"#446303"},"geometry":{"type":"Point","coordinates":[19.852969,41.293289]}},{"type":"Feature","properties":{"lines":"8A","arr":["8A"],"mode":"bus","angle":74.2,"extra":1,"ei":5,"l0":"8A","c0":"#446303"},"geometry":{"type":"Point","coordinates":[19.852331,41.295115]}},{"type":"Feature","properties":{"lines":"8A","arr":["8A"],"mode":"bus","angle":45.5,"extra":1,"ei":6,"l0":"8A","c0":"#446303"},"geometry":{"type":"Point","coordinates":[19.849317,41.300155]}},{"type":"Feature","properties":{"lines":"8A","arr":["8A"],"mode":"bus","angle":32.5,"extra":1,"ei":7,"l0":"8A","c0":"#446303"},"geometry":{"type":"Point","coordinates":[19.847249,41.301209]}},{"type":"Feature","properties":{"lines":"8A","arr":["8A"],"mode":"bus","angle":60.1,"extra":1,"ei":8,"l0":"8A","c0":"#446303"},"geometry":{"type":"Point","coordinates":[19.845847,41.302749]}},{"type":"Feature","properties":{"lines":"8A","arr":["8A"],"mode":"bus","angle":62.5,"extra":1,"ei":9,"l0":"8A","c0":"#446303"},"geometry":{"type":"Point","coordinates":[19.844649,41.304409]}},{"type":"Feature","properties":{"lines":"8A","arr":["8A"],"mode":"bus","angle":41.9,"extra":1,"ei":10,"l0":"8A","c0":"#446303"},"geometry":{"type":"Point","coordinates":[19.842876,41.305679]}},{"type":"Feature","properties":{"lines":"8A","arr":["8A"],"mode":"bus","angle":43.3,"extra":1,"ei":11,"l0":"8A","c0":"#446303"},"geometry":{"type":"Point","coordinates":[19.84103,41.306961]}},{"type":"Feature","properties":{"lines":"8A","arr":["8A"],"mode":"bus","angle":10.2,"mi":1,"l0":"8A","c0":"#446303"},"geometry":{"type":"Point","coordinates":[19.857954,41.284803]}},{"type":"Feature","properties":{"lines":"8A","arr":["8A"],"mode":"bus","angle":43.9,"l0":"8A","c0":"#446303"},"geometry":{"type":"Point","coordinates":[19.855488,41.283625]}},{"type":"Feature","properties":{"lines":"8A, 8B, 8C, 9A, 9B, 10B","arr":["8A","8B","8C","9A","9B","10B"],"mode":"bus","angle":-81.2,"side":-1,"l0":"8A, ","c0":"#446303","l1":"8B, ","c1":"#095d97","l2":"8C, ","c2":"#9789ff","l3":"9A, ","c3":"#02af5a","l4":"9B, ","c4":"#a72d06","l5":"10B","c5":"#ff5e9b"},"geometry":{"type":"Point","coordinates":[19.825253,41.324778]}},{"type":"Feature","properties":{"lines":"8A, 8B, 8C, 9A, 9B, 10B","arr":["8A","8B","8C","9A","9B","10B"],"mode":"bus","angle":76.9,"mi":1,"l0":"8A, ","c0":"#446303","l1":"8B, ","c1":"#095d97","l2":"8C, ","c2":"#9789ff","l3":"9A, ","c3":"#02af5a","l4":"9B, ","c4":"#a72d06","l5":"10B","c5":"#ff5e9b"},"geometry":{"type":"Point","coordinates":[19.825194,41.325256]}},{"type":"Feature","properties":{"lines":"8B","arr":["8B"],"mode":"bus","angle":6.3,"l0":"8B","c0":"#095d97"},"geometry":{"type":"Point","coordinates":[19.843983,41.309346]}},{"type":"Feature","properties":{"lines":"8B","arr":["8B"],"mode":"bus","angle":68.6,"extra":1,"ei":0,"l0":"8B","c0":"#095d97"},"geometry":{"type":"Point","coordinates":[19.8437,41.311794]}},{"type":"Feature","properties":{"lines":"8B","arr":["8B"],"mode":"bus","angle":-77.3,"extra":1,"ei":1,"l0":"8B","c0":"#095d97"},"geometry":{"type":"Point","coordinates":[19.841613,41.308231]}},{"type":"Feature","properties":{"lines":"8C","arr":["8C"],"mode":"bus","angle":-27.2,"side":-1,"mi":2,"l0":"8C","c0":"#9789ff"},"geometry":{"type":"Point","coordinates":[19.838004,41.305602]}},{"type":"Feature","properties":{"lines":"8C","arr":["8C"],"mode":"bus","angle":-43.8,"l0":"8C","c0":"#9789ff"},"geometry":{"type":"Point","coordinates":[19.833035,41.302229]}},{"type":"Feature","properties":{"lines":"8C","arr":["8C"],"mode":"bus","angle":-46.2,"extra":1,"ei":0,"l0":"8C","c0":"#9789ff"},"geometry":{"type":"Point","coordinates":[19.839853,41.306452]}},{"type":"Feature","properties":{"lines":"8C","arr":["8C"],"mode":"bus","angle":-70.3,"extra":1,"ei":1,"l0":"8C","c0":"#9789ff"},"geometry":{"type":"Point","coordinates":[19.836086,41.304163]}},{"type":"Feature","properties":{"lines":"8C","arr":["8C"],"mode":"bus","angle":-35.4,"extra":1,"ei":0,"l0":"8C","c0":"#9789ff"},"geometry":{"type":"Point","coordinates":[19.831616,41.301298]}},{"type":"Feature","properties":{"lines":"8C","arr":["8C"],"mode":"bus","angle":-48.2,"mi":1,"l0":"8C","c0":"#9789ff"},"geometry":{"type":"Point","coordinates":[19.830734,41.299976]}},{"type":"Feature","properties":{"lines":"9A, 10B","arr":["9A","10B"],"mode":"bus","angle":-16.7,"l0":"9A, ","c0":"#02af5a","l1":"10B","c1":"#ff5e9b"},"geometry":{"type":"Point","coordinates":[19.846651,41.321716]}},{"type":"Feature","properties":{"lines":"9A, 10B","arr":["9A","10B"],"mode":"bus","angle":-15.8,"extra":1,"ei":0,"l0":"9A, ","c0":"#02af5a","l1":"10B","c1":"#ff5e9b"},"geometry":{"type":"Point","coordinates":[19.848569,41.322183]}},{"type":"Feature","properties":{"lines":"9A, 10B","arr":["9A","10B"],"mode":"bus","angle":-23.6,"extra":1,"ei":1,"l0":"9A, ","c0":"#02af5a","l1":"10B","c1":"#ff5e9b"},"geometry":{"type":"Point","coordinates":[19.843775,41.321075]}},{"type":"Feature","properties":{"lines":"10B","arr":["10B"],"mode":"bus","angle":20.3,"l0":"10B","c0":"#ff5e9b"},"geometry":{"type":"Point","coordinates":[19.854035,41.320826]}},{"type":"Feature","properties":{"lines":"9A","arr":["9A"],"mode":"bus","angle":12.1,"mi":3,"l0":"9A","c0":"#02af5a"},"geometry":{"type":"Point","coordinates":[19.839335,41.320542]}},{"type":"Feature","properties":{"lines":"9A","arr":["9A"],"mode":"bus","angle":-23.8,"extra":1,"ei":0,"l0":"9A","c0":"#02af5a"},"geometry":{"type":"Point","coordinates":[19.842383,41.320621]}},{"type":"Feature","properties":{"lines":"9A","arr":["9A"],"mode":"bus","angle":18.6,"extra":1,"ei":1,"l0":"9A","c0":"#02af5a"},"geometry":{"type":"Point","coordinates":[19.8376,41.321094]}},{"type":"Feature","properties":{"lines":"9A","arr":["9A"],"mode":"bus","angle":-81,"l0":"9A","c0":"#02af5a"},"geometry":{"type":"Point","coordinates":[19.835429,41.320676]}},{"type":"Feature","properties":{"lines":"9A","arr":["9A"],"mode":"bus","angle":-47.8,"mi":2,"l0":"9A","c0":"#02af5a"},"geometry":{"type":"Point","coordinates":[19.831566,41.319226]}},{"type":"Feature","properties":{"lines":"9A","arr":["9A"],"mode":"bus","angle":5,"mi":1,"l0":"9A","c0":"#02af5a"},"geometry":{"type":"Point","coordinates":[19.834151,41.319909]}},{"type":"Feature","properties":{"lines":"9A, 9B, 13B, 16B","arr":["9A","9B","13B","16B"],"mode":"bus","angle":-12,"l0":"9A, ","c0":"#02af5a","l1":"9B, ","c1":"#a72d06","l2":"13B, ","c2":"#e16cd6","l3":"16B","c3":"#999f01"},"geometry":{"type":"Point","coordinates":[19.814076,41.335625]}},{"type":"Feature","properties":{"lines":"9A, 9B","arr":["9A","9B"],"mode":"bus","angle":82.6,"l0":"9A, ","c0":"#02af5a","l1":"9B","c1":"#a72d06"},"geometry":{"type":"Point","coordinates":[19.810638,41.340158]}},{"type":"Feature","properties":{"lines":"9A, 9B","arr":["9A","9B"],"mode":"bus","angle":78,"extra":1,"ei":0,"l0":"9A, ","c0":"#02af5a","l1":"9B","c1":"#a72d06"},"geometry":{"type":"Point","coordinates":[19.812141,41.336275]}},{"type":"Feature","properties":{"lines":"9A, 9B","arr":["9A","9B"],"mode":"bus","angle":67.4,"extra":1,"ei":1,"l0":"9A, ","c0":"#02af5a","l1":"9B","c1":"#a72d06"},"geometry":{"type":"Point","coordinates":[19.811492,41.338094]}},{"type":"Feature","properties":{"lines":"9A, 9B","arr":["9A","9B"],"mode":"bus","angle":56.5,"extra":1,"ei":2,"l0":"9A, ","c0":"#02af5a","l1":"9B","c1":"#a72d06"},"geometry":{"type":"Point","coordinates":[19.809639,41.341529]}},{"type":"Feature","properties":{"lines":"9A, 9B","arr":["9A","9B"],"mode":"bus","angle":73.1,"extra":1,"ei":3,"l0":"9A, ","c0":"#02af5a","l1":"9B","c1":"#a72d06"},"geometry":{"type":"Point","coordinates":[19.808897,41.343322]}},{"type":"Feature","properties":{"lines":"9A, 9B, 12A","arr":["9A","9B","12A"],"mode":"bus","angle":73.4,"mi":2,"l0":"9A, ","c0":"#02af5a","l1":"9B, ","c1":"#a72d06","l2":"12A","c2":"#ff627e"},"geometry":{"type":"Point","coordinates":[19.807712,41.345894]}},{"type":"Feature","properties":{"lines":"9A, 9B, 12A","arr":["9A","9B","12A"],"mode":"bus","angle":66.1,"l0":"9A, ","c0":"#02af5a","l1":"9B, ","c1":"#a72d06","l2":"12A","c2":"#ff627e"},"geometry":{"type":"Point","coordinates":[19.807064,41.347264]}},{"type":"Feature","properties":{"lines":"9A, 9B, 12A","arr":["9A","9B","12A"],"mode":"bus","angle":83.8,"side":-1,"mi":1,"l0":"9A, ","c0":"#02af5a","l1":"9B, ","c1":"#a72d06","l2":"12A","c2":"#ff627e"},"geometry":{"type":"Point","coordinates":[19.806597,41.34745]}},{"type":"Feature","properties":{"lines":"9A, 9B, 13A","arr":["9A","9B","13A"],"mode":"bus","angle":23.3,"side":-1,"l0":"9A, ","c0":"#02af5a","l1":"9B, ","c1":"#a72d06","l2":"13A","c2":"#05617d"},"geometry":{"type":"Point","coordinates":[19.816052,41.335764]}},{"type":"Feature","properties":{"lines":"9B, 10B","arr":["9B","10B"],"mode":"bus","angle":20.4,"l0":"9B, ","c0":"#a72d06","l1":"10B","c1":"#ff5e9b"},"geometry":{"type":"Point","coordinates":[19.851725,41.321789]}},{"type":"Feature","properties":{"lines":"9B, 10B","arr":["9B","10B"],"mode":"bus","angle":25.6,"extra":1,"ei":0,"l0":"9B, ","c0":"#a72d06","l1":"10B","c1":"#ff5e9b"},"geometry":{"type":"Point","coordinates":[19.850013,41.322351]}},{"type":"Feature","properties":{"lines":"9B","arr":["9B"],"mode":"bus","angle":-17.4,"mi":3,"l0":"9B","c0":"#a72d06"},"geometry":{"type":"Point","coordinates":[19.84347,41.317501]}},{"type":"Feature","properties":{"lines":"9B","arr":["9B"],"mode":"bus","angle":-74.9,"extra":1,"ei":0,"l0":"9B","c0":"#a72d06"},"geometry":{"type":"Point","coordinates":[19.850077,41.321381]}},{"type":"Feature","properties":{"lines":"9B","arr":["9B"],"mode":"bus","angle":-84.5,"extra":1,"ei":1,"l0":"9B","c0":"#a72d06"},"geometry":{"type":"Point","coordinates":[19.849043,41.319777]}},{"type":"Feature","properties":{"lines":"9B","arr":["9B"],"mode":"bus","angle":-20.1,"extra":1,"ei":2,"l0":"9B","c0":"#a72d06"},"geometry":{"type":"Point","coordinates":[19.847387,41.318581]}},{"type":"Feature","properties":{"lines":"9B","arr":["9B"],"mode":"bus","angle":-14.9,"extra":1,"ei":3,"l0":"9B","c0":"#a72d06"},"geometry":{"type":"Point","coordinates":[19.845234,41.31788]}},{"type":"Feature","properties":{"lines":"9B","arr":["9B"],"mode":"bus","angle":-73.2,"extra":1,"ei":4,"l0":"9B","c0":"#a72d06"},"geometry":{"type":"Point","coordinates":[19.840936,41.316734]}},{"type":"Feature","properties":{"lines":"9B","arr":["9B"],"mode":"bus","angle":22.8,"extra":1,"ei":5,"l0":"9B","c0":"#a72d06"},"geometry":{"type":"Point","coordinates":[19.838623,41.316374]}},{"type":"Feature","properties":{"lines":"9B","arr":["9B"],"mode":"bus","angle":19.6,"extra":1,"ei":6,"l0":"9B","c0":"#a72d06"},"geometry":{"type":"Point","coordinates":[19.836259,41.316659]}},{"type":"Feature","properties":{"lines":"9B","arr":["9B"],"mode":"bus","angle":-13.2,"mi":1,"l0":"9B","c0":"#a72d06"},"geometry":{"type":"Point","coordinates":[19.833274,41.316789]}},{"type":"Feature","properties":{"lines":"9B","arr":["9B"],"mode":"bus","angle":29.8,"l0":"9B","c0":"#a72d06"},"geometry":{"type":"Point","coordinates":[19.83327,41.316911]}},{"type":"Feature","properties":{"lines":"9B","arr":["9B"],"mode":"bus","angle":-61.2,"mi":2,"l0":"9B","c0":"#a72d06"},"geometry":{"type":"Point","coordinates":[19.832707,41.316949]}},{"type":"Feature","properties":{"lines":"10A","arr":["10A"],"mode":"bus","angle":42.5,"mi":2,"l0":"10A","c0":"#f57145"},"geometry":{"type":"Point","coordinates":[19.847684,41.328174]}},{"type":"Feature","properties":{"lines":"10A","arr":["10A"],"mode":"bus","angle":71.8,"extra":1,"ei":0,"l0":"10A","c0":"#f57145"},"geometry":{"type":"Point","coordinates":[19.849725,41.325322]}},{"type":"Feature","properties":{"lines":"10A","arr":["10A"],"mode":"bus","angle":65.3,"extra":1,"ei":1,"l0":"10A","c0":"#f57145"},"geometry":{"type":"Point","coordinates":[19.84914,41.327139]}},{"type":"Feature","properties":{"lines":"10A","arr":["10A"],"mode":"bus","angle":69,"extra":1,"ei":2,"l0":"10A","c0":"#f57145"},"geometry":{"type":"Point","coordinates":[19.845418,41.329394]}},{"type":"Feature","properties":{"lines":"10A","arr":["10A"],"mode":"bus","angle":57.9,"extra":1,"ei":3,"l0":"10A","c0":"#f57145"},"geometry":{"type":"Point","coordinates":[19.844628,41.331153]}},{"type":"Feature","properties":{"lines":"10A","arr":["10A"],"mode":"bus","angle":61.8,"l0":"10A","c0":"#f57145"},"geometry":{"type":"Point","coordinates":[19.844569,41.332279]}},{"type":"Feature","properties":{"lines":"10A","arr":["10A"],"mode":"bus","angle":46.8,"mi":1,"l0":"10A","c0":"#f57145"},"geometry":{"type":"Point","coordinates":[19.844051,41.332939]}},{"type":"Feature","properties":{"lines":"10A, 10C","arr":["10A","10C"],"mode":"bus","angle":-29.5,"l0":"10A, ","c0":"#f57145","l1":"10C","c1":"#ab0377"},"geometry":{"type":"Point","coordinates":[19.838846,41.332595]}},{"type":"Feature","properties":{"lines":"10A, 10C","arr":["10A","10C"],"mode":"bus","angle":7.8,"extra":1,"ei":0,"l0":"10A, ","c0":"#f57145","l1":"10C","c1":"#ab0377"},"geometry":{"type":"Point","coordinates":[19.842493,41.332999]}},{"type":"Feature","properties":{"lines":"10A, 10C","arr":["10A","10C"],"mode":"bus","angle":-29.8,"extra":1,"ei":1,"l0":"10A, ","c0":"#f57145","l1":"10C","c1":"#ab0377"},"geometry":{"type":"Point","coordinates":[19.835654,41.331234]}},{"type":"Feature","properties":{"lines":"10A, 10C","arr":["10A","10C"],"mode":"bus","angle":-29,"mi":1,"l0":"10A, ","c0":"#f57145","l1":"10C","c1":"#ab0377"},"geometry":{"type":"Point","coordinates":[19.839094,41.332196]}},{"type":"Feature","properties":{"lines":"10A, 10C","arr":["10A","10C"],"mode":"bus","angle":-29.5,"extra":1,"ei":0,"l0":"10A, ","c0":"#f57145","l1":"10C","c1":"#ab0377"},"geometry":{"type":"Point","coordinates":[19.835577,41.330695]}},{"type":"Feature","properties":{"lines":"10A, 10C","arr":["10A","10C"],"mode":"bus","angle":6.8,"extra":1,"ei":1,"l0":"10A, ","c0":"#f57145","l1":"10C","c1":"#ab0377"},"geometry":{"type":"Point","coordinates":[19.842386,41.33258]}},{"type":"Feature","properties":{"lines":"10B","arr":["10B"],"mode":"bus","angle":19.9,"mi":3,"l0":"10B","c0":"#ff5e9b"},"geometry":{"type":"Point","coordinates":[19.840217,41.321979]}},{"type":"Feature","properties":{"lines":"10B","arr":["10B"],"mode":"bus","angle":29.1,"extra":1,"ei":0,"l0":"10B","c0":"#ff5e9b"},"geometry":{"type":"Point","coordinates":[19.837962,41.322834]}},{"type":"Feature","properties":{"lines":"10B","arr":["10B"],"mode":"bus","angle":20.1,"extra":1,"ei":1,"l0":"10B","c0":"#ff5e9b"},"geometry":{"type":"Point","coordinates":[19.842615,41.321534]}},{"type":"Feature","properties":{"lines":"10B","arr":["10B"],"mode":"bus","angle":49.3,"l0":"10B","c0":"#ff5e9b"},"geometry":{"type":"Point","coordinates":[19.834832,41.32435]}},{"type":"Feature","properties":{"lines":"10B","arr":["10B"],"mode":"bus","angle":-15.7,"mi":1,"l0":"10B","c0":"#ff5e9b"},"geometry":{"type":"Point","coordinates":[19.829692,41.325583]}},{"type":"Feature","properties":{"lines":"10B","arr":["10B"],"mode":"bus","angle":3.9,"extra":1,"ei":0,"l0":"10B","c0":"#ff5e9b"},"geometry":{"type":"Point","coordinates":[19.832011,41.326068]}},{"type":"Feature","properties":{"lines":"10B","arr":["10B"],"mode":"bus","angle":7.2,"extra":1,"ei":1,"l0":"10B","c0":"#ff5e9b"},"geometry":{"type":"Point","coordinates":[19.827097,41.325374]}},{"type":"Feature","properties":{"lines":"10B","arr":["10B"],"mode":"bus","angle":-30.2,"mi":2,"l0":"10B","c0":"#ff5e9b"},"geometry":{"type":"Point","coordinates":[19.826175,41.324809]}},{"type":"Feature","properties":{"lines":"10C","arr":["10C"],"mode":"bus","angle":-7.6,"mi":1,"l0":"10C","c0":"#ab0377"},"geometry":{"type":"Point","coordinates":[19.846544,41.334195]}},{"type":"Feature","properties":{"lines":"10C","arr":["10C"],"mode":"bus","angle":-35.1,"extra":1,"ei":0,"l0":"10C","c0":"#ab0377"},"geometry":{"type":"Point","coordinates":[19.844731,41.333678]}},{"type":"Feature","properties":{"lines":"10C","arr":["10C"],"mode":"bus","angle":28.5,"extra":1,"ei":1,"l0":"10C","c0":"#ab0377"},"geometry":{"type":"Point","coordinates":[19.849564,41.334275]}},{"type":"Feature","properties":{"lines":"10C, 16A","arr":["10C","16A"],"mode":"bus","angle":72.1,"l0":"10C, ","c0":"#ab0377","l1":"16A","c1":"#999f01"},"geometry":{"type":"Point","coordinates":[19.802982,41.327032]}},{"type":"Feature","properties":{"lines":"10C","arr":["10C"],"mode":"bus","angle":6,"mi":3,"l0":"10C","c0":"#ab0377"},"geometry":{"type":"Point","coordinates":[19.801474,41.328102]}},{"type":"Feature","properties":{"lines":"10C","arr":["10C"],"mode":"bus","angle":-87.9,"mi":2,"l0":"10C","c0":"#ab0377"},"geometry":{"type":"Point","coordinates":[19.800484,41.328821]}},{"type":"Feature","properties":{"lines":"10C","arr":["10C"],"mode":"bus","angle":3.6,"mi":1,"l0":"10C","c0":"#ab0377"},"geometry":{"type":"Point","coordinates":[19.799512,41.3295]}},{"type":"Feature","properties":{"lines":"10C","arr":["10C"],"mode":"bus","angle":-43.7,"l0":"10C","c0":"#ab0377"},"geometry":{"type":"Point","coordinates":[19.797808,41.329873]}},{"type":"Feature","properties":{"lines":"10C","arr":["10C"],"mode":"bus","angle":36.1,"mi":4,"l0":"10C","c0":"#ab0377"},"geometry":{"type":"Point","coordinates":[19.792253,41.332707]}},{"type":"Feature","properties":{"lines":"10C","arr":["10C"],"mode":"bus","angle":36.3,"extra":1,"ei":0,"l0":"10C","c0":"#ab0377"},"geometry":{"type":"Point","coordinates":[19.795942,41.330645]}},{"type":"Feature","properties":{"lines":"10C","arr":["10C"],"mode":"bus","angle":37.2,"extra":1,"ei":1,"l0":"10C","c0":"#ab0377"},"geometry":{"type":"Point","coordinates":[19.793919,41.331767]}},{"type":"Feature","properties":{"lines":"10C","arr":["10C"],"mode":"bus","angle":36.3,"extra":1,"ei":2,"l0":"10C","c0":"#ab0377"},"geometry":{"type":"Point","coordinates":[19.789883,41.33402]}},{"type":"Feature","properties":{"lines":"10C","arr":["10C"],"mode":"bus","angle":37.5,"extra":1,"ei":3,"l0":"10C","c0":"#ab0377"},"geometry":{"type":"Point","coordinates":[19.787863,41.335145]}},{"type":"Feature","properties":{"lines":"10C, 16B","arr":["10C","16B"],"mode":"bus","angle":72.5,"side":-1,"l0":"10C, ","c0":"#ab0377","l1":"16B","c1":"#999f01"},"geometry":{"type":"Point","coordinates":[19.802945,41.326859]}},{"type":"Feature","properties":{"lines":"10C","arr":["10C"],"mode":"bus","angle":-8.6,"l0":"10C","c0":"#ab0377"},"geometry":{"type":"Point","coordinates":[19.846598,41.33374]}},{"type":"Feature","properties":{"lines":"11","arr":["11"],"mode":"bus","angle":79.3,"mi":7,"l0":"11","c0":"#6895fc"},"geometry":{"type":"Point","coordinates":[19.867265,41.350783]}},{"type":"Feature","properties":{"lines":"11","arr":["11"],"mode":"bus","angle":-10.3,"mi":6,"l0":"11","c0":"#6895fc"},"geometry":{"type":"Point","coordinates":[19.862852,41.350475]}},{"type":"Feature","properties":{"lines":"11","arr":["11"],"mode":"bus","angle":-45.9,"extra":1,"ei":0,"l0":"11","c0":"#6895fc"},"geometry":{"type":"Point","coordinates":[19.865979,41.351204]}},{"type":"Feature","properties":{"lines":"11","arr":["11"],"mode":"bus","angle":-27.6,"extra":1,"ei":1,"l0":"11","c0":"#6895fc"},"geometry":{"type":"Point","coordinates":[19.86129,41.350057]}},{"type":"Feature","properties":{"lines":"11","arr":["11"],"mode":"bus","angle":-9.9,"extra":1,"ei":2,"l0":"11","c0":"#6895fc"},"geometry":{"type":"Point","coordinates":[19.859017,41.349258]}},{"type":"Feature","properties":{"lines":"11","arr":["11"],"mode":"bus","angle":-33.2,"mi":1,"l0":"11","c0":"#6895fc"},"geometry":{"type":"Point","coordinates":[19.856895,41.347805]}},{"type":"Feature","properties":{"lines":"11","arr":["11"],"mode":"bus","angle":-24.6,"mi":2,"l0":"11","c0":"#6895fc"},"geometry":{"type":"Point","coordinates":[19.85221,41.345664]}},{"type":"Feature","properties":{"lines":"11","arr":["11"],"mode":"bus","angle":-5,"l0":"11","c0":"#6895fc"},"geometry":{"type":"Point","coordinates":[19.85507,41.346196]}},{"type":"Feature","properties":{"lines":"11","arr":["11"],"mode":"bus","angle":-71.7,"mi":3,"l0":"11","c0":"#6895fc"},"geometry":{"type":"Point","coordinates":[19.850673,41.345168]}},{"type":"Feature","properties":{"lines":"11","arr":["11"],"mode":"bus","angle":-50.9,"mi":8,"l0":"11","c0":"#6895fc"},"geometry":{"type":"Point","coordinates":[19.841178,41.337956]}},{"type":"Feature","properties":{"lines":"11","arr":["11"],"mode":"bus","angle":-36.1,"mi":4,"l0":"11","c0":"#6895fc"},"geometry":{"type":"Point","coordinates":[19.849265,41.3444]}},{"type":"Feature","properties":{"lines":"11","arr":["11"],"mode":"bus","angle":-31.6,"extra":1,"ei":0,"l0":"11","c0":"#6895fc"},"geometry":{"type":"Point","coordinates":[19.834597,41.334172]}},{"type":"Feature","properties":{"lines":"11","arr":["11"],"mode":"bus","angle":-31.8,"extra":1,"ei":1,"l0":"11","c0":"#6895fc"},"geometry":{"type":"Point","coordinates":[19.836747,41.335151]}},{"type":"Feature","properties":{"lines":"11","arr":["11"],"mode":"bus","angle":-36.3,"extra":1,"ei":2,"l0":"11","c0":"#6895fc"},"geometry":{"type":"Point","coordinates":[19.838819,41.33622]}},{"type":"Feature","properties":{"lines":"11","arr":["11"],"mode":"bus","angle":-49.3,"extra":1,"ei":3,"l0":"11","c0":"#6895fc"},"geometry":{"type":"Point","coordinates":[19.842261,41.33895]}},{"type":"Feature","properties":{"lines":"11","arr":["11"],"mode":"bus","angle":-49.2,"extra":1,"ei":4,"l0":"11","c0":"#6895fc"},"geometry":{"type":"Point","coordinates":[19.843908,41.340376]}},{"type":"Feature","properties":{"lines":"11","arr":["11"],"mode":"bus","angle":-49.2,"extra":1,"ei":5,"l0":"11","c0":"#6895fc"},"geometry":{"type":"Point","coordinates":[19.845529,41.34182]}},{"type":"Feature","properties":{"lines":"11","arr":["11"],"mode":"bus","angle":-29.5,"extra":1,"ei":6,"l0":"11","c0":"#6895fc"},"geometry":{"type":"Point","coordinates":[19.847329,41.343128]}},{"type":"Feature","properties":{"lines":"11","arr":["11"],"mode":"bus","angle":-34,"l0":"11","c0":"#6895fc"},"geometry":{"type":"Point","coordinates":[19.829466,41.331661]}},{"type":"Feature","properties":{"lines":"11","arr":["11"],"mode":"bus","angle":-32.3,"extra":1,"ei":0,"l0":"11","c0":"#6895fc"},"geometry":{"type":"Point","coordinates":[19.832464,41.333172]}},{"type":"Feature","properties":{"lines":"11","arr":["11"],"mode":"bus","angle":-34.1,"extra":1,"ei":1,"l0":"11","c0":"#6895fc"},"geometry":{"type":"Point","coordinates":[19.826213,41.330001]}},{"type":"Feature","properties":{"lines":"11","arr":["11"],"mode":"bus","angle":-15,"mi":1,"l0":"11","c0":"#6895fc"},"geometry":{"type":"Point","coordinates":[19.8238,41.328991]}},{"type":"Feature","properties":{"lines":"11","arr":["11"],"mode":"bus","angle":-15,"extra":1,"ei":0,"l0":"11","c0":"#6895fc"},"geometry":{"type":"Point","coordinates":[19.82207,41.32864]}},{"type":"Feature","properties":{"lines":"11","arr":["11"],"mode":"bus","angle":-31,"mi":5,"l0":"11","c0":"#6895fc"},"geometry":{"type":"Point","coordinates":[19.861341,41.348326]}},{"type":"Feature","properties":{"lines":"11","arr":["11"],"mode":"bus","angle":-22.6,"extra":1,"ei":0,"l0":"11","c0":"#6895fc"},"geometry":{"type":"Point","coordinates":[19.85726,41.346086]}},{"type":"Feature","properties":{"lines":"11","arr":["11"],"mode":"bus","angle":-48.9,"extra":1,"ei":1,"l0":"11","c0":"#6895fc"},"geometry":{"type":"Point","coordinates":[19.859054,41.347258]}},{"type":"Feature","properties":{"lines":"11","arr":["11"],"mode":"bus","angle":-25.6,"extra":1,"ei":2,"l0":"11","c0":"#6895fc"},"geometry":{"type":"Point","coordinates":[19.8634,41.348992]}},{"type":"Feature","properties":{"lines":"11","arr":["11"],"mode":"bus","angle":-24.5,"extra":1,"ei":3,"l0":"11","c0":"#6895fc"},"geometry":{"type":"Point","coordinates":[19.865748,41.349651]}},{"type":"Feature","properties":{"lines":"12A","arr":["12A"],"mode":"bus","angle":-0.7,"mi":4,"l0":"12A","c0":"#ff627e"},"geometry":{"type":"Point","coordinates":[19.808939,41.347853]}},{"type":"Feature","properties":{"lines":"12A","arr":["12A"],"mode":"bus","angle":61.4,"mi":5,"l0":"12A","c0":"#ff627e"},"geometry":{"type":"Point","coordinates":[19.816755,41.341597]}},{"type":"Feature","properties":{"lines":"12A","arr":["12A"],"mode":"bus","angle":-14,"mi":3,"l0":"12A","c0":"#ff627e"},"geometry":{"type":"Point","coordinates":[19.81204,41.347842]}},{"type":"Feature","properties":{"lines":"12A","arr":["12A"],"mode":"bus","angle":67.8,"extra":1,"ei":0,"l0":"12A","c0":"#ff627e"},"geometry":{"type":"Point","coordinates":[19.81463,41.345503]}},{"type":"Feature","properties":{"lines":"12A","arr":["12A"],"mode":"bus","angle":67.6,"extra":1,"ei":1,"l0":"12A","c0":"#ff627e"},"geometry":{"type":"Point","coordinates":[19.815531,41.34374]}},{"type":"Feature","properties":{"lines":"12A","arr":["12A"],"mode":"bus","angle":61.4,"extra":1,"ei":2,"l0":"12A","c0":"#ff627e"},"geometry":{"type":"Point","coordinates":[19.817683,41.340333]}},{"type":"Feature","properties":{"lines":"12A","arr":["12A"],"mode":"bus","angle":70.5,"extra":1,"ei":3,"l0":"12A","c0":"#ff627e"},"geometry":{"type":"Point","coordinates":[19.818821,41.338654]}},{"type":"Feature","properties":{"lines":"12A","arr":["12A"],"mode":"bus","angle":78.1,"mi":1,"l0":"12A","c0":"#ff627e"},"geometry":{"type":"Point","coordinates":[19.813139,41.347105]}},{"type":"Feature","properties":{"lines":"12A","arr":["12A"],"mode":"bus","angle":-10.5,"l0":"12A","c0":"#ff627e"},"geometry":{"type":"Point","coordinates":[19.813479,41.34628]}},{"type":"Feature","properties":{"lines":"12A, 12B, 15A, 15B","arr":["12A","12B","15A","15B"],"mode":"bus","angle":-23.2,"side":-1,"mi":1,"l0":"12A, ","c0":"#ff627e","l1":"12B, ","c1":"#19a9a8","l2":"15A, ","c2":"#2d8c1b","l3":"15B","c3":"#4d4aba"},"geometry":{"type":"Point","coordinates":[19.780822,41.318788]}},{"type":"Feature","properties":{"lines":"12A, 12B, 15A, 15B","arr":["12A","12B","15A","15B"],"mode":"bus","angle":-22.4,"extra":1,"ei":0,"l0":"12A, ","c0":"#ff627e","l1":"12B, ","c1":"#19a9a8","l2":"15A, ","c2":"#2d8c1b","l3":"15B","c3":"#4d4aba"},"geometry":{"type":"Point","coordinates":[19.782803,41.319462]}},{"type":"Feature","properties":{"lines":"12A, 12B, 15A, 15B","arr":["12A","12B","15A","15B"],"mode":"bus","angle":-21.6,"extra":1,"ei":1,"l0":"12A, ","c0":"#ff627e","l1":"12B, ","c1":"#19a9a8","l2":"15A, ","c2":"#2d8c1b","l3":"15B","c3":"#4d4aba"},"geometry":{"type":"Point","coordinates":[19.778156,41.318019]}},{"type":"Feature","properties":{"lines":"12A, 12B, 15A, 15B","arr":["12A","12B","15A","15B"],"mode":"bus","angle":-28.5,"l0":"12A, ","c0":"#ff627e","l1":"12B, ","c1":"#19a9a8","l2":"15A, ","c2":"#2d8c1b","l3":"15B","c3":"#4d4aba"},"geometry":{"type":"Point","coordinates":[19.771884,41.31588]}},{"type":"Feature","properties":{"lines":"12A, 12B, 15A, 15B","arr":["12A","12B","15A","15B"],"mode":"bus","angle":-23.2,"extra":1,"ei":0,"l0":"12A, ","c0":"#ff627e","l1":"12B, ","c1":"#19a9a8","l2":"15A, ","c2":"#2d8c1b","l3":"15B","c3":"#4d4aba"},"geometry":{"type":"Point","coordinates":[19.77644,41.317493]}},{"type":"Feature","properties":{"lines":"12A, 12B, 15A, 15B","arr":["12A","12B","15A","15B"],"mode":"bus","angle":-23.3,"extra":1,"ei":1,"l0":"12A, ","c0":"#ff627e","l1":"12B, ","c1":"#19a9a8","l2":"15A, ","c2":"#2d8c1b","l3":"15B","c3":"#4d4aba"},"geometry":{"type":"Point","coordinates":[19.774126,41.316755]}},{"type":"Feature","properties":{"lines":"12A, 12B, 15A, 15B","arr":["12A","12B","15A","15B"],"mode":"bus","angle":-28.2,"extra":1,"ei":0,"l0":"12A, ","c0":"#ff627e","l1":"12B, ","c1":"#19a9a8","l2":"15A, ","c2":"#2d8c1b","l3":"15B","c3":"#4d4aba"},"geometry":{"type":"Point","coordinates":[19.767484,41.314102]}},{"type":"Feature","properties":{"lines":"12A, 12B, 15A, 15B","arr":["12A","12B","15A","15B"],"mode":"bus","angle":-28.2,"extra":1,"ei":1,"l0":"12A, ","c0":"#ff627e","l1":"12B, ","c1":"#19a9a8","l2":"15A, ","c2":"#2d8c1b","l3":"15B","c3":"#4d4aba"},"geometry":{"type":"Point","coordinates":[19.769698,41.314998]}},{"type":"Feature","properties":{"lines":"12A, 12B","arr":["12A","12B"],"mode":"bus","angle":-45.6,"l0":"12A, ","c0":"#ff627e","l1":"12B","c1":"#19a9a8"},"geometry":{"type":"Point","coordinates":[19.760267,41.311061]}},{"type":"Feature","properties":{"lines":"12A, 12B","arr":["12A","12B"],"mode":"bus","angle":-28.4,"extra":1,"ei":0,"l0":"12A, ","c0":"#ff627e","l1":"12B","c1":"#19a9a8"},"geometry":{"type":"Point","coordinates":[19.765269,41.313208]}},{"type":"Feature","properties":{"lines":"12A, 12B","arr":["12A","12B"],"mode":"bus","angle":-28.4,"extra":1,"ei":1,"l0":"12A, ","c0":"#ff627e","l1":"12B","c1":"#19a9a8"},"geometry":{"type":"Point","coordinates":[19.763058,41.31231]}},{"type":"Feature","properties":{"lines":"12A, 12B","arr":["12A","12B"],"mode":"bus","angle":-65.8,"extra":1,"ei":2,"l0":"12A, ","c0":"#ff627e","l1":"12B","c1":"#19a9a8"},"geometry":{"type":"Point","coordinates":[19.759234,41.309988]}},{"type":"Feature","properties":{"lines":"12A, 12B","arr":["12A","12B"],"mode":"bus","angle":-68.1,"extra":1,"ei":3,"l0":"12A, ","c0":"#ff627e","l1":"12B","c1":"#19a9a8"},"geometry":{"type":"Point","coordinates":[19.758294,41.308236]}},{"type":"Feature","properties":{"lines":"12A, 12B","arr":["12A","12B"],"mode":"bus","angle":-39.3,"extra":1,"ei":4,"l0":"12A, ","c0":"#ff627e","l1":"12B","c1":"#19a9a8"},"geometry":{"type":"Point","coordinates":[19.757195,41.306562]}},{"type":"Feature","properties":{"lines":"12A, 12B","arr":["12A","12B"],"mode":"bus","angle":-14.6,"l0":"12A, ","c0":"#ff627e","l1":"12B","c1":"#19a9a8"},"geometry":{"type":"Point","coordinates":[19.751141,41.304941]}},{"type":"Feature","properties":{"lines":"12A, 12B","arr":["12A","12B"],"mode":"bus","angle":-24.8,"extra":1,"ei":0,"l0":"12A, ","c0":"#ff627e","l1":"12B","c1":"#19a9a8"},"geometry":{"type":"Point","coordinates":[19.755854,41.30608]}},{"type":"Feature","properties":{"lines":"12A, 12B","arr":["12A","12B"],"mode":"bus","angle":-14.8,"extra":1,"ei":1,"l0":"12A, ","c0":"#ff627e","l1":"12B","c1":"#19a9a8"},"geometry":{"type":"Point","coordinates":[19.753516,41.305398]}},{"type":"Feature","properties":{"lines":"12A, 12B","arr":["12A","12B"],"mode":"bus","angle":-15,"extra":1,"ei":2,"l0":"12A, ","c0":"#ff627e","l1":"12B","c1":"#19a9a8"},"geometry":{"type":"Point","coordinates":[19.748651,41.304444]}},{"type":"Feature","properties":{"lines":"12A, 12B","arr":["12A","12B"],"mode":"bus","angle":-24.6,"extra":1,"ei":3,"l0":"12A, ","c0":"#ff627e","l1":"12B","c1":"#19a9a8"},"geometry":{"type":"Point","coordinates":[19.746294,41.303794]}},{"type":"Feature","properties":{"lines":"12A","arr":["12A"],"mode":"bus","angle":-23.2,"mi":2,"l0":"12A","c0":"#ff627e"},"geometry":{"type":"Point","coordinates":[19.81063,41.3455]}},{"type":"Feature","properties":{"lines":"12B","arr":["12B"],"mode":"bus","angle":78.6,"l0":"12B","c0":"#19a9a8"},"geometry":{"type":"Point","coordinates":[19.825331,41.344569]}},{"type":"Feature","properties":{"lines":"12B","arr":["12B"],"mode":"bus","angle":75.5,"extra":1,"ei":0,"l0":"12B","c0":"#19a9a8"},"geometry":{"type":"Point","coordinates":[19.824128,41.348083]}},{"type":"Feature","properties":{"lines":"12B","arr":["12B"],"mode":"bus","angle":75,"extra":1,"ei":1,"l0":"12B","c0":"#19a9a8"},"geometry":{"type":"Point","coordinates":[19.824771,41.346258]}},{"type":"Feature","properties":{"lines":"12B","arr":["12B"],"mode":"bus","angle":77.9,"extra":1,"ei":2,"l0":"12B","c0":"#19a9a8"},"geometry":{"type":"Point","coordinates":[19.825837,41.342569]}},{"type":"Feature","properties":{"lines":"12B","arr":["12B"],"mode":"bus","angle":84.4,"extra":1,"ei":3,"l0":"12B","c0":"#19a9a8"},"geometry":{"type":"Point","coordinates":[19.826315,41.340717]}},{"type":"Feature","properties":{"lines":"13A, 16A","arr":["13A","16A"],"mode":"bus","angle":-42,"side":-1,"l0":"13A, ","c0":"#05617d","l1":"16A","c1":"#999f01"},"geometry":{"type":"Point","coordinates":[19.805353,41.333697]}},{"type":"Feature","properties":{"lines":"13A","arr":["13A"],"mode":"bus","angle":37.7,"mi":1,"l0":"13A","c0":"#05617d"},"geometry":{"type":"Point","coordinates":[19.806298,41.319956]}},{"type":"Feature","properties":{"lines":"13A","arr":["13A"],"mode":"bus","angle":-14.2,"l0":"13A","c0":"#05617d"},"geometry":{"type":"Point","coordinates":[19.7984,41.320656]}},{"type":"Feature","properties":{"lines":"13A","arr":["13A"],"mode":"bus","angle":-11.9,"extra":1,"ei":0,"l0":"13A","c0":"#05617d"},"geometry":{"type":"Point","coordinates":[19.804045,41.321557]}},{"type":"Feature","properties":{"lines":"13A","arr":["13A"],"mode":"bus","angle":-11.7,"extra":1,"ei":1,"l0":"13A","c0":"#05617d"},"geometry":{"type":"Point","coordinates":[19.801584,41.321172]}},{"type":"Feature","properties":{"lines":"13A","arr":["13A"],"mode":"bus","angle":6.7,"extra":1,"ei":2,"l0":"13A","c0":"#05617d"},"geometry":{"type":"Point","coordinates":[19.796646,41.320572]}},{"type":"Feature","properties":{"lines":"13A","arr":["13A"],"mode":"bus","angle":24.4,"extra":1,"ei":3,"l0":"13A","c0":"#05617d"},"geometry":{"type":"Point","coordinates":[19.794273,41.321169]}},{"type":"Feature","properties":{"lines":"13A","arr":["13A"],"mode":"bus","angle":49.1,"side":-1,"extra":1,"ei":4,"l0":"13A","c0":"#05617d"},"geometry":{"type":"Point","coordinates":[19.792277,41.322254]}},{"type":"Feature","properties":{"lines":"13A","arr":["13A"],"mode":"bus","angle":64.9,"l0":"13A","c0":"#05617d"},"geometry":{"type":"Point","coordinates":[19.787501,41.32562]}},{"type":"Feature","properties":{"lines":"13A","arr":["13A"],"mode":"bus","angle":62.9,"extra":1,"ei":0,"l0":"13A","c0":"#05617d"},"geometry":{"type":"Point","coordinates":[19.789491,41.32252]}},{"type":"Feature","properties":{"lines":"13A","arr":["13A"],"mode":"bus","angle":58.6,"extra":1,"ei":1,"l0":"13A","c0":"#05617d"},"geometry":{"type":"Point","coordinates":[19.788485,41.324244]}},{"type":"Feature","properties":{"lines":"13A","arr":["13A"],"mode":"bus","angle":69.3,"extra":1,"ei":2,"l0":"13A","c0":"#05617d"},"geometry":{"type":"Point","coordinates":[19.786396,41.327672]}},{"type":"Feature","properties":{"lines":"13A","arr":["13A"],"mode":"bus","angle":68.2,"extra":1,"ei":3,"l0":"13A","c0":"#05617d"},"geometry":{"type":"Point","coordinates":[19.785458,41.329424]}},{"type":"Feature","properties":{"lines":"13B","arr":["13B"],"mode":"bus","angle":68,"mi":7,"l0":"13B","c0":"#e16cd6"},"geometry":{"type":"Point","coordinates":[19.785903,41.327652]}},{"type":"Feature","properties":{"lines":"13B","arr":["13B"],"mode":"bus","angle":70.5,"mi":3,"l0":"13B","c0":"#e16cd6"},"geometry":{"type":"Point","coordinates":[19.788947,41.322411]}},{"type":"Feature","properties":{"lines":"13B","arr":["13B"],"mode":"bus","angle":67.5,"extra":1,"ei":0,"l0":"13B","c0":"#e16cd6"},"geometry":{"type":"Point","coordinates":[19.785132,41.329163]}},{"type":"Feature","properties":{"lines":"13B","arr":["13B"],"mode":"bus","angle":71.5,"extra":1,"ei":1,"l0":"13B","c0":"#e16cd6"},"geometry":{"type":"Point","coordinates":[19.786972,41.325648]}},{"type":"Feature","properties":{"lines":"13B","arr":["13B"],"mode":"bus","angle":64.7,"mi":5,"l0":"13B","c0":"#e16cd6"},"geometry":{"type":"Point","coordinates":[19.78787,41.32413]}},{"type":"Feature","properties":{"lines":"13B","arr":["13B"],"mode":"bus","angle":30.4,"side":-1,"mi":1,"l0":"13B","c0":"#e16cd6"},"geometry":{"type":"Point","coordinates":[19.80526,41.321169]}},{"type":"Feature","properties":{"lines":"13B","arr":["13B"],"mode":"bus","angle":-6.3,"l0":"13B","c0":"#e16cd6"},"geometry":{"type":"Point","coordinates":[19.797863,41.320165]}},{"type":"Feature","properties":{"lines":"13B","arr":["13B"],"mode":"bus","angle":44.8,"extra":1,"ei":0,"l0":"13B","c0":"#e16cd6"},"geometry":{"type":"Point","coordinates":[19.792374,41.321534]}},{"type":"Feature","properties":{"lines":"13B","arr":["13B"],"mode":"bus","angle":24.2,"extra":1,"ei":1,"l0":"13B","c0":"#e16cd6"},"geometry":{"type":"Point","coordinates":[19.794548,41.320616]}},{"type":"Feature","properties":{"lines":"13B","arr":["13B"],"mode":"bus","angle":-10.9,"extra":1,"ei":2,"l0":"13B","c0":"#e16cd6"},"geometry":{"type":"Point","coordinates":[19.799452,41.320369]}},{"type":"Feature","properties":{"lines":"13B","arr":["13B"],"mode":"bus","angle":-12,"extra":1,"ei":3,"l0":"13B","c0":"#e16cd6"},"geometry":{"type":"Point","coordinates":[19.801913,41.320759]}},{"type":"Feature","properties":{"lines":"13B","arr":["13B"],"mode":"bus","angle":-11.8,"extra":1,"ei":4,"l0":"13B","c0":"#e16cd6"},"geometry":{"type":"Point","coordinates":[19.804372,41.321153]}},{"type":"Feature","properties":{"lines":"13B","arr":["13B"],"mode":"bus","angle":33.6,"side":-1,"mi":2,"l0":"13B","c0":"#e16cd6"},"geometry":{"type":"Point","coordinates":[19.807571,41.319238]}},{"type":"Feature","properties":{"lines":"13B","arr":["13B"],"mode":"bus","angle":-11.9,"side":-1,"mi":6,"l0":"13B","c0":"#e16cd6"},"geometry":{"type":"Point","coordinates":[19.812707,41.31805]}},{"type":"Feature","properties":{"lines":"13B","arr":["13B"],"mode":"bus","angle":53.6,"side":-1,"extra":1,"ei":0,"l0":"13B","c0":"#e16cd6"},"geometry":{"type":"Point","coordinates":[19.805949,41.320091]}},{"type":"Feature","properties":{"lines":"13B","arr":["13B"],"mode":"bus","angle":33.2,"side":-1,"extra":1,"ei":1,"l0":"13B","c0":"#e16cd6"},"geometry":{"type":"Point","coordinates":[19.810099,41.317969]}},{"type":"Feature","properties":{"lines":"13B","arr":["13B"],"mode":"bus","angle":14.3,"side":-1,"mi":4,"l0":"13B","c0":"#e16cd6"},"geometry":{"type":"Point","coordinates":[19.810567,41.317784]}},{"type":"Feature","properties":{"lines":"13B, 16B","arr":["13B","16B"],"mode":"bus","angle":-12.5,"l0":"13B, ","c0":"#e16cd6","l1":"16B","c1":"#999f01"},"geometry":{"type":"Point","coordinates":[19.809233,41.334826]}},{"type":"Feature","properties":{"lines":"13B, 16B","arr":["13B","16B"],"mode":"bus","angle":-12.5,"extra":1,"ei":0,"l0":"13B, ","c0":"#e16cd6","l1":"16B","c1":"#999f01"},"geometry":{"type":"Point","coordinates":[19.81118,41.33515]}},{"type":"Feature","properties":{"lines":"13B, 16B","arr":["13B","16B"],"mode":"bus","angle":-21.4,"extra":1,"ei":1,"l0":"13B, ","c0":"#e16cd6","l1":"16B","c1":"#999f01"},"geometry":{"type":"Point","coordinates":[19.806278,41.334317]}},{"type":"Feature","properties":{"lines":"15A, 15B","arr":["15A","15B"],"mode":"bus","angle":-68.1,"l0":"15A, ","c0":"#2d8c1b","l1":"15B","c1":"#4d4aba"},"geometry":{"type":"Point","coordinates":[19.824223,41.335646]}},{"type":"Feature","properties":{"lines":"15A, 15B","arr":["15A","15B"],"mode":"bus","angle":87.1,"l0":"15A, ","c0":"#2d8c1b","l1":"15B","c1":"#4d4aba"},"geometry":{"type":"Point","coordinates":[19.84123,41.345999]}},{"type":"Feature","properties":{"lines":"15A, 15B","arr":["15A","15B"],"mode":"bus","angle":-51.6,"extra":1,"ei":0,"l0":"15A, ","c0":"#2d8c1b","l1":"15B","c1":"#4d4aba"},"geometry":{"type":"Point","coordinates":[19.821448,41.331361]}},{"type":"Feature","properties":{"lines":"15A, 15B","arr":["15A","15B"],"mode":"bus","angle":-66.9,"extra":1,"ei":1,"l0":"15A, ","c0":"#2d8c1b","l1":"15B","c1":"#4d4aba"},"geometry":{"type":"Point","coordinates":[19.822746,41.33297]}},{"type":"Feature","properties":{"lines":"15A, 15B","arr":["15A","15B"],"mode":"bus","angle":-51.4,"extra":1,"ei":2,"l0":"15A, ","c0":"#2d8c1b","l1":"15B","c1":"#4d4aba"},"geometry":{"type":"Point","coordinates":[19.825848,41.338124]}},{"type":"Feature","properties":{"lines":"15A, 15B","arr":["15A","15B"],"mode":"bus","angle":-36.3,"extra":1,"ei":3,"l0":"15A, ","c0":"#2d8c1b","l1":"15B","c1":"#4d4aba"},"geometry":{"type":"Point","coordinates":[19.827817,41.339291]}},{"type":"Feature","properties":{"lines":"15A, 15B","arr":["15A","15B"],"mode":"bus","angle":-17.9,"extra":1,"ei":0,"l0":"15A, ","c0":"#2d8c1b","l1":"15B","c1":"#4d4aba"},"geometry":{"type":"Point","coordinates":[19.839436,41.345518]}},{"type":"Feature","properties":{"lines":"15A","arr":["15A"],"mode":"bus","angle":23.2,"l0":"15A","c0":"#2d8c1b"},"geometry":{"type":"Point","coordinates":[19.845885,41.347027]}},{"type":"Feature","properties":{"lines":"15A","arr":["15A"],"mode":"bus","angle":-32.7,"side":-1,"extra":1,"ei":0,"l0":"15A","c0":"#2d8c1b"},"geometry":{"type":"Point","coordinates":[19.842325,41.346479]}},{"type":"Feature","properties":{"lines":"15A","arr":["15A"],"mode":"bus","angle":24.5,"extra":1,"ei":1,"l0":"15A","c0":"#2d8c1b"},"geometry":{"type":"Point","coordinates":[19.849229,41.345867]}},{"type":"Feature","properties":{"lines":"15A, 15B","arr":["15A","15B"],"mode":"bus","angle":62,"l0":"15A, ","c0":"#2d8c1b","l1":"15B","c1":"#4d4aba"},"geometry":{"type":"Point","coordinates":[19.766921,41.314266]}},{"type":"Feature","properties":{"lines":"15A, 15B","arr":["15A","15B"],"mode":"bus","angle":-74.6,"mi":1,"l0":"15A, ","c0":"#2d8c1b","l1":"15B","c1":"#4d4aba"},"geometry":{"type":"Point","coordinates":[19.765993,41.314227]}},{"type":"Feature","properties":{"lines":"15B","arr":["15B"],"mode":"bus","angle":-39.4,"l0":"15B","c0":"#4d4aba"},"geometry":{"type":"Point","coordinates":[19.850737,41.359959]}},{"type":"Feature","properties":{"lines":"15B","arr":["15B"],"mode":"bus","angle":-67.6,"l0":"15B","c0":"#4d4aba"},"geometry":{"type":"Point","coordinates":[19.84294,41.347909]}},{"type":"Feature","properties":{"lines":"15B","arr":["15B"],"mode":"bus","angle":-49.3,"extra":1,"ei":0,"l0":"15B","c0":"#4d4aba"},"geometry":{"type":"Point","coordinates":[19.842155,41.346648]}},{"type":"Feature","properties":{"lines":"15B","arr":["15B"],"mode":"bus","angle":-74.4,"extra":1,"ei":0,"l0":"15B","c0":"#4d4aba"},"geometry":{"type":"Point","coordinates":[19.854596,41.368974]}},{"type":"Feature","properties":{"lines":"15B","arr":["15B"],"mode":"bus","angle":-73.1,"extra":1,"ei":1,"l0":"15B","c0":"#4d4aba"},"geometry":{"type":"Point","coordinates":[19.853879,41.367165]}},{"type":"Feature","properties":{"lines":"15B","arr":["15B"],"mode":"bus","angle":-73.2,"extra":1,"ei":2,"l0":"15B","c0":"#4d4aba"},"geometry":{"type":"Point","coordinates":[19.853149,41.365358]}},{"type":"Feature","properties":{"lines":"15B","arr":["15B"],"mode":"bus","angle":-76,"extra":1,"ei":3,"l0":"15B","c0":"#4d4aba"},"geometry":{"type":"Point","coordinates":[19.852513,41.363531]}},{"type":"Feature","properties":{"lines":"15B","arr":["15B"],"mode":"bus","angle":-76.7,"extra":1,"ei":4,"l0":"15B","c0":"#4d4aba"},"geometry":{"type":"Point","coordinates":[19.851916,41.361697]}},{"type":"Feature","properties":{"lines":"15B","arr":["15B"],"mode":"bus","angle":-40.5,"extra":1,"ei":5,"l0":"15B","c0":"#4d4aba"},"geometry":{"type":"Point","coordinates":[19.848913,41.358848]}},{"type":"Feature","properties":{"lines":"15B","arr":["15B"],"mode":"bus","angle":-72.2,"extra":1,"ei":6,"l0":"15B","c0":"#4d4aba"},"geometry":{"type":"Point","coordinates":[19.847603,41.357285]}},{"type":"Feature","properties":{"lines":"15B","arr":["15B"],"mode":"bus","angle":-72.4,"extra":1,"ei":7,"l0":"15B","c0":"#4d4aba"},"geometry":{"type":"Point","coordinates":[19.846861,41.35548]}},{"type":"Feature","properties":{"lines":"15B","arr":["15B"],"mode":"bus","angle":-70.7,"extra":1,"ei":8,"l0":"15B","c0":"#4d4aba"},"geometry":{"type":"Point","coordinates":[19.846099,41.35368]}},{"type":"Feature","properties":{"lines":"15B","arr":["15B"],"mode":"bus","angle":-62.1,"extra":1,"ei":9,"l0":"15B","c0":"#4d4aba"},"geometry":{"type":"Point","coordinates":[19.845027,41.351974]}},{"type":"Feature","properties":{"lines":"15B","arr":["15B"],"mode":"bus","angle":89.9,"mi":1,"l0":"15B","c0":"#4d4aba"},"geometry":{"type":"Point","coordinates":[19.843876,41.350355]}},{"type":"Feature","properties":{"lines":"16A","arr":["16A"],"mode":"bus","angle":62.8,"side":-1,"l0":"16A","c0":"#999f01"},"geometry":{"type":"Point","coordinates":[19.831283,41.336816]}},{"type":"Feature","properties":{"lines":"16A","arr":["16A"],"mode":"bus","angle":62.8,"side":-1,"extra":1,"ei":0,"l0":"16A","c0":"#999f01"},"geometry":{"type":"Point","coordinates":[19.832877,41.334477]}},{"type":"Feature","properties":{"lines":"16A","arr":["16A"],"mode":"bus","angle":63,"side":-1,"extra":1,"ei":1,"l0":"16A","c0":"#999f01"},"geometry":{"type":"Point","coordinates":[19.82944,41.33952]}},{"type":"Feature","properties":{"lines":"16A","arr":["16A"],"mode":"bus","angle":81.5,"side":-1,"mi":1,"l0":"16A","c0":"#999f01"},"geometry":{"type":"Point","coordinates":[19.834002,41.332173]}},{"type":"Feature","properties":{"lines":"16A","arr":["16A"],"mode":"bus","angle":81.5,"side":-1,"extra":1,"ei":0,"l0":"16A","c0":"#999f01"},"geometry":{"type":"Point","coordinates":[19.834262,41.330892]}},{"type":"Feature","properties":{"lines":"16A","arr":["16A"],"mode":"bus","angle":-13.8,"mi":4,"l0":"16A","c0":"#999f01"},"geometry":{"type":"Point","coordinates":[19.822488,41.324472]}},{"type":"Feature","properties":{"lines":"16A","arr":["16A"],"mode":"bus","angle":-28.4,"extra":1,"ei":0,"l0":"16A","c0":"#999f01"},"geometry":{"type":"Point","coordinates":[19.824132,41.324936]}},{"type":"Feature","properties":{"lines":"16A","arr":["16A"],"mode":"bus","angle":-11.9,"l0":"16A","c0":"#999f01"},"geometry":{"type":"Point","coordinates":[19.809378,41.322394]}},{"type":"Feature","properties":{"lines":"16A","arr":["16A"],"mode":"bus","angle":-11.9,"mi":1,"l0":"16A","c0":"#999f01"},"geometry":{"type":"Point","coordinates":[19.818492,41.323832]}},{"type":"Feature","properties":{"lines":"16A","arr":["16A"],"mode":"bus","angle":-11.9,"extra":1,"ei":0,"l0":"16A","c0":"#999f01"},"geometry":{"type":"Point","coordinates":[19.812034,41.322813]}},{"type":"Feature","properties":{"lines":"16A","arr":["16A"],"mode":"bus","angle":-11.8,"extra":1,"ei":1,"l0":"16A","c0":"#999f01"},"geometry":{"type":"Point","coordinates":[19.807113,41.322037]}},{"type":"Feature","properties":{"lines":"16A","arr":["16A"],"mode":"bus","angle":-65.3,"side":-1,"mi":3,"l0":"16A","c0":"#999f01"},"geometry":{"type":"Point","coordinates":[19.803426,41.330421]}},{"type":"Feature","properties":{"lines":"16A","arr":["16A"],"mode":"bus","angle":71.7,"mi":2,"l0":"16A","c0":"#999f01"},"geometry":{"type":"Point","coordinates":[19.804292,41.323986]}},{"type":"Feature","properties":{"lines":"16A","arr":["16A"],"mode":"bus","angle":71.7,"extra":1,"ei":0,"l0":"16A","c0":"#999f01"},"geometry":{"type":"Point","coordinates":[19.804796,41.322841]}},{"type":"Feature","properties":{"lines":"16A","arr":["16A"],"mode":"bus","angle":-79.2,"side":-1,"extra":1,"ei":0,"l0":"16A","c0":"#999f01"},"geometry":{"type":"Point","coordinates":[19.802641,41.328982]}},{"type":"Feature","properties":{"lines":"16A","arr":["16A"],"mode":"bus","angle":-77.4,"side":-1,"extra":1,"ei":1,"l0":"16A","c0":"#999f01"},"geometry":{"type":"Point","coordinates":[19.804407,41.332486]}},{"type":"Feature","properties":{"lines":"16B","arr":["16B"],"mode":"bus","angle":62.8,"l0":"16B","c0":"#999f01"},"geometry":{"type":"Point","coordinates":[19.831341,41.336887]}},{"type":"Feature","properties":{"lines":"16B","arr":["16B"],"mode":"bus","angle":64.1,"extra":1,"ei":0,"l0":"16B","c0":"#999f01"},"geometry":{"type":"Point","coordinates":[19.829748,41.339268]}},{"type":"Feature","properties":{"lines":"16B","arr":["16B"],"mode":"bus","angle":62.9,"extra":1,"ei":1,"l0":"16B","c0":"#999f01"},"geometry":{"type":"Point","coordinates":[19.833161,41.334216]}},{"type":"Feature","properties":{"lines":"16B","arr":["16B"],"mode":"bus","angle":-65.5,"mi":3,"l0":"16B","c0":"#999f01"},"geometry":{"type":"Point","coordinates":[19.803347,41.33048]}},{"type":"Feature","properties":{"lines":"16B","arr":["16B"],"mode":"bus","angle":72.2,"side":-1,"l0":"16B","c0":"#999f01"},"geometry":{"type":"Point","coordinates":[19.80434,41.32367]}},{"type":"Feature","properties":{"lines":"16B","arr":["16B"],"mode":"bus","angle":-75.6,"extra":1,"ei":0,"l0":"16B","c0":"#999f01"},"geometry":{"type":"Point","coordinates":[19.804243,41.331959]}},{"type":"Feature","properties":{"lines":"16B","arr":["16B"],"mode":"bus","angle":-89.8,"extra":1,"ei":1,"l0":"16B","c0":"#999f01"},"geometry":{"type":"Point","coordinates":[19.802478,41.328454]}},{"type":"Feature","properties":{"lines":"16B","arr":["16B"],"mode":"bus","angle":70.9,"side":-1,"extra":1,"ei":0,"l0":"16B","c0":"#999f01"},"geometry":{"type":"Point","coordinates":[19.803843,41.324795]}},{"type":"Feature","properties":{"lines":"16B","arr":["16B"],"mode":"bus","angle":-11.8,"mi":1,"l0":"16B","c0":"#999f01"},"geometry":{"type":"Point","coordinates":[19.807825,41.321693]}},{"type":"Feature","properties":{"lines":"16B","arr":["16B"],"mode":"bus","angle":-11.9,"mi":2,"l0":"16B","c0":"#999f01"},"geometry":{"type":"Point","coordinates":[19.815474,41.322899]}},{"type":"Feature","properties":{"lines":"16B","arr":["16B"],"mode":"bus","angle":-12,"extra":1,"ei":0,"l0":"16B","c0":"#999f01"},"geometry":{"type":"Point","coordinates":[19.817077,41.323153]}},{"type":"Feature","properties":{"lines":"16B","arr":["16B"],"mode":"bus","angle":81.4,"mi":1,"l0":"16B","c0":"#999f01"},"geometry":{"type":"Point","coordinates":[19.834083,41.332208]}},{"type":"Feature","properties":{"lines":"16B","arr":["16B"],"mode":"bus","angle":63.8,"extra":1,"ei":0,"l0":"16B","c0":"#999f01"},"geometry":{"type":"Point","coordinates":[19.833679,41.333457]}},{"type":"Feature","properties":{"lines":"3A, 3C","arr":["3A","3C"],"mode":"bus","angle":-86.5,"l0":"3A, ","c0":"#119efc","l1":"3C","c1":"#6b5806"},"geometry":{"type":"Point","coordinates":[19.774245,41.325413]}}]}