{"type":"FeatureCollection","features":[{"type":"Feature","geometry":{"type":"LineString","coordinates":[[19.797532,41.315449],[19.797546,41.31542],[19.797591,41.315331],[19.797615,41.31528],[19.797653,41.3152],[19.797688,41.315135],[19.797704,41.315113],[19.797728,41.315081],[19.797784,41.315039],[19.797873,41.31499],[19.79791,41.31497],[19.79803,41.314923],[19.798082,41.314903],[19.798104,41.314895],[19.798221,41.314853],[19.798299,41.314827],[19.798314,41.314822],[19.798528,41.314774],[19.798572,41.314764],[19.798763,41.314735],[19.798821,41.314726],[19.798949,41.314714],[19.798998,41.314715],[19.799025,41.314716],[19.799031,41.314688],[19.799041,41.31466],[19.799056,41.314634],[19.799075,41.31461],[19.799099,41.314587],[19.799116,41.314575],[19.799126,41.314567],[19.799156,41.31455],[19.799189,41.314536],[19.799224,41.314525],[19.799266,41.314472],[19.799284,41.314454],[19.799384,41.314359],[19.799433,41.314313],[19.799518,41.314233],[19.799586,41.314175],[19.799654,41.314118],[19.799752,41.314045],[19.799788,41.314018],[19.799831,41.313987],[19.79992,41.313933],[19.799931,41.313926],[19.799972,41.313901],[19.799988,41.313892],[19.800125,41.313821],[19.800152,41.313807],[19.8003,41.313733],[19.800324,41.313721],[19.800424,41.313675],[19.800469,41.313654],[19.80048,41.313648],[19.80053,41.313629],[19.800744,41.313548],[19.800894,41.313491],[19.800957,41.313466],[19.801017,41.313442],[19.80105,41.313429],[19.801168,41.313382],[19.801277,41.313339],[19.801366,41.313303],[19.80138,41.313298],[19.801592,41.313213],[19.801801,41.31313],[19.801803,41.313129],[19.802014,41.313044],[19.802087,41.313015],[19.802225,41.312959],[19.802436,41.312874],[19.802647,41.312788],[19.8027,41.312767],[19.802857,41.312702],[19.803068,41.312616],[19.803072,41.312615],[19.803177,41.312576],[19.803255,41.312552],[19.803286,41.312543],[19.803425,41.312503],[19.803511,41.312482],[19.803658,41.312444],[19.803738,41.312424],[19.803964,41.312365],[19.804138,41.312319],[19.80419,41.312305],[19.804416,41.312245],[19.804594,41.312198],[19.804641,41.312185],[19.80475,41.312156],[19.804867,41.312125],[19.805093,41.312065],[19.805174,41.312043],[19.805317,41.312002],[19.805417,41.311973],[19.80545,41.311963],[19.805535,41.311932],[19.805537,41.311931],[19.805623,41.3119],[19.805721,41.31187],[19.805733,41.311897],[19.805788,41.312017],[19.805797,41.312039],[19.805807,41.312068],[19.805871,41.312242],[19.805896,41.312312],[19.805903,41.312329],[19.805856,41.312338],[19.805788,41.312351],[19.805698,41.312368],[19.805556,41.312395],[19.805324,41.312439],[19.805091,41.312483],[19.804983,41.312504],[19.804862,41.312531],[19.804861,41.312532],[19.804801,41.31256],[19.804695,41.3126],[19.804648,41.312613],[19.804517,41.312652],[19.804425,41.312679],[19.804418,41.312681],[19.804359,41.312698],[19.804229,41.312734],[19.804201,41.312743],[19.803977,41.312806],[19.803813,41.312853],[19.803754,41.312871],[19.80355,41.312935],[19.803533,41.312941],[19.803481,41.312959],[19.803428,41.312986],[19.803381,41.313026],[19.803365,41.31306],[19.803362,41.313067],[19.803352,41.313104],[19.803351,41.313132],[19.803364,41.313184],[19.803378,41.313238],[19.803381,41.313252],[19.803394,41.313303],[19.80341,41.313359],[19.803426,41.313414],[19.803451,41.313496],[19.803474,41.31357],[19.803478,41.313573],[19.803555,41.31362],[19.803602,41.313616],[19.803643,41.313602],[19.80368,41.313591],[19.803685,41.313591],[19.80392,41.313555],[19.804155,41.31352],[19.804162,41.313519],[19.804389,41.313484],[19.804624,41.313448],[19.80463,41.313447],[19.804852,41.313409],[19.804857,41.313408],[19.80509,41.313366],[19.805276,41.313333],[19.805323,41.313325],[19.80535,41.31332],[19.805376,41.313376],[19.805389,41.313407],[19.80541,41.313457],[19.80548,41.313629],[19.805515,41.313716],[19.80555,41.313801],[19.805614,41.313956],[19.80562,41.313973],[19.80562,41.313973],[19.805693,41.314144],[19.805766,41.314316],[19.805802,41.3144],[19.805836,41.314479],[19.805839,41.314487],[19.805912,41.314658],[19.805924,41.314688],[19.805948,41.314744],[19.805973,41.314803],[19.805985,41.31483],[19.806057,41.315001],[19.806098,41.315097],[19.806113,41.315133],[19.80613,41.315172],[19.806203,41.315344],[19.806262,41.315482],[19.806275,41.315512],[19.806276,41.315515],[19.806349,41.315687],[19.806405,41.315818],[19.806422,41.315858],[19.806443,41.315907],[19.806494,41.316029],[19.806567,41.316201],[19.806576,41.316221],[19.80664,41.316372],[19.80666,41.316419],[19.806694,41.316498],[19.806713,41.316543],[19.806715,41.316549],[19.806744,41.316615],[19.806785,41.316713],[19.806785,41.316715],[19.806852,41.316874],[19.806858,41.316886],[19.80687,41.316913],[19.806884,41.317013],[19.806877,41.317054],[19.806872,41.317062],[19.806853,41.317095],[19.806821,41.317124],[19.806779,41.31716],[19.806729,41.317207],[19.806699,41.317235],[19.806734,41.317256],[19.80676,41.317284],[19.806774,41.317316],[19.806775,41.31735],[19.806772,41.317358],[19.806764,41.317383],[19.8068,41.317486],[19.80682,41.317532],[19.806853,41.317609],[19.806925,41.317691],[19.807009,41.317788],[19.807057,41.317841],[19.807188,41.317992],[19.807273,41.318089],[19.80732,41.318142],[19.807451,41.318292],[19.807497,41.318344],[19.807583,41.318443],[19.807648,41.318517],[19.807714,41.318593],[19.807743,41.318626],[19.807812,41.318704],[19.807833,41.318729],[19.807846,41.318743],[19.807922,41.318829],[19.807978,41.318893],[19.808,41.318919],[19.808057,41.318985],[19.808109,41.319044],[19.80812,41.319057],[19.808156,41.319095],[19.808239,41.319195],[19.808343,41.319319],[19.808367,41.319347],[19.808496,41.319498],[19.808553,41.319565],[19.808592,41.31961],[19.808626,41.319648],[19.808627,41.319649],[19.808755,41.319801],[19.808882,41.319954],[19.809005,41.3201],[19.80901,41.320106],[19.809041,41.320143],[19.809131,41.320247],[19.809139,41.320257],[19.809266,41.32041],[19.80933,41.320486],[19.809392,41.320562],[19.809447,41.320629],[19.809499,41.32069],[19.80952,41.320715],[19.809635,41.320852],[19.809647,41.320867],[19.809749,41.320995],[19.809765,41.321024],[19.809793,41.321074],[19.80982,41.321146],[19.809819,41.321197],[19.809819,41.32122],[19.80979,41.321359],[19.809811,41.321361],[19.809867,41.321369],[19.809923,41.321381],[19.809986,41.321399],[19.810032,41.321424],[19.81004,41.321428],[19.810077,41.321461],[19.810117,41.321505],[19.810167,41.321572],[19.810169,41.321574],[19.81021,41.321628],[19.810234,41.321688],[19.810248,41.32174],[19.810254,41.321762],[19.810273,41.321881],[19.810277,41.321918],[19.810281,41.321966],[19.810285,41.322008],[19.810285,41.322012],[19.810286,41.322043],[19.810285,41.32208],[19.810309,41.322084],[19.810426,41.322102],[19.810543,41.32212],[19.810668,41.32214],[19.810777,41.322157],[19.810876,41.322173],[19.810928,41.322181],[19.811012,41.322194],[19.811132,41.322214],[19.811221,41.322228],[19.811246,41.322232],[19.81148,41.322269],[19.811715,41.322306],[19.811949,41.322343],[19.812184,41.32238],[19.812306,41.322399],[19.812418,41.322417],[19.812652,41.322454],[19.812887,41.322491],[19.813121,41.322528],[19.813242,41.322547],[19.813356,41.322564],[19.813386,41.322569],[19.813365,41.322642],[19.813359,41.322669],[19.813344,41.322723],[19.813296,41.3229],[19.813292,41.322916],[19.813284,41.322943],[19.813265,41.323005],[19.813242,41.323075],[19.813223,41.323136],[19.813212,41.323172],[19.813189,41.32325],[19.813156,41.323363],[19.813137,41.323426],[19.813128,41.323458],[19.813088,41.323602],[19.813073,41.323655],[19.813061,41.323698],[19.813049,41.323742],[19.813039,41.323778],[19.812999,41.323919],[19.81299,41.323954],[19.812945,41.324113],[19.812941,41.32413],[19.812892,41.324306],[19.812842,41.324482],[19.812802,41.324627],[19.812793,41.324658],[19.812788,41.324679],[19.812744,41.324834],[19.81273,41.324887],[19.812716,41.324937],[19.812813,41.324952],[19.813048,41.324989],[19.813282,41.325026],[19.813405,41.325046],[19.813516,41.325064],[19.81375,41.325101],[19.813985,41.325139],[19.814074,41.325153],[19.814219,41.325176],[19.814454,41.325212],[19.814688,41.325249],[19.814923,41.325286],[19.815157,41.325322],[19.815198,41.325329],[19.815391,41.325359],[19.815506,41.325377],[19.815626,41.325396],[19.81586,41.325433],[19.816095,41.32547],[19.816119,41.325474],[19.816199,41.325487],[19.816329,41.325507],[19.816392,41.325517],[19.816563,41.325544],[19.816696,41.325566],[19.816794,41.325581],[19.816798,41.325582],[19.816902,41.325598],[19.817032,41.325618],[19.817038,41.325619],[19.817267,41.325655],[19.817346,41.325667],[19.817501,41.325691],[19.817736,41.325728],[19.81797,41.325765],[19.818204,41.325802],[19.818439,41.325839],[19.818673,41.325875],[19.818888,41.325909],[19.818908,41.325912],[19.818923,41.325915],[19.819015,41.325929],[19.819105,41.325943],[19.819098,41.325971],[19.81905,41.326147],[19.819002,41.326324],[19.818958,41.326489],[19.818954,41.3265],[19.818911,41.326661],[19.81891,41.326676],[19.818909,41.326713],[19.818925,41.326758],[19.818944,41.326779],[19.818975,41.326804],[19.81901,41.32683],[19.819047,41.326858],[19.81911,41.326915],[19.819162,41.326969],[19.819164,41.32697],[19.819201,41.327013],[19.819236,41.327063],[19.819265,41.327099],[19.81928,41.327113],[19.819291,41.32712],[19.819307,41.327132],[19.81934,41.327143],[19.819404,41.327158],[19.819496,41.327166],[19.819518,41.327168],[19.819632,41.327178],[19.819755,41.327188],[19.819993,41.327209],[19.820177,41.327225],[19.820231,41.32723],[19.820469,41.327251],[19.820624,41.327264],[19.820707,41.327272],[19.820945,41.327292],[19.821042,41.327301],[19.821183,41.327313],[19.821371,41.32733],[19.821421,41.327334],[19.821659,41.327355],[19.821888,41.327375],[19.821897,41.327376],[19.822053,41.327389],[19.822134,41.327396],[19.822372,41.327417],[19.822489,41.327427],[19.822607,41.327451],[19.822609,41.327452],[19.822671,41.327474],[19.822706,41.327514],[19.822677,41.327533],[19.822622,41.327568],[19.822583,41.327591],[19.822526,41.327636],[19.822502,41.327654],[19.822463,41.327685],[19.82239,41.327759],[19.822359,41.327798],[19.822331,41.327831],[19.82225,41.327958],[19.822247,41.327963],[19.822155,41.328123],[19.822075,41.328261],[19.82206,41.328288],[19.821969,41.328455],[19.821957,41.328476],[19.821889,41.328603],[19.821879,41.328621],[19.821781,41.328786],[19.821772,41.3288],[19.821687,41.328951],[19.821594,41.329117],[19.821501,41.329282],[19.821428,41.329411],[19.821407,41.329448],[19.821311,41.329613],[19.821216,41.329778],[19.82112,41.329943],[19.821092,41.32999],[19.821025,41.330108],[19.82093,41.330273],[19.820836,41.330438],[19.820834,41.330441],[19.82082,41.330465],[19.820706,41.330585],[19.820675,41.330617],[19.820548,41.330604],[19.820481,41.3306],[19.820379,41.330598],[19.820319,41.330602],[19.820278,41.330605],[19.820163,41.330613],[19.820079,41.330612],[19.820037,41.330611],[19.81985,41.330589],[19.819842,41.330588],[19.819606,41.330556],[19.819553,41.330549],[19.819371,41.330525],[19.819135,41.330493],[19.819044,41.330481],[19.818899,41.330461],[19.818663,41.330429],[19.818428,41.330398],[19.818192,41.330366],[19.818071,41.33035],[19.818029,41.330344],[19.817956,41.330333],[19.817947,41.330332],[19.817919,41.330432],[19.8179,41.330501],[19.817851,41.330677],[19.817802,41.330853],[19.817753,41.331029],[19.81774,41.331077],[19.817705,41.331205],[19.817698,41.331231],[19.817656,41.331381],[19.817607,41.331558],[19.81759,41.331621],[19.817559,41.331734],[19.81751,41.33191],[19.817493,41.331973],[19.817485,41.332],[19.817461,41.332086],[19.817413,41.332262],[19.817392,41.332337],[19.817365,41.332438],[19.817316,41.332614],[19.817267,41.33279],[19.817219,41.332967],[19.817196,41.333051],[19.817169,41.333142],[19.817157,41.333181],[19.817119,41.333318],[19.817119,41.333319],[19.817107,41.33336],[19.817068,41.333494],[19.817018,41.33367],[19.816968,41.333846],[19.816917,41.334022],[19.816867,41.334197],[19.816816,41.334373],[19.816766,41.334549],[19.816747,41.334615],[19.816721,41.334721],[19.81672,41.334726],[19.816673,41.334902],[19.816626,41.335079],[19.816587,41.335224],[19.816578,41.335255],[19.816529,41.335431],[19.816479,41.335607],[19.816465,41.335657],[19.816439,41.335758],[19.816429,41.335799],[19.81642,41.335833],[19.816387,41.335911],[19.8165,41.33593],[19.816689,41.335961],[19.816831,41.335984],[19.816905,41.335996],[19.817023,41.336016],[19.817138,41.336037],[19.817196,41.336047],[19.817244,41.336055],[19.817324,41.33607],[19.817371,41.336078],[19.817437,41.33609],[19.817602,41.336126],[19.817603,41.336126],[19.817709,41.336163],[19.817818,41.336204],[19.818032,41.336284],[19.818247,41.336364],[19.818345,41.3364],[19.81846,41.336445],[19.8186,41.3365],[19.818673,41.336528],[19.818886,41.33661],[19.819069,41.336681],[19.819099,41.336693],[19.819144,41.336711],[19.819311,41.336776],[19.819524,41.336858],[19.819661,41.336911],[19.819736,41.336942],[19.819896,41.337009],[19.819925,41.337021],[19.819945,41.33703],[19.820067,41.337083],[19.820149,41.337123],[19.820162,41.337129],[19.820343,41.337229],[19.820536,41.337335],[19.820585,41.337362],[19.820729,41.337442],[19.820921,41.337549],[19.820968,41.337575],[19.821114,41.337656],[19.821187,41.337697],[19.821269,41.337746],[19.821301,41.337768],[19.821372,41.337816],[19.82148,41.337888],[19.821551,41.337936],[19.821658,41.338008],[19.821671,41.338016],[19.821829,41.338123],[19.821837,41.338128],[19.821924,41.338186],[19.821966,41.338214],[19.822002,41.338241],[19.822014,41.338249],[19.822091,41.338305],[19.822186,41.338374],[19.822187,41.338375],[19.822353,41.338503],[19.822519,41.338633],[19.822686,41.338762],[19.822749,41.338811],[19.822855,41.338889],[19.82299,41.338987],[19.823029,41.339012],[19.82317,41.339103],[19.823213,41.339128],[19.823356,41.339213],[19.823403,41.339238],[19.823552,41.339318],[19.823599,41.339341],[19.823677,41.339377],[19.823803,41.339436],[19.82385,41.339458],[19.82401,41.339526],[19.824016,41.339529],[19.824177,41.339591],[19.824223,41.339607],[19.824372,41.33966],[19.824442,41.339681],[19.824664,41.339748],[19.824679,41.339752],[19.824777,41.33978],[19.824889,41.339809],[19.825005,41.33984],[19.825116,41.339867],[19.825229,41.339894],[19.825346,41.339918],[19.825432,41.339936],[19.825578,41.339961],[19.825656,41.339974],[19.825722,41.339985],[19.825813,41.339998],[19.826048,41.340033],[19.826139,41.340046],[19.826184,41.340053],[19.826283,41.340065],[19.826322,41.340071],[19.82652,41.340093],[19.826549,41.340096],[19.826757,41.340119],[19.826994,41.340145],[19.827231,41.340172],[19.827468,41.340198],[19.827642,41.340217],[19.827705,41.340224],[19.827942,41.340249],[19.827945,41.340249],[19.82818,41.340268],[19.828268,41.340275],[19.828379,41.340281],[19.828419,41.340281],[19.828477,41.340283],[19.828583,41.340278],[19.828657,41.340268],[19.82866,41.340267],[19.828729,41.340252],[19.828785,41.340234],[19.828875,41.340194],[19.828905,41.340181],[19.828946,41.340157],[19.829007,41.340111],[19.829024,41.340099],[19.829051,41.340074],[19.829072,41.340054],[19.829117,41.339997],[19.829211,41.340047],[19.829217,41.34005],[19.829291,41.340088],[19.829406,41.340152],[19.829428,41.340164],[19.829562,41.340234],[19.829603,41.340254],[19.829803,41.340353],[19.830003,41.340452],[19.830203,41.340551],[19.830403,41.34065],[19.830462,41.34068],[19.830546,41.340721],[19.830603,41.340748],[19.830667,41.340778],[19.830778,41.340833],[19.830805,41.340846],[19.831005,41.340944],[19.831206,41.341042],[19.831216,41.341047],[19.831405,41.341142],[19.831603,41.341243],[19.831801,41.341344],[19.831899,41.341394],[19.832,41.341445],[19.832198,41.341546],[19.832396,41.341646],[19.832542,41.341721],[19.832594,41.341747],[19.832792,41.341849],[19.832946,41.341927],[19.832975,41.341942],[19.83299,41.34195],[19.833034,41.341972],[19.833189,41.34205],[19.83321,41.342061],[19.833255,41.342084],[19.833388,41.34215],[19.833403,41.342158],[19.833584,41.342254],[19.83372,41.342325],[19.833781,41.342356],[19.833816,41.342373],[19.833874,41.342403],[19.83398,41.342456],[19.834143,41.342539],[19.834178,41.342557],[19.834374,41.342656],[19.834377,41.342658],[19.834554,41.342748],[19.834575,41.342758],[19.834775,41.342858],[19.834833,41.342888],[19.83497,41.342961],[19.834996,41.342975],[19.835139,41.343062],[19.835158,41.343074],[19.835319,41.343178],[19.835338,41.343192],[19.835514,41.343314],[19.835626,41.343393],[19.835689,41.343437],[19.835864,41.343559],[19.83604,41.343682],[19.836215,41.343804],[19.836311,41.343871],[19.83639,41.343927],[19.836464,41.343977],[19.836566,41.344049],[19.836741,41.344172],[19.836917,41.344294],[19.837092,41.344417],[19.837267,41.344539],[19.837334,41.344586],[19.837443,41.344661],[19.837619,41.344783],[19.83762,41.344784],[19.837794,41.344906],[19.837809,41.344916],[19.83797,41.345029],[19.83804,41.345078],[19.838125,41.345142],[19.838141,41.345154],[19.838156,41.345166],[19.838206,41.345199],[19.838245,41.34522],[19.838234,41.345296],[19.838234,41.345297],[19.838232,41.345344],[19.83824,41.345393],[19.838249,41.345419],[19.838269,41.345474],[19.838327,41.345639],[19.838331,41.345648],[19.83837,41.345754],[19.838386,41.345801],[19.83839,41.345822],[19.838394,41.34584],[19.838394,41.345873],[19.838391,41.345903],[19.838365,41.346],[19.838347,41.346068],[19.838313,41.346176],[19.838312,41.346181],[19.83826,41.346351],[19.838248,41.346393],[19.838237,41.34643],[19.838197,41.346524],[19.838186,41.346552],[19.838125,41.346696],[19.838121,41.346706],[19.838111,41.346729],[19.838028,41.346853],[19.83802,41.346852],[19.837783,41.346825],[19.837683,41.346814],[19.837546,41.346798],[19.837309,41.346772],[19.837072,41.346745],[19.836836,41.346718],[19.836796,41.346713],[19.836743,41.346708],[19.836599,41.346692],[19.836361,41.346667],[19.836124,41.346642],[19.836016,41.34663],[19.835887,41.346616],[19.835773,41.346603],[19.83565,41.34659],[19.835611,41.346586],[19.835413,41.346565],[19.835176,41.34654],[19.834971,41.346519],[19.834939,41.346515],[19.834732,41.346493],[19.834702,41.34649],[19.834686,41.346488],[19.834464,41.346464],[19.834404,41.346458],[19.834337,41.34645],[19.834227,41.346438],[19.834047,41.346419],[19.83399,41.346413],[19.833753,41.346387],[19.833516,41.346362],[19.833491,41.346359],[19.833507,41.346519],[19.833514,41.346583],[19.833517,41.346699],[19.833521,41.346879],[19.833521,41.346902],[19.83352,41.346986],[19.833515,41.347059],[19.83351,41.347124],[19.833497,41.347238],[19.833495,41.347258],[19.833474,41.347416],[19.833474,41.347417],[19.833446,41.347596],[19.833437,41.347654],[19.833415,41.347774],[19.833392,41.347901],[19.833381,41.347952],[19.833377,41.347969],[19.833378,41.348058],[19.833365,41.348109],[19.833351,41.348135],[19.83334,41.348154],[19.833284,41.348208],[19.833246,41.34827],[19.833232,41.348292],[19.833206,41.348334],[19.833149,41.348439],[19.833142,41.348458],[19.833097,41.348573],[19.83308,41.348632],[19.833029,41.348808],[19.832978,41.348983],[19.832969,41.349017],[19.83293,41.34916],[19.832891,41.349303],[19.832882,41.349336],[19.832874,41.349366],[19.832856,41.349401],[19.832824,41.349436],[19.832781,41.349486],[19.832773,41.349494],[19.832728,41.349546],[19.832708,41.349592],[19.832691,41.349649],[19.832687,41.34966],[19.832628,41.349834],[19.832568,41.350008],[19.832509,41.350183],[19.832478,41.350273],[19.832439,41.35033],[19.83242,41.350348],[19.832394,41.350374],[19.832338,41.35041],[19.832266,41.350438],[19.832226,41.35045],[19.832005,41.350519],[19.831972,41.350529],[19.831915,41.350548],[19.831862,41.350559],[19.831792,41.350563],[19.831776,41.350563],[19.83167,41.35056],[19.831536,41.35056],[19.831418,41.350561]]},"properties":{"line":"1A","dir":"0","headsign":"Allias","mode":"bus","color":"#0059a9"}},{"type":"Feature","geometry":{"type":"LineString","coordinates":[[19.831418,41.350561],[19.831658,41.35056],[19.83167,41.35056],[19.831792,41.350563],[19.831862,41.350559],[19.831896,41.350552],[19.831915,41.350548],[19.831972,41.350529],[19.832117,41.350484],[19.832266,41.350438],[19.832335,41.35041],[19.832338,41.35041],[19.832394,41.350374],[19.832439,41.35033],[19.832478,41.350273],[19.83248,41.350268],[19.832539,41.350094],[19.832598,41.34992],[19.832658,41.349746],[19.832691,41.349649],[19.832708,41.349592],[19.832717,41.349571],[19.832728,41.349546],[19.832781,41.349486],[19.832824,41.349436],[19.83284,41.349418],[19.832856,41.349401],[19.832874,41.349366],[19.832891,41.349303],[19.832906,41.349246],[19.832954,41.34907],[19.832969,41.349017],[19.833004,41.348894],[19.833055,41.348718],[19.833097,41.348573],[19.833108,41.348543],[19.833149,41.348439],[19.833185,41.348373],[19.833206,41.348334],[19.833246,41.34827],[19.833284,41.348209],[19.833284,41.348208],[19.83334,41.348154],[19.833365,41.348109],[19.833378,41.348058],[19.833378,41.348038],[19.833377,41.347969],[19.833392,41.347901],[19.833399,41.347862],[19.833431,41.347684],[19.833437,41.347654],[19.83346,41.347505],[19.833474,41.347416],[19.833486,41.347326],[19.833495,41.347258],[19.833508,41.347147],[19.83351,41.347124],[19.83352,41.346986],[19.83352,41.346967],[19.833521,41.346902],[19.833519,41.346788],[19.833514,41.346608],[19.833514,41.346583],[19.833498,41.346428],[19.833491,41.346359],[19.833637,41.346375],[19.833874,41.3464],[19.834047,41.346419],[19.834111,41.346426],[19.834337,41.34645],[19.834348,41.346451],[19.834404,41.346458],[19.834585,41.346477],[19.834686,41.346488],[19.834732,41.346493],[19.834822,41.346503],[19.834971,41.346519],[19.835059,41.346528],[19.835296,41.346553],[19.835533,41.346578],[19.835611,41.346586],[19.835771,41.346602],[19.835773,41.346603],[19.836008,41.346629],[19.836016,41.34663],[19.836245,41.346654],[19.836482,41.34668],[19.836719,41.346705],[19.836743,41.346708],[19.836796,41.346713],[19.836956,41.346731],[19.837193,41.346758],[19.837429,41.346785],[19.837666,41.346812],[19.837683,41.346814],[19.837903,41.346839],[19.838028,41.346853],[19.838079,41.346777],[19.838111,41.346729],[19.838121,41.346706],[19.838162,41.346609],[19.838186,41.346552],[19.838233,41.346437],[19.838237,41.34643],[19.838248,41.346393],[19.838287,41.346262],[19.838312,41.346181],[19.838341,41.346087],[19.838347,41.346068],[19.838389,41.34591],[19.838391,41.345903],[19.838394,41.345873],[19.838394,41.34584],[19.838386,41.345801],[19.83837,41.345754],[19.838363,41.345733],[19.838327,41.345639],[19.838299,41.34556],[19.838249,41.345419],[19.83824,41.345393],[19.838238,41.345385],[19.838232,41.345344],[19.838234,41.345296],[19.838198,41.34528],[19.838148,41.34525],[19.838138,41.345243],[19.838095,41.345212],[19.838026,41.345164],[19.838003,41.345147],[19.837963,41.34512],[19.837787,41.344997],[19.837612,41.344875],[19.837436,41.344753],[19.83726,41.344631],[19.837129,41.344541],[19.837084,41.344509],[19.83691,41.344385],[19.836736,41.344262],[19.836716,41.344247],[19.836585,41.344154],[19.836562,41.344138],[19.836386,41.344016],[19.83621,41.343894],[19.836209,41.343893],[19.836035,41.343771],[19.83586,41.343649],[19.835782,41.343594],[19.835685,41.343526],[19.835509,41.343404],[19.835334,41.343281],[19.835174,41.343169],[19.835158,41.343159],[19.835085,41.343111],[19.834973,41.343045],[19.834943,41.343027],[19.834785,41.342948],[19.834776,41.342943],[19.834578,41.342842],[19.834379,41.342741],[19.834181,41.34264],[19.834158,41.342628],[19.833983,41.342539],[19.833785,41.342437],[19.83367,41.342378],[19.833588,41.342336],[19.833516,41.342299],[19.83344,41.342261],[19.833389,41.342235],[19.833235,41.342157],[19.833204,41.342141],[19.833191,41.342134],[19.833158,41.342118],[19.832992,41.342034],[19.832982,41.342029],[19.832922,41.342],[19.832795,41.341932],[19.832751,41.341909],[19.832597,41.341831],[19.832501,41.341782],[19.832399,41.341729],[19.832325,41.341691],[19.832202,41.341627],[19.832005,41.341525],[19.831849,41.341445],[19.831807,41.341423],[19.83161,41.341322],[19.83154,41.341285],[19.83141,41.341222],[19.831233,41.341136],[19.831209,41.341125],[19.831009,41.341027],[19.830952,41.340999],[19.830808,41.340928],[19.830807,41.340928],[19.830617,41.340838],[19.830606,41.340832],[19.830543,41.340802],[19.830496,41.340779],[19.830414,41.340738],[19.830405,41.340734],[19.830245,41.340655],[19.830205,41.340635],[19.830005,41.340536],[19.829805,41.340437],[19.829605,41.340338],[19.829467,41.340269],[19.829399,41.340248],[19.829309,41.34022],[19.829261,41.34021],[19.829213,41.340207],[19.829168,41.340206],[19.829126,41.340206],[19.829035,41.340214],[19.829003,41.340231],[19.828948,41.34026],[19.828942,41.340263],[19.828859,41.340296],[19.8288,41.340317],[19.828748,41.340329],[19.82873,41.340333],[19.828675,41.340344],[19.828626,41.340351],[19.828498,41.340357],[19.828493,41.340357],[19.828382,41.340354],[19.828254,41.340346],[19.828201,41.340343],[19.828016,41.340328],[19.827961,41.340323],[19.827778,41.340306],[19.827711,41.340299],[19.827541,41.34028],[19.827304,41.340254],[19.827067,41.340228],[19.82683,41.340202],[19.826593,41.340176],[19.826574,41.340174],[19.826541,41.340171],[19.826356,41.34015],[19.826339,41.340149],[19.82617,41.340129],[19.82612,41.340121],[19.825885,41.340087],[19.825793,41.340074],[19.82565,41.340049],[19.825478,41.34002],[19.825417,41.340007],[19.825215,41.339967],[19.825187,41.33996],[19.824958,41.339905],[19.824921,41.339896],[19.824734,41.339843],[19.824652,41.33982],[19.82451,41.339779],[19.824418,41.339752],[19.824289,41.339709],[19.824266,41.339702],[19.824076,41.339628],[19.824033,41.339612],[19.823867,41.33954],[19.823808,41.339515],[19.823661,41.339447],[19.823634,41.339435],[19.823498,41.339373],[19.823459,41.339351],[19.823297,41.339264],[19.823266,41.339245],[19.82311,41.339155],[19.823078,41.339133],[19.822926,41.339034],[19.822899,41.339014],[19.822726,41.338889],[19.822687,41.338861],[19.822558,41.338761],[19.822391,41.338632],[19.822344,41.338596],[19.822223,41.338504],[19.822119,41.338425],[19.822054,41.338377],[19.821896,41.338262],[19.821882,41.338252],[19.821706,41.338129],[19.821672,41.338105],[19.821525,41.338012],[19.82142,41.337945],[19.821343,41.337895],[19.821322,41.33788],[19.821199,41.337799],[19.821161,41.337778],[19.820969,41.33767],[19.820777,41.337563],[19.820765,41.337557],[19.820649,41.337491],[19.820549,41.337434],[19.820457,41.337384],[19.820263,41.337278],[19.820121,41.337201],[19.820107,41.337194],[19.820067,41.337174],[19.820008,41.337146],[19.819875,41.337085],[19.819863,41.33708],[19.819652,41.336995],[19.819453,41.336914],[19.819442,41.33691],[19.819231,41.336824],[19.819229,41.336824],[19.819018,41.336741],[19.818974,41.336724],[19.818806,41.336658],[19.818594,41.336575],[19.818443,41.336516],[19.818381,41.336492],[19.818168,41.33641],[19.817955,41.336328],[19.817953,41.336328],[19.817912,41.336312],[19.81774,41.336249],[19.81771,41.336238],[19.817675,41.336225],[19.817566,41.336196],[19.817515,41.336186],[19.817384,41.336159],[19.817283,41.336143],[19.81722,41.336132],[19.817049,41.336103],[19.816874,41.336074],[19.816816,41.336064],[19.816582,41.336025],[19.816521,41.336014],[19.816478,41.336007],[19.816358,41.335988],[19.816348,41.335986],[19.816214,41.335965],[19.816231,41.335888],[19.816232,41.335886],[19.816254,41.335806],[19.816281,41.335712],[19.816302,41.335644],[19.816316,41.335597],[19.816333,41.335537],[19.816384,41.335361],[19.816417,41.335247],[19.816435,41.335185],[19.816484,41.335009],[19.816533,41.334833],[19.816582,41.334657],[19.816617,41.33453],[19.816631,41.334481],[19.816681,41.334305],[19.816731,41.334129],[19.816733,41.334124],[19.816779,41.333953],[19.816827,41.333777],[19.816874,41.3336],[19.816922,41.333424],[19.816956,41.333295],[19.816964,41.333246],[19.816981,41.333134],[19.816999,41.333069],[19.817012,41.333025],[19.817048,41.332893],[19.817096,41.332717],[19.817127,41.332604],[19.817145,41.33254],[19.817193,41.332364],[19.817196,41.332351],[19.817241,41.332188],[19.817289,41.332012],[19.8173,41.331972],[19.817317,41.331912],[19.817338,41.331836],[19.817386,41.33166],[19.817435,41.331483],[19.817483,41.331307],[19.817515,41.331192],[19.817531,41.331131],[19.81758,41.330955],[19.817629,41.330779],[19.817677,41.330603],[19.817725,41.330431],[19.817726,41.330427],[19.817733,41.330402],[19.81776,41.330302],[19.817691,41.330291],[19.817643,41.330284],[19.817457,41.330255],[19.817222,41.330219],[19.816987,41.330183],[19.81692,41.330173],[19.816851,41.330157],[19.816764,41.330132],[19.816759,41.33013],[19.816703,41.330106],[19.816622,41.330063],[19.816563,41.330027],[19.816538,41.330011],[19.816466,41.329954],[19.816404,41.329893],[19.816393,41.329882],[19.816329,41.3298],[19.81629,41.329735],[19.816275,41.329711],[19.816206,41.329567],[19.81613,41.32941],[19.816125,41.329397],[19.816058,41.329224],[19.816009,41.329097],[19.815996,41.329051],[19.815978,41.328988],[19.816013,41.328871],[19.816064,41.328695],[19.816074,41.328662],[19.816109,41.328518],[19.816153,41.328342],[19.816163,41.328304],[19.816171,41.328269],[19.816188,41.328199],[19.816196,41.328165],[19.816202,41.328138],[19.816211,41.3281],[19.81624,41.327989],[19.81624,41.327988],[19.816284,41.327811],[19.816284,41.32781],[19.816331,41.327641],[19.816333,41.327635],[19.816379,41.327458],[19.816419,41.327303],[19.816425,41.327282],[19.816475,41.327106],[19.816525,41.32693],[19.816534,41.326899],[19.816555,41.326826],[19.816575,41.326754],[19.8166,41.326663],[19.816624,41.326578],[19.816674,41.326402],[19.816724,41.326226],[19.81677,41.326068],[19.816774,41.32605],[19.816824,41.325875],[19.816865,41.325732],[19.816874,41.325699],[19.81689,41.325642],[19.816902,41.325598],[19.816923,41.325523],[19.81693,41.325498],[19.816973,41.325347],[19.817023,41.325171],[19.817073,41.324995],[19.817095,41.324916],[19.817122,41.324819],[19.817172,41.324643],[19.817215,41.324492],[19.817222,41.324467],[19.817271,41.324291],[19.817306,41.324166],[19.817321,41.324115],[19.817355,41.323996],[19.817372,41.323939],[19.817412,41.323799],[19.81742,41.323771],[19.817422,41.323763],[19.817447,41.323667],[19.817342,41.32365],[19.817332,41.323649],[19.817107,41.323613],[19.816873,41.323576],[19.816638,41.323539],[19.816404,41.323502],[19.81617,41.323465],[19.815935,41.323428],[19.815701,41.323391],[19.815466,41.323354],[19.815333,41.323333],[19.815232,41.323318],[19.814997,41.323283],[19.814884,41.323266],[19.814762,41.323246],[19.814528,41.323208],[19.814367,41.323182],[19.814294,41.323171],[19.81406,41.323134],[19.813825,41.323098],[19.813821,41.323097],[19.813591,41.323059],[19.813484,41.323042],[19.813441,41.323035],[19.813357,41.323021],[19.813265,41.323005],[19.813284,41.322943],[19.813292,41.322916],[19.813296,41.3229],[19.813344,41.322723],[19.813359,41.322669],[19.813365,41.322642],[19.813386,41.322569],[19.813391,41.322547],[19.813405,41.322498],[19.81344,41.322371],[19.813489,41.322195],[19.813499,41.322161],[19.813534,41.322029],[19.813537,41.322019],[19.813585,41.321843],[19.813617,41.321728],[19.813633,41.321666],[19.813644,41.321626],[19.81368,41.32149],[19.813728,41.321314],[19.813775,41.321137],[19.813784,41.321106],[19.813796,41.321062],[19.813811,41.321009],[19.813824,41.320961],[19.813873,41.320785],[19.813881,41.320756],[19.813922,41.320609],[19.813951,41.320505],[19.813971,41.320433],[19.813977,41.320412],[19.81402,41.320257],[19.814042,41.320179],[19.814069,41.320081],[19.814118,41.319905],[19.814167,41.319729],[19.814178,41.31969],[19.814216,41.319553],[19.814219,41.319543],[19.814236,41.319483],[19.814265,41.319377],[19.814281,41.319319],[19.814308,41.319221],[19.814313,41.319201],[19.814351,41.319067],[19.814362,41.319025],[19.814403,41.318879],[19.814412,41.318848],[19.814442,41.318738],[19.814455,41.318694],[19.814461,41.318673],[19.814464,41.318663],[19.814406,41.318642],[19.81436,41.318609],[19.81433,41.318566],[19.814325,41.31854],[19.81432,41.318519],[19.814331,41.318471],[19.814308,41.318445],[19.814289,41.318423],[19.814277,41.318413],[19.81426,41.318401],[19.814242,41.318389],[19.814237,41.318387],[19.814207,41.318375],[19.81418,41.318369],[19.814006,41.318341],[19.813772,41.318304],[19.813538,41.318266],[19.813501,41.318261],[19.813304,41.318229],[19.81307,41.318191],[19.812966,41.318174],[19.812881,41.31816],[19.812881,41.31816],[19.812692,41.318129],[19.812458,41.318091],[19.812251,41.318057],[19.812224,41.318053],[19.811989,41.318016],[19.811811,41.317989],[19.811755,41.31798],[19.811521,41.317942],[19.811286,41.317905],[19.811052,41.317868],[19.81087,41.317839],[19.810817,41.317835],[19.810784,41.317833],[19.81069,41.317838],[19.810581,41.317859],[19.810532,41.317868],[19.810365,41.317934],[19.810333,41.317947],[19.810302,41.317962],[19.810163,41.31803],[19.809963,41.318129],[19.809794,41.318213],[19.809763,41.318228],[19.809564,41.318328],[19.809364,41.318427],[19.809165,41.318527],[19.808965,41.318626],[19.808773,41.318722],[19.808765,41.318725],[19.808565,41.318824],[19.808508,41.318852],[19.808366,41.318924],[19.808285,41.318965],[19.808171,41.319028],[19.80812,41.319057],[19.808057,41.318985],[19.808024,41.318946],[19.808,41.318919],[19.807922,41.318829],[19.807892,41.318796],[19.807833,41.318729],[19.807812,41.318704],[19.807811,41.318703],[19.807743,41.318626],[19.807716,41.318595],[19.807648,41.318517],[19.807585,41.318445],[19.807497,41.318344],[19.807453,41.318295],[19.807322,41.318144],[19.807273,41.318089],[19.80719,41.317994],[19.807059,41.317844],[19.807009,41.317788],[19.806927,41.317693],[19.806853,41.317609],[19.806774,41.317557],[19.806729,41.317528],[19.806663,41.317489],[19.80658,41.317453],[19.806578,41.317452],[19.806536,41.317439],[19.806501,41.317417],[19.806476,41.317389],[19.806462,41.317357],[19.80646,41.317324],[19.806463,41.317315],[19.806465,41.317309],[19.806472,41.317291],[19.806495,41.317262],[19.806517,41.317246],[19.806528,41.317239],[19.806555,41.317228],[19.806511,41.317167],[19.806473,41.317114],[19.806391,41.317011],[19.806326,41.316932],[19.806266,41.316857],[19.806142,41.316704],[19.806018,41.31655],[19.805894,41.316396],[19.805886,41.316386],[19.805824,41.316309],[19.805796,41.316276],[19.805767,41.316244],[19.805647,41.316107],[19.805635,41.316094],[19.805568,41.316018],[19.805527,41.315972],[19.805507,41.315948],[19.805503,41.315943],[19.805378,41.31579],[19.80526,41.315646],[19.805253,41.315637],[19.805219,41.315596],[19.805137,41.31548],[19.805031,41.315329],[19.805025,41.315321],[19.804909,41.315163],[19.804822,41.315046],[19.804793,41.315006],[19.804781,41.31499],[19.804729,41.314932],[19.804659,41.314857],[19.804571,41.314761],[19.804521,41.31471],[19.804492,41.314681],[19.804385,41.314562],[19.804368,41.314542],[19.804319,41.314485],[19.804293,41.314455],[19.804255,41.314411],[19.804245,41.314399],[19.804195,41.314341],[19.80418,41.314322],[19.804127,41.314259],[19.803998,41.314107],[19.803911,41.314003],[19.80387,41.313955],[19.803868,41.313953],[19.803749,41.3138],[19.803653,41.313677],[19.803615,41.313653],[19.803611,41.313651],[19.803555,41.31362],[19.803474,41.31357],[19.803412,41.313563],[19.803407,41.313562],[19.803359,41.31356],[19.803251,41.313571],[19.803174,41.313579],[19.803161,41.313581],[19.802937,41.313605],[19.802933,41.313605],[19.802843,41.313614],[19.8027,41.313629],[19.802646,41.313634],[19.802463,41.313656],[19.802279,41.313678],[19.802227,41.313685],[19.801991,41.313716],[19.801904,41.313728],[19.801808,41.313744],[19.801756,41.313753],[19.801687,41.313764],[19.801524,41.313797],[19.801484,41.313805],[19.801345,41.313835],[19.801294,41.313847],[19.801245,41.313858],[19.801065,41.313899],[19.801048,41.313903],[19.800979,41.313914],[19.800918,41.313917],[19.800855,41.313929],[19.800831,41.313935],[19.800709,41.313963],[19.800612,41.314004],[19.800564,41.314025],[19.800409,41.3141],[19.800378,41.314115],[19.800285,41.314172],[19.800221,41.314211],[19.800193,41.314227],[19.800068,41.314313],[19.800043,41.314331],[19.799974,41.314383],[19.79988,41.314463],[19.799861,41.314479],[19.79976,41.314578],[19.799733,41.314605],[19.799706,41.314633],[19.799616,41.314761],[19.799611,41.314768],[19.799603,41.314796],[19.79959,41.314823],[19.799573,41.314848],[19.799552,41.314872],[19.799527,41.314893],[19.799498,41.314912],[19.799495,41.314913],[19.799467,41.314927],[19.799433,41.31494],[19.799397,41.314949],[19.79936,41.314955],[19.799322,41.314957],[19.799284,41.314955],[19.799269,41.314953],[19.799247,41.31495],[19.799211,41.314941],[19.799177,41.314929],[19.799145,41.314914],[19.799116,41.314896],[19.79909,41.314875],[19.799073,41.314857],[19.799068,41.314852],[19.79905,41.314827],[19.799037,41.3148],[19.799028,41.314772],[19.799024,41.314744],[19.799025,41.314716],[19.798983,41.314715],[19.798949,41.314714],[19.798821,41.314726],[19.798747,41.314737],[19.798572,41.314764],[19.798513,41.314777],[19.798314,41.314822],[19.798285,41.314832],[19.798221,41.314853],[19.798104,41.314895],[19.798069,41.314908],[19.79803,41.314923],[19.79791,41.31497],[19.797861,41.314997],[19.797784,41.315039],[19.797728,41.315081],[19.797696,41.315124],[19.797688,41.315135],[19.797653,41.3152],[19.79761,41.315291],[19.797591,41.315331],[19.797546,41.31542],[19.797532,41.315449]]},"properties":{"line":"1A","dir":"1","headsign":"Selitë","mode":"bus","color":"#0059a9"}},{"type":"Feature","geometry":{"type":"LineString","coordinates":[[19.798926,41.307618],[19.798924,41.307627],[19.798907,41.307715],[19.798874,41.307792],[19.798845,41.307862],[19.798797,41.307963],[19.798786,41.307986],[19.798691,41.308124],[19.798678,41.308144],[19.798575,41.308262],[19.798562,41.308275],[19.798476,41.308366],[19.79842,41.308419],[19.798376,41.30846],[19.798315,41.308518],[19.798287,41.308562],[19.798275,41.308582],[19.798266,41.308675],[19.798269,41.30872],[19.798271,41.308745],[19.798304,41.308802],[19.798352,41.308854],[19.79838,41.308872],[19.798396,41.308881],[19.798465,41.308899],[19.798541,41.30892],[19.798593,41.308946],[19.798595,41.308948],[19.798624,41.308979],[19.798645,41.309016],[19.798645,41.309065],[19.798635,41.309103],[19.798624,41.309115],[19.798485,41.309261],[19.798347,41.309407],[19.798208,41.309553],[19.798162,41.309602],[19.798094,41.309667],[19.798089,41.309681],[19.798072,41.309734],[19.798077,41.309786],[19.798124,41.309825],[19.798199,41.309889],[19.798262,41.309971],[19.798315,41.31004],[19.79832,41.310114],[19.798312,41.31014],[19.798296,41.310186],[19.798255,41.310234],[19.798216,41.310269],[19.798189,41.310291],[19.798168,41.310308],[19.798133,41.310337],[19.798075,41.310388],[19.798031,41.310425],[19.797911,41.310525],[19.797869,41.310559],[19.797747,41.310656],[19.797705,41.310689],[19.79757,41.3108],[19.797548,41.310826],[19.797534,41.310843],[19.797515,41.310889],[19.797509,41.310931],[19.79751,41.311],[19.797511,41.31118],[19.797512,41.311251],[19.797505,41.311289],[19.79749,41.311356],[19.797485,41.311379],[19.79747,41.311447],[19.797451,41.311508],[19.79745,41.311533],[19.797449,41.311554],[19.797458,41.311606],[19.797476,41.311654],[19.797505,41.311707],[19.797534,41.311759],[19.797565,41.311826],[19.79759,41.311875],[19.797599,41.311892],[19.797631,41.311942],[19.797679,41.312002],[19.797711,41.31203],[19.797733,41.312049],[19.797872,41.312163],[19.79788,41.31217],[19.798006,41.312271],[19.798036,41.312294],[19.798109,41.312349],[19.798201,41.312424],[19.798215,41.312435],[19.798261,41.312492],[19.798289,41.312536],[19.798302,41.312573],[19.798303,41.312584],[19.798304,41.312614],[19.798302,41.312655],[19.798289,41.312715],[19.798273,41.312752],[19.798268,41.312761],[19.798234,41.31282],[19.798221,41.312844],[19.798191,41.312897],[19.798178,41.312927],[19.798171,41.312941],[19.798159,41.312992],[19.798156,41.313049],[19.798163,41.313104],[19.798164,41.313107],[19.798179,41.313145],[19.798204,41.313199],[19.79824,41.313277],[19.798255,41.313309],[19.798296,41.313391],[19.798317,41.313447],[19.798322,41.313458],[19.79833,41.313522],[19.798332,41.313578],[19.798332,41.313627],[19.798332,41.313635],[19.798325,41.313745],[19.798327,41.313764],[19.798331,41.313807],[19.798333,41.313833],[19.798337,41.31388],[19.798341,41.313925],[19.798347,41.313954],[19.798353,41.313986],[19.798356,41.314003],[19.798376,41.314138],[19.79838,41.314165],[19.798389,41.314228],[19.798398,41.314281],[19.798404,41.314344],[19.798406,41.314368],[19.798404,41.314443],[19.798387,41.314516],[19.798385,41.314522],[19.798343,41.314699],[19.798314,41.314822],[19.798477,41.314785],[19.798572,41.314764],[19.798711,41.314743],[19.798821,41.314726],[19.798945,41.314714],[19.798949,41.314714],[19.799025,41.314716],[19.799031,41.314688],[19.799041,41.31466],[19.799056,41.314634],[19.799075,41.31461],[19.79908,41.314605],[19.799099,41.314587],[19.799126,41.314567],[19.799156,41.31455],[19.799189,41.314536],[19.799224,41.314525],[19.799254,41.314487],[19.799266,41.314472],[19.799384,41.314359],[19.7994,41.314344],[19.799518,41.314233],[19.799551,41.314205],[19.799654,41.314118],[19.799714,41.314073],[19.799788,41.314018],[19.799831,41.313987],[19.79989,41.313951],[19.79992,41.313933],[19.799972,41.313901],[19.799988,41.313892],[19.800081,41.313844],[19.800152,41.313807],[19.80028,41.313743],[19.8003,41.313733],[19.800424,41.313675],[19.800469,41.313654],[19.80048,41.313648],[19.800482,41.313647],[19.800696,41.313566],[19.800894,41.313491],[19.80091,41.313485],[19.801017,41.313442],[19.80105,41.313429],[19.801121,41.313401],[19.801277,41.313339],[19.801333,41.313316],[19.801366,41.313303],[19.801545,41.313232],[19.801756,41.313148],[19.801801,41.31313],[19.801968,41.313063],[19.802087,41.313015],[19.802179,41.312978],[19.802389,41.312893],[19.8026,41.312807],[19.8027,41.312767],[19.802811,41.312721],[19.803021,41.312636],[19.803072,41.312615],[19.803177,41.312576],[19.803236,41.312557],[19.803255,41.312552],[19.803425,41.312503],[19.80346,41.312494],[19.803658,41.312444],[19.803687,41.312437],[19.803914,41.312378],[19.804138,41.312319],[19.80414,41.312319],[19.804366,41.312259],[19.804591,41.312198],[19.804594,41.312198],[19.80475,41.312156],[19.804817,41.312138],[19.805043,41.312078],[19.805174,41.312043],[19.805267,41.312016],[19.805417,41.311973],[19.80545,41.311963],[19.805489,41.311949],[19.805535,41.311932],[19.805623,41.3119],[19.805707,41.311874],[19.805721,41.31187],[19.805788,41.312017],[19.805793,41.31203],[19.805797,41.312039],[19.805857,41.312203],[19.805896,41.312312],[19.805903,41.312329],[19.805856,41.312338],[19.80584,41.312341],[19.805698,41.312368],[19.805607,41.312385],[19.805375,41.312429],[19.805143,41.312473],[19.804983,41.312504],[19.804912,41.31252],[19.804862,41.312531],[19.804801,41.31256],[19.804698,41.312599],[19.804695,41.3126],[19.804517,41.312652],[19.804474,41.312664],[19.804418,41.312681],[19.804359,41.312698],[19.804251,41.312728],[19.804229,41.312734],[19.804027,41.312792],[19.803813,41.312853],[19.803803,41.312856],[19.803582,41.312925],[19.80355,41.312935],[19.803481,41.312959],[19.803428,41.312986],[19.803384,41.313023],[19.803381,41.313026],[19.803362,41.313067],[19.803352,41.313104],[19.803351,41.313132],[19.803364,41.313184],[19.803368,41.313199],[19.803381,41.313252],[19.803394,41.313303],[19.80341,41.313359],[19.803415,41.313375],[19.803451,41.313496],[19.803467,41.313548],[19.803474,41.31357],[19.803555,41.31362],[19.803602,41.313616],[19.803635,41.313605],[19.803643,41.313602],[19.80368,41.313591],[19.803868,41.313563],[19.804102,41.313528],[19.804162,41.313519],[19.804337,41.313492],[19.804572,41.313456],[19.80463,41.313447],[19.804806,41.313417],[19.804852,41.313409],[19.805039,41.313376],[19.805272,41.313334],[19.805276,41.313333],[19.80535,41.31332],[19.805376,41.313376],[19.805389,41.313407],[19.805394,41.313419],[19.805464,41.313591],[19.805515,41.313716],[19.805535,41.313763],[19.805605,41.313935],[19.805614,41.313956],[19.80562,41.313973],[19.805677,41.314107],[19.80575,41.314278],[19.805802,41.3144],[19.805823,41.314449],[19.805836,41.314479],[19.805896,41.314621],[19.805924,41.314688],[19.805948,41.314744],[19.805968,41.314792],[19.805973,41.314803],[19.806041,41.314963],[19.806098,41.315097],[19.806113,41.315133],[19.806114,41.315135],[19.806187,41.315306],[19.80626,41.315477],[19.806262,41.315482],[19.806275,41.315512],[19.806333,41.315649],[19.806405,41.315818],[19.806405,41.31582],[19.806443,41.315907],[19.806478,41.315991],[19.806551,41.316163],[19.806576,41.316221],[19.806624,41.316334],[19.80666,41.316419],[19.806694,41.316498],[19.806697,41.316505],[19.806715,41.316549],[19.806744,41.316615],[19.806769,41.316677],[19.806785,41.316713],[19.806841,41.316848],[19.806852,41.316874],[19.80687,41.316913],[19.806884,41.317013],[19.806882,41.317023],[19.806877,41.317054],[19.806853,41.317095],[19.806821,41.317124],[19.806779,41.31716],[19.806762,41.317176],[19.806699,41.317235],[19.806734,41.317256],[19.80676,41.317284],[19.806774,41.317316],[19.806774,41.317319],[19.806775,41.31735],[19.806764,41.317383],[19.8068,41.317486],[19.806804,41.317494],[19.806853,41.317609],[19.806896,41.317658],[19.807009,41.317788],[19.807027,41.317808],[19.807159,41.317959],[19.807273,41.318089],[19.807291,41.318109],[19.807422,41.318259],[19.807497,41.318344],[19.807554,41.318409],[19.807648,41.318517],[19.807685,41.31856],[19.807743,41.318626],[19.807812,41.318704],[19.807817,41.31871],[19.807833,41.318729],[19.807922,41.318829],[19.807949,41.31886],[19.808,41.318919],[19.808057,41.318985],[19.80808,41.319011],[19.80812,41.319057],[19.808156,41.319095],[19.808211,41.319161],[19.808338,41.319314],[19.808343,41.319319],[19.808468,41.319465],[19.808553,41.319565],[19.808592,41.31961],[19.808597,41.319616],[19.808626,41.319648],[19.808726,41.319768],[19.808854,41.31992],[19.808981,41.320072],[19.809005,41.3201],[19.809041,41.320143],[19.809111,41.320224],[19.809131,41.320247],[19.809238,41.320376],[19.80933,41.320486],[19.809365,41.320529],[19.809447,41.320629],[19.809491,41.320681],[19.809499,41.32069],[19.809619,41.320833],[19.809635,41.320852],[19.809743,41.320987],[19.809749,41.320995],[19.809793,41.321074],[19.80982,41.321146],[19.80982,41.321157],[19.809819,41.32122],[19.809795,41.321336],[19.80979,41.321359],[19.809867,41.321369],[19.809923,41.321381],[19.809986,41.321399],[19.809989,41.321401],[19.81004,41.321428],[19.810077,41.321461],[19.810117,41.321505],[19.810141,41.321537],[19.810169,41.321574],[19.81021,41.321628],[19.810234,41.321688],[19.810237,41.321701],[19.810254,41.321762],[19.810273,41.321878],[19.810273,41.321881],[19.810281,41.321966],[19.810285,41.322008],[19.810285,41.322012],[19.810286,41.322043],[19.810286,41.322058],[19.810285,41.32208],[19.810426,41.322102],[19.810491,41.322112],[19.810668,41.32214],[19.810726,41.322149],[19.810876,41.322173],[19.810928,41.322181],[19.81096,41.322186],[19.811132,41.322214],[19.811194,41.322224],[19.811221,41.322228],[19.811429,41.322261],[19.811663,41.322298],[19.811897,41.322335],[19.812132,41.322372],[19.812306,41.322399],[19.812366,41.322409],[19.812601,41.322446],[19.812835,41.322483],[19.813069,41.32252],[19.813242,41.322547],[19.813304,41.322556],[19.813386,41.322569],[19.813365,41.322642],[19.813359,41.322669],[19.813354,41.322684],[19.813307,41.322861],[19.813292,41.322916],[19.813284,41.322943],[19.813265,41.323005],[19.813255,41.323036],[19.813223,41.323136],[19.813212,41.323172],[19.8132,41.323211],[19.813156,41.323363],[19.813149,41.323387],[19.813128,41.323458],[19.813099,41.323563],[19.813073,41.323655],[19.813061,41.323698],[19.81305,41.323739],[19.813049,41.323742],[19.813,41.323915],[19.812999,41.323919],[19.812951,41.324091],[19.812945,41.324113],[19.812902,41.324267],[19.812853,41.324443],[19.812804,41.324619],[19.812802,41.324627],[19.812788,41.324679],[19.812755,41.324795],[19.81273,41.324887],[19.812716,41.324937],[19.81276,41.324944],[19.812995,41.324981],[19.813229,41.325018],[19.813405,41.325046],[19.813463,41.325055],[19.813697,41.325093],[19.813932,41.32513],[19.814074,41.325153],[19.814166,41.325167],[19.8144,41.325204],[19.814635,41.325241],[19.814869,41.325277],[19.815104,41.325314],[19.815198,41.325329],[19.815338,41.325351],[19.815506,41.325377],[19.815573,41.325388],[19.815807,41.325425],[19.816042,41.325462],[19.816119,41.325474],[19.816199,41.325487],[19.816276,41.325499],[19.816392,41.325517],[19.81651,41.325536],[19.816696,41.325566],[19.816745,41.325573],[19.816794,41.325581],[19.816902,41.325598],[19.816979,41.32561],[19.817038,41.325619],[19.817214,41.325646],[19.817346,41.325667],[19.817448,41.325683],[19.817682,41.32572],[19.817917,41.325757],[19.818151,41.325794],[19.818386,41.32583],[19.81862,41.325867],[19.818855,41.325904],[19.818888,41.325909],[19.818923,41.325915],[19.819015,41.325929],[19.819089,41.32594],[19.819105,41.325943],[19.819061,41.326107],[19.819013,41.326284],[19.818965,41.32646],[19.818958,41.326489],[19.818918,41.326636],[19.818911,41.326661],[19.818909,41.326713],[19.818925,41.326758],[19.818944,41.326779],[19.818972,41.326802],[19.818975,41.326804],[19.819047,41.326858],[19.81911,41.326915],[19.81913,41.326936],[19.819164,41.32697],[19.819201,41.327013],[19.819236,41.327063],[19.819257,41.327089],[19.819265,41.327099],[19.81928,41.327113],[19.819307,41.327132],[19.81934,41.327143],[19.819404,41.327158],[19.819464,41.327163],[19.819496,41.327166],[19.819632,41.327178],[19.819702,41.327184],[19.819939,41.327205],[19.820177,41.327225],[19.820177,41.327225],[19.820415,41.327246],[19.820624,41.327264],[19.820653,41.327267],[19.820891,41.327288],[19.821042,41.327301],[19.821129,41.327309],[19.821367,41.327329],[19.821371,41.32733],[19.821605,41.32735],[19.821843,41.327371],[19.821888,41.327375],[19.822053,41.327389],[19.822081,41.327392],[19.822319,41.327412],[19.822489,41.327427],[19.822554,41.327441],[19.822609,41.327452],[19.822671,41.327474],[19.822706,41.327514],[19.822722,41.327508],[19.822706,41.327514],[19.822622,41.327568],[19.822583,41.327591],[19.82254,41.327625],[19.822526,41.327636],[19.822463,41.327685],[19.82239,41.327759],[19.822387,41.327763],[19.822331,41.327831],[19.822273,41.327921],[19.822247,41.327963],[19.822176,41.328086],[19.822081,41.328251],[19.822075,41.328261],[19.821989,41.328417],[19.821957,41.328476],[19.8219,41.328584],[19.821889,41.328603],[19.821803,41.328748],[19.821772,41.3288],[19.821709,41.328914],[19.821615,41.329079],[19.821522,41.329245],[19.821428,41.32941],[19.821428,41.329411],[19.821333,41.329575],[19.821237,41.32974],[19.821142,41.329905],[19.821092,41.32999],[19.821046,41.33007],[19.820952,41.330235],[19.820857,41.330401],[19.820834,41.330441],[19.82082,41.330465],[19.820737,41.330552],[19.820675,41.330617],[19.820612,41.330611],[19.820548,41.330604],[19.820481,41.3306],[19.820379,41.330598],[19.820373,41.330599],[19.820278,41.330605],[19.820163,41.330613],[19.820133,41.330612],[19.820037,41.330611],[19.819896,41.330595],[19.81985,41.330589],[19.81966,41.330564],[19.819553,41.330549],[19.819424,41.330532],[19.819188,41.3305],[19.819044,41.330481],[19.818953,41.330468],[19.818717,41.330437],[19.818481,41.330405],[19.818245,41.330373],[19.818071,41.33035],[19.818029,41.330344],[19.81801,41.330341],[19.817947,41.330332],[19.817919,41.330432],[19.817911,41.330461],[19.817862,41.330637],[19.817813,41.330813],[19.817764,41.330989],[19.81774,41.331077],[19.817716,41.331165],[19.817698,41.331231],[19.817667,41.331342],[19.817618,41.331518],[19.81759,41.331621],[19.817569,41.331694],[19.817521,41.33187],[19.817493,41.331973],[19.817485,41.332],[19.817472,41.332046],[19.817424,41.332222],[19.817392,41.332337],[19.817375,41.332398],[19.817327,41.332574],[19.817278,41.332751],[19.81723,41.332927],[19.817196,41.333051],[19.817181,41.333103],[19.817157,41.333181],[19.81713,41.333279],[19.817119,41.333319],[19.817107,41.33336],[19.81708,41.333454],[19.817029,41.33363],[19.816979,41.333806],[19.816929,41.333982],[19.816878,41.334158],[19.816828,41.334333],[19.816777,41.334509],[19.816747,41.334615],[19.81673,41.334686],[19.816721,41.334721],[19.816683,41.334862],[19.816636,41.335039],[19.816589,41.335215],[19.816587,41.335224],[19.81654,41.335391],[19.81649,41.335567],[19.816465,41.335657],[19.816446,41.335729],[19.816429,41.335799],[19.81642,41.335833],[19.816387,41.335911],[19.8165,41.33593],[19.816644,41.335953],[19.816831,41.335984],[19.816852,41.335987],[19.817023,41.336016],[19.817085,41.336027],[19.817196,41.336047],[19.817244,41.336055],[19.817318,41.336068],[19.817324,41.33607],[19.817437,41.33609],[19.81755,41.336114],[19.817603,41.336126],[19.817709,41.336163],[19.817769,41.336185],[19.817984,41.336265],[19.818198,41.336345],[19.818345,41.3364],[19.818412,41.336426],[19.8186,41.3365],[19.818625,41.336509],[19.818837,41.336592],[19.81905,41.336674],[19.819069,41.336681],[19.819144,41.336711],[19.819263,41.336757],[19.819476,41.336839],[19.819661,41.336911],[19.819688,41.336922],[19.819896,41.337009],[19.819898,41.33701],[19.819925,41.337021],[19.820067,41.337083],[19.820104,41.337101],[19.820162,41.337129],[19.820299,41.337205],[19.820493,41.337311],[19.820585,41.337362],[19.820685,41.337418],[19.820878,41.337525],[19.820968,41.337575],[19.82107,41.337632],[19.821187,41.337697],[19.82126,41.337741],[19.821269,41.337746],[19.821372,41.337816],[19.821439,41.337861],[19.821551,41.337936],[19.821618,41.337981],[19.821671,41.338016],[19.821796,41.338101],[19.821829,41.338123],[19.821924,41.338186],[19.821966,41.338214],[19.821975,41.338221],[19.822002,41.338241],[19.822091,41.338305],[19.822147,41.338346],[19.822187,41.338375],[19.822315,41.338474],[19.822481,41.338603],[19.822648,41.338733],[19.822749,41.338811],[19.822817,41.33886],[19.822988,41.338986],[19.82299,41.338987],[19.82317,41.339103],[19.823356,41.339213],[19.823359,41.339215],[19.823552,41.339318],[19.823553,41.339319],[19.823677,41.339377],[19.823757,41.339414],[19.82385,41.339458],[19.823963,41.339506],[19.824016,41.339529],[19.824174,41.33959],[19.824177,41.339591],[19.824372,41.33966],[19.824392,41.339666],[19.824614,41.339733],[19.824679,41.339752],[19.824777,41.33978],[19.824838,41.339796],[19.825005,41.33984],[19.825065,41.339854],[19.825229,41.339894],[19.825293,41.339907],[19.825432,41.339936],[19.825525,41.339952],[19.825656,41.339974],[19.825722,41.339985],[19.825759,41.33999],[19.825994,41.340025],[19.826139,41.340046],[19.826184,41.340053],[19.82623,41.340058],[19.826322,41.340071],[19.826466,41.340087],[19.826549,41.340096],[19.826703,41.340113],[19.82694,41.34014],[19.827177,41.340166],[19.827414,41.340192],[19.827642,41.340217],[19.827651,41.340218],[19.827888,41.340243],[19.827945,41.340249],[19.828126,41.340263],[19.828268,41.340275],[19.828364,41.34028],[19.828379,41.340281],[19.828477,41.340283],[19.828583,41.340278],[19.828604,41.340275],[19.82866,41.340267],[19.828729,41.340252],[19.828785,41.340234],[19.828828,41.340215],[19.828905,41.340181],[19.828946,41.340157],[19.829007,41.340111],[19.829016,41.340105],[19.829024,41.340099],[19.829072,41.340054],[19.829117,41.339997],[19.829167,41.340023],[19.829217,41.34005],[19.829291,41.340088],[19.829362,41.340127],[19.829428,41.340164],[19.829558,41.340231],[19.829562,41.340234],[19.829758,41.340331],[19.829958,41.34043],[19.830157,41.340529],[19.830357,41.340628],[19.830462,41.34068],[19.830546,41.340721],[19.830558,41.340727],[19.830667,41.340778],[19.830759,41.340823],[19.830778,41.340833],[19.83096,41.340921],[19.831161,41.34102],[19.831216,41.341047],[19.83136,41.341119],[19.831558,41.34122],[19.831756,41.341321],[19.831899,41.341394],[19.831955,41.341422],[19.832153,41.341523],[19.832351,41.341624],[19.832542,41.341721],[19.83255,41.341724],[19.832748,41.341826],[19.832946,41.341927],[19.832946,41.341927],[19.832975,41.341942],[19.833034,41.341972],[19.833144,41.342028],[19.83321,41.342061],[19.833255,41.342084],[19.833343,41.342128],[19.833403,41.342158],[19.83354,41.34223],[19.83372,41.342325],[19.833736,41.342333],[19.833816,41.342373],[19.833874,41.342403],[19.833935,41.342433],[19.834133,41.342534],[19.834143,41.342539],[19.834332,41.342635],[19.834374,41.342656],[19.83453,41.342736],[19.834554,41.342748],[19.834729,41.342836],[19.834833,41.342888],[19.834926,41.342938],[19.834996,41.342975],[19.835116,41.343048],[19.835139,41.343062],[19.835298,41.343164],[19.835319,41.343178],[19.835474,41.343286],[19.835626,41.343393],[19.835649,41.343409],[19.835825,41.343532],[19.836,41.343654],[19.836175,41.343777],[19.836311,41.343871],[19.836351,41.343899],[19.836464,41.343977],[19.836526,41.344021],[19.836702,41.344144],[19.836877,41.344266],[19.837052,41.344389],[19.837228,41.344512],[19.837334,41.344586],[19.837403,41.344634],[19.837579,41.344756],[19.83762,41.344784],[19.837755,41.344878],[19.837809,41.344916],[19.83793,41.345001],[19.83804,41.345078],[19.838103,41.345125],[19.838125,41.345142],[19.838156,41.345166],[19.838206,41.345199],[19.838245,41.34522],[19.838239,41.345257],[19.838234,41.345296],[19.838232,41.345344],[19.83824,41.345393],[19.838249,41.345419],[19.838255,41.345435],[19.838317,41.345609],[19.838327,41.345639],[19.83837,41.345754],[19.83838,41.345782],[19.838386,41.345801],[19.838394,41.34584],[19.838394,41.345873],[19.838391,41.345903],[19.838375,41.34596],[19.838347,41.346068],[19.838326,41.346136],[19.838312,41.346181],[19.838272,41.346311],[19.838248,41.346393],[19.838237,41.34643],[19.838213,41.346485],[19.838186,41.346552],[19.838142,41.346657],[19.838121,41.346706],[19.838111,41.346729],[19.838049,41.346822],[19.838028,41.346853],[19.837836,41.346831],[19.837683,41.346814],[19.8376,41.346805],[19.837363,41.346778],[19.837126,41.346751],[19.836889,41.346724],[19.836796,41.346713],[19.836743,41.346708],[19.836652,41.346698],[19.836415,41.346673],[19.836178,41.346647],[19.836016,41.34663],[19.835941,41.346622],[19.835773,41.346603],[19.835704,41.346595],[19.835611,41.346586],[19.835467,41.346571],[19.83523,41.346546],[19.834992,41.346521],[19.834971,41.346519],[19.834755,41.346496],[19.834732,41.346493],[19.834686,41.346488],[19.834518,41.34647],[19.834404,41.346458],[19.834337,41.34645],[19.834281,41.346444],[19.834047,41.346419],[19.834044,41.346418],[19.833807,41.346393],[19.83357,41.346368],[19.833491,41.346359],[19.833503,41.346479],[19.833514,41.346583],[19.833516,41.346658],[19.83352,41.346838],[19.833521,41.346902],[19.83352,41.346986],[19.833517,41.347018],[19.83351,41.347124],[19.833502,41.347198],[19.833495,41.347258],[19.833479,41.347377],[19.833474,41.347416],[19.833452,41.347555],[19.833437,41.347654],[19.833422,41.347734],[19.833392,41.347901],[19.833389,41.347912],[19.833377,41.347969],[19.833378,41.348058],[19.833369,41.348092],[19.833365,41.348109],[19.83334,41.348154],[19.833284,41.348208],[19.833255,41.348255],[19.833246,41.34827],[19.833206,41.348334],[19.833159,41.34842],[19.833149,41.348439],[19.833097,41.348573],[19.833091,41.348592],[19.83304,41.348768],[19.83299,41.348944],[19.832969,41.349017],[19.832941,41.34912],[19.832893,41.349296],[19.832891,41.349303],[19.832874,41.349366],[19.832856,41.349401],[19.832824,41.349436],[19.832803,41.34946],[19.832781,41.349486],[19.832728,41.349546],[19.832708,41.349592],[19.832699,41.34962],[19.832691,41.349649],[19.832641,41.349795],[19.832582,41.349969],[19.832522,41.350143],[19.832478,41.350273],[19.83245,41.350314],[19.832439,41.35033],[19.832394,41.350374],[19.832338,41.35041],[19.832276,41.350434],[19.832266,41.350438],[19.832055,41.350503],[19.831972,41.350529],[19.831915,41.350548],[19.831862,41.350559],[19.83183,41.350561],[19.831792,41.350563],[19.83167,41.35056],[19.83159,41.35056],[19.831418,41.350561]]},"properties":{"line":"1B","dir":"0","headsign":"Allias","mode":"bus","color":"#0059a9"}},{"type":"Feature","geometry":{"type":"LineString","coordinates":[[19.831418,41.350561],[19.831658,41.35056],[19.83167,41.35056],[19.831792,41.350563],[19.831862,41.350559],[19.831896,41.350552],[19.831915,41.350548],[19.831972,41.350529],[19.832117,41.350484],[19.832266,41.350438],[19.832335,41.35041],[19.832338,41.35041],[19.832394,41.350374],[19.832439,41.35033],[19.832478,41.350273],[19.83248,41.350268],[19.832539,41.350094],[19.832598,41.34992],[19.832658,41.349746],[19.832691,41.349649],[19.832708,41.349592],[19.832717,41.349571],[19.832728,41.349546],[19.832781,41.349486],[19.832824,41.349436],[19.83284,41.349418],[19.832856,41.349401],[19.832874,41.349366],[19.832891,41.349303],[19.832906,41.349246],[19.832954,41.34907],[19.832969,41.349017],[19.833004,41.348894],[19.833055,41.348718],[19.833097,41.348573],[19.833108,41.348543],[19.833149,41.348439],[19.833185,41.348373],[19.833206,41.348334],[19.833246,41.34827],[19.833284,41.348209],[19.833284,41.348208],[19.83334,41.348154],[19.833365,41.348109],[19.833378,41.348058],[19.833378,41.348038],[19.833377,41.347969],[19.833392,41.347901],[19.833399,41.347862],[19.833431,41.347684],[19.833437,41.347654],[19.83346,41.347505],[19.833474,41.347416],[19.833486,41.347326],[19.833495,41.347258],[19.833508,41.347147],[19.83351,41.347124],[19.83352,41.346986],[19.83352,41.346967],[19.833521,41.346902],[19.833519,41.346788],[19.833514,41.346608],[19.833514,41.346583],[19.833498,41.346428],[19.833491,41.346359],[19.833637,41.346375],[19.833874,41.3464],[19.834047,41.346419],[19.834111,41.346426],[19.834337,41.34645],[19.834348,41.346451],[19.834404,41.346458],[19.834585,41.346477],[19.834686,41.346488],[19.834732,41.346493],[19.834822,41.346503],[19.834971,41.346519],[19.835059,41.346528],[19.835296,41.346553],[19.835533,41.346578],[19.835611,41.346586],[19.835771,41.346602],[19.835773,41.346603],[19.836008,41.346629],[19.836016,41.34663],[19.836245,41.346654],[19.836482,41.34668],[19.836719,41.346705],[19.836743,41.346708],[19.836796,41.346713],[19.836956,41.346731],[19.837193,41.346758],[19.837429,41.346785],[19.837666,41.346812],[19.837683,41.346814],[19.837903,41.346839],[19.838028,41.346853],[19.838079,41.346777],[19.838111,41.346729],[19.838121,41.346706],[19.838162,41.346609],[19.838186,41.346552],[19.838233,41.346437],[19.838237,41.34643],[19.838248,41.346393],[19.838287,41.346262],[19.838312,41.346181],[19.838341,41.346087],[19.838347,41.346068],[19.838389,41.34591],[19.838391,41.345903],[19.838394,41.345873],[19.838394,41.34584],[19.838386,41.345801],[19.83837,41.345754],[19.838363,41.345733],[19.838327,41.345639],[19.838299,41.34556],[19.838249,41.345419],[19.83824,41.345393],[19.838238,41.345385],[19.838232,41.345344],[19.838234,41.345296],[19.838198,41.34528],[19.838148,41.34525],[19.838138,41.345243],[19.838095,41.345212],[19.838026,41.345164],[19.838003,41.345147],[19.837963,41.34512],[19.837787,41.344997],[19.837612,41.344875],[19.837436,41.344753],[19.83726,41.344631],[19.837129,41.344541],[19.837084,41.344509],[19.83691,41.344385],[19.836736,41.344262],[19.836716,41.344247],[19.836585,41.344154],[19.836562,41.344138],[19.836386,41.344016],[19.83621,41.343894],[19.836209,41.343893],[19.836035,41.343771],[19.83586,41.343649],[19.835782,41.343594],[19.835685,41.343526],[19.835509,41.343404],[19.835334,41.343281],[19.835174,41.343169],[19.835158,41.343159],[19.835085,41.343111],[19.834973,41.343045],[19.834943,41.343027],[19.834785,41.342948],[19.834776,41.342943],[19.834578,41.342842],[19.834379,41.342741],[19.834181,41.34264],[19.834158,41.342628],[19.833983,41.342539],[19.833785,41.342437],[19.83367,41.342378],[19.833588,41.342336],[19.833516,41.342299],[19.83344,41.342261],[19.833389,41.342235],[19.833235,41.342157],[19.833204,41.342141],[19.833191,41.342134],[19.833158,41.342118],[19.832992,41.342034],[19.832982,41.342029],[19.832922,41.342],[19.832795,41.341932],[19.832751,41.341909],[19.832597,41.341831],[19.832501,41.341782],[19.832399,41.341729],[19.832325,41.341691],[19.832202,41.341627],[19.832005,41.341525],[19.831849,41.341445],[19.831807,41.341423],[19.83161,41.341322],[19.83154,41.341285],[19.83141,41.341222],[19.831233,41.341136],[19.831209,41.341125],[19.831009,41.341027],[19.830952,41.340999],[19.830808,41.340928],[19.830807,41.340928],[19.830617,41.340838],[19.830606,41.340832],[19.830543,41.340802],[19.830496,41.340779],[19.830414,41.340738],[19.830405,41.340734],[19.830245,41.340655],[19.830205,41.340635],[19.830005,41.340536],[19.829805,41.340437],[19.829605,41.340338],[19.829467,41.340269],[19.829399,41.340248],[19.829309,41.34022],[19.829261,41.34021],[19.829213,41.340207],[19.829168,41.340206],[19.829126,41.340206],[19.829035,41.340214],[19.829003,41.340231],[19.828948,41.34026],[19.828942,41.340263],[19.828859,41.340296],[19.8288,41.340317],[19.828748,41.340329],[19.82873,41.340333],[19.828675,41.340344],[19.828626,41.340351],[19.828498,41.340357],[19.828493,41.340357],[19.828382,41.340354],[19.828254,41.340346],[19.828201,41.340343],[19.828016,41.340328],[19.827961,41.340323],[19.827778,41.340306],[19.827711,41.340299],[19.827541,41.34028],[19.827304,41.340254],[19.827067,41.340228],[19.82683,41.340202],[19.826593,41.340176],[19.826574,41.340174],[19.826541,41.340171],[19.826356,41.34015],[19.826339,41.340149],[19.82617,41.340129],[19.82612,41.340121],[19.825885,41.340087],[19.825793,41.340074],[19.82565,41.340049],[19.825478,41.34002],[19.825417,41.340007],[19.825215,41.339967],[19.825187,41.33996],[19.824958,41.339905],[19.824921,41.339896],[19.824734,41.339843],[19.824652,41.33982],[19.82451,41.339779],[19.824418,41.339752],[19.824289,41.339709],[19.824266,41.339702],[19.824076,41.339628],[19.824033,41.339612],[19.823867,41.33954],[19.823808,41.339515],[19.823661,41.339447],[19.823634,41.339435],[19.823498,41.339373],[19.823459,41.339351],[19.823297,41.339264],[19.823266,41.339245],[19.82311,41.339155],[19.823078,41.339133],[19.822926,41.339034],[19.822899,41.339014],[19.822726,41.338889],[19.822687,41.338861],[19.822558,41.338761],[19.822391,41.338632],[19.822344,41.338596],[19.822223,41.338504],[19.822119,41.338425],[19.822054,41.338377],[19.821896,41.338262],[19.821882,41.338252],[19.821706,41.338129],[19.821672,41.338105],[19.821525,41.338012],[19.82142,41.337945],[19.821343,41.337895],[19.821322,41.33788],[19.821199,41.337799],[19.821161,41.337778],[19.820969,41.33767],[19.820777,41.337563],[19.820765,41.337557],[19.820649,41.337491],[19.820549,41.337434],[19.820457,41.337384],[19.820263,41.337278],[19.820121,41.337201],[19.820107,41.337194],[19.820067,41.337174],[19.820008,41.337146],[19.819875,41.337085],[19.819863,41.33708],[19.819652,41.336995],[19.819453,41.336914],[19.819442,41.33691],[19.819231,41.336824],[19.819229,41.336824],[19.819018,41.336741],[19.818974,41.336724],[19.818806,41.336658],[19.818594,41.336575],[19.818443,41.336516],[19.818381,41.336492],[19.818168,41.33641],[19.817955,41.336328],[19.817953,41.336328],[19.817912,41.336312],[19.81774,41.336249],[19.81771,41.336238],[19.817675,41.336225],[19.817566,41.336196],[19.817515,41.336186],[19.817384,41.336159],[19.817283,41.336143],[19.81722,41.336132],[19.817049,41.336103],[19.816874,41.336074],[19.816816,41.336064],[19.816582,41.336025],[19.816521,41.336014],[19.816478,41.336007],[19.816358,41.335988],[19.816348,41.335986],[19.816214,41.335965],[19.816231,41.335888],[19.816232,41.335886],[19.816254,41.335806],[19.816281,41.335712],[19.816302,41.335644],[19.816316,41.335597],[19.816333,41.335537],[19.816384,41.335361],[19.816417,41.335247],[19.816435,41.335185],[19.816484,41.335009],[19.816533,41.334833],[19.816582,41.334657],[19.816617,41.33453],[19.816631,41.334481],[19.816681,41.334305],[19.816731,41.334129],[19.816733,41.334124],[19.816779,41.333953],[19.816827,41.333777],[19.816874,41.3336],[19.816922,41.333424],[19.816956,41.333295],[19.816964,41.333246],[19.816981,41.333134],[19.816999,41.333069],[19.817012,41.333025],[19.817048,41.332893],[19.817096,41.332717],[19.817127,41.332604],[19.817145,41.33254],[19.817193,41.332364],[19.817196,41.332351],[19.817241,41.332188],[19.817289,41.332012],[19.8173,41.331972],[19.817317,41.331912],[19.817338,41.331836],[19.817386,41.33166],[19.817435,41.331483],[19.817483,41.331307],[19.817515,41.331192],[19.817531,41.331131],[19.81758,41.330955],[19.817629,41.330779],[19.817677,41.330603],[19.817725,41.330431],[19.817726,41.330427],[19.817733,41.330402],[19.81776,41.330302],[19.817691,41.330291],[19.817643,41.330284],[19.817457,41.330255],[19.817222,41.330219],[19.816987,41.330183],[19.81692,41.330173],[19.816851,41.330157],[19.816764,41.330132],[19.816759,41.33013],[19.816703,41.330106],[19.816622,41.330063],[19.816563,41.330027],[19.816538,41.330011],[19.816466,41.329954],[19.816404,41.329893],[19.816393,41.329882],[19.816329,41.3298],[19.81629,41.329735],[19.816275,41.329711],[19.816206,41.329567],[19.81613,41.32941],[19.816125,41.329397],[19.816058,41.329224],[19.816009,41.329097],[19.815996,41.329051],[19.815978,41.328988],[19.816013,41.328871],[19.816064,41.328695],[19.816074,41.328662],[19.816109,41.328518],[19.816153,41.328342],[19.816163,41.328304],[19.816171,41.328269],[19.816188,41.328199],[19.816196,41.328165],[19.816202,41.328138],[19.816211,41.3281],[19.81624,41.327989],[19.81624,41.327988],[19.816284,41.327811],[19.816284,41.32781],[19.816331,41.327641],[19.816333,41.327635],[19.816379,41.327458],[19.816419,41.327303],[19.816425,41.327282],[19.816475,41.327106],[19.816525,41.32693],[19.816534,41.326899],[19.816555,41.326826],[19.816575,41.326754],[19.8166,41.326663],[19.816624,41.326578],[19.816674,41.326402],[19.816724,41.326226],[19.81677,41.326068],[19.816774,41.32605],[19.816824,41.325875],[19.816865,41.325732],[19.816874,41.325699],[19.81689,41.325642],[19.816902,41.325598],[19.816923,41.325523],[19.81693,41.325498],[19.816973,41.325347],[19.817023,41.325171],[19.817073,41.324995],[19.817095,41.324916],[19.817122,41.324819],[19.817172,41.324643],[19.817215,41.324492],[19.817222,41.324467],[19.817271,41.324291],[19.817306,41.324166],[19.817321,41.324115],[19.817355,41.323996],[19.817372,41.323939],[19.817412,41.323799],[19.81742,41.323771],[19.817422,41.323763],[19.817447,41.323667],[19.817342,41.32365],[19.817332,41.323649],[19.817107,41.323613],[19.816873,41.323576],[19.816638,41.323539],[19.816404,41.323502],[19.81617,41.323465],[19.815935,41.323428],[19.815701,41.323391],[19.815466,41.323354],[19.815333,41.323333],[19.815232,41.323318],[19.814997,41.323283],[19.814884,41.323266],[19.814762,41.323246],[19.814528,41.323208],[19.814367,41.323182],[19.814294,41.323171],[19.81406,41.323134],[19.813825,41.323098],[19.813821,41.323097],[19.813591,41.323059],[19.813484,41.323042],[19.813441,41.323035],[19.813357,41.323021],[19.813265,41.323005],[19.813284,41.322943],[19.813292,41.322916],[19.813296,41.3229],[19.813344,41.322723],[19.813359,41.322669],[19.813365,41.322642],[19.813386,41.322569],[19.813391,41.322547],[19.813405,41.322498],[19.81344,41.322371],[19.813489,41.322195],[19.813499,41.322161],[19.813534,41.322029],[19.813537,41.322019],[19.813585,41.321842],[19.813617,41.321728],[19.813633,41.321666],[19.813644,41.321626],[19.81368,41.32149],[19.813728,41.321314],[19.813775,41.321137],[19.813784,41.321106],[19.813796,41.321062],[19.813811,41.321009],[19.813824,41.320961],[19.813873,41.320785],[19.813881,41.320756],[19.813922,41.320609],[19.813951,41.320505],[19.813971,41.320433],[19.813977,41.320412],[19.81402,41.320257],[19.814042,41.320179],[19.814069,41.320081],[19.814118,41.319905],[19.814167,41.319729],[19.814178,41.31969],[19.814216,41.319553],[19.814219,41.319543],[19.814236,41.319483],[19.814265,41.319377],[19.814281,41.319319],[19.814308,41.319221],[19.814313,41.3192],[19.814351,41.319067],[19.814363,41.319024],[19.814403,41.318879],[19.814412,41.318848],[19.814442,41.318738],[19.814455,41.318694],[19.814462,41.318672],[19.814464,41.318663],[19.814406,41.318642],[19.81436,41.318609],[19.81433,41.318566],[19.814325,41.31854],[19.81432,41.318519],[19.814331,41.318471],[19.814308,41.318445],[19.814289,41.318423],[19.814277,41.318413],[19.81426,41.318401],[19.814242,41.318389],[19.814237,41.318387],[19.814207,41.318375],[19.81418,41.318369],[19.814006,41.318341],[19.813772,41.318304],[19.813538,41.318266],[19.813501,41.318261],[19.813304,41.318229],[19.813069,41.318191],[19.812966,41.318174],[19.812881,41.31816],[19.812881,41.31816],[19.812692,41.318129],[19.812458,41.318091],[19.812251,41.318057],[19.812224,41.318053],[19.811989,41.318016],[19.811811,41.317989],[19.811755,41.31798],[19.811521,41.317942],[19.811286,41.317905],[19.811052,41.317868],[19.81087,41.317839],[19.810817,41.317835],[19.810784,41.317833],[19.81069,41.317838],[19.810581,41.317859],[19.810532,41.317868],[19.810365,41.317934],[19.810333,41.317947],[19.810302,41.317962],[19.810163,41.31803],[19.809963,41.318129],[19.809794,41.318213],[19.809763,41.318228],[19.809564,41.318328],[19.809364,41.318427],[19.809164,41.318527],[19.808965,41.318626],[19.808773,41.318722],[19.808765,41.318725],[19.808565,41.318824],[19.808508,41.318852],[19.808366,41.318924],[19.808285,41.318965],[19.808171,41.319029],[19.80812,41.319057],[19.808057,41.318985],[19.808024,41.318946],[19.808,41.318919],[19.807922,41.318829],[19.807892,41.318796],[19.807833,41.318729],[19.807812,41.318704],[19.807811,41.318703],[19.807743,41.318626],[19.807716,41.318595],[19.807648,41.318517],[19.807585,41.318445],[19.807497,41.318344],[19.807453,41.318295],[19.807322,41.318144],[19.807273,41.318089],[19.80719,41.317994],[19.807059,41.317844],[19.807009,41.317788],[19.806927,41.317693],[19.806853,41.317609],[19.806774,41.317557],[19.806729,41.317528],[19.806663,41.317489],[19.80658,41.317453],[19.806578,41.317452],[19.806536,41.317439],[19.806501,41.317417],[19.806476,41.317389],[19.806462,41.317357],[19.80646,41.317324],[19.806463,41.317315],[19.806465,41.317309],[19.806472,41.317291],[19.806495,41.317262],[19.806517,41.317246],[19.806528,41.317239],[19.806555,41.317228],[19.806511,41.317167],[19.806473,41.317114],[19.80639,41.317011],[19.806326,41.316932],[19.806266,41.316857],[19.806142,41.316704],[19.806018,41.31655],[19.805894,41.316396],[19.805886,41.316386],[19.805824,41.316309],[19.805796,41.316276],[19.805767,41.316244],[19.805647,41.316107],[19.805635,41.316094],[19.805568,41.316018],[19.805527,41.315972],[19.805507,41.315948],[19.805503,41.315943],[19.805378,41.31579],[19.80526,41.315646],[19.805253,41.315637],[19.805219,41.315596],[19.805137,41.31548],[19.805031,41.315329],[19.805025,41.315321],[19.804909,41.315163],[19.804822,41.315046],[19.804793,41.315006],[19.804781,41.31499],[19.804729,41.314932],[19.804659,41.314857],[19.804571,41.314761],[19.804521,41.31471],[19.804492,41.314681],[19.804385,41.314562],[19.804368,41.314542],[19.804319,41.314485],[19.804293,41.314455],[19.804255,41.314411],[19.804245,41.314399],[19.804195,41.314341],[19.80418,41.314322],[19.804127,41.314259],[19.803998,41.314107],[19.803911,41.314003],[19.80387,41.313955],[19.803868,41.313953],[19.803749,41.3138],[19.803653,41.313677],[19.803615,41.313653],[19.803611,41.313651],[19.803555,41.31362],[19.803474,41.31357],[19.803412,41.313562],[19.803407,41.313562],[19.803359,41.31356],[19.803251,41.313571],[19.803174,41.313579],[19.803161,41.313581],[19.802937,41.313605],[19.802933,41.313605],[19.802843,41.313614],[19.8027,41.313629],[19.802646,41.313634],[19.802463,41.313656],[19.802279,41.313678],[19.802226,41.313685],[19.80199,41.313716],[19.801904,41.313728],[19.801808,41.313744],[19.801756,41.313753],[19.801687,41.313764],[19.801524,41.313797],[19.801484,41.313805],[19.801345,41.313835],[19.801294,41.313847],[19.801245,41.313858],[19.801065,41.313899],[19.801048,41.313903],[19.800979,41.313914],[19.800918,41.313917],[19.800855,41.313929],[19.800831,41.313935],[19.800709,41.313963],[19.800612,41.314004],[19.800564,41.314025],[19.800409,41.3141],[19.800378,41.314115],[19.800285,41.314172],[19.80022,41.314211],[19.800193,41.314227],[19.800068,41.314313],[19.800043,41.314331],[19.799974,41.314383],[19.79988,41.314463],[19.799861,41.314479],[19.79976,41.314578],[19.799733,41.314605],[19.799706,41.314633],[19.799616,41.314761],[19.799611,41.314768],[19.799603,41.314796],[19.79959,41.314823],[19.799573,41.314848],[19.799552,41.314872],[19.799527,41.314893],[19.799498,41.314912],[19.799495,41.314913],[19.799467,41.314927],[19.799433,41.31494],[19.799397,41.314949],[19.79936,41.314955],[19.799322,41.314957],[19.799284,41.314955],[19.799268,41.314953],[19.799247,41.31495],[19.799211,41.314941],[19.799177,41.314929],[19.799145,41.314914],[19.799116,41.314896],[19.79909,41.314875],[19.799073,41.314857],[19.799068,41.314852],[19.79905,41.314827],[19.799037,41.3148],[19.799028,41.314772],[19.799024,41.314744],[19.799025,41.314716],[19.798983,41.314715],[19.798949,41.314714],[19.798821,41.314726],[19.798747,41.314737],[19.798572,41.314764],[19.798513,41.314777],[19.798314,41.314822],[19.798285,41.314832],[19.798221,41.314853],[19.798104,41.314895],[19.798068,41.314908],[19.79803,41.314923],[19.79791,41.31497],[19.79786,41.314997],[19.797784,41.315039],[19.797728,41.315081],[19.797696,41.315124],[19.797688,41.315135],[19.797653,41.3152],[19.79761,41.315291],[19.797591,41.315331],[19.797546,41.31542],[19.797537,41.315438],[19.797546,41.31542],[19.797591,41.315331],[19.79762,41.315269],[19.797653,41.3152],[19.797688,41.315135],[19.797711,41.315103],[19.797728,41.315081],[19.797784,41.315039],[19.797886,41.314983],[19.79791,41.31497],[19.79803,41.314923],[19.798096,41.314898],[19.798104,41.314895],[19.798221,41.314853],[19.798314,41.314822],[19.798317,41.314809],[19.798359,41.314634],[19.798387,41.314516],[19.798401,41.314457],[19.798404,41.314443],[19.798406,41.314368],[19.798398,41.314281],[19.798397,41.314278],[19.798389,41.314228],[19.798376,41.314138],[19.79837,41.314099],[19.798356,41.314003],[19.798347,41.313954],[19.798341,41.313925],[19.798341,41.313921],[19.798337,41.31388],[19.798333,41.313833],[19.798327,41.313764],[19.798325,41.313745],[19.798326,41.313741],[19.798332,41.313635],[19.798332,41.313578],[19.798331,41.313561],[19.79833,41.313522],[19.798322,41.313458],[19.798296,41.313391],[19.798293,41.313384],[19.798255,41.313309],[19.798211,41.313215],[19.798204,41.313199],[19.798179,41.313145],[19.798163,41.313104],[19.798156,41.313049],[19.798156,41.31304],[19.798159,41.312992],[19.798171,41.312941],[19.798191,41.312897],[19.798209,41.312865],[19.798221,41.312844],[19.798234,41.31282],[19.798273,41.312752],[19.798289,41.312715],[19.798293,41.312697],[19.798302,41.312655],[19.798304,41.312614],[19.798302,41.312573],[19.798289,41.312536],[19.79828,41.312521],[19.798261,41.312492],[19.798215,41.312435],[19.798141,41.312375],[19.798109,41.312349],[19.798006,41.312271],[19.797975,41.312246],[19.79788,41.31217],[19.797812,41.312114],[19.797733,41.312049],[19.797679,41.312002],[19.797659,41.311977],[19.797631,41.311942],[19.797599,41.311892],[19.797565,41.311826],[19.797559,41.311813],[19.797534,41.311759],[19.797476,41.311654],[19.797473,41.311645],[19.797458,41.311606],[19.797449,41.311554],[19.797451,41.311508],[19.797463,41.311468],[19.79747,41.311447],[19.797485,41.311379],[19.797504,41.311291],[19.797505,41.311289],[19.797512,41.311251],[19.797511,41.311114],[19.797509,41.310931],[19.797515,41.310889],[19.797534,41.310843],[19.79757,41.3108],[19.797603,41.310773],[19.797747,41.310656],[19.797765,41.310641],[19.797911,41.310525],[19.79793,41.31051],[19.798075,41.310388],[19.798089,41.310376],[19.798133,41.310337],[19.798168,41.310308],[19.798214,41.31027],[19.798216,41.310269],[19.798255,41.310234],[19.798296,41.310186],[19.79832,41.310114],[19.79832,41.310112],[19.798315,41.31004],[19.798244,41.309947],[19.798199,41.309889],[19.798099,41.309805],[19.798077,41.309786],[19.798072,41.309734],[19.798094,41.309667],[19.798162,41.309602],[19.79823,41.30953],[19.798368,41.309384],[19.798507,41.309238],[19.798635,41.309103],[19.798638,41.30909],[19.798645,41.309065],[19.798645,41.309016],[19.798624,41.308979],[19.798593,41.308946],[19.798566,41.308932],[19.798541,41.30892],[19.798465,41.308899],[19.798396,41.308881],[19.798352,41.308854],[19.798304,41.308802],[19.798271,41.308745],[19.798267,41.308695],[19.798266,41.308675],[19.798275,41.308582],[19.798303,41.308537],[19.798315,41.308518],[19.798376,41.30846],[19.798443,41.308397],[19.798476,41.308366],[19.798575,41.308262],[19.798583,41.308252],[19.798678,41.308144],[19.798708,41.308099],[19.798786,41.307986],[19.798809,41.307936],[19.798845,41.307862],[19.798886,41.307766],[19.798907,41.307715],[19.798924,41.307627],[19.79893,41.30759],[19.798947,41.307467],[19.798926,41.307413],[19.79892,41.307396],[19.798866,41.307352],[19.798797,41.307264],[19.7987,41.30714],[19.798687,41.307106],[19.798676,41.307076],[19.798538,41.306969],[19.798534,41.306966],[19.798504,41.306949],[19.798443,41.306925],[19.798423,41.306914]]},"properties":{"line":"1B","dir":"1","headsign":"Kodra Diellit 2","mode":"bus","color":"#0059a9"}},{"type":"Feature","geometry":{"type":"LineString","coordinates":[[19.858437,41.282946],[19.858374,41.282892],[19.858282,41.282809],[19.858128,41.282671],[19.857974,41.282533],[19.857961,41.282522],[19.857819,41.282396],[19.857673,41.282267],[19.857664,41.282259],[19.857509,41.282122],[19.857391,41.282017],[19.857354,41.281985],[19.857308,41.281944],[19.857198,41.281848],[19.857042,41.281712],[19.857033,41.281704],[19.856919,41.281619],[19.856868,41.281589],[19.85684,41.281572],[19.856724,41.281527],[19.856655,41.281507],[19.856593,41.281489],[19.856464,41.281464],[19.856425,41.281461],[19.856377,41.281457],[19.856304,41.281454],[19.856187,41.281467],[19.856118,41.281476],[19.855995,41.281505],[19.855957,41.281517],[19.855909,41.281533],[19.85581,41.281575],[19.855799,41.281582],[19.855771,41.281599],[19.855754,41.281611],[19.855626,41.281704],[19.855591,41.281742],[19.855556,41.281781],[19.855485,41.281863],[19.855461,41.281893],[19.855372,41.282012],[19.855343,41.28205],[19.855265,41.282154],[19.855235,41.28221],[19.855216,41.282245],[19.855195,41.282287],[19.855186,41.282309],[19.855176,41.282333],[19.855187,41.28235],[19.855194,41.282368],[19.855196,41.28238],[19.855197,41.282387],[19.855194,41.282415],[19.855181,41.282441],[19.855161,41.282465],[19.855133,41.282483],[19.855103,41.282495],[19.855071,41.282502],[19.855056,41.282503],[19.855037,41.282504],[19.855004,41.282499],[19.854864,41.282542],[19.854835,41.282556],[19.854758,41.282593],[19.854637,41.282657],[19.854442,41.282761],[19.854322,41.282825],[19.854248,41.282867],[19.854204,41.282892],[19.854058,41.282975],[19.854046,41.282982],[19.853947,41.283063],[19.853941,41.283094],[19.853936,41.283121],[19.853934,41.283136],[19.853884,41.283223],[19.853825,41.283278],[19.853805,41.283298],[19.853702,41.283354],[19.853682,41.28336],[19.853633,41.283375],[19.853608,41.283383],[19.853535,41.283463],[19.853483,41.283517],[19.853478,41.283527],[19.853435,41.283603],[19.853393,41.283696],[19.853315,41.283866],[19.853237,41.284036],[19.853168,41.284189],[19.85316,41.284207],[19.85309,41.284378],[19.853019,41.28455],[19.852948,41.284722],[19.852878,41.284894],[19.852807,41.285065],[19.852754,41.285194],[19.852733,41.285238],[19.852653,41.285407],[19.852573,41.285576],[19.852492,41.285745],[19.852412,41.285914],[19.852344,41.286059],[19.852319,41.28609],[19.852197,41.286241],[19.852143,41.286308],[19.852101,41.286402],[19.852037,41.286546],[19.852025,41.286573],[19.851946,41.286743],[19.851868,41.286913],[19.85185,41.286951],[19.851786,41.287082],[19.851722,41.287214],[19.851704,41.28725],[19.851619,41.287419],[19.851573,41.28751],[19.851534,41.287587],[19.851449,41.287755],[19.851385,41.28788],[19.851361,41.287922],[19.851267,41.288087],[19.85119,41.28822],[19.851171,41.288252],[19.851074,41.288416],[19.850997,41.288547],[19.850975,41.288579],[19.850867,41.28874],[19.850759,41.2889],[19.850737,41.288933],[19.850647,41.289059],[19.850535,41.289218],[19.850461,41.289323],[19.850422,41.289377],[19.850309,41.289535],[19.850196,41.289693],[19.85018,41.289715],[19.850078,41.289849],[19.849958,41.290005],[19.849839,41.290161],[19.849719,41.290316],[19.84959,41.290467],[19.84946,41.290618],[19.849331,41.290769],[19.849201,41.290921],[19.849192,41.290931],[19.84907,41.29107],[19.848947,41.29121],[19.848937,41.29122],[19.848793,41.291363],[19.848648,41.291507],[19.848504,41.29165],[19.848359,41.291794],[19.848215,41.291937],[19.84807,41.29208],[19.847926,41.292224],[19.847781,41.292367],[19.847689,41.29246],[19.847637,41.292511],[19.847492,41.292654],[19.847347,41.292797],[19.847203,41.292941],[19.847058,41.293084],[19.846913,41.293227],[19.846769,41.293371],[19.846624,41.293514],[19.846479,41.293657],[19.846334,41.293801],[19.84619,41.293944],[19.846146,41.293987],[19.846044,41.294087],[19.845899,41.29423],[19.845753,41.294373],[19.845608,41.294515],[19.845462,41.294658],[19.845316,41.294801],[19.845171,41.294944],[19.845025,41.295087],[19.84488,41.295229],[19.844734,41.295372],[19.844588,41.295515],[19.844443,41.295658],[19.844297,41.295801],[19.844152,41.295943],[19.844006,41.296086],[19.843992,41.2961],[19.84386,41.296229],[19.843715,41.296372],[19.843569,41.296515],[19.843423,41.296657],[19.843278,41.2968],[19.843132,41.296943],[19.842986,41.297086],[19.842841,41.297228],[19.842695,41.297371],[19.842549,41.297514],[19.842404,41.297657],[19.842274,41.297784],[19.842258,41.2978],[19.842114,41.297943],[19.841969,41.298086],[19.841825,41.29823],[19.84168,41.298373],[19.841536,41.298516],[19.841391,41.29866],[19.841247,41.298803],[19.841102,41.298946],[19.840958,41.29909],[19.840813,41.299233],[19.840733,41.299312],[19.840668,41.299376],[19.840522,41.299519],[19.840377,41.299661],[19.840263,41.299773],[19.840232,41.299805],[19.84009,41.29995],[19.839948,41.300095],[19.839826,41.30022],[19.839807,41.300241],[19.839673,41.30039],[19.839538,41.300539],[19.839431,41.300658],[19.839404,41.300688],[19.839274,41.300839],[19.839145,41.30099],[19.839015,41.301141],[19.838993,41.301167],[19.838886,41.301293],[19.838758,41.301445],[19.838629,41.301596],[19.838551,41.301689],[19.838501,41.301748],[19.838373,41.3019],[19.838245,41.302052],[19.838118,41.302205],[19.838064,41.302269],[19.837985,41.302355],[19.837923,41.302424],[19.837842,41.302501],[19.837773,41.302567],[19.837687,41.302639],[19.837614,41.302701],[19.837521,41.302769],[19.837453,41.302819],[19.837344,41.302891],[19.837261,41.302946],[19.837157,41.303004],[19.837047,41.303066],[19.836962,41.303109],[19.836833,41.303175],[19.836758,41.303205],[19.83658,41.303278],[19.836545,41.30329],[19.836338,41.30336],[19.836324,41.303363],[19.836099,41.303424],[19.835873,41.303484],[19.835648,41.303545],[19.835422,41.303605],[19.835312,41.303635],[19.835197,41.303666],[19.834972,41.303727],[19.834845,41.303762],[19.834743,41.303784],[19.834591,41.303818],[19.834511,41.303831],[19.834346,41.303859],[19.834274,41.303865],[19.834094,41.303883],[19.834036,41.303886],[19.833848,41.303899],[19.833795,41.303899],[19.83362,41.3039],[19.833554,41.303896],[19.833315,41.303882],[19.833313,41.303882],[19.833077,41.303854],[19.83298,41.303843],[19.832842,41.303814],[19.83263,41.30377],[19.83261,41.303765],[19.832383,41.303706],[19.83236,41.3037],[19.832158,41.303644],[19.832111,41.303631],[19.831934,41.303581],[19.83171,41.303518],[19.831486,41.303454],[19.831261,41.303391],[19.831037,41.303327],[19.830822,41.303266],[19.830814,41.303264],[19.830589,41.303203],[19.830531,41.303187],[19.830363,41.303146],[19.830352,41.303143],[19.830159,41.303105],[19.830135,41.303101],[19.829935,41.30307],[19.829902,41.303067],[19.829705,41.303051],[19.829666,41.303049],[19.829473,41.30304],[19.829428,41.30304],[19.829233,41.303041],[19.82919,41.303044],[19.828952,41.303057],[19.828945,41.303058],[19.828717,41.303084],[19.828669,41.30309],[19.828486,41.303125],[19.828381,41.303145],[19.828258,41.303177],[19.828134,41.30321],[19.828036,41.30324],[19.827885,41.303286],[19.827818,41.303312],[19.82763,41.303386],[19.827606,41.303395],[19.827394,41.303479],[19.827182,41.303563],[19.82697,41.303647],[19.826759,41.303731],[19.826575,41.303804],[19.826546,41.303814],[19.826331,41.303893],[19.826133,41.303965],[19.826115,41.303972],[19.825896,41.304045],[19.825702,41.304111],[19.825678,41.304119],[19.825458,41.30419],[19.825262,41.304253],[19.825237,41.304261],[19.825014,41.304327],[19.824926,41.304353],[19.824789,41.30439],[19.824564,41.304452],[19.824561,41.304453],[19.82437,41.304544],[19.824244,41.304605],[19.824155,41.30463],[19.823932,41.304696],[19.823781,41.30474],[19.823725,41.304773],[19.823695,41.304791],[19.823632,41.304843],[19.823567,41.304905],[19.823522,41.304948],[19.823455,41.305003],[19.823389,41.305029],[19.823369,41.305037],[19.823208,41.305143],[19.823119,41.305202],[19.823075,41.305241],[19.823056,41.30529],[19.822997,41.305281],[19.822786,41.305249],[19.822677,41.305234],[19.822551,41.30523],[19.822549,41.30523],[19.822369,41.305225],[19.822309,41.305221],[19.82207,41.305205],[19.822044,41.305203],[19.821972,41.30518],[19.821956,41.305142],[19.821943,41.305096],[19.821895,41.30492],[19.821877,41.304854],[19.821839,41.304745],[19.821814,41.304675],[19.821775,41.304675],[19.821738,41.304664],[19.821713,41.304652],[19.821687,41.304634],[19.821686,41.304633],[19.821667,41.304605],[19.821664,41.304582],[19.821513,41.304639],[19.821505,41.304642],[19.821439,41.304667],[19.82131,41.304734],[19.821303,41.304738],[19.821197,41.304793],[19.82113,41.304828],[19.821113,41.304835],[19.821028,41.304874],[19.82093,41.304914],[19.820903,41.304923],[19.820859,41.304938],[19.820784,41.304957],[19.820738,41.304963],[19.820674,41.304973],[19.820653,41.304976],[19.820515,41.304985],[19.820436,41.30499],[19.820319,41.304998],[19.820197,41.305002],[19.819958,41.30501],[19.819924,41.305012],[19.81977,41.305003],[19.819719,41.305001],[19.819479,41.304993],[19.819412,41.30499],[19.81924,41.304984],[19.819068,41.304977],[19.819001,41.304975],[19.818861,41.304972],[19.818761,41.304973],[19.818697,41.304974],[19.818535,41.304983],[19.818522,41.304984],[19.818349,41.305],[19.818284,41.305004],[19.818241,41.305007],[19.818155,41.305007],[19.818082,41.305002],[19.818045,41.304997],[19.818017,41.304994],[19.817939,41.304977],[19.81786,41.304954],[19.817818,41.304941],[19.817756,41.304922],[19.817658,41.304901],[19.817589,41.304914],[19.817487,41.304934],[19.817359,41.304964],[19.817131,41.30502],[19.816903,41.305075],[19.816675,41.30513],[19.816521,41.305168],[19.816446,41.305183],[19.816216,41.30523],[19.815985,41.305278],[19.815796,41.305317],[19.815753,41.305324],[19.815638,41.305343],[19.815523,41.305365],[19.81552,41.305365],[19.815465,41.30538],[19.815383,41.305426],[19.81532,41.305462],[19.815212,41.305523],[19.815137,41.305578],[19.815101,41.305605],[19.81497,41.305706],[19.814906,41.305756],[19.814888,41.30577],[19.814838,41.305809],[19.814809,41.305839],[19.814776,41.305875],[19.814683,41.305992],[19.81456,41.306146],[19.814559,41.306148],[19.814423,41.306289],[19.81442,41.306293],[19.814394,41.30632],[19.814269,41.306432],[19.814256,41.306444],[19.814175,41.306504],[19.814111,41.306549],[19.814098,41.306558],[19.814061,41.306585],[19.813923,41.306681],[19.813841,41.306738],[19.813744,41.306795],[19.81374,41.306797],[19.813673,41.306837],[19.813543,41.306898],[19.813446,41.306943],[19.81334,41.306994],[19.813139,41.307092],[19.813044,41.307138],[19.813012,41.307153],[19.812938,41.307189],[19.812848,41.307234],[19.812746,41.307297],[19.812562,41.307412],[19.812442,41.307486],[19.812385,41.307532],[19.812258,41.307635],[19.812223,41.307665],[19.812187,41.307695],[19.812059,41.307796],[19.811941,41.307889],[19.811893,41.307926],[19.811726,41.308055],[19.811715,41.308064],[19.8116,41.308142],[19.811557,41.308182],[19.811538,41.3082],[19.811491,41.308254],[19.811445,41.308316],[19.811432,41.308335],[19.811404,41.308379],[19.811336,41.3085],[19.811325,41.308519],[19.811276,41.308639],[19.811262,41.308671],[19.811219,41.308765],[19.811183,41.308841],[19.811173,41.308863],[19.811109,41.308962],[19.811081,41.309003],[19.811049,41.30905],[19.811001,41.309108],[19.810956,41.309157],[19.810955,41.309158],[19.810893,41.309222],[19.810835,41.309277],[19.810809,41.309299],[19.810755,41.309345],[19.810766,41.309372],[19.810775,41.309387],[19.810789,41.309407],[19.810803,41.309421],[19.810822,41.309439],[19.810835,41.309446],[19.810845,41.309451],[19.810861,41.30946],[19.810885,41.309469],[19.810917,41.30948],[19.810938,41.309486],[19.810951,41.309479],[19.810974,41.309469],[19.810998,41.309461],[19.811023,41.309455],[19.811049,41.309451],[19.811052,41.309451],[19.811076,41.30945],[19.811102,41.309451],[19.811128,41.309454],[19.811154,41.30946],[19.811178,41.309467],[19.811201,41.309477],[19.811222,41.309489],[19.811241,41.309503],[19.811259,41.309518],[19.811262,41.309522],[19.811273,41.309534],[19.811285,41.309552],[19.811294,41.309571],[19.8113,41.30959],[19.811303,41.30961],[19.811303,41.30963],[19.8113,41.30965],[19.811293,41.30967],[19.811284,41.309689],[19.811281,41.309693],[19.811271,41.309706],[19.811256,41.309723],[19.811239,41.309738],[19.811219,41.309751],[19.811242,41.309856],[19.811247,41.309878],[19.811325,41.30999],[19.811354,41.310013],[19.811441,41.310084],[19.811512,41.310148],[19.811522,41.310157],[19.811643,41.310257],[19.811673,41.310281],[19.811833,41.310415],[19.811872,41.310446],[19.811933,41.310493],[19.812,41.310544],[19.812044,41.310578],[19.812137,41.310648],[19.812168,41.310672],[19.812197,41.310694],[19.812341,41.310796],[19.812369,41.310816],[19.812515,41.31092],[19.812545,41.310941],[19.812572,41.310961],[19.812687,41.311045],[19.812858,41.311171],[19.813029,41.311297],[19.8132,41.311423],[19.813231,41.311447],[19.813369,41.311551],[19.813537,41.311679],[19.813705,41.311807],[19.813874,41.311935],[19.813912,41.311964],[19.814038,41.312066],[19.814042,41.312069],[19.814132,41.312142],[19.8142,41.312198],[19.814248,41.312237],[19.814356,41.312319],[19.814367,41.312327],[19.814541,41.312451],[19.814607,41.312498],[19.814678,41.312548],[19.81472,41.312569],[19.814732,41.312575],[19.814752,41.312585],[19.814866,41.31264],[19.814923,41.312665],[19.814948,41.312675],[19.815029,41.312711],[19.815131,41.312755],[19.815338,41.312844],[19.815415,41.312878],[19.81548,41.312924],[19.815517,41.312962],[19.815524,41.31297],[19.815565,41.31303],[19.815593,41.313084],[19.815608,41.313127],[19.815615,41.313147],[19.815636,41.313234],[19.815654,41.313304],[19.815655,41.313305],[19.815675,41.313365],[19.815694,41.313412],[19.815711,41.313451],[19.815723,41.313476],[19.815728,41.313487],[19.815755,41.313546],[19.815774,41.313587],[19.815826,41.313633],[19.815848,41.313652],[19.815904,41.313678],[19.816014,41.313712],[19.816044,41.313715],[19.81607,41.313718],[19.81612,41.313736],[19.81616,41.313765],[19.816186,41.313801],[19.816195,41.313838],[19.816196,41.313843],[19.816188,41.313884],[19.816164,41.313922],[19.816125,41.313952],[19.816076,41.313971],[19.816063,41.313973],[19.816016,41.313978],[19.815956,41.31397],[19.815941,41.313963],[19.815916,41.313972],[19.815877,41.313987],[19.815839,41.314004],[19.815795,41.314023],[19.81575,41.314161],[19.815693,41.314335],[19.815637,41.31451],[19.815609,41.314597],[19.815602,41.314619],[19.815583,41.314685],[19.815535,41.314862],[19.815506,41.314967],[19.815486,41.315038],[19.815437,41.315214],[19.815399,41.315352],[19.815389,41.31539],[19.815384,41.315407],[19.815368,41.315465],[19.81534,41.315566],[19.815291,41.315742],[19.815249,41.315896],[19.815243,41.315915],[19.815242,41.315918],[19.815211,41.316036],[19.815206,41.316053],[19.815194,41.316094],[19.815182,41.31614],[19.815146,41.316271],[19.81514,41.316291],[19.815097,41.316447],[19.815049,41.316623],[19.815,41.316799],[19.814972,41.316901],[19.814953,41.316968],[19.814952,41.316975],[19.814903,41.317151],[19.814854,41.317327],[19.814831,41.317408],[19.814805,41.317503],[19.8148,41.317523],[19.814763,41.317655],[19.814756,41.317679],[19.814726,41.317794],[19.814709,41.317856],[19.814668,41.318004],[19.81466,41.318032],[19.814611,41.318208],[19.814596,41.318262],[19.814566,41.318373],[19.81458,41.318377],[19.814606,41.318383],[19.814643,41.3184],[19.814673,41.318423],[19.814697,41.318449],[19.814713,41.318479],[19.814719,41.318511],[19.814719,41.318511],[19.814717,41.318543],[19.814706,41.318574],[19.814756,41.318617],[19.814821,41.31865],[19.814851,41.318666],[19.81494,41.318698],[19.815037,41.318727],[19.815046,41.318729],[19.815151,41.318746],[19.815271,41.318765],[19.815346,41.318777],[19.815505,41.318802],[19.815739,41.31884],[19.815751,41.318841],[19.815973,41.318877],[19.816093,41.318896],[19.816208,41.318914],[19.816432,41.31895],[19.816442,41.318951],[19.816542,41.318967],[19.816623,41.318979],[19.816677,41.318987],[19.816881,41.319018],[19.816912,41.319022],[19.817098,41.31905],[19.817147,41.319058],[19.817381,41.319093],[19.817507,41.319112],[19.817616,41.319128],[19.817768,41.319151],[19.817813,41.319157],[19.817851,41.319163],[19.818086,41.319198],[19.818214,41.319217],[19.818241,41.319221],[19.818321,41.319233],[19.818514,41.319262],[19.81854,41.319266],[19.818556,41.319268],[19.818604,41.319276],[19.818647,41.319282],[19.818738,41.319296],[19.818756,41.319299],[19.818791,41.319303],[19.819027,41.319334],[19.819263,41.319365],[19.819485,41.319393],[19.819499,41.319395],[19.819735,41.319427],[19.819816,41.319438],[19.819971,41.319458],[19.820206,41.319489],[19.820442,41.319521],[19.82067,41.319551],[19.820678,41.319552],[19.820763,41.319563],[19.820786,41.31948],[19.820793,41.319454],[19.820794,41.31945],[19.820843,41.319274],[19.820869,41.319182],[19.820891,41.319098],[19.820935,41.318937],[19.820939,41.318922],[19.820986,41.318745],[19.821034,41.318569],[19.821082,41.318393],[19.821086,41.318375],[19.8211,41.318317],[19.821097,41.318269],[19.821092,41.318248],[19.821085,41.318244],[19.820983,41.31819],[19.820919,41.318128],[19.820904,41.318101],[19.820878,41.318055],[19.820864,41.317977],[19.82088,41.317901],[19.820894,41.317834],[19.820942,41.317721],[19.820954,41.317694],[19.821018,41.317631],[19.821102,41.317583],[19.82115,41.317569],[19.8212,41.317554],[19.821304,41.317544],[19.821408,41.317555],[19.821441,41.317565],[19.821497,41.317583],[19.821574,41.317626],[19.821636,41.317682],[19.821654,41.317709],[19.821678,41.317747],[19.821698,41.317817],[19.821684,41.317908],[19.821673,41.317977],[19.821667,41.317995],[19.82163,41.318089],[19.821627,41.318097],[19.821573,41.318164],[19.821489,41.318234],[19.821443,41.318252],[19.821373,41.318279],[19.821264,41.318277],[19.821256,41.318291],[19.821248,41.318308],[19.821238,41.318334],[19.821217,41.318391],[19.821188,41.318482],[19.821133,41.318658],[19.82113,41.318669],[19.821084,41.318834],[19.821036,41.31901],[19.820987,41.319186],[19.820938,41.319362],[19.8209,41.3195],[19.82089,41.319538],[19.820878,41.31958],[19.820851,41.319667],[19.820838,41.319714],[19.820792,41.31989],[19.820745,41.320067],[19.820698,41.320243],[19.820651,41.320419],[19.82064,41.320464],[19.820599,41.320595],[19.820594,41.320612],[19.820566,41.32072],[19.820552,41.320771],[19.820503,41.320947],[19.820459,41.321106],[19.820457,41.321115],[19.820455,41.321123],[19.820436,41.321191],[19.82041,41.321288],[19.820407,41.3213],[19.820358,41.321476],[19.820309,41.321652],[19.82026,41.321828],[19.820211,41.322004],[19.820207,41.322018],[19.820162,41.32218],[19.820113,41.322356],[19.820064,41.322532],[19.820015,41.322708],[19.819992,41.322794],[19.819983,41.322827],[19.819972,41.322864],[19.819967,41.322884],[19.819918,41.32306],[19.819869,41.323237],[19.819842,41.323333],[19.81982,41.323413],[19.8198,41.323486],[19.819773,41.32358],[19.81977,41.323589],[19.819741,41.323692],[19.819721,41.323765],[19.819673,41.323934],[19.819671,41.323941],[19.819669,41.323951],[19.819665,41.323966],[19.81965,41.324014],[19.819625,41.324104],[19.819622,41.324116],[19.819618,41.324133],[19.819586,41.32425],[19.819573,41.324293],[19.819527,41.324455],[19.819524,41.324469],[19.819474,41.324645],[19.819425,41.324821],[19.819376,41.324997],[19.819367,41.325028],[19.819326,41.325173],[19.819277,41.325349],[19.819228,41.325525],[19.819227,41.325529],[19.819206,41.325603],[19.819177,41.3257],[19.81913,41.325859],[19.819128,41.325867],[19.819125,41.325876],[19.819105,41.325943],[19.819076,41.326052],[19.819028,41.326228],[19.81898,41.326405],[19.818958,41.326489],[19.818933,41.326581],[19.818911,41.326661],[19.818909,41.326713],[19.818925,41.326758],[19.818925,41.326758],[19.818944,41.326779],[19.818975,41.326804],[19.819047,41.326858],[19.819085,41.326893],[19.81911,41.326915],[19.819164,41.32697],[19.819201,41.327013],[19.819221,41.327041],[19.819236,41.327063],[19.819265,41.327099],[19.81928,41.327113],[19.819307,41.327132],[19.81934,41.327143],[19.819393,41.327155],[19.819404,41.327158],[19.819496,41.327166],[19.819631,41.327178],[19.819632,41.327178],[19.819868,41.327198],[19.820106,41.327219],[19.820177,41.327225],[19.820344,41.32724],[19.820582,41.327261],[19.820624,41.327264],[19.82082,41.327282],[19.821042,41.327301],[19.821058,41.327302],[19.821296,41.327323],[19.821371,41.32733],[19.821534,41.327344],[19.821772,41.327365],[19.821888,41.327375],[19.82201,41.327385],[19.822053,41.327389],[19.822248,41.327406],[19.822485,41.327427],[19.822489,41.327427],[19.822609,41.327452],[19.822671,41.327474],[19.822692,41.327498],[19.822706,41.327514],[19.822622,41.327568],[19.822589,41.327588],[19.822583,41.327591],[19.822526,41.327636],[19.822463,41.327685],[19.822428,41.32772],[19.82239,41.327759],[19.822331,41.327831],[19.822304,41.327874],[19.822247,41.327963],[19.822204,41.328037],[19.822109,41.328203],[19.822075,41.328261],[19.822016,41.328368],[19.821957,41.328476],[19.821926,41.328535],[19.821889,41.328603],[19.821832,41.3287],[19.821772,41.3288],[19.821736,41.328865],[19.821642,41.329031],[19.821549,41.329196],[19.821456,41.329362],[19.821428,41.329411],[19.821361,41.329527],[19.821265,41.329692],[19.82117,41.329857],[19.821092,41.32999],[19.821074,41.330022],[19.820979,41.330187],[19.820885,41.330352],[19.820834,41.330441],[19.82082,41.330465],[19.820776,41.330512],[19.820675,41.330617],[19.820672,41.330667],[19.820666,41.330809],[19.820648,41.330844],[19.820646,41.330849],[19.820552,41.331009],[19.820471,41.331149],[19.820456,41.331174],[19.82036,41.331339],[19.820263,41.331503],[19.820262,41.331506],[19.820168,41.331668],[19.820072,41.331833],[19.819976,41.331998],[19.819926,41.332085],[19.81988,41.332163],[19.819784,41.332327],[19.819777,41.33234],[19.819723,41.332433],[19.819688,41.332492],[19.819623,41.332604],[19.819592,41.332657],[19.819572,41.332692],[19.819496,41.332822],[19.819448,41.332903],[19.819429,41.332937],[19.8194,41.332987],[19.819312,41.333138],[19.819304,41.333151],[19.819208,41.333316],[19.819112,41.333481],[19.819016,41.333646],[19.81898,41.333709],[19.818921,41.333811],[19.818845,41.333941],[19.818825,41.333976],[19.81882,41.333985],[19.81873,41.334141],[19.818697,41.334197],[19.818634,41.334305],[19.818607,41.334353],[19.818539,41.33447],[19.818443,41.334635],[19.818412,41.334689],[19.818347,41.3348],[19.818252,41.334965],[19.818219,41.335022],[19.818202,41.335051],[19.818156,41.33513],[19.818103,41.335222],[19.818061,41.335295],[19.818043,41.335326],[19.817966,41.33546],[19.817871,41.335625],[19.817777,41.335788],[19.817775,41.33579],[19.817667,41.335951],[19.817625,41.336014],[19.817616,41.336031],[19.817608,41.336043],[19.817517,41.336068],[19.817437,41.33609],[19.817384,41.336159],[19.817316,41.336148],[19.81722,41.336132],[19.817082,41.336109],[19.816874,41.336074],[19.816848,41.33607],[19.816615,41.33603],[19.816521,41.336014],[19.816478,41.336007],[19.816381,41.335991],[19.816358,41.335988],[19.816214,41.335965],[19.816225,41.335914],[19.816232,41.335886],[19.816254,41.335806],[19.816274,41.335738],[19.816302,41.335644],[19.816316,41.335597],[19.816326,41.335562],[19.816377,41.335386],[19.816415,41.335257]]},"properties":{"line":"2","dir":"0","headsign":"Shkencat e Natyrës","mode":"bus","color":"#0059a9"}},{"type":"Feature","geometry":{"type":"LineString","coordinates":[[19.816415,41.335257],[19.816417,41.335247],[19.816464,41.335081],[19.816513,41.334905],[19.816562,41.334729],[19.816611,41.334553],[19.816617,41.33453],[19.816661,41.334377],[19.816711,41.334201],[19.816733,41.334124],[19.81676,41.334025],[19.816807,41.333848],[19.816855,41.333672],[19.816902,41.333496],[19.81695,41.33332],[19.816956,41.333295],[19.81698,41.333141],[19.816981,41.333134],[19.817012,41.333025],[19.817028,41.332965],[19.817076,41.332789],[19.817125,41.332613],[19.817127,41.332604],[19.817173,41.332436],[19.817196,41.332351],[19.817221,41.33226],[19.81727,41.332084],[19.8173,41.331972],[19.817317,41.331912],[19.817318,41.331908],[19.817366,41.331732],[19.817415,41.331556],[19.817463,41.33138],[19.817511,41.331203],[19.817515,41.331192],[19.81756,41.331027],[19.817609,41.330851],[19.817657,41.330675],[19.817706,41.330499],[19.817725,41.330431],[19.817733,41.330402],[19.817755,41.330323],[19.81776,41.330302],[19.817643,41.330284],[19.817553,41.33027],[19.817318,41.330234],[19.817084,41.330198],[19.81692,41.330173],[19.816851,41.330157],[19.816851,41.330156],[19.816764,41.330132],[19.816703,41.330106],[19.81664,41.330073],[19.816622,41.330063],[19.816538,41.330011],[19.816466,41.329954],[19.816464,41.329952],[19.816393,41.329882],[19.81633,41.329802],[19.816329,41.3298],[19.816275,41.329711],[19.816239,41.329636],[19.816157,41.329467],[19.81613,41.32941],[19.816085,41.329295],[19.816018,41.329122],[19.816009,41.329097],[19.815978,41.328988],[19.815992,41.328942],[19.816043,41.328767],[19.816074,41.328662],[19.816091,41.328591],[19.816135,41.328414],[19.816163,41.328304],[19.816171,41.328269],[19.816179,41.328237],[19.816188,41.328199],[19.816202,41.328138],[19.816211,41.3281],[19.816221,41.32806],[19.81624,41.327989],[19.816266,41.327883],[19.816284,41.32781],[19.816313,41.327707],[19.816331,41.327641],[19.81636,41.32753],[19.816406,41.327354],[19.816419,41.327303],[19.816455,41.327178],[19.816504,41.327002],[19.816534,41.326899],[19.816555,41.326826],[19.8166,41.326663],[19.816604,41.32665],[19.816654,41.326474],[19.816704,41.326298],[19.816754,41.326122],[19.81677,41.326068],[19.816804,41.325946],[19.816854,41.32577],[19.816865,41.325732],[19.81689,41.325642],[19.816902,41.325598],[19.816903,41.325594],[19.81693,41.325498],[19.816952,41.325418],[19.817002,41.325242],[19.817052,41.325067],[19.817095,41.324916],[19.817102,41.324891],[19.817152,41.324715],[19.817201,41.324539],[19.817215,41.324492],[19.817251,41.324363],[19.817301,41.324187],[19.817306,41.324166],[19.817351,41.324011],[19.817355,41.323996],[19.817401,41.323835],[19.817412,41.323799],[19.81742,41.323771],[19.817447,41.323667],[19.817449,41.323659],[19.81746,41.323616],[19.817464,41.323602],[19.817495,41.323482],[19.81754,41.323311],[19.817541,41.323306],[19.817546,41.323287],[19.817561,41.32323],[19.817647,41.323243],[19.817695,41.323251],[19.817929,41.323288],[19.818163,41.323325],[19.818398,41.323362],[19.818632,41.3234],[19.818634,41.3234],[19.818794,41.323425],[19.818843,41.323433],[19.818866,41.323437],[19.819101,41.323474],[19.819335,41.32351],[19.819525,41.32354],[19.81957,41.323548],[19.819578,41.323549],[19.819657,41.323562],[19.819683,41.323468],[19.819688,41.323452],[19.819692,41.323437],[19.819736,41.323276],[19.819785,41.323099],[19.819816,41.322988],[19.819833,41.322923],[19.819882,41.322747],[19.81993,41.322571],[19.819979,41.322395],[19.820028,41.322219],[19.820076,41.322043],[19.820081,41.322024],[19.820125,41.321867],[19.820175,41.321691],[19.820224,41.321515],[19.820274,41.321339],[19.820294,41.321268],[19.820322,41.321173],[19.820325,41.321163],[19.820342,41.321099],[19.820373,41.320987],[19.820421,41.320811],[19.820469,41.320634],[19.820517,41.320458],[19.820566,41.320282],[19.820614,41.320106],[19.820653,41.319963],[19.820662,41.31993],[19.820711,41.319754],[19.820739,41.319651],[19.820759,41.319577],[19.820763,41.319563],[19.82067,41.319551],[19.820546,41.319534],[19.82031,41.319503],[19.820074,41.319472],[19.819838,41.31944],[19.819816,41.319438],[19.819602,41.319409],[19.819485,41.319393],[19.819367,41.319378],[19.819131,41.319347],[19.818895,41.319317],[19.818756,41.319299],[19.818738,41.319296],[19.818659,41.319284],[19.818647,41.319282],[19.818604,41.319276],[19.81854,41.319266],[19.818514,41.319262],[19.818424,41.319249],[19.818241,41.319221],[19.818214,41.319217],[19.818189,41.319214],[19.817954,41.319178],[19.817813,41.319157],[19.817768,41.319151],[19.817719,41.319144],[19.817507,41.319112],[19.817485,41.319108],[19.81725,41.319073],[19.817098,41.31905],[19.817015,41.319038],[19.816881,41.319018],[19.81678,41.319003],[19.816623,41.318979],[19.816545,41.318968],[19.816542,41.318967],[19.816432,41.31895],[19.816311,41.31893],[19.816093,41.318896],[19.816076,41.318893],[19.815842,41.318856],[19.815751,41.318841],[19.815608,41.318819],[19.815373,41.318781],[19.815346,41.318777],[19.815151,41.318746],[19.815139,41.318744],[19.815046,41.318729],[19.814913,41.318733],[19.814901,41.318732],[19.81483,41.318728],[19.814667,41.318694],[19.814544,41.318668],[19.814464,41.318663],[19.814436,41.318653],[19.814406,41.318642],[19.81436,41.318609],[19.81433,41.318566],[19.81432,41.318519],[19.814322,41.318508],[19.814331,41.318471],[19.814369,41.318421],[19.814429,41.318385],[19.814468,41.318377],[19.814503,41.318369],[19.814541,41.31837],[19.814566,41.318373],[19.814594,41.318269],[19.814596,41.318262],[19.814643,41.318093],[19.814668,41.318004],[19.814692,41.317917],[19.814726,41.317794],[19.81474,41.317741],[19.814763,41.317655],[19.814788,41.317565],[19.8148,41.317523],[19.814831,41.317408],[19.814837,41.317389],[19.814886,41.317212],[19.814934,41.317036],[19.814953,41.316968],[19.814972,41.316901],[19.814983,41.31686],[19.815032,41.316684],[19.81508,41.316508],[19.815129,41.316332],[19.81514,41.316291],[19.815178,41.316156],[19.815182,41.31614],[19.815206,41.316053],[19.815211,41.316036],[19.815226,41.31598],[19.815243,41.315915],[19.815249,41.315896],[19.815274,41.315803],[19.815323,41.315627],[19.815368,41.315465],[19.815372,41.315451],[19.815384,41.315407],[19.815399,41.315352],[19.815421,41.315275],[19.815469,41.315099],[19.815506,41.314967],[19.815518,41.314923],[19.815566,41.314747],[19.815602,41.314619],[19.815609,41.314597],[19.815617,41.314571],[19.815674,41.314396],[19.81573,41.314221],[19.815787,41.314047],[19.815795,41.314023],[19.815834,41.313903],[19.815844,41.313872],[19.815845,41.313869],[19.815844,41.313823],[19.815816,41.313743],[19.815805,41.313696],[19.815804,41.313688],[19.815792,41.313644],[19.815774,41.313587],[19.815755,41.313546],[19.815744,41.313522],[19.815728,41.313487],[19.815711,41.313451],[19.815694,41.313412],[19.815675,41.313365],[19.81567,41.313351],[19.815655,41.313305],[19.815636,41.313234],[19.815622,41.313175],[19.815615,41.313147],[19.815593,41.313084],[19.815565,41.31303],[19.815548,41.313004],[19.815524,41.31297],[19.81548,41.312924],[19.815415,41.312878],[19.815394,41.312869],[19.815187,41.312779],[19.815029,41.312711],[19.814979,41.312689],[19.814948,41.312675],[19.814866,41.31264],[19.814774,41.312596],[19.814752,41.312585],[19.814732,41.312575],[19.814678,41.312548],[19.814607,41.312498],[19.814588,41.312484],[19.814414,41.31236],[19.814356,41.312319],[19.814248,41.312237],[19.814242,41.312236],[19.814105,41.312207],[19.814248,41.312237],[19.814187,41.312187],[19.814132,41.312142],[19.814042,41.312069],[19.814024,41.312055],[19.813912,41.311964],[19.813859,41.311924],[19.813691,41.311796],[19.813523,41.311668],[19.813354,41.31154],[19.813231,41.311447],[19.813185,41.311413],[19.813014,41.311287],[19.812843,41.311161],[19.812672,41.311035],[19.812572,41.310961],[19.812545,41.310941],[19.8125,41.310909],[19.812369,41.310816],[19.812326,41.310786],[19.812197,41.310694],[19.812154,41.310661],[19.812137,41.310648],[19.812044,41.310578],[19.811986,41.310533],[19.811933,41.310493],[19.811872,41.310446],[19.81182,41.310403],[19.811659,41.31027],[19.811643,41.310257],[19.811522,41.310157],[19.811499,41.310136],[19.811441,41.310084],[19.81134,41.310002],[19.811325,41.30999],[19.811247,41.309878],[19.811218,41.309848],[19.811153,41.309779],[19.811129,41.309784],[19.811104,41.309788],[19.811079,41.309789],[19.811053,41.309788],[19.811028,41.309785],[19.811027,41.309784],[19.811004,41.309779],[19.81098,41.309772],[19.810958,41.309763],[19.810937,41.309752],[19.810919,41.309739],[19.810902,41.309725],[19.810887,41.309709],[19.810875,41.309693],[19.810866,41.309675],[19.810862,41.309666],[19.810858,41.309656],[19.810853,41.309635],[19.810853,41.309615],[19.810838,41.30959],[19.81082,41.309567],[19.810799,41.309547],[19.810778,41.309532],[19.810771,41.309526],[19.810748,41.309515],[19.810736,41.309509],[19.810715,41.309486],[19.810702,41.309466],[19.810691,41.309448],[19.810669,41.309403],[19.810695,41.309386],[19.81072,41.309369],[19.810755,41.309345],[19.810835,41.309277],[19.81088,41.309235],[19.810893,41.309222],[19.810955,41.309158],[19.811001,41.309108],[19.811018,41.309088],[19.811049,41.30905],[19.811109,41.308962],[19.81113,41.308929],[19.811173,41.308863],[19.811219,41.308765],[19.81122,41.308762],[19.811276,41.308639],[19.811295,41.308592],[19.811325,41.308519],[19.811379,41.308423],[19.811404,41.308379],[19.811445,41.308316],[19.811485,41.308262],[19.811491,41.308254],[19.811538,41.3082],[19.8116,41.308142],[19.811632,41.30812],[19.811715,41.308064],[19.811804,41.307995],[19.811941,41.307889],[19.81197,41.307866],[19.812135,41.307735],[19.812187,41.307695],[19.812258,41.307635],[19.812298,41.307603],[19.812442,41.307486],[19.812463,41.307473],[19.812647,41.307358],[19.812832,41.307244],[19.812848,41.307234],[19.813012,41.307153],[19.813031,41.307144],[19.813044,41.307138],[19.813232,41.307047],[19.813434,41.306949],[19.813446,41.306943],[19.813637,41.306854],[19.813673,41.306837],[19.813744,41.306795],[19.813828,41.306746],[19.813841,41.306738],[19.814005,41.306625],[19.814061,41.306585],[19.814111,41.306549],[19.814175,41.306504],[19.814179,41.306501],[19.814256,41.306444],[19.81434,41.306369],[19.814394,41.30632],[19.814423,41.306289],[19.814485,41.306225],[19.814559,41.306148],[19.814617,41.306075],[19.814739,41.30592],[19.814776,41.305875],[19.814838,41.305809],[19.81488,41.305775],[19.814888,41.30577],[19.814906,41.305756],[19.815047,41.305646],[19.815101,41.305605],[19.815212,41.305523],[19.815217,41.30552],[19.815383,41.305426],[19.815409,41.305412],[19.815465,41.30538],[19.815562,41.305483],[19.815568,41.305489],[19.815749,41.305601],[19.815933,41.305716],[19.81595,41.305727],[19.816023,41.305761],[19.816103,41.305774],[19.816168,41.305774],[19.816191,41.305774],[19.816274,41.305758],[19.816405,41.305741],[19.816584,41.305717],[19.816658,41.305685],[19.816866,41.305595],[19.816924,41.305569],[19.817066,41.305508],[19.817098,41.305494],[19.817271,41.305429],[19.817312,41.305413],[19.817392,41.305385],[19.817472,41.305357],[19.817486,41.305353],[19.817611,41.305315],[19.817709,41.305291],[19.817748,41.305281],[19.817938,41.305241],[19.817974,41.305233],[19.81817,41.3052],[19.818209,41.305194],[19.818404,41.305171],[19.818468,41.305164],[19.818641,41.305155],[19.818709,41.305151],[19.818879,41.30515],[19.818936,41.30515],[19.819117,41.305154],[19.819122,41.305154],[19.819357,41.305158],[19.819596,41.305162],[19.819639,41.305163],[19.819837,41.305157],[19.820077,41.305149],[19.820079,41.305149],[19.820316,41.305137],[19.820482,41.305128],[19.820556,41.305122],[19.820794,41.3051],[19.820956,41.305085],[19.821032,41.305076],[19.821268,41.305046],[19.821312,41.305041],[19.821504,41.305016],[19.821665,41.304995],[19.82174,41.304982],[19.821943,41.304949],[19.821975,41.304942],[19.822206,41.304896],[19.822437,41.304849],[19.822571,41.304822],[19.822669,41.3048],[19.822898,41.304747],[19.822991,41.304726],[19.823127,41.304695],[19.823356,41.304642],[19.823585,41.30459],[19.823768,41.304548],[19.823814,41.304537],[19.824043,41.304483],[19.824197,41.304447],[19.824271,41.304428],[19.824498,41.30437],[19.824522,41.304364],[19.824722,41.304305],[19.82489,41.304255],[19.824945,41.304239],[19.825168,41.304173],[19.825213,41.30416],[19.82539,41.304104],[19.825611,41.304035],[19.825642,41.304025],[19.82583,41.303961],[19.826048,41.303886],[19.826077,41.303876],[19.826263,41.303807],[19.826478,41.303727],[19.826525,41.30371],[19.826691,41.303644],[19.826902,41.30356],[19.827114,41.303476],[19.827326,41.303392],[19.827538,41.303308],[19.827567,41.303296],[19.82775,41.303224],[19.827835,41.303191],[19.827965,41.303148],[19.828089,41.303107],[19.828186,41.303084],[19.828345,41.303047],[19.828414,41.303034],[19.828647,41.302991],[19.828661,41.302988],[19.828882,41.302962],[19.828927,41.302957],[19.829118,41.302946],[19.829217,41.302941],[19.829355,41.302942],[19.829466,41.302944],[19.829593,41.302951],[19.829712,41.302957],[19.829829,41.302968],[19.829956,41.30298],[19.830064,41.302995],[19.830182,41.303011],[19.830295,41.303033],[19.830371,41.303047],[19.830522,41.303084],[19.83058,41.303098],[19.830746,41.303144],[19.830859,41.303175],[19.830971,41.303207],[19.831195,41.30327],[19.831419,41.303333],[19.831643,41.303396],[19.831868,41.303459],[19.832092,41.303522],[19.832162,41.303542],[19.832316,41.303585],[19.832399,41.303608],[19.832542,41.303646],[19.832661,41.303678],[19.832773,41.303701],[19.833004,41.303747],[19.833016,41.303749],[19.833243,41.303777],[19.833313,41.303786],[19.833443,41.303792],[19.833484,41.303794],[19.833655,41.303801],[19.833725,41.3038],[19.833838,41.3038],[19.833966,41.303793],[19.834074,41.303787],[19.834205,41.303774],[19.834333,41.303761],[19.834443,41.303744],[19.834561,41.303725],[19.834677,41.3037],[19.834831,41.303668],[19.834907,41.303647],[19.835133,41.303587],[19.835281,41.303548],[19.835359,41.303526],[19.835584,41.303465],[19.835809,41.303403],[19.836034,41.303341],[19.836258,41.303279],[19.836301,41.303268],[19.836479,41.303205],[19.836529,41.303188],[19.836692,41.303122],[19.836771,41.30309],[19.836897,41.303027],[19.836996,41.302977],[19.837092,41.302922],[19.83719,41.302865],[19.837278,41.302808],[19.837387,41.302737],[19.837455,41.302686],[19.837554,41.302611],[19.837618,41.302554],[19.837673,41.302505],[19.837767,41.302412],[19.837831,41.302347],[19.837878,41.302297],[19.837907,41.302266],[19.837969,41.3022],[19.838039,41.302115],[19.838166,41.301962],[19.838292,41.301809],[19.838348,41.301741],[19.838419,41.301656],[19.83844,41.30163],[19.838544,41.301503],[19.83867,41.30135],[19.838796,41.301197],[19.838877,41.301099],[19.838923,41.301045],[19.839054,41.300895],[19.839185,41.300744],[19.839316,41.300593],[19.839447,41.300443],[19.839577,41.300292],[19.839692,41.30016],[19.83971,41.300142],[19.839854,41.299999],[19.839999,41.299856],[19.840144,41.299712],[19.840288,41.299569],[19.840433,41.299426],[19.840578,41.299282],[19.840619,41.299242],[19.840723,41.299139],[19.840869,41.298996],[19.841014,41.298854],[19.841159,41.298711],[19.841305,41.298568],[19.84145,41.298425],[19.841596,41.298282],[19.841741,41.298139],[19.841886,41.297996],[19.842032,41.297853],[19.842169,41.297718],[19.842177,41.29771],[19.842323,41.297567],[19.842468,41.297425],[19.842614,41.297282],[19.842759,41.297139],[19.842905,41.296996],[19.843051,41.296853],[19.843196,41.29671],[19.843342,41.296567],[19.843487,41.296425],[19.843633,41.296282],[19.843778,41.296139],[19.843885,41.296034],[19.843924,41.295996],[19.844069,41.295853],[19.844214,41.29571],[19.84436,41.295567],[19.844505,41.295424],[19.844651,41.295281],[19.844796,41.295138],[19.844941,41.294995],[19.845087,41.294852],[19.845232,41.294709],[19.845377,41.294566],[19.845523,41.294423],[19.845668,41.294281],[19.845813,41.294138],[19.845959,41.293995],[19.846032,41.293922],[19.846104,41.293852],[19.84625,41.293709],[19.84637,41.293591],[19.846395,41.293566],[19.846541,41.293423],[19.846686,41.29328],[19.846832,41.293138],[19.846977,41.292995],[19.847123,41.292852],[19.847269,41.292709],[19.847282,41.292696],[19.847413,41.292565],[19.847556,41.292421],[19.8477,41.292277],[19.847843,41.292133],[19.847987,41.291989],[19.84813,41.291845],[19.848274,41.291701],[19.848418,41.291557],[19.848561,41.291414],[19.848705,41.29127],[19.848822,41.291152],[19.848848,41.291124],[19.848984,41.290975],[19.84908,41.29087],[19.849118,41.290826],[19.849249,41.290675],[19.84938,41.290525],[19.849511,41.290374],[19.84961,41.29026],[19.849639,41.290221],[19.849756,41.290064],[19.849874,41.289908],[19.849991,41.289751],[19.850056,41.289665],[19.850107,41.289593],[19.85022,41.289435],[19.850333,41.289276],[19.850344,41.289261],[19.850443,41.289117],[19.850553,41.288957],[19.85061,41.288875],[19.850662,41.288796],[19.850768,41.288635],[19.850858,41.288497],[19.850873,41.288473],[19.85097,41.288309],[19.851049,41.288177],[19.851068,41.288144],[19.851167,41.287981],[19.85125,41.287844],[19.851265,41.287816],[19.851355,41.287649],[19.851444,41.287483],[19.851452,41.287468],[19.851529,41.287313],[19.851592,41.287185],[19.851612,41.287144],[19.851692,41.286975],[19.851721,41.286915],[19.851772,41.286805],[19.851851,41.286635],[19.851905,41.286519],[19.851929,41.286464],[19.852005,41.286294],[19.85208,41.286123],[19.852143,41.28598],[19.852146,41.285936],[19.852155,41.285758],[19.852158,41.28571],[19.852197,41.285585],[19.852252,41.28541],[19.8523,41.285261],[19.852309,41.285237],[19.852377,41.285065],[19.852445,41.284892],[19.852452,41.284876],[19.85252,41.284723],[19.852597,41.284552],[19.852673,41.284382],[19.85275,41.284211],[19.852793,41.284115],[19.852826,41.284041],[19.852903,41.28387],[19.852979,41.2837],[19.853031,41.283585],[19.853057,41.28353],[19.853078,41.283487],[19.853102,41.283422],[19.853106,41.283379],[19.853101,41.283356],[19.853076,41.28323],[19.853053,41.283195],[19.853046,41.283184],[19.853031,41.283161],[19.853007,41.283087],[19.853005,41.283011],[19.853006,41.283007],[19.853024,41.282936],[19.853064,41.282866],[19.853089,41.28284],[19.853099,41.282829],[19.853124,41.282804],[19.85322,41.282742],[19.853268,41.282724],[19.853335,41.282701],[19.853357,41.282698],[19.853467,41.282691],[19.853499,41.282692],[19.85355,41.282693],[19.853632,41.282707],[19.85371,41.282732],[19.853725,41.282739],[19.853764,41.282758],[19.853812,41.28279],[19.853845,41.282817],[19.85387,41.282838],[19.853913,41.282842],[19.853997,41.282848],[19.854124,41.282835],[19.854148,41.282824],[19.854225,41.28279],[19.854345,41.282722],[19.854356,41.282716],[19.854538,41.282615],[19.854732,41.282509],[19.854794,41.282475],[19.854895,41.28238],[19.854896,41.282379],[19.854902,41.282355],[19.854916,41.282333],[19.854935,41.282314],[19.854959,41.282297],[19.854987,41.282286],[19.855016,41.282279],[19.85505,41.282277],[19.855064,41.282278],[19.855082,41.28228],[19.855112,41.282288],[19.855139,41.282301],[19.855159,41.282315],[19.855176,41.282333],[19.855187,41.28235],[19.855194,41.282368],[19.855197,41.282387],[19.85522,41.282399],[19.855275,41.28243],[19.855399,41.282519],[19.855415,41.282531],[19.85556,41.282634],[19.855572,41.282643],[19.855598,41.282661],[19.855745,41.282767],[19.855778,41.282791],[19.855898,41.282877],[19.855916,41.28289],[19.855917,41.282891],[19.856055,41.282995],[19.856086,41.283019],[19.856102,41.28303],[19.856192,41.283099],[19.856185,41.283093],[19.856102,41.28303],[19.856055,41.282995],[19.856035,41.28298],[19.855916,41.28289],[19.855898,41.282877],[19.855817,41.282852],[19.855898,41.282877],[19.855778,41.282791],[19.855728,41.282755],[19.855598,41.282661],[19.855568,41.28264],[19.85556,41.282634],[19.855415,41.282531],[19.855395,41.282516],[19.855275,41.28243],[19.855197,41.282387],[19.855194,41.282415],[19.855181,41.282441],[19.855161,41.282465],[19.855151,41.282471],[19.855133,41.282483],[19.855103,41.282495],[19.855071,41.282502],[19.855037,41.282504],[19.855004,41.282499],[19.85498,41.282493],[19.854959,41.282483],[19.85494,41.282471],[19.854939,41.282471],[19.854923,41.282456],[19.85491,41.28244],[19.854901,41.282422],[19.854896,41.282401],[19.854896,41.282379],[19.854902,41.282355],[19.854916,41.282333],[19.854935,41.282314],[19.854944,41.282308],[19.854959,41.282297],[19.854987,41.282286],[19.855016,41.282279],[19.85505,41.282277],[19.855085,41.282258],[19.855136,41.28223],[19.855149,41.282222],[19.855265,41.282154],[19.85531,41.282093],[19.855372,41.282012],[19.855429,41.281937],[19.855485,41.281863],[19.855554,41.281783],[19.855556,41.281781],[19.855626,41.281704],[19.855706,41.281646],[19.855771,41.281599],[19.855799,41.281582],[19.85581,41.281575],[19.855896,41.281538],[19.855909,41.281533],[19.855995,41.281505],[19.856118,41.281476],[19.856121,41.281475],[19.856304,41.281454],[19.856358,41.281456],[19.856377,41.281457],[19.856464,41.281464],[19.856468,41.281381],[19.856468,41.281369],[19.856468,41.281333],[19.856458,41.281293],[19.856429,41.281223],[19.856412,41.281192],[19.856388,41.281147],[19.85635,41.281075],[19.856328,41.281024],[19.856316,41.280995],[19.856291,41.280936],[19.856274,41.280888],[19.856274,41.280857],[19.856275,41.280843],[19.856278,41.280801],[19.856296,41.280723],[19.85629,41.280667],[19.856287,41.280638],[19.856281,41.280592],[19.856263,41.280546],[19.85624,41.280504],[19.856213,41.280464],[19.856193,41.28043],[19.856158,41.28038],[19.856122,41.280366],[19.856104,41.280359],[19.856049,41.280346],[19.855996,41.280337],[19.855952,41.280331],[19.855904,41.280327],[19.855878,41.280326],[19.855851,41.280325],[19.855809,41.280327],[19.855685,41.280339],[19.855636,41.280347],[19.855529,41.280364],[19.855404,41.280389],[19.8554,41.28039],[19.855274,41.280442],[19.855202,41.280484],[19.855147,41.280516],[19.855073,41.280593],[19.855053,41.280623],[19.855027,41.280665],[19.854967,41.280791],[19.854904,41.280926],[19.854888,41.28096],[19.854816,41.281115],[19.854809,41.28113],[19.854726,41.281299],[19.854644,41.281468],[19.854589,41.28158],[19.854563,41.281637],[19.854485,41.281807],[19.854408,41.281977],[19.85433,41.282147],[19.854253,41.282318],[19.854217,41.282396],[19.854184,41.282482],[19.854183,41.28249],[19.854174,41.282563],[19.854194,41.282637],[19.854209,41.282672],[19.854281,41.282844],[19.854326,41.282951],[19.854374,41.283015],[19.854401,41.283019],[19.854554,41.283041],[19.854637,41.283048],[19.854646,41.283049],[19.85471,41.283022],[19.854782,41.283013],[19.854822,41.283024],[19.854858,41.283035],[19.854935,41.283074],[19.855,41.283121],[19.855133,41.283216],[19.855174,41.283244],[19.855304,41.283337],[19.855342,41.283364],[19.855304,41.283337],[19.855286,41.283412],[19.855213,41.283466],[19.855176,41.283471],[19.855113,41.283478],[19.854976,41.283412],[19.854941,41.283391],[19.854751,41.283282],[19.8546,41.283195],[19.854563,41.283173],[19.854469,41.283119],[19.854398,41.283041],[19.854374,41.283015],[19.854326,41.282951],[19.854296,41.282881],[19.854224,41.282709],[19.854194,41.282637],[19.854174,41.282563],[19.854179,41.282528],[19.854184,41.282482],[19.854217,41.282396],[19.854236,41.282354],[19.854314,41.282184],[19.854391,41.282014],[19.854469,41.281844],[19.854546,41.281674],[19.854589,41.28158],[19.854626,41.281504],[19.854708,41.281335],[19.854791,41.281167],[19.854816,41.281115],[19.854871,41.280997],[19.854904,41.280926],[19.85495,41.280827],[19.855027,41.280665],[19.855031,41.280658],[19.855073,41.280593],[19.855147,41.280516],[19.85516,41.280508],[19.855274,41.280442],[19.855358,41.280407],[19.8554,41.28039],[19.855529,41.280364],[19.855586,41.280355],[19.855685,41.280339],[19.855759,41.280322],[19.855808,41.28031],[19.855855,41.280299],[19.85595,41.280266],[19.85602,41.280235],[19.856051,41.280218],[19.856096,41.280195],[19.856129,41.28015],[19.856161,41.280126],[19.856182,41.280116],[19.856185,41.280114],[19.856205,41.280105],[19.856235,41.280095],[19.856267,41.280089],[19.856293,41.280086],[19.856328,41.280084],[19.856357,41.280087],[19.856376,41.28009],[19.856403,41.280096],[19.856431,41.280106],[19.856468,41.28013],[19.856478,41.280138],[19.856489,41.280147],[19.856514,41.280168],[19.856531,41.280197],[19.856542,41.280223],[19.856547,41.280252],[19.856543,41.280285],[19.856537,41.280313],[19.856537,41.280314],[19.856522,41.280339],[19.856498,41.28037],[19.85647,41.280391],[19.856445,41.280418],[19.856416,41.280451],[19.856409,41.280461],[19.856386,41.280491],[19.85636,41.28054],[19.856339,41.280585],[19.856327,41.280632],[19.856325,41.280638],[19.856296,41.280723],[19.856278,41.280801],[19.856277,41.280811],[19.856274,41.280857],[19.856274,41.280888],[19.856291,41.280936],[19.856315,41.280993],[19.856316,41.280995],[19.85635,41.281075],[19.856388,41.281147],[19.856396,41.281162],[19.856429,41.281223],[19.856458,41.281293],[19.856468,41.281333],[19.856468,41.281336],[19.856468,41.281381],[19.856464,41.281464],[19.856537,41.281478],[19.856593,41.281489],[19.856724,41.281527],[19.856761,41.281541],[19.85684,41.281572],[19.856919,41.281619],[19.856954,41.281645],[19.857033,41.281704],[19.857117,41.281777],[19.857273,41.281914],[19.857308,41.281944],[19.857391,41.282017],[19.857428,41.282051],[19.857583,41.282188],[19.857673,41.282267],[19.857738,41.282325],[19.857893,41.282462],[19.857961,41.282522],[19.858048,41.282599],[19.858201,41.282737],[19.858355,41.282875],[19.858374,41.282892],[19.858437,41.282946],[19.858466,41.282972],[19.858511,41.283012],[19.858523,41.283023],[19.858669,41.283147],[19.858686,41.283162],[19.858797,41.283256],[19.858827,41.283282],[19.858833,41.283288],[19.858853,41.283304],[19.858968,41.283344],[19.859023,41.283363],[19.859035,41.283367],[19.859068,41.283379],[19.85909,41.283379],[19.859111,41.283382],[19.859148,41.283393],[19.859179,41.283411],[19.859202,41.283435],[19.859215,41.283463],[19.859215,41.283466],[19.859217,41.283493],[19.859208,41.283521],[19.85919,41.283545],[19.859164,41.283565],[19.859134,41.283579],[19.8591,41.283586],[19.859079,41.283586],[19.859065,41.283587],[19.859031,41.283581],[19.859001,41.283569],[19.858975,41.283551],[19.858955,41.283529],[19.858944,41.283505],[19.858941,41.283487],[19.858942,41.283469],[19.858941,41.283466],[19.858901,41.283392],[19.858853,41.283304],[19.858847,41.283299],[19.858833,41.283288],[19.858797,41.283256],[19.858689,41.283165],[19.858686,41.283162],[19.858531,41.28303],[19.858523,41.283023],[19.858466,41.282972],[19.858439,41.282947]]},"properties":{"line":"2","dir":"1","headsign":"TEG","mode":"bus","color":"#0059a9"}},{"type":"Feature","geometry":{"type":"LineString","coordinates":[[19.765637,41.340819],[19.765727,41.340905],[19.765766,41.34088],[19.765948,41.340764],[19.76613,41.340647],[19.766156,41.340631],[19.766309,41.340527],[19.766487,41.340407],[19.766665,41.340287],[19.766843,41.340167],[19.767021,41.340046],[19.767199,41.339926],[19.767377,41.339806],[19.767555,41.339685],[19.767575,41.339672],[19.767623,41.33964],[19.76773,41.339562],[19.767901,41.339436],[19.767932,41.339414],[19.768072,41.339311],[19.768243,41.339185],[19.768299,41.339143],[19.768418,41.339061],[19.768594,41.338939],[19.76877,41.338818],[19.768946,41.338696],[19.769122,41.338574],[19.769171,41.33854],[19.769304,41.338456],[19.769313,41.33845],[19.769488,41.338342],[19.769535,41.338312],[19.769612,41.338266],[19.769669,41.338224],[19.769843,41.3381],[19.769865,41.338084],[19.770019,41.337978],[19.770195,41.337856],[19.770371,41.337734],[19.770547,41.337612],[19.770723,41.33749],[19.770775,41.337455],[19.770881,41.337356],[19.770961,41.337281],[19.771041,41.337223],[19.771119,41.337166],[19.771218,41.337101],[19.771229,41.337093],[19.771354,41.33701],[19.771396,41.336981],[19.771419,41.336965],[19.771453,41.336942],[19.771472,41.33693],[19.77157,41.336857],[19.771741,41.336731],[19.771774,41.336707],[19.771891,41.336644],[19.771935,41.336626],[19.772085,41.336563],[19.772135,41.336529],[19.772311,41.336407],[19.772464,41.336303],[19.772488,41.336286],[19.772665,41.336164],[19.772773,41.33609],[19.772841,41.336043],[19.772849,41.336038],[19.772935,41.335942],[19.77299,41.335903],[19.77299,41.335903],[19.773164,41.33578],[19.773273,41.335704],[19.77334,41.335657],[19.773449,41.335581],[19.773516,41.335536],[19.773612,41.335471],[19.773694,41.335416],[19.773872,41.335295],[19.77405,41.335175],[19.77407,41.335161],[19.774228,41.335054],[19.77434,41.334979],[19.774406,41.334934],[19.774424,41.334922],[19.774584,41.334814],[19.774762,41.334694],[19.77494,41.334573],[19.775019,41.334521],[19.775118,41.334453],[19.775134,41.334443],[19.775203,41.334396],[19.775296,41.334333],[19.775329,41.33431],[19.775358,41.334291],[19.775419,41.334249],[19.775474,41.334212],[19.775652,41.334092],[19.77583,41.333971],[19.776008,41.333851],[19.776186,41.333731],[19.776277,41.33367],[19.776364,41.333611],[19.776542,41.33349],[19.776631,41.333431],[19.776721,41.33337],[19.776813,41.333308],[19.776864,41.333273],[19.776899,41.33325],[19.777077,41.333129],[19.777255,41.333009],[19.777328,41.33296],[19.777433,41.332889],[19.777611,41.332768],[19.777789,41.332648],[19.777967,41.332528],[19.778145,41.332408],[19.778323,41.332287],[19.778432,41.332214],[19.778501,41.332167],[19.778536,41.332143],[19.778677,41.332049],[19.77868,41.332047],[19.778859,41.331928],[19.779038,41.331808],[19.779217,41.331689],[19.779396,41.331569],[19.779564,41.331457],[19.779575,41.33145],[19.779592,41.331438],[19.779756,41.331332],[19.779937,41.331214],[19.780068,41.33113],[19.78012,41.331098],[19.780226,41.331037],[19.780306,41.330985],[19.780354,41.330955],[19.780418,41.330914],[19.780489,41.330869],[19.780652,41.330764],[19.780671,41.330752],[19.780684,41.330744],[19.780853,41.330635],[19.780896,41.330608],[19.781036,41.330519],[19.781218,41.330402],[19.7814,41.330285],[19.781583,41.330169],[19.781707,41.330089],[19.781744,41.330066],[19.781765,41.330052],[19.781808,41.330025],[19.781852,41.329997],[19.781947,41.329936],[19.78213,41.329819],[19.782131,41.329818],[19.782183,41.329785],[19.782252,41.329739],[19.78231,41.329701],[19.782491,41.329583],[19.782671,41.329464],[19.782852,41.329346],[19.782868,41.329336],[19.782922,41.329301],[19.782947,41.329212],[19.78294,41.329194],[19.782933,41.329177],[19.782929,41.329141],[19.782933,41.329106],[19.782946,41.329071],[19.782968,41.329039],[19.782985,41.329021],[19.782996,41.32901],[19.783032,41.328985],[19.783106,41.328956],[19.78319,41.328945],[19.783194,41.328946],[19.783273,41.328955],[19.783351,41.328987],[19.783399,41.329026],[19.783406,41.329031],[19.78344,41.329085],[19.78345,41.329147],[19.783512,41.329165],[19.783623,41.329198],[19.783735,41.329231],[19.783907,41.329282],[19.783958,41.329297],[19.784181,41.329363],[19.784404,41.329429],[19.784441,41.32944],[19.784627,41.329495],[19.784777,41.329539],[19.78481,41.329549],[19.784849,41.329561],[19.784902,41.329576],[19.784935,41.329586],[19.785072,41.329626],[19.785264,41.329683],[19.785293,41.329692],[19.785295,41.329692],[19.785313,41.329697],[19.785261,41.329796],[19.785231,41.329851],[19.785223,41.329867],[19.785143,41.330018],[19.785069,41.330157],[19.785053,41.330185],[19.784961,41.330351],[19.784952,41.330367],[19.784868,41.330517],[19.784775,41.330682],[19.784691,41.330833],[19.784683,41.330849],[19.7846,41.331017],[19.784516,41.331186],[19.784432,41.331354],[19.784357,41.331506],[19.784349,41.331523],[19.784327,41.331567],[19.784275,41.331694],[19.784227,41.331812],[19.784202,41.331865],[19.784148,41.331981],[19.784112,41.332031],[19.784,41.33219],[19.783987,41.332208],[19.783901,41.332354],[19.783863,41.332418],[19.783808,41.332519],[19.783752,41.332624],[19.783719,41.332686],[19.783632,41.332854],[19.783546,41.333021],[19.783464,41.33318],[19.783459,41.333189],[19.783414,41.333293],[19.783385,41.33336],[19.783375,41.333382],[19.783328,41.333535],[19.783289,41.333662],[19.783279,41.333711],[19.783244,41.333889],[19.783242,41.3339],[19.783225,41.334069],[19.783223,41.334093],[19.783217,41.334248],[19.783211,41.334419],[19.783211,41.334429],[19.783222,41.334608],[19.783223,41.334624],[19.78325,41.334787],[19.783257,41.334834],[19.783287,41.334965],[19.783307,41.335053],[19.78333,41.335142],[19.783342,41.335189],[19.783378,41.335299],[19.783385,41.335316],[19.783435,41.335424],[19.783462,41.335487],[19.783534,41.335649],[19.783539,41.335657],[19.783631,41.335823],[19.783657,41.33587],[19.783737,41.335985],[19.783831,41.336122],[19.783849,41.336145],[19.78397,41.3363],[19.784072,41.33643],[19.784094,41.336456],[19.784227,41.336605],[19.78436,41.336755],[19.784493,41.336904],[19.784555,41.336974],[19.784629,41.337053],[19.784766,41.337201],[19.784903,41.337348],[19.785041,41.337496],[19.785042,41.337497],[19.785185,41.337641],[19.785328,41.337785],[19.785471,41.337929],[19.785475,41.337933],[19.785616,41.338072],[19.785706,41.338161],[19.785763,41.338215],[19.78591,41.338355],[19.786059,41.338497],[19.786117,41.338552],[19.786193,41.338642],[19.786321,41.338794],[19.786417,41.338907],[19.78645,41.338945],[19.786464,41.338962],[19.786577,41.339096],[19.786599,41.33909],[19.786718,41.339059],[19.786814,41.339028],[19.786979,41.338976],[19.787035,41.338959],[19.787256,41.33889],[19.787321,41.33887],[19.787477,41.33882],[19.787698,41.338751],[19.787699,41.33875],[19.787918,41.338681],[19.78802,41.338649],[19.788139,41.338611],[19.788292,41.338563],[19.788359,41.33854],[19.788399,41.338526],[19.788576,41.338464],[19.788726,41.338412],[19.788793,41.338387],[19.788871,41.338358],[19.78901,41.338311],[19.789228,41.338237],[19.789291,41.338216],[19.789446,41.338162],[19.78954,41.338129],[19.789571,41.338119],[19.789664,41.338088],[19.789859,41.338021],[19.789882,41.338013],[19.789992,41.337974],[19.790077,41.337944],[19.790098,41.337936],[19.790316,41.337861],[19.790345,41.337851],[19.790533,41.337785],[19.790751,41.33771],[19.790968,41.337635],[19.790986,41.337628],[19.791187,41.337561],[19.791406,41.337488],[19.791625,41.337415],[19.791832,41.337347],[19.791843,41.337342],[19.792058,41.337262],[19.792273,41.337182],[19.792281,41.337179],[19.79249,41.337107],[19.79252,41.337097],[19.792649,41.337052],[19.792707,41.337031],[19.792925,41.336956],[19.793142,41.336881],[19.79336,41.336805],[19.79348,41.336763],[19.793577,41.33673],[19.793795,41.336654],[19.794012,41.336579],[19.794058,41.336563],[19.794229,41.336502],[19.794446,41.336426],[19.794465,41.336419],[19.794663,41.33635],[19.79488,41.336275],[19.795013,41.336229],[19.795098,41.3362],[19.795316,41.336126],[19.795534,41.336051],[19.795551,41.336045],[19.795751,41.335975],[19.795891,41.335927],[19.795969,41.3359],[19.796154,41.335835],[19.796186,41.335824],[19.796262,41.335798],[19.796363,41.335763],[19.796404,41.335749],[19.796524,41.335708],[19.796622,41.335674],[19.79684,41.3356],[19.796994,41.335547],[19.797057,41.335525],[19.797075,41.335519],[19.797275,41.33545],[19.797493,41.335375],[19.79769,41.335307],[19.79771,41.3353],[19.797927,41.335224],[19.797932,41.335223],[19.798104,41.335162],[19.798145,41.335148],[19.798363,41.335074],[19.798477,41.335035],[19.79858,41.334999],[19.798797,41.334923],[19.799015,41.334847],[19.799197,41.334783],[19.799232,41.334771],[19.799449,41.334696],[19.799544,41.334664],[19.799667,41.33462],[19.799884,41.334544],[19.800101,41.334468],[19.80016,41.334447],[19.800259,41.334413],[19.800318,41.334392],[19.800524,41.33432],[19.800535,41.334316],[19.800752,41.33424],[19.800901,41.334189],[19.80093,41.334178],[19.800969,41.334165],[19.801187,41.334089],[19.801293,41.334053],[19.801347,41.334034],[19.801379,41.334023],[19.801398,41.334016],[19.801405,41.334014],[19.801622,41.333938],[19.801839,41.333863],[19.801881,41.333848],[19.802057,41.333787],[19.802274,41.333712],[19.802298,41.333704],[19.802468,41.333644],[19.802491,41.333636],[19.802709,41.333561],[19.802926,41.333485],[19.803143,41.33341],[19.803361,41.333334],[19.803564,41.333264],[19.803577,41.333257],[19.803774,41.333155],[19.803778,41.333153],[19.803815,41.333122],[19.803924,41.333023],[19.803929,41.333018],[19.804006,41.332948],[19.804046,41.332875],[19.804054,41.332867],[19.804105,41.332817],[19.80418,41.33277],[19.804234,41.332751],[19.804268,41.332739],[19.804363,41.332725],[19.80446,41.332728],[19.804469,41.33273],[19.804553,41.332748],[19.804592,41.332763],[19.804629,41.332781],[19.804693,41.332782],[19.804747,41.332784],[19.804822,41.332782],[19.804906,41.33278],[19.804933,41.332777],[19.804964,41.332774],[19.805085,41.33275],[19.805164,41.332728],[19.805388,41.332665],[19.805608,41.332603],[19.805612,41.332602],[19.80583,41.332527],[19.805896,41.332504],[19.806047,41.332452],[19.80613,41.332424],[19.806265,41.332377],[19.806372,41.33234],[19.806482,41.332301],[19.8067,41.332226],[19.806809,41.332188],[19.806884,41.332162],[19.806917,41.33215],[19.807134,41.332075],[19.807142,41.332072],[19.807351,41.331997],[19.807433,41.331968],[19.807567,41.33192],[19.807705,41.331871],[19.807784,41.331844],[19.808001,41.331769],[19.808035,41.331757],[19.808085,41.33174],[19.808219,41.331693],[19.808437,41.331618],[19.808654,41.331543],[19.808872,41.331468],[19.80909,41.331393],[19.809174,41.331364],[19.809268,41.331331],[19.809307,41.331318],[19.809524,41.331242],[19.809689,41.331185],[19.809742,41.331167],[19.809959,41.331091],[19.810176,41.331015],[19.810394,41.33094],[19.810559,41.330882],[19.810611,41.330864],[19.810634,41.330856],[19.810828,41.330788],[19.811046,41.330713],[19.811263,41.330637],[19.811419,41.330583],[19.81148,41.330561],[19.811698,41.330486],[19.811729,41.330475],[19.811915,41.33041],[19.811947,41.330399],[19.812071,41.330356],[19.812132,41.330335],[19.812196,41.330312],[19.812349,41.330259],[19.812558,41.330186],[19.812567,41.330183],[19.812784,41.330108],[19.813001,41.330032],[19.813094,41.33],[19.813219,41.329956],[19.813232,41.329952],[19.813436,41.329881],[19.813653,41.329805],[19.813871,41.329729],[19.813889,41.329723],[19.814088,41.329654],[19.814305,41.329578],[19.814512,41.329506],[19.814522,41.329503],[19.81474,41.329427],[19.814851,41.329388],[19.814898,41.329372],[19.814957,41.329351],[19.815097,41.329303],[19.815174,41.329276],[19.815284,41.329238],[19.815392,41.3292],[19.815609,41.329124],[19.815631,41.329116],[19.815739,41.329079],[19.815826,41.329049],[19.815878,41.329031],[19.815978,41.328988],[19.81599,41.328948],[19.816041,41.328773],[19.816074,41.328662],[19.81607,41.328595],[19.816068,41.328547],[19.816057,41.328416],[19.816056,41.32841],[19.816032,41.328327],[19.816017,41.328311],[19.815997,41.328292],[19.815945,41.328269],[19.815926,41.328261],[19.815853,41.32824],[19.815714,41.328224],[19.815685,41.32822],[19.815475,41.328229],[19.815236,41.32824],[19.815061,41.328248],[19.814997,41.32825],[19.814758,41.328261],[19.814736,41.328262],[19.814519,41.328271],[19.81428,41.328282],[19.814041,41.328292],[19.813802,41.328303],[19.813666,41.328309],[19.813563,41.328313],[19.813556,41.328314],[19.813323,41.328324],[19.813142,41.328332],[19.813084,41.328334],[19.813019,41.328337],[19.812845,41.328344],[19.812606,41.328353],[19.812367,41.328363],[19.81228,41.328366],[19.812127,41.328367],[19.812104,41.328367],[19.811944,41.32836],[19.811889,41.328353],[19.811692,41.328332],[19.811652,41.328325],[19.811603,41.328317],[19.81149,41.328294],[19.811421,41.328277],[19.81139,41.328269],[19.811359,41.328261],[19.811212,41.328217],[19.811198,41.328212],[19.811074,41.328172],[19.810978,41.328141],[19.810756,41.328072],[19.810704,41.328056],[19.810535,41.328003],[19.810314,41.327934],[19.810307,41.327932],[19.810093,41.327866],[19.809958,41.327824],[19.809871,41.327797],[19.809719,41.327751],[19.809649,41.327729],[19.809428,41.327661],[19.809307,41.327623],[19.809207,41.327592],[19.808985,41.327523],[19.808764,41.327455],[19.808717,41.32744],[19.808544,41.327386],[19.808542,41.327386],[19.808395,41.32734],[19.808321,41.327318],[19.808191,41.327278],[19.808099,41.327249],[19.807879,41.32718],[19.807839,41.327167],[19.807786,41.32715],[19.807715,41.327128],[19.807657,41.327111],[19.807648,41.327108],[19.807436,41.327042],[19.807396,41.327029],[19.807215,41.326973],[19.806994,41.326904],[19.806776,41.326836],[19.806772,41.326835],[19.806618,41.326787],[19.806551,41.326766],[19.806382,41.326714],[19.80633,41.326697],[19.806109,41.326628],[19.805887,41.326559],[19.805666,41.326491],[19.805445,41.326422],[19.805413,41.326412],[19.805299,41.326377],[19.80523,41.326355],[19.805224,41.326353],[19.805059,41.326302],[19.805002,41.326284],[19.804781,41.326215],[19.804619,41.326165],[19.80456,41.326147],[19.804338,41.326078],[19.804117,41.326009],[19.804004,41.325974],[19.803896,41.32594],[19.803855,41.325927],[19.80379,41.325907],[19.803675,41.325871],[19.803645,41.325862],[19.803597,41.325847],[19.803499,41.325816],[19.803454,41.325802],[19.803393,41.325783],[19.803307,41.325756],[19.803232,41.325733],[19.80313,41.325701],[19.803011,41.325664],[19.803001,41.325661],[19.802789,41.325596],[19.802567,41.325529],[19.802346,41.325461],[19.802124,41.325393],[19.801902,41.325325],[19.80168,41.325257],[19.801458,41.325189],[19.801236,41.325122],[19.801015,41.325054],[19.800793,41.324986],[19.800571,41.324918],[19.80053,41.324906],[19.800408,41.324869],[19.800349,41.324851],[19.800127,41.324784],[19.799904,41.324717],[19.799682,41.32465],[19.79946,41.324583],[19.799238,41.324516],[19.799015,41.324449],[19.798793,41.324382],[19.798571,41.324315],[19.798522,41.3243],[19.798348,41.324249],[19.798125,41.324183],[19.798017,41.324152],[19.797901,41.324119],[19.797677,41.324056],[19.797513,41.324009],[19.797453,41.323992],[19.797393,41.323975],[19.797228,41.32393],[19.79708,41.323888],[19.797004,41.323866],[19.796966,41.323855],[19.796838,41.323819],[19.79678,41.323802],[19.796681,41.323774],[19.796556,41.323739],[19.796332,41.323675],[19.796108,41.323612],[19.795884,41.323548],[19.79566,41.323485],[19.795436,41.323421],[19.795309,41.323385],[19.795212,41.323358],[19.794987,41.323295],[19.794763,41.323232],[19.794539,41.323169],[19.794532,41.323167],[19.794406,41.323131],[19.794315,41.323105],[19.794091,41.323041],[19.793868,41.322976],[19.793644,41.322912],[19.79342,41.322847],[19.793367,41.322832],[19.793195,41.322786],[19.79297,41.322725],[19.792951,41.32272],[19.792744,41.322664],[19.79267,41.322644],[19.792519,41.322603],[19.792311,41.322547],[19.792294,41.322542],[19.792286,41.32254],[19.792068,41.322483],[19.792039,41.322476],[19.791994,41.322464],[19.791843,41.322421],[19.791618,41.322359],[19.791527,41.322333],[19.791449,41.322314],[19.791392,41.322299],[19.791391,41.322298],[19.79129,41.322272],[19.791166,41.32224],[19.79094,41.322181],[19.790713,41.322123],[19.790615,41.322097],[19.790585,41.322089],[19.790487,41.322063],[19.790485,41.322063],[19.790261,41.322003],[19.790164,41.321977],[19.790067,41.321961],[19.79003,41.321957],[19.789851,41.321938],[19.789794,41.321929],[19.789702,41.321914],[19.789592,41.321881],[19.789567,41.321888],[19.789558,41.32189],[19.789475,41.321901],[19.789392,41.321896],[19.789331,41.32188],[19.789312,41.321875],[19.789243,41.32184],[19.789187,41.321793],[19.789166,41.321764],[19.789161,41.321758],[19.789145,41.321736],[19.789067,41.321682],[19.788996,41.321639],[19.78899,41.321634],[19.788914,41.321587],[19.788842,41.321549],[19.788797,41.321527],[19.788764,41.321511],[19.788711,41.321487],[19.788639,41.321454],[19.788592,41.321435],[19.788536,41.321411],[19.788385,41.321361],[19.788376,41.321358],[19.788303,41.321332],[19.788163,41.321282],[19.78816,41.321281],[19.787943,41.321204],[19.787886,41.321183],[19.787777,41.321136],[19.787732,41.321118],[19.787698,41.321104],[19.787648,41.321083],[19.787582,41.321061],[19.787517,41.321039],[19.787298,41.320966],[19.787126,41.320909],[19.78708,41.320893],[19.786862,41.320818],[19.786644,41.320744],[19.786496,41.320694],[19.786426,41.32067],[19.786208,41.320596],[19.785989,41.320522],[19.785771,41.320449],[19.785552,41.320375],[19.785334,41.320301],[19.785115,41.320227],[19.784897,41.320154],[19.784791,41.320118],[19.784678,41.32008],[19.78446,41.320006],[19.784241,41.319933],[19.784207,41.319921],[19.784182,41.319913],[19.784025,41.319855],[19.78396,41.319831],[19.783874,41.31987],[19.783858,41.319883],[19.783827,41.319905],[19.783817,41.319912],[19.783706,41.320029],[19.783687,41.320052],[19.783561,41.320205],[19.783544,41.320226],[19.783462,41.320367],[19.783461,41.320368],[19.783424,41.320482],[19.783413,41.320544],[19.783405,41.320586],[19.783414,41.320681],[19.783429,41.320722],[19.783441,41.320757],[19.783475,41.320816],[19.78352,41.320888],[19.78354,41.320921],[19.783571,41.320975],[19.783593,41.321028],[19.783602,41.321057],[19.783608,41.321079],[19.783611,41.321131],[19.783605,41.321172],[19.783589,41.321235],[19.783589,41.321239],[19.783539,41.321369],[19.783514,41.321405],[19.783402,41.321564],[19.783325,41.321673],[19.783291,41.321723],[19.783183,41.321884],[19.783075,41.322044],[19.783073,41.322047],[19.782966,41.322205],[19.782865,41.322354],[19.782858,41.322365],[19.782829,41.32241],[19.782752,41.322526],[19.782709,41.322591],[19.782673,41.322632],[19.782662,41.322642],[19.782641,41.32266],[19.782618,41.322674],[19.782576,41.322701],[19.782523,41.322729],[19.782437,41.322764],[19.782417,41.322771],[19.782244,41.322842],[19.782206,41.322856],[19.782143,41.322878],[19.782003,41.322929],[19.78199,41.322934],[19.781845,41.322983],[19.781769,41.323004],[19.781684,41.323027],[19.781541,41.323059],[19.781386,41.323094],[19.78131,41.323106],[19.781209,41.323123],[19.781097,41.323141],[19.781076,41.323144],[19.780841,41.323176],[19.780668,41.3232],[19.780605,41.323208],[19.780369,41.323239],[19.780348,41.323242],[19.780203,41.323257],[19.780133,41.323269],[19.780101,41.323275],[19.780026,41.323286],[19.779975,41.323294],[19.77993,41.323301],[19.779898,41.323305],[19.77967,41.32334],[19.779663,41.323341],[19.779517,41.323365],[19.779478,41.32337],[19.779429,41.323377],[19.779266,41.323401],[19.779194,41.323412],[19.779061,41.323431],[19.778959,41.323446],[19.778954,41.323447],[19.778896,41.323456],[19.778724,41.323481],[19.778581,41.323503],[19.778489,41.323516],[19.778254,41.323551],[19.778142,41.323568],[19.778019,41.323586],[19.777784,41.323621],[19.777767,41.323624],[19.777677,41.323637],[19.777549,41.323656],[19.777314,41.323691],[19.777254,41.3237],[19.777079,41.323726],[19.776852,41.32376],[19.776844,41.323761],[19.776795,41.323769],[19.776738,41.323778],[19.776644,41.323792],[19.77661,41.323797],[19.776545,41.323807],[19.776439,41.323835],[19.776385,41.323857],[19.776301,41.323891],[19.776179,41.323948],[19.776174,41.32395],[19.775974,41.324041],[19.775769,41.324134],[19.775563,41.324227],[19.775528,41.324242],[19.775358,41.32432],[19.775311,41.324341],[19.775153,41.324413],[19.77497,41.324496],[19.774948,41.324506],[19.774743,41.324598],[19.774682,41.324626],[19.774538,41.324691],[19.774488,41.324714],[19.7744,41.324754],[19.774364,41.324771],[19.774333,41.324784],[19.774272,41.324812],[19.774218,41.324872],[19.774205,41.324887],[19.774184,41.324919],[19.774158,41.324959],[19.774129,41.325019],[19.774117,41.325048],[19.774103,41.325088],[19.774097,41.325103],[19.77411,41.325193],[19.774119,41.325253],[19.774135,41.325259],[19.77417,41.325273],[19.774211,41.325303],[19.774239,41.325341],[19.774251,41.325383],[19.774248,41.325405],[19.774246,41.325426],[19.774223,41.325468],[19.774183,41.325503],[19.774131,41.325527],[19.7741,41.325533],[19.774072,41.325538],[19.773939,41.325656],[19.773938,41.325659],[19.77391,41.325753],[19.7739,41.325781],[19.773894,41.32581],[19.773886,41.325835],[19.773837,41.326011],[19.773832,41.326028],[19.773821,41.32606],[19.773792,41.326167],[19.77379,41.326188],[19.773783,41.326282],[19.773788,41.326368],[19.773796,41.326489],[19.7738,41.326526],[19.773803,41.326547],[19.773804,41.326554],[19.773825,41.326726],[19.773842,41.326862],[19.773848,41.326905],[19.773851,41.326927],[19.773871,41.327084],[19.773882,41.327173],[19.773894,41.327263],[19.77391,41.32739],[19.773913,41.327413],[19.773917,41.327442],[19.773938,41.327621],[19.77396,41.327801],[19.773972,41.327893],[19.773982,41.32798],[19.774,41.328134],[19.774003,41.328159],[19.774019,41.328293],[19.774025,41.328338],[19.774026,41.328346],[19.774029,41.328371],[19.774015,41.328516],[19.774014,41.328517],[19.773988,41.328667],[19.773976,41.328695],[19.77391,41.328849],[19.773903,41.328861],[19.7739,41.328865],[19.7738,41.329029],[19.77376,41.329095],[19.7737,41.329192],[19.7736,41.329355],[19.773571,41.329403],[19.773505,41.32952],[19.773411,41.329686],[19.773341,41.329809],[19.773318,41.329852],[19.773311,41.329864],[19.773284,41.329913],[19.773272,41.329933],[19.773219,41.330015],[19.773116,41.330178],[19.773026,41.330318],[19.773011,41.33034],[19.772933,41.33045],[19.772899,41.330498],[19.772786,41.330657],[19.772762,41.330691],[19.772702,41.330776],[19.772669,41.330814],[19.77264,41.330848],[19.772572,41.33091],[19.77252,41.330955],[19.772513,41.330961],[19.772363,41.33109],[19.772294,41.331151],[19.772206,41.331226],[19.772049,41.331362],[19.771892,41.331498],[19.771853,41.331532],[19.771733,41.331633],[19.771574,41.331767],[19.771415,41.331901],[19.771308,41.331991],[19.771258,41.332037],[19.77123,41.332064],[19.771169,41.33213],[19.771138,41.332171],[19.771126,41.332187],[19.771106,41.332215],[19.771078,41.332264],[19.77104,41.332356],[19.771039,41.33236],[19.771012,41.332453],[19.770987,41.332531],[19.770937,41.332684],[19.770928,41.332705],[19.770905,41.332765],[19.770878,41.332828],[19.770853,41.332876],[19.770852,41.332879],[19.770811,41.332949],[19.770794,41.332977],[19.770775,41.333009],[19.77075,41.333038],[19.770622,41.33319],[19.770603,41.333214],[19.770487,41.333339],[19.770401,41.333432],[19.770349,41.333486],[19.770322,41.333514],[19.770246,41.333593],[19.770209,41.333631],[19.770068,41.333777],[19.770023,41.333824],[19.769964,41.333885],[19.769944,41.333905],[19.769926,41.333922],[19.769893,41.33395],[19.769797,41.33401],[19.769737,41.33403],[19.7697,41.334043],[19.769513,41.334094],[19.769479,41.334103],[19.769406,41.334123],[19.769288,41.334156],[19.769064,41.334219],[19.768942,41.334254],[19.768843,41.334289],[19.768767,41.334316],[19.768653,41.334387],[19.768649,41.334391],[19.768564,41.334467],[19.768504,41.334535],[19.768369,41.334683],[19.768327,41.334731],[19.768232,41.334831],[19.768145,41.334924],[19.768093,41.334977],[19.768037,41.335036],[19.767939,41.335115],[19.767775,41.335245],[19.76769,41.335313],[19.767611,41.335377],[19.767448,41.335509],[19.767336,41.3356],[19.767285,41.33564],[19.767185,41.335721],[19.767121,41.335771],[19.767017,41.335855],[19.766957,41.335903],[19.766898,41.33595],[19.766793,41.336034],[19.766629,41.336165],[19.766601,41.336188],[19.766465,41.336296],[19.766302,41.336427],[19.766157,41.336542],[19.766137,41.336558],[19.765968,41.336685],[19.76596,41.336691],[19.765806,41.336818],[19.765757,41.336859],[19.76564,41.336947],[19.765472,41.337075],[19.765304,41.337203],[19.765135,41.337332],[19.765022,41.337418],[19.764967,41.33746],[19.764827,41.337566],[19.764799,41.337588],[19.764789,41.337595],[19.764628,41.337713],[19.764561,41.337763],[19.764457,41.33784],[19.764391,41.337889],[19.764367,41.337908],[19.764289,41.337968],[19.764122,41.338097],[19.763955,41.338226],[19.763905,41.338264],[19.763807,41.338346],[19.763793,41.338358],[19.763634,41.338492],[19.763475,41.338627],[19.763372,41.338714],[19.763428,41.338762],[19.763581,41.338893],[19.763585,41.338897],[19.763739,41.339035],[19.763744,41.339039],[19.763892,41.339173],[19.764046,41.339311],[19.764199,41.339449],[19.764353,41.339587],[19.764355,41.339589],[19.764501,41.339729],[19.764648,41.339871],[19.764796,41.340012],[19.764944,41.340154],[19.765092,41.340295],[19.765239,41.340437],[19.765387,41.340578],[19.765406,41.340597],[19.765533,41.340718],[19.765535,41.34072],[19.765611,41.340793]]},"properties":{"line":"3A","dir":"Qemal Stafa","headsign":"Qemal Stafa","mode":"bus","color":"#0059a9"}},{"type":"Feature","geometry":{"type":"LineString","coordinates":[[19.765474,41.340662],[19.765406,41.340597],[19.765327,41.340521],[19.765179,41.340379],[19.765031,41.340238],[19.764884,41.340096],[19.764736,41.339954],[19.764588,41.339813],[19.76444,41.339671],[19.764355,41.339589],[19.76429,41.339531],[19.764137,41.339393],[19.763983,41.339255],[19.76383,41.339117],[19.763744,41.339039],[19.763676,41.338979],[19.763581,41.338893],[19.763521,41.338842],[19.763372,41.338714],[19.763363,41.338721],[19.763372,41.338714],[19.763513,41.338595],[19.763672,41.33846],[19.763807,41.338346],[19.763831,41.338326],[19.763905,41.338264],[19.763995,41.338195],[19.764161,41.338066],[19.764328,41.337937],[19.764367,41.337908],[19.764391,41.337889],[19.764498,41.33781],[19.764561,41.337763],[19.764668,41.337684],[19.764789,41.337595],[19.764827,41.337566],[19.764839,41.337557],[19.765007,41.337429],[19.765022,41.337418],[19.765175,41.337301],[19.765343,41.337173],[19.765512,41.337045],[19.76568,41.336917],[19.765757,41.336859],[19.765844,41.336786],[19.76596,41.336691],[19.766008,41.336655],[19.766157,41.336542],[19.766176,41.336527],[19.76634,41.336396],[19.766504,41.336265],[19.766601,41.336188],[19.766668,41.336134],[19.766832,41.336003],[19.766898,41.33595],[19.766996,41.335872],[19.767017,41.335855],[19.76716,41.33574],[19.767185,41.335721],[19.767324,41.335609],[19.767336,41.3356],[19.767487,41.335478],[19.76765,41.335346],[19.76769,41.335313],[19.767814,41.335215],[19.767978,41.335084],[19.768037,41.335036],[19.768126,41.334943],[19.768145,41.334924],[19.76806,41.334856],[19.768145,41.334924],[19.768207,41.334858],[19.768327,41.334731],[19.768345,41.334711],[19.768479,41.334562],[19.768564,41.334467],[19.76862,41.334417],[19.768653,41.334387],[19.768767,41.334316],[19.768803,41.334303],[19.768942,41.334254],[19.769022,41.334231],[19.769247,41.334168],[19.769406,41.334123],[19.769471,41.334105],[19.769479,41.334103],[19.769696,41.334044],[19.7697,41.334043],[19.769797,41.33401],[19.769893,41.33395],[19.769896,41.333948],[19.769944,41.333905],[19.769964,41.333885],[19.770023,41.333824],[19.770041,41.333805],[19.770182,41.333659],[19.770246,41.333593],[19.770322,41.333514],[19.770322,41.333514],[19.770401,41.333432],[19.770461,41.333367],[19.770598,41.333219],[19.770603,41.333214],[19.770726,41.333067],[19.770775,41.333009],[19.770794,41.332977],[19.770811,41.332949],[19.770835,41.332908],[19.770852,41.332879],[19.770878,41.332828],[19.770905,41.332765],[19.770915,41.332738],[19.770937,41.332684],[19.770976,41.332564],[19.771012,41.332453],[19.77103,41.332389],[19.771039,41.33236],[19.771078,41.332264],[19.771104,41.332218],[19.771106,41.332215],[19.771138,41.332171],[19.771169,41.33213],[19.771229,41.332065],[19.77123,41.332064],[19.771308,41.331991],[19.771383,41.331928],[19.771543,41.331793],[19.771702,41.331659],[19.771853,41.331532],[19.771861,41.331525],[19.772018,41.331389],[19.772175,41.331253],[19.772294,41.331151],[19.772332,41.331117],[19.772489,41.330981],[19.772513,41.330961],[19.772572,41.33091],[19.77264,41.330848],[19.772643,41.330844],[19.772702,41.330776],[19.772762,41.330691],[19.772764,41.330688],[19.772876,41.33053],[19.772933,41.33045],[19.772989,41.330371],[19.773026,41.330318],[19.773095,41.33021],[19.773199,41.330048],[19.773272,41.329933],[19.773284,41.329913],[19.7733,41.329885],[19.773311,41.329864],[19.773341,41.329809],[19.773393,41.329719],[19.773486,41.329553],[19.773571,41.329403],[19.77358,41.329388],[19.77368,41.329224],[19.77376,41.329095],[19.77378,41.329061],[19.77388,41.328897],[19.773903,41.328861],[19.77391,41.328849],[19.773961,41.328729],[19.773988,41.328667],[19.774008,41.328553],[19.774015,41.328516],[19.774028,41.328374],[19.774029,41.328371],[19.774026,41.328346],[19.774019,41.328293],[19.774008,41.328194],[19.774,41.328134],[19.773986,41.328015],[19.773972,41.327893],[19.773965,41.327836],[19.773943,41.327657],[19.773921,41.327478],[19.773913,41.327413],[19.77391,41.32739],[19.773898,41.327299],[19.773882,41.327173],[19.773875,41.32712],[19.773853,41.326941],[19.773851,41.326927],[19.773842,41.326862],[19.773829,41.326762],[19.773807,41.326583],[19.773804,41.326554],[19.7738,41.326526],[19.773796,41.326489],[19.773791,41.326403],[19.773783,41.326282],[19.773787,41.326224],[19.773792,41.326167],[19.773821,41.32606],[19.773826,41.326046],[19.773832,41.326028],[19.773876,41.325871],[19.773894,41.32581],[19.7739,41.325781],[19.77391,41.325753],[19.773927,41.325695],[19.773939,41.325656],[19.773917,41.325539],[19.773913,41.325517],[19.773908,41.325488],[19.773876,41.325449],[19.773862,41.325404],[19.773866,41.325358],[19.773872,41.325347],[19.773889,41.325316],[19.773929,41.325281],[19.77398,41.325257],[19.774017,41.325209],[19.774097,41.325103],[19.774117,41.325048],[19.774118,41.325048],[19.774129,41.325019],[19.774158,41.324959],[19.774205,41.324887],[19.774209,41.324882],[19.774218,41.324872],[19.774272,41.324812],[19.774364,41.324771],[19.774381,41.324763],[19.7744,41.324754],[19.774488,41.324714],[19.774586,41.32467],[19.774682,41.324626],[19.774791,41.324577],[19.77497,41.324496],[19.774996,41.324484],[19.775201,41.324391],[19.775311,41.324341],[19.775406,41.324298],[19.775528,41.324242],[19.775611,41.324205],[19.775816,41.324112],[19.776021,41.324019],[19.776174,41.32395],[19.776226,41.323926],[19.776301,41.323891],[19.776434,41.323837],[19.776439,41.323835],[19.776545,41.323807],[19.776644,41.323792],[19.776664,41.323789],[19.776738,41.323778],[19.776795,41.323769],[19.776852,41.32376],[19.776899,41.323753],[19.777134,41.323718],[19.777254,41.3237],[19.777369,41.323683],[19.777603,41.323648],[19.777677,41.323637],[19.777767,41.323624],[19.777838,41.323613],[19.778073,41.323578],[19.778142,41.323568],[19.778308,41.323543],[19.778543,41.323508],[19.778581,41.323503],[19.778778,41.323473],[19.778896,41.323456],[19.778954,41.323447],[19.779013,41.323438],[19.779061,41.323431],[19.779248,41.323404],[19.779266,41.323401],[19.779478,41.32337],[19.779483,41.323369],[19.779517,41.323365],[19.77967,41.32334],[19.779718,41.323333],[19.77993,41.323301],[19.779953,41.323297],[19.779975,41.323294],[19.780026,41.323286],[19.780101,41.323275],[19.780187,41.32326],[19.780203,41.323257],[19.780348,41.323242],[19.780423,41.323232],[19.780659,41.323201],[19.780668,41.3232],[19.780895,41.323169],[19.781097,41.323141],[19.781131,41.323135],[19.781209,41.323123],[19.781365,41.323097],[19.781386,41.323094],[19.781595,41.323047],[19.781684,41.323027],[19.781823,41.322989],[19.781845,41.322983],[19.782003,41.322929],[19.782042,41.322915],[19.782143,41.322878],[19.782244,41.322842],[19.782257,41.322837],[19.782437,41.322764],[19.782467,41.322751],[19.782523,41.322729],[19.782576,41.322701],[19.782641,41.32266],[19.782659,41.322644],[19.782662,41.322642],[19.782673,41.322632],[19.782709,41.322591],[19.782777,41.322488],[19.782829,41.32241],[19.782865,41.322354],[19.782884,41.322327],[19.782992,41.322166],[19.783073,41.322047],[19.7831,41.322006],[19.783209,41.321845],[19.783317,41.321685],[19.783325,41.321673],[19.783429,41.321526],[19.783539,41.321369],[19.783541,41.321364],[19.783589,41.321239],[19.7836,41.321189],[19.783605,41.321172],[19.783611,41.321131],[19.783608,41.321079],[19.783593,41.321028],[19.783587,41.321012],[19.783571,41.320975],[19.78354,41.320921],[19.783494,41.320847],[19.783475,41.320816],[19.783441,41.320757],[19.783414,41.320681],[19.783414,41.320677],[19.783405,41.320586],[19.783421,41.320498],[19.783424,41.320482],[19.783462,41.320367],[19.783485,41.320325],[19.783544,41.320226],[19.783593,41.320165],[19.783706,41.320029],[19.783721,41.320013],[19.783817,41.319912],[19.783858,41.319883],[19.78387,41.319873],[19.783874,41.31987],[19.78396,41.319831],[19.784043,41.319804],[19.784082,41.319818],[19.784212,41.319864],[19.7843,41.319892],[19.784428,41.319932],[19.78452,41.319963],[19.784738,41.320037],[19.784779,41.320051],[19.784957,41.320109],[19.785177,41.320181],[19.785397,41.320253],[19.78556,41.320306],[19.785616,41.320325],[19.785628,41.32033],[19.785834,41.3204],[19.786052,41.320474],[19.786115,41.320496],[19.78627,41.320549],[19.786488,41.320623],[19.786534,41.320639],[19.786585,41.320656],[19.786696,41.320694],[19.786706,41.320698],[19.786923,41.320773],[19.787141,41.320848],[19.78727,41.320893],[19.787358,41.320924],[19.787372,41.320929],[19.787577,41.320998],[19.787621,41.321013],[19.787687,41.321033],[19.787796,41.321068],[19.787797,41.321068],[19.787862,41.321089],[19.788007,41.321135],[19.788017,41.321139],[19.788236,41.321213],[19.788358,41.321254],[19.788455,41.321285],[19.788497,41.321299],[19.78865,41.321349],[19.788675,41.321355],[19.788806,41.321385],[19.788908,41.321397],[19.788917,41.321398],[19.789099,41.321406],[19.789147,41.321407],[19.789218,41.32141],[19.789349,41.321417],[19.789373,41.321411],[19.789385,41.32141],[19.78946,41.321402],[19.789548,41.321411],[19.789619,41.321434],[19.789629,41.321437],[19.789698,41.321478],[19.789751,41.321531],[19.789769,41.321558],[19.789777,41.321564],[19.789855,41.321615],[19.789938,41.321675],[19.789953,41.321686],[19.790008,41.321725],[19.790139,41.321799],[19.79014,41.3218],[19.790252,41.321849],[19.790354,41.321879],[19.79041,41.321895],[19.790576,41.321946],[19.790647,41.321968],[19.790799,41.322011],[19.790855,41.322027],[19.791023,41.322074],[19.791247,41.322138],[19.791296,41.322152],[19.791471,41.322201],[19.791494,41.322208],[19.791591,41.322234],[19.791696,41.322263],[19.791921,41.322326],[19.792068,41.322367],[19.792097,41.322376],[19.792126,41.322385],[19.792144,41.32239],[19.792337,41.322446],[19.792368,41.322455],[19.792591,41.32252],[19.79273,41.322561],[19.792814,41.322585],[19.793038,41.322649],[19.793049,41.322652],[19.793263,41.32271],[19.793377,41.322741],[19.793488,41.322773],[19.793712,41.322836],[19.793893,41.322888],[19.793936,41.3229],[19.79416,41.322963],[19.794385,41.323026],[19.794574,41.323079],[19.794609,41.323089],[19.794833,41.323152],[19.795058,41.323215],[19.795282,41.323278],[19.795444,41.323324],[19.795506,41.323341],[19.79554,41.323351],[19.79573,41.323404],[19.795955,41.323468],[19.796022,41.323487],[19.796118,41.323514],[19.796179,41.323531],[19.796403,41.323594],[19.796627,41.323657],[19.796852,41.32372],[19.796886,41.32373],[19.797012,41.323766],[19.797076,41.323783],[19.7973,41.323847],[19.797344,41.323859],[19.797439,41.323886],[19.797524,41.32391],[19.797556,41.32392],[19.797748,41.323975],[19.797971,41.32404],[19.798178,41.3241],[19.798194,41.324104],[19.798418,41.324169],[19.798641,41.324234],[19.798788,41.324276],[19.798865,41.324299],[19.799088,41.324365],[19.799311,41.324431],[19.799466,41.324477],[19.799533,41.324497],[19.799756,41.324563],[19.799979,41.324629],[19.800201,41.324695],[19.800323,41.324732],[19.800424,41.324762],[19.800584,41.324811],[19.800646,41.32483],[19.800867,41.324898],[19.801089,41.324966],[19.80131,41.325035],[19.801532,41.325103],[19.801754,41.325171],[19.801975,41.325239],[19.802197,41.325308],[19.802418,41.325376],[19.80264,41.325444],[19.802763,41.325482],[19.802862,41.325512],[19.803083,41.32558],[19.803186,41.325611],[19.803305,41.325648],[19.803308,41.325649],[19.80335,41.325663],[19.803433,41.325688],[19.803526,41.325718],[19.803537,41.325721],[19.803641,41.325753],[19.803747,41.325787],[19.803807,41.325806],[19.803968,41.325856],[19.804189,41.325925],[19.80425,41.325944],[19.80441,41.325994],[19.804631,41.326063],[19.804665,41.326074],[19.804853,41.326132],[19.805074,41.326201],[19.80528,41.326266],[19.805295,41.32627],[19.805348,41.326286],[19.805429,41.326311],[19.805463,41.326322],[19.805517,41.326338],[19.805739,41.326406],[19.80596,41.326474],[19.806182,41.326542],[19.806312,41.326582],[19.806403,41.326611],[19.806624,41.32668],[19.806667,41.326694],[19.806846,41.326748],[19.806875,41.326757],[19.807068,41.326817],[19.807289,41.326886],[19.80751,41.326954],[19.807694,41.327011],[19.807732,41.327023],[19.807761,41.327032],[19.80779,41.327041],[19.807833,41.327054],[19.80789,41.327072],[19.807953,41.327091],[19.808119,41.327142],[19.808175,41.32716],[19.808396,41.327228],[19.808454,41.327246],[19.808598,41.327291],[19.808618,41.327297],[19.808839,41.327365],[19.808973,41.327406],[19.809061,41.327433],[19.809211,41.327479],[19.809282,41.327502],[19.809503,41.327571],[19.809624,41.327609],[19.809705,41.327635],[19.809724,41.32764],[19.809945,41.327709],[19.810009,41.327729],[19.810162,41.327775],[19.810167,41.327777],[19.810389,41.327845],[19.810611,41.327913],[19.810832,41.327981],[19.811054,41.328049],[19.811094,41.328062],[19.811263,41.328116],[19.811275,41.328119],[19.811386,41.32815],[19.811417,41.328159],[19.8115,41.32818],[19.811514,41.328183],[19.811721,41.328222],[19.811733,41.328223],[19.811967,41.328251],[19.81197,41.328251],[19.812133,41.32826],[19.812209,41.32826],[19.812283,41.32826],[19.812384,41.328256],[19.812448,41.328253],[19.812687,41.328242],[19.812905,41.328233],[19.812926,41.328232],[19.813011,41.328228],[19.813165,41.328221],[19.813404,41.328211],[19.813568,41.328204],[19.813643,41.3282],[19.813659,41.328199],[19.813882,41.328189],[19.814009,41.328183],[19.814121,41.328178],[19.814361,41.328168],[19.8146,41.328158],[19.814803,41.328149],[19.814839,41.328147],[19.815078,41.328137],[19.815236,41.32813],[19.815317,41.328126],[19.815556,41.328115],[19.815592,41.328113],[19.815795,41.328104],[19.81602,41.328095],[19.816034,41.328094],[19.816065,41.328093],[19.816211,41.3281],[19.816226,41.328043],[19.81624,41.327989],[19.81627,41.327866],[19.816284,41.32781],[19.816318,41.327689],[19.816331,41.327641],[19.816364,41.327513],[19.816411,41.327337],[19.816419,41.327303],[19.81646,41.327161],[19.816509,41.326985],[19.816534,41.326899],[19.816555,41.326826],[19.81656,41.326809],[19.8166,41.326663],[19.816609,41.326633],[19.816659,41.326457],[19.816709,41.326281],[19.816759,41.326105],[19.81677,41.326068],[19.816809,41.325929],[19.816859,41.325753],[19.816865,41.325732],[19.81689,41.325642],[19.816902,41.325598],[19.81693,41.325602],[19.817038,41.325619],[19.817164,41.325639],[19.817346,41.325667],[19.817399,41.325675],[19.817633,41.325712],[19.817868,41.325749],[19.818102,41.325786],[19.818337,41.325823],[19.818571,41.325859],[19.818805,41.325896],[19.818888,41.325909],[19.818923,41.325915],[19.819015,41.325929],[19.81904,41.325933],[19.819105,41.325943],[19.819071,41.32607],[19.819023,41.326247],[19.818975,41.326423],[19.818958,41.326489],[19.818928,41.326599],[19.818911,41.326661],[19.818909,41.326713],[19.818925,41.326758],[19.818939,41.326773],[19.818944,41.326779],[19.818975,41.326804],[19.819047,41.326858],[19.8191,41.326906],[19.81911,41.326915],[19.819164,41.32697],[19.819201,41.327013],[19.819231,41.327056],[19.819236,41.327063],[19.819265,41.327099],[19.81928,41.327113],[19.819307,41.327132],[19.81934,41.327143],[19.819404,41.327158],[19.819414,41.327159],[19.819496,41.327166],[19.819632,41.327178],[19.819652,41.327179],[19.81989,41.3272],[19.820127,41.327221],[19.820177,41.327225],[19.820365,41.327242],[19.820603,41.327263],[19.820624,41.327264],[19.820841,41.327283],[19.821042,41.327301],[19.821079,41.327304],[19.821317,41.327325],[19.821371,41.32733],[19.821555,41.327346],[19.821793,41.327367],[19.821888,41.327375],[19.822031,41.327387],[19.822053,41.327389],[19.822269,41.327408],[19.822489,41.327427],[19.822507,41.327431],[19.822609,41.327452],[19.822671,41.327474],[19.822706,41.327514],[19.822739,41.327501],[19.822706,41.327514],[19.822622,41.327568],[19.822583,41.327591],[19.822561,41.327609],[19.822526,41.327636],[19.822463,41.327685],[19.822405,41.327743],[19.82239,41.327759],[19.822331,41.327831],[19.822288,41.327899],[19.822247,41.327963],[19.82219,41.328063],[19.822095,41.328228],[19.822075,41.328261],[19.822002,41.328394],[19.821957,41.328476],[19.821912,41.32856],[19.821889,41.328603],[19.821749,41.328578],[19.821731,41.328574],[19.821499,41.328529],[19.821439,41.328517],[19.821277,41.328487],[19.821267,41.328485],[19.821035,41.328441],[19.821018,41.328437],[19.820885,41.328411],[19.820791,41.328392],[19.820654,41.328365],[19.82048,41.328331],[19.820463,41.328387],[19.820449,41.328431],[19.82041,41.328562],[19.820358,41.328738],[19.820331,41.328827],[19.820305,41.328913],[19.820251,41.329088],[19.820197,41.329264],[19.820176,41.329332],[19.82015,41.329424],[19.820145,41.329439],[19.820089,41.329614],[19.820033,41.329789],[19.819991,41.329923],[19.819978,41.329964],[19.819961,41.330015],[19.819921,41.330073],[19.819976,41.330119],[19.820137,41.330253],[19.820298,41.330386],[19.820313,41.330399],[19.82037,41.330441],[19.820383,41.330451],[19.820443,41.330487],[19.820476,41.330506],[19.820536,41.330542],[19.820675,41.330617],[19.820659,41.330616],[19.820548,41.330604],[19.820546,41.330604],[19.820481,41.3306],[19.820379,41.330598],[19.820307,41.330603],[19.820278,41.330605],[19.820163,41.330613],[19.820068,41.330611],[19.820037,41.330611],[19.81985,41.330589],[19.819831,41.330587],[19.819595,41.330555],[19.819553,41.330549],[19.819359,41.330523],[19.819124,41.330491],[19.819044,41.330481],[19.818888,41.33046],[19.818652,41.330428],[19.818416,41.330396],[19.818181,41.330365],[19.818071,41.33035],[19.818029,41.330344],[19.817947,41.330332],[19.817945,41.330331],[19.81776,41.330302],[19.817711,41.330294],[19.817643,41.330284],[19.817476,41.330258],[19.817241,41.330222],[19.817007,41.330186],[19.81692,41.330173],[19.816851,41.330157],[19.816778,41.330136],[19.816764,41.330132],[19.816703,41.330106],[19.816622,41.330063],[19.816579,41.330036],[19.816538,41.330011],[19.816466,41.329954],[19.816416,41.329905],[19.816393,41.329882],[19.816329,41.3298],[19.816298,41.329749],[19.816275,41.329711],[19.816212,41.32958],[19.816131,41.329411],[19.81613,41.32941],[19.816034,41.329275],[19.816021,41.32926],[19.815991,41.329223],[19.815957,41.329185],[19.81591,41.329151],[19.815884,41.329134],[19.815863,41.329125],[19.815839,41.329114],[19.815803,41.329109],[19.815749,41.32911],[19.815631,41.329116],[19.815628,41.329117],[19.815411,41.329193],[19.815284,41.329238],[19.815218,41.329294],[19.81506,41.329429],[19.814988,41.32949],[19.814968,41.329507],[19.814952,41.32952],[19.814901,41.329563],[19.814743,41.329698],[19.814643,41.329783],[19.814582,41.329832],[19.814417,41.329962],[19.814337,41.330027],[19.814248,41.33009],[19.814246,41.330091],[19.814073,41.330212],[19.813898,41.330335],[19.813722,41.330457],[19.813686,41.330483],[19.813624,41.330525],[19.813556,41.330566],[19.813541,41.330575],[19.813364,41.33068],[19.813353,41.330686],[19.813197,41.330775],[19.813162,41.330795],[19.813093,41.330833],[19.812967,41.3309],[19.812772,41.331004],[19.812735,41.331023],[19.812655,41.331065],[19.812577,41.331108],[19.812574,41.33111],[19.812384,41.331214],[19.81219,41.331321],[19.811997,41.331427],[19.811938,41.331459],[19.811804,41.331534],[19.811793,41.33154],[19.811682,41.331601],[19.811612,41.33164],[19.81142,41.331748],[19.81139,41.331764],[19.811227,41.331855],[19.811162,41.331892],[19.811063,41.331944],[19.811033,41.33196],[19.81088,41.33204],[19.810847,41.332058],[19.810837,41.332063],[19.810642,41.332169],[19.810545,41.332221],[19.810448,41.332274],[19.810254,41.332379],[19.810059,41.332484],[19.809995,41.332519],[19.8099,41.332567],[19.809859,41.332582],[19.809676,41.332649],[19.809642,41.332658],[19.80942,41.332724],[19.809197,41.33279],[19.808974,41.332856],[19.808751,41.332922],[19.808748,41.332923],[19.808664,41.332947],[19.808527,41.332986],[19.808304,41.333051],[19.80808,41.333115],[19.808074,41.333117],[19.807996,41.33314],[19.807857,41.33318],[19.807843,41.333185],[19.807634,41.333246],[19.807542,41.333273],[19.807411,41.333311],[19.807188,41.333376],[19.807181,41.333379],[19.806965,41.333442],[19.806878,41.333468],[19.806749,41.333518],[19.8067,41.333537],[19.806634,41.333575],[19.806574,41.333609],[19.806556,41.333621],[19.806522,41.333644],[19.806449,41.333711],[19.806413,41.333763],[19.806302,41.333923],[19.806191,41.334082],[19.806172,41.33411],[19.806163,41.334123],[19.806134,41.334163],[19.806085,41.334244],[19.806108,41.334253],[19.806085,41.334244],[19.806001,41.334208],[19.805916,41.334163],[19.805911,41.334161],[19.805847,41.334123],[19.805724,41.334047],[19.805722,41.334046],[19.805543,41.333928],[19.805529,41.333919],[19.805365,41.333808],[19.805187,41.333688],[19.805176,41.33368],[19.805005,41.333571],[19.804986,41.33356],[19.804852,41.333492],[19.804806,41.333472],[19.804733,41.333442],[19.804593,41.333394],[19.804592,41.333394],[19.804556,41.333383],[19.804488,41.333363],[19.804367,41.333331],[19.80434,41.333325],[19.804288,41.333316],[19.80425,41.333307],[19.804137,41.333306],[19.804132,41.333306],[19.804067,41.333308],[19.804019,41.333308],[19.803893,41.33332],[19.80388,41.333322],[19.803748,41.333336],[19.803659,41.333355],[19.803631,41.333361],[19.803485,41.333408],[19.803438,41.333424],[19.80322,41.333499],[19.803002,41.333573],[19.802784,41.333648],[19.802566,41.333723],[19.802513,41.333741],[19.802348,41.333798],[19.802233,41.333838],[19.802131,41.333874],[19.801914,41.33395],[19.801697,41.334026],[19.801508,41.334092],[19.80148,41.334102],[19.801343,41.334148],[19.801313,41.334158],[19.801262,41.334176],[19.801045,41.334252],[19.800893,41.334305],[19.800827,41.334328],[19.80061,41.334403],[19.800393,41.334479],[19.800176,41.334555],[19.800026,41.334607],[19.799959,41.334631],[19.799741,41.334706],[19.799524,41.334782],[19.799306,41.334857],[19.79911,41.334926],[19.799089,41.334933],[19.798872,41.335009],[19.798655,41.335084],[19.798437,41.33516],[19.79822,41.335236],[19.798003,41.335311],[19.797968,41.335323],[19.797786,41.335387],[19.797569,41.335464],[19.797352,41.33554],[19.797325,41.335549],[19.797196,41.335594],[19.797135,41.335616],[19.796918,41.335692],[19.796714,41.335763],[19.7967,41.335768],[19.796585,41.335808],[19.796483,41.335843],[19.79643,41.335862],[19.796266,41.335918],[19.796048,41.335994],[19.795831,41.336069],[19.795613,41.336145],[19.795538,41.336171],[19.795396,41.33622],[19.795178,41.336296],[19.794961,41.336371],[19.794743,41.336446],[19.794678,41.336469],[19.794526,41.336522],[19.794309,41.336597],[19.794091,41.336673],[19.793874,41.336749],[19.793657,41.336824],[19.793539,41.336865],[19.793439,41.3369],[19.793222,41.336975],[19.793082,41.337024],[19.793005,41.337051],[19.792895,41.33709],[19.792788,41.337127],[19.79271,41.337154],[19.792576,41.337201],[19.792571,41.337203],[19.792353,41.337279],[19.792307,41.337295],[19.792136,41.337354],[19.791919,41.33743],[19.791701,41.337506],[19.791484,41.337581],[19.791267,41.337657],[19.79105,41.337733],[19.790832,41.337808],[19.790615,41.337884],[19.790398,41.33796],[19.790382,41.337965],[19.790181,41.338036],[19.790059,41.338079],[19.789964,41.338112],[19.789746,41.338187],[19.789706,41.338201],[19.78953,41.338264],[19.789314,41.338342],[19.789098,41.33842],[19.788882,41.338497],[19.788666,41.338575],[19.78845,41.338653],[19.788406,41.338669],[19.788233,41.338729],[19.788224,41.338732],[19.788015,41.338804],[19.787797,41.338879],[19.78758,41.338953],[19.787532,41.33897],[19.787363,41.339031],[19.78731,41.33905],[19.787147,41.339107],[19.786936,41.339181],[19.78693,41.339183],[19.786842,41.339216],[19.786717,41.339262],[19.786716,41.339263],[19.786502,41.339343],[19.786287,41.339424],[19.786163,41.33947],[19.7861,41.339402],[19.785992,41.339285],[19.785964,41.339254],[19.785883,41.339167],[19.785826,41.339107],[19.785686,41.338962],[19.785547,41.338816],[19.785407,41.33867],[19.785338,41.338598],[19.785268,41.338524],[19.785179,41.338431],[19.785132,41.338375],[19.785006,41.338222],[19.784879,41.33807],[19.784752,41.337917],[19.784625,41.337765],[19.784598,41.337732],[19.784504,41.337608],[19.784386,41.337452],[19.784268,41.337295],[19.784177,41.337175],[19.784149,41.33714],[19.784025,41.336986],[19.783902,41.336832],[19.783778,41.336678],[19.783655,41.336523],[19.783624,41.336486],[19.783537,41.336368],[19.78342,41.336211],[19.783342,41.336106],[19.783307,41.336053],[19.783278,41.336008],[19.78321,41.335889],[19.783146,41.335778],[19.783118,41.335723],[19.783107,41.335701],[19.783042,41.335552],[19.783016,41.335493],[19.782973,41.33538],[19.782937,41.335283],[19.782921,41.335212],[19.782919,41.335205],[19.782897,41.335131],[19.782876,41.335028],[19.78284,41.33485],[19.78283,41.334803],[19.782809,41.334671],[19.782798,41.334602],[19.782793,41.334492],[19.782791,41.334458],[19.782794,41.334312],[19.782797,41.334132],[19.782799,41.334051],[19.782808,41.333953],[19.782816,41.33387],[19.782835,41.333774],[19.782855,41.333672],[19.782877,41.333597],[19.782921,41.33345],[19.782931,41.333422],[19.782941,41.333396],[19.782995,41.333249],[19.783046,41.333112],[19.783063,41.333076],[19.783142,41.332907],[19.783151,41.332888],[19.783222,41.332737],[19.783282,41.332609],[19.783305,41.332569],[19.783399,41.332403],[19.783493,41.332238],[19.783512,41.332203],[19.783553,41.332132],[19.783584,41.332071],[19.783672,41.331904],[19.78376,41.331737],[19.783821,41.331619],[19.783848,41.331569],[19.783937,41.331402],[19.783975,41.331331],[19.784026,41.331236],[19.784116,41.331069],[19.784205,41.330902],[19.784218,41.330877],[19.784264,41.330789],[19.784293,41.330734],[19.78438,41.330567],[19.784467,41.330399],[19.784553,41.330232],[19.784564,41.330211],[19.784634,41.330062],[19.784647,41.330034],[19.784641,41.329934],[19.784626,41.329883],[19.78462,41.329864],[19.784592,41.329797],[19.784571,41.329761],[19.784559,41.329739],[19.784541,41.329713],[19.784511,41.32967],[19.78446,41.329612],[19.784408,41.329562],[19.784402,41.329557],[19.78433,41.329523],[19.784196,41.329483],[19.783982,41.32942],[19.783974,41.329417],[19.783751,41.329352],[19.783569,41.329298],[19.783528,41.329286],[19.783405,41.329251],[19.783338,41.329303],[19.783327,41.329307],[19.783263,41.32933],[19.783181,41.329337],[19.783099,41.329325],[19.783097,41.329326],[19.783038,41.329339],[19.78299,41.329349],[19.782935,41.329384],[19.782888,41.329414],[19.782705,41.329529],[19.782602,41.329594],[19.782521,41.329645],[19.782338,41.329761],[19.7823,41.329785],[19.782232,41.329828],[19.782184,41.329859],[19.782156,41.329878],[19.781975,41.329995],[19.781794,41.330113],[19.781613,41.330231],[19.781432,41.330349],[19.781251,41.330467],[19.78107,41.330585],[19.780889,41.330702],[19.780708,41.33082],[19.780527,41.330938],[19.780471,41.330975],[19.780405,41.331016],[19.780344,41.331054],[19.780285,41.331091],[19.780187,41.331151],[19.780159,41.331168],[19.779994,41.331275],[19.779977,41.331286],[19.779801,41.331408],[19.779624,41.331529],[19.779447,41.331651],[19.779271,41.331772],[19.779094,41.331894],[19.779089,41.331897],[19.778915,41.332013],[19.778754,41.33212],[19.778735,41.332132],[19.778608,41.332216],[19.778556,41.332251],[19.778504,41.332287],[19.778378,41.332371],[19.778199,41.332491],[19.77802,41.33261],[19.777842,41.33273],[19.777663,41.33285],[19.777498,41.332961],[19.777484,41.33297],[19.777407,41.333021],[19.777305,41.33309],[19.777127,41.333209],[19.776948,41.333329],[19.776939,41.333335],[19.776866,41.333384],[19.776807,41.333424],[19.776769,41.333449],[19.7767,41.333495],[19.77659,41.333568],[19.776411,41.333687],[19.776232,41.333807],[19.776052,41.333926],[19.775982,41.333973],[19.775873,41.334046],[19.77574,41.334135],[19.775695,41.334165],[19.775516,41.334285],[19.77542,41.334348],[19.775338,41.334405],[19.77524,41.334474],[19.77518,41.334514],[19.775161,41.334527],[19.775082,41.33458],[19.774983,41.334646],[19.774804,41.334766],[19.774625,41.334886],[19.774491,41.334976],[19.774446,41.335006],[19.774268,41.335126],[19.774089,41.335245],[19.77391,41.335365],[19.773732,41.335485],[19.773714,41.335497],[19.773673,41.335526],[19.773553,41.335604],[19.773482,41.33565],[19.773374,41.335724],[19.77333,41.335753],[19.773195,41.335843],[19.773106,41.335902],[19.773015,41.335962],[19.77299,41.335979],[19.772849,41.336038],[19.772816,41.33606],[19.772773,41.33609],[19.772639,41.336182],[19.772464,41.336303],[19.772463,41.336303],[19.772286,41.336425],[19.77211,41.336546],[19.772085,41.336563],[19.771955,41.336684],[19.77194,41.336698],[19.77178,41.336806],[19.771602,41.336927],[19.771517,41.336984],[19.77146,41.337023],[19.771424,41.337047],[19.771393,41.337067],[19.771273,41.337148],[19.771246,41.337167],[19.771181,41.33721],[19.771069,41.337288],[19.771012,41.337328],[19.77088,41.337398],[19.770775,41.337455],[19.770694,41.337511],[19.770518,41.337633],[19.770341,41.337755],[19.770165,41.337876],[19.769989,41.337998],[19.769865,41.338084],[19.769814,41.338121],[19.769641,41.338245],[19.769612,41.338266],[19.769535,41.338312],[19.769457,41.338361],[19.769313,41.33845],[19.769273,41.338476],[19.769171,41.33854],[19.769093,41.338594],[19.768917,41.338716],[19.768741,41.338838],[19.768564,41.33896],[19.768388,41.339082],[19.768299,41.339143],[19.768215,41.339205],[19.768044,41.339331],[19.767932,41.339414],[19.767873,41.339457],[19.767701,41.339583],[19.767623,41.33964],[19.767575,41.339672],[19.767526,41.339705],[19.767348,41.339826],[19.76717,41.339946],[19.766992,41.340066],[19.766814,41.340187],[19.766636,41.340307],[19.766458,41.340427],[19.766279,41.340547],[19.766156,41.340631],[19.7661,41.340667],[19.765918,41.340783],[19.765735,41.3409],[19.765727,41.340905],[19.765637,41.340819],[19.765586,41.34077],[19.765533,41.340718],[19.765474,41.340662]]},"properties":{"line":"3B","dir":"Biblioteka","headsign":"Biblioteka","mode":"bus","color":"#0059a9"}},{"type":"Feature","geometry":{"type":"LineString","coordinates":[[19.738521,41.352888],[19.738559,41.352874],[19.738699,41.35282],[19.738734,41.352806],[19.738877,41.352751],[19.738947,41.352724],[19.739149,41.352646],[19.73916,41.352641],[19.739373,41.352559],[19.739586,41.352477],[19.739592,41.352475],[19.739618,41.352465],[19.739799,41.352395],[19.740012,41.352312],[19.740225,41.35223],[19.740438,41.352148],[19.740651,41.352065],[19.74072,41.352039],[19.740791,41.352147],[19.740896,41.352309],[19.741001,41.35247],[19.741107,41.352632],[19.741204,41.352781],[19.74122,41.352775],[19.741374,41.352724],[19.741439,41.352703],[19.741444,41.352701],[19.741561,41.352667],[19.741583,41.352661],[19.741663,41.352637],[19.741787,41.352601],[19.741886,41.352573],[19.742045,41.352527],[19.74211,41.352509],[19.742334,41.352445],[19.742373,41.352434],[19.742558,41.352382],[19.742588,41.352373],[19.74268,41.352337],[19.742772,41.352301],[19.742777,41.352299],[19.742922,41.352215],[19.742967,41.352197],[19.742991,41.352188],[19.743103,41.352146],[19.743184,41.352121],[19.743196,41.352117],[19.743379,41.352067],[19.743409,41.352059],[19.74362,41.352007],[19.743636,41.352003],[19.743682,41.351989],[19.743788,41.351955],[19.743852,41.351925],[19.743869,41.351917],[19.743899,41.351901],[19.744041,41.351815],[19.744045,41.351813],[19.744095,41.351782],[19.744168,41.351731],[19.744218,41.351695],[19.744261,41.351664],[19.744375,41.351578],[19.744388,41.351568],[19.744534,41.35145],[19.744552,41.351436],[19.744718,41.351307],[19.744734,41.351294],[19.744798,41.351244],[19.744837,41.351214],[19.744885,41.351178],[19.744999,41.351094],[19.745056,41.351052],[19.745204,41.35094],[19.745226,41.350926],[19.745268,41.350898],[19.745406,41.350807],[19.745569,41.350699],[19.745586,41.350688],[19.745765,41.350569],[19.745833,41.350524],[19.745868,41.350501],[19.745946,41.350451],[19.746057,41.35038],[19.746128,41.350334],[19.74631,41.350217],[19.746492,41.3501],[19.74653,41.350076],[19.746566,41.350053],[19.746605,41.350028],[19.746677,41.349986],[19.746749,41.349944],[19.746847,41.349898],[19.746877,41.349888],[19.746953,41.349863],[19.747102,41.349825],[19.747127,41.349819],[19.747325,41.34976],[19.747328,41.349759],[19.747417,41.34972],[19.74751,41.349648],[19.747573,41.3496],[19.747692,41.349533],[19.747767,41.34949],[19.747845,41.349446],[19.747883,41.349424],[19.748026,41.349342],[19.748073,41.349315],[19.748142,41.349275],[19.748243,41.349217],[19.748263,41.349205],[19.748453,41.349096],[19.748643,41.348986],[19.748833,41.348877],[19.749023,41.348767],[19.749132,41.348704],[19.749213,41.348658],[19.749403,41.348548],[19.74949,41.348498],[19.749594,41.348439],[19.74969,41.348384],[19.749784,41.34833],[19.749975,41.348222],[19.750166,41.348113],[19.750357,41.348004],[19.750548,41.347895],[19.750586,41.347874],[19.750738,41.347787],[19.750929,41.347678],[19.75112,41.347569],[19.75126,41.34749],[19.751311,41.347461],[19.751311,41.34746],[19.751353,41.347437],[19.751431,41.347393],[19.751476,41.347369],[19.751503,41.347353],[19.751695,41.347246],[19.751887,41.347138],[19.751969,41.347093],[19.75208,41.347032],[19.752186,41.346974],[19.752273,41.346925],[19.752442,41.346831],[19.752464,41.346817],[19.752638,41.346708],[19.752648,41.346702],[19.752683,41.34668],[19.752826,41.346581],[19.75283,41.346579],[19.752991,41.346451],[19.753164,41.346326],[19.753337,41.346202],[19.753362,41.346184],[19.753417,41.346146],[19.753474,41.346113],[19.75352,41.346087],[19.753617,41.346034],[19.753712,41.345981],[19.753732,41.34597],[19.753906,41.345876],[19.754098,41.345774],[19.754101,41.345771],[19.754272,41.345646],[19.754443,41.34552],[19.754614,41.345394],[19.754786,41.345268],[19.754891,41.345191],[19.754956,41.345142],[19.755125,41.345014],[19.755294,41.344887],[19.755462,41.344759],[19.755631,41.344632],[19.75578,41.344519],[19.7558,41.344504],[19.755969,41.344376],[19.756138,41.344249],[19.756307,41.344121],[19.756446,41.344016],[19.756477,41.343995],[19.756524,41.343964],[19.75665,41.34387],[19.756819,41.343744],[19.756922,41.343667],[19.756961,41.343638],[19.756989,41.343617],[19.757107,41.343531],[19.757161,41.343491],[19.75725,41.343426],[19.757288,41.343397],[19.75733,41.343364],[19.757498,41.343236],[19.757506,41.34323],[19.757547,41.343199],[19.757632,41.343136],[19.757651,41.343121],[19.757668,41.343109],[19.757837,41.342982],[19.757865,41.342962],[19.758006,41.342854],[19.75809,41.34279],[19.758175,41.342727],[19.758346,41.342601],[19.758403,41.342558],[19.758516,41.342474],[19.758547,41.342451],[19.758686,41.342347],[19.758686,41.342347],[19.758855,41.34222],[19.758939,41.342158],[19.759026,41.342094],[19.759055,41.342073],[19.759196,41.341967],[19.759249,41.341927],[19.759365,41.34184],[19.759535,41.341713],[19.759704,41.341586],[19.759874,41.341459],[19.760019,41.34135],[19.760043,41.341332],[19.760123,41.341272],[19.760213,41.341205],[19.760382,41.341078],[19.760402,41.341063],[19.760489,41.340998],[19.760552,41.340951],[19.760653,41.340875],[19.76069,41.340847],[19.760659,41.340823],[19.76069,41.340847],[19.760702,41.340838],[19.760872,41.340711],[19.760987,41.340625],[19.76101,41.340608],[19.761041,41.340584],[19.761211,41.340457],[19.761229,41.340444],[19.761283,41.340401],[19.761362,41.340343],[19.761379,41.34033],[19.761502,41.340238],[19.76155,41.340203],[19.761588,41.340175],[19.76172,41.340077],[19.761737,41.340064],[19.761775,41.340035],[19.761881,41.339953],[19.761886,41.339947],[19.761949,41.339888],[19.762036,41.339807],[19.762045,41.339798],[19.762108,41.339739],[19.762171,41.339678],[19.762184,41.339666],[19.762303,41.339557],[19.762336,41.339527],[19.762487,41.339387],[19.762626,41.339258],[19.762639,41.339248],[19.762808,41.339121],[19.762977,41.338994],[19.763005,41.338973],[19.76315,41.338871],[19.763325,41.338748],[19.763372,41.338714],[19.76349,41.338615],[19.763648,41.33848],[19.763807,41.338346],[19.763905,41.338264],[19.76397,41.338214],[19.764137,41.338085],[19.764304,41.337956],[19.764367,41.337908],[19.764391,41.337889],[19.764472,41.337829],[19.764561,41.337763],[19.764643,41.337702],[19.764789,41.337595],[19.764814,41.337576],[19.764827,41.337566],[19.764982,41.337448],[19.765022,41.337418],[19.76515,41.33732],[19.765318,41.337192],[19.765487,41.337064],[19.765655,41.336936],[19.765757,41.336859],[19.76582,41.336806],[19.76596,41.336691],[19.765982,41.336674],[19.766152,41.336547],[19.766157,41.336542],[19.766316,41.336416],[19.76648,41.336284],[19.766601,41.336188],[19.766644,41.336153],[19.766808,41.336022],[19.766898,41.33595],[19.766972,41.335891],[19.767017,41.335855],[19.767136,41.33576],[19.767185,41.335721],[19.7673,41.335629],[19.767336,41.3356],[19.767463,41.335497],[19.767626,41.335365],[19.76769,41.335313],[19.767789,41.335234],[19.767954,41.335103],[19.768037,41.335036],[19.768106,41.334965],[19.768145,41.334924],[19.76806,41.334856],[19.768145,41.334924],[19.768186,41.33488],[19.768325,41.334733],[19.768327,41.334731],[19.768459,41.334584],[19.768564,41.334467],[19.768597,41.334437],[19.768653,41.334387],[19.768767,41.334316],[19.768771,41.334315],[19.768942,41.334254],[19.768989,41.33424],[19.769213,41.334177],[19.769406,41.334123],[19.769438,41.334114],[19.769479,41.334103],[19.769662,41.334053],[19.7697,41.334043],[19.769797,41.33401],[19.769869,41.333965],[19.769893,41.33395],[19.769944,41.333905],[19.769964,41.333885],[19.77002,41.333827],[19.770023,41.333824],[19.770161,41.333681],[19.770246,41.333593],[19.770302,41.333535],[19.770322,41.333514],[19.770401,41.333432],[19.770441,41.333389],[19.770577,41.333241],[19.770603,41.333214],[19.770707,41.33309],[19.770775,41.333009],[19.770794,41.332977],[19.770811,41.332949],[19.77082,41.332932],[19.770852,41.332879],[19.770878,41.332828],[19.770905,41.332765],[19.770905,41.332764],[19.770937,41.332684],[19.770967,41.33259],[19.771012,41.332453],[19.771023,41.332415],[19.771039,41.33236],[19.771078,41.332264],[19.77109,41.332243],[19.771106,41.332215],[19.771138,41.332171],[19.771169,41.33213],[19.771208,41.332087],[19.77123,41.332064],[19.771308,41.331991],[19.77136,41.331948],[19.771519,41.331813],[19.771678,41.331679],[19.771837,41.331545],[19.771853,41.331532],[19.771995,41.331409],[19.772152,41.331273],[19.772294,41.331151],[19.772309,41.331137],[19.772466,41.331002],[19.772513,41.330961],[19.772572,41.33091],[19.772621,41.330865],[19.77264,41.330848],[19.772702,41.330776],[19.772747,41.330712],[19.772762,41.330691],[19.77286,41.330553],[19.772933,41.33045],[19.772972,41.330395],[19.773026,41.330318],[19.77308,41.330234],[19.773183,41.330072],[19.773272,41.329933],[19.773284,41.329913],[19.773286,41.329909],[19.773311,41.329864],[19.773341,41.329809],[19.773379,41.329743],[19.773472,41.329578],[19.773566,41.329412],[19.773571,41.329403],[19.773666,41.329249],[19.77376,41.329095],[19.773766,41.329085],[19.773866,41.328922],[19.773903,41.328861],[19.77391,41.328849],[19.773951,41.328754],[19.773988,41.328667],[19.774003,41.328579],[19.774015,41.328516],[19.774026,41.3284],[19.774029,41.328371],[19.774026,41.328346],[19.774019,41.328293],[19.774011,41.328221],[19.774,41.328134],[19.773989,41.328042],[19.773972,41.327893],[19.773968,41.327863],[19.773946,41.327684],[19.773924,41.327504],[19.773913,41.327413],[19.77391,41.32739],[19.773902,41.327325],[19.773882,41.327173],[19.773879,41.327146],[19.773856,41.326967],[19.773851,41.326927],[19.773842,41.326862],[19.773833,41.326788],[19.77381,41.326609],[19.773804,41.326554],[19.7738,41.326526],[19.773796,41.326489],[19.773792,41.32643],[19.773783,41.326282],[19.773785,41.32625],[19.773792,41.326167],[19.773818,41.326072],[19.773821,41.32606],[19.773832,41.326028],[19.773869,41.325897],[19.773894,41.32581],[19.7739,41.325781],[19.77391,41.325753],[19.773919,41.325721],[19.773939,41.325656],[19.773918,41.325544],[19.773917,41.325539],[19.773908,41.325488],[19.773876,41.325449],[19.773862,41.325404],[19.773865,41.325373],[19.773866,41.325358],[19.773889,41.325316],[19.773929,41.325281],[19.77398,41.325257],[19.773999,41.325233],[19.774097,41.325103],[19.774108,41.325073],[19.774117,41.325048],[19.774129,41.325019],[19.774158,41.324959],[19.774193,41.324906],[19.774205,41.324887],[19.774218,41.324872],[19.774272,41.324812],[19.77435,41.324777],[19.774364,41.324771],[19.7744,41.324754],[19.774488,41.324714],[19.774555,41.324684],[19.774682,41.324626],[19.77476,41.324591],[19.774965,41.324498],[19.77497,41.324496],[19.77517,41.324405],[19.775311,41.324341],[19.775375,41.324312],[19.775528,41.324242],[19.77558,41.324219],[19.775785,41.324126],[19.775991,41.324033],[19.776174,41.32395],[19.776195,41.32394],[19.776301,41.323891],[19.776403,41.323849],[19.776439,41.323835],[19.776545,41.323807],[19.776632,41.323794],[19.776644,41.323792],[19.776738,41.323778],[19.776795,41.323769],[19.776852,41.32376],[19.776866,41.323758],[19.777101,41.323723],[19.777254,41.3237],[19.777336,41.323688],[19.777571,41.323653],[19.777677,41.323637],[19.777767,41.323624],[19.777806,41.323618],[19.778041,41.323583],[19.778142,41.323568],[19.778276,41.323548],[19.778511,41.323513],[19.778581,41.323503],[19.778746,41.323478],[19.778896,41.323456],[19.778954,41.323447],[19.778981,41.323443],[19.779061,41.323431],[19.779216,41.323408],[19.779266,41.323401],[19.779451,41.323374],[19.779478,41.32337],[19.779517,41.323365],[19.77967,41.32334],[19.779685,41.323337],[19.77992,41.323302],[19.77993,41.323301],[19.779975,41.323294],[19.780026,41.323286],[19.780101,41.323275],[19.780154,41.323265],[19.780203,41.323257],[19.780348,41.323242],[19.780391,41.323236],[19.780627,41.323205],[19.780668,41.3232],[19.780863,41.323173],[19.781097,41.323141],[19.781099,41.323141],[19.781209,41.323123],[19.781333,41.323102],[19.781386,41.323094],[19.781563,41.323054],[19.781684,41.323027],[19.781791,41.322998],[19.781845,41.322983],[19.782003,41.322929],[19.78201,41.322926],[19.782143,41.322878],[19.782226,41.322848],[19.782244,41.322842],[19.782437,41.322764],[19.782523,41.322729],[19.782576,41.322701],[19.782635,41.322664],[19.782641,41.32266],[19.782662,41.322642],[19.782673,41.322632],[19.782709,41.322591],[19.78276,41.322514],[19.782829,41.32241],[19.782865,41.322354],[19.782866,41.322352],[19.782975,41.322192],[19.783073,41.322047],[19.783083,41.322032],[19.783191,41.321871],[19.7833,41.321711],[19.783325,41.321673],[19.783411,41.321551],[19.783523,41.321392],[19.783539,41.321369],[19.783589,41.321239],[19.783593,41.321221],[19.783605,41.321172],[19.783611,41.321131],[19.783608,41.321079],[19.783598,41.321043],[19.783593,41.321028],[19.783571,41.320975],[19.78354,41.320921],[19.783512,41.320876],[19.783475,41.320816],[19.783441,41.320757],[19.783424,41.320709],[19.783414,41.320681],[19.783405,41.320586],[19.783415,41.320531],[19.783424,41.320482],[19.783462,41.320367],[19.783468,41.320355],[19.783544,41.320226],[19.783571,41.320192],[19.783697,41.320039],[19.783706,41.320029],[19.783817,41.319912],[19.783841,41.319895],[19.783858,41.319883],[19.783874,41.31987],[19.78396,41.319831],[19.784043,41.319804],[19.784045,41.319804],[19.784212,41.319864],[19.784262,41.31988],[19.784428,41.319932],[19.784482,41.319951],[19.784701,41.320024],[19.784779,41.320051],[19.78492,41.320097],[19.785139,41.320169],[19.785359,41.320241],[19.78556,41.320306],[19.785579,41.320313],[19.785628,41.32033],[19.785797,41.320387],[19.786015,41.320462],[19.786115,41.320496],[19.786233,41.320536],[19.786451,41.32061],[19.786534,41.320639],[19.786585,41.320656],[19.786669,41.320685],[19.786696,41.320694],[19.786886,41.32076],[19.787104,41.320835],[19.78727,41.320893],[19.787321,41.320911],[19.787372,41.320929],[19.787539,41.320985],[19.787621,41.321013],[19.787687,41.321033],[19.787759,41.321056],[19.787796,41.321068],[19.787862,41.321089],[19.78798,41.321126],[19.788007,41.321135],[19.788198,41.3212],[19.788358,41.321254],[19.788417,41.321273],[19.788497,41.321299],[19.788637,41.321345],[19.78865,41.321349],[19.788806,41.321385],[19.788868,41.321392],[19.788917,41.321398],[19.789099,41.321406],[19.789106,41.321406],[19.789218,41.32141],[19.789345,41.321417],[19.789349,41.321417],[19.789373,41.321411],[19.78946,41.321402],[19.789548,41.321411],[19.789581,41.321422],[19.789629,41.321437],[19.789698,41.321478],[19.789751,41.321531],[19.789756,41.321538],[19.789769,41.321558],[19.789855,41.321615],[19.789924,41.321664],[19.789938,41.321675],[19.790008,41.321725],[19.790106,41.32178],[19.79014,41.3218],[19.790252,41.321849],[19.790315,41.321867],[19.79041,41.321895],[19.790538,41.321934],[19.790647,41.321968],[19.790761,41.322],[19.790855,41.322027],[19.790985,41.322063],[19.791209,41.322127],[19.791296,41.322152],[19.791433,41.32219],[19.791494,41.322208],[19.791591,41.322234],[19.791658,41.322252],[19.791882,41.322315],[19.792068,41.322367],[19.792097,41.322376],[19.792106,41.322379],[19.792126,41.322385],[19.792329,41.322444],[19.792337,41.322446],[19.792553,41.322509],[19.79273,41.322561],[19.792776,41.322574],[19.793,41.322638],[19.793049,41.322652],[19.793225,41.3227],[19.793377,41.322741],[19.793449,41.322762],[19.793674,41.322825],[19.793893,41.322888],[19.793898,41.322889],[19.794122,41.322952],[19.794346,41.323015],[19.794571,41.323078],[19.794574,41.323079],[19.794795,41.323141],[19.795019,41.323204],[19.795243,41.323267],[19.795444,41.323324],[19.795468,41.32333],[19.79554,41.323351],[19.795692,41.323394],[19.795916,41.323457],[19.796022,41.323487],[19.796118,41.323514],[19.79614,41.32352],[19.796365,41.323583],[19.796589,41.323646],[19.796813,41.323709],[19.796886,41.32373],[19.797012,41.323766],[19.797037,41.323773],[19.797262,41.323836],[19.797344,41.323859],[19.797439,41.323886],[19.797486,41.323899],[19.797556,41.32392],[19.797709,41.323964],[19.797933,41.324029],[19.798156,41.324093],[19.798178,41.3241],[19.79838,41.324158],[19.798603,41.324223],[19.798788,41.324276],[19.798827,41.324288],[19.799049,41.324353],[19.799272,41.324419],[19.799466,41.324477],[19.799495,41.324485],[19.799718,41.324551],[19.79994,41.324618],[19.800163,41.324684],[19.800323,41.324732],[19.800386,41.324751],[19.800584,41.324811],[19.800608,41.324818],[19.800829,41.324886],[19.801051,41.324955],[19.801272,41.325023],[19.801494,41.325091],[19.801716,41.325159],[19.801937,41.325228],[19.802159,41.325296],[19.80238,41.325364],[19.802602,41.325433],[19.802763,41.325482],[19.802824,41.325501],[19.803045,41.325568],[19.803186,41.325611],[19.803267,41.325637],[19.803308,41.325649],[19.80335,41.325663],[19.803433,41.325688],[19.803488,41.325706],[19.803537,41.325721],[19.803641,41.325753],[19.803709,41.325775],[19.803807,41.325806],[19.80393,41.325844],[19.804151,41.325913],[19.80425,41.325944],[19.804373,41.325982],[19.804594,41.326052],[19.804665,41.326074],[19.804815,41.326121],[19.805036,41.32619],[19.805257,41.326258],[19.80528,41.326266],[19.805348,41.326286],[19.805429,41.326311],[19.805463,41.326322],[19.805479,41.326327],[19.805701,41.326395],[19.805922,41.326463],[19.806144,41.326531],[19.806312,41.326582],[19.806366,41.326599],[19.806587,41.326668],[19.806667,41.326694],[19.806808,41.326737],[19.806875,41.326757],[19.80703,41.326805],[19.807251,41.326874],[19.807472,41.326942],[19.807694,41.327011],[19.807694,41.327011],[19.807761,41.327032],[19.80779,41.327041],[19.807833,41.327054],[19.80789,41.327072],[19.807915,41.32708],[19.808119,41.327142],[19.808137,41.327148],[19.808358,41.327216],[19.808454,41.327246],[19.80858,41.327285],[19.808598,41.327291],[19.808801,41.327353],[19.808973,41.327406],[19.809023,41.327422],[19.809211,41.327479],[19.809244,41.32749],[19.809465,41.327559],[19.809624,41.327609],[19.809686,41.327629],[19.809705,41.327635],[19.809908,41.327697],[19.810009,41.327729],[19.810129,41.327765],[19.810162,41.327775],[19.810351,41.327833],[19.810573,41.327902],[19.810794,41.32797],[19.811016,41.328038],[19.811094,41.328062],[19.811237,41.328107],[19.811263,41.328116],[19.811386,41.32815],[19.811417,41.328159],[19.811461,41.32817],[19.811514,41.328183],[19.811693,41.328216],[19.811721,41.328222],[19.811929,41.328246],[19.811967,41.328251],[19.812133,41.32826],[19.812168,41.32826],[19.812283,41.32826],[19.812384,41.328256],[19.812407,41.328255],[19.812646,41.328244],[19.812885,41.328234],[19.812905,41.328233],[19.813011,41.328228],[19.813124,41.328223],[19.813363,41.328213],[19.813568,41.328204],[19.813602,41.328202],[19.813659,41.328199],[19.813841,41.328191],[19.814009,41.328183],[19.81408,41.32818],[19.81432,41.32817],[19.814559,41.328159],[19.814798,41.328149],[19.814803,41.328149],[19.815037,41.328139],[19.815236,41.32813],[19.815276,41.328128],[19.815515,41.328117],[19.815592,41.328113],[19.815754,41.328106],[19.815993,41.328096],[19.81602,41.328095],[19.816065,41.328093],[19.816211,41.3281],[19.816218,41.328073],[19.81624,41.327989],[19.816263,41.327896],[19.816284,41.32781],[19.816309,41.32772],[19.816331,41.327641],[19.816357,41.327543],[19.816403,41.327367],[19.816419,41.327303],[19.816451,41.327191],[19.816501,41.327015],[19.816534,41.326899],[19.816551,41.326839],[19.816555,41.326826],[19.8166,41.326663],[19.81665,41.326487],[19.8167,41.326311],[19.81675,41.326135],[19.81677,41.326068],[19.8168,41.325959],[19.81685,41.325783],[19.816865,41.325732],[19.81689,41.325642],[19.8169,41.325607],[19.816902,41.325598],[19.817038,41.325619],[19.817124,41.325632],[19.817346,41.325667],[19.817359,41.325669],[19.817593,41.325706],[19.817827,41.325743],[19.818062,41.325779],[19.818296,41.325816],[19.818531,41.325853],[19.818765,41.32589],[19.818888,41.325909],[19.818923,41.325915],[19.819,41.325927],[19.819015,41.325929],[19.819105,41.325943],[19.819079,41.32604],[19.819031,41.326216],[19.818984,41.326393],[19.818958,41.326489],[19.818936,41.326569],[19.818911,41.326661],[19.818909,41.326713],[19.818921,41.326746],[19.818925,41.326758],[19.818944,41.326779],[19.818975,41.326804],[19.819047,41.326858],[19.819074,41.326882],[19.81911,41.326915],[19.819164,41.32697],[19.819201,41.327013],[19.819212,41.327029],[19.819236,41.327063],[19.819265,41.327099],[19.81928,41.327113],[19.819307,41.327132],[19.81934,41.327143],[19.819374,41.327151],[19.819404,41.327158],[19.819496,41.327166],[19.819611,41.327176],[19.819632,41.327178],[19.819849,41.327197],[19.820087,41.327217],[19.820177,41.327225],[19.820325,41.327238],[19.820562,41.327259],[19.820624,41.327264],[19.8208,41.32728],[19.821038,41.327301],[19.821042,41.327301],[19.821276,41.327321],[19.821371,41.32733],[19.821514,41.327342],[19.821752,41.327363],[19.821888,41.327375],[19.82199,41.327384],[19.822053,41.327389],[19.822227,41.327405],[19.822465,41.327425],[19.822489,41.327427],[19.822609,41.327452],[19.822671,41.327474],[19.822685,41.32749],[19.822706,41.327514],[19.822622,41.327568],[19.822583,41.327591],[19.822526,41.327636],[19.822463,41.327685],[19.822421,41.327727],[19.82239,41.327759],[19.822331,41.327831],[19.822299,41.327881],[19.822247,41.327963],[19.8222,41.328044],[19.822105,41.328209],[19.822075,41.328261],[19.822013,41.328375],[19.821957,41.328476],[19.821922,41.328541],[19.821889,41.328603],[19.821761,41.32858],[19.821749,41.328578],[19.82153,41.328535],[19.821439,41.328517],[19.821297,41.328491],[19.821277,41.328487],[19.821065,41.328446],[19.821018,41.328437],[19.820923,41.328418]]},"properties":{"line":"3C","dir":"0","headsign":"Biblioteka","mode":"bus","color":"#0059a9"}},{"type":"Feature","geometry":{"type":"LineString","coordinates":[[19.820923,41.328418],[19.820791,41.328392],[19.820691,41.328373],[19.82048,41.328331],[19.820471,41.328358],[19.820449,41.328431],[19.820418,41.328534],[19.820366,41.328709],[19.820331,41.328827],[19.820314,41.328885],[19.82026,41.32906],[19.820206,41.329235],[19.820176,41.329332],[19.820154,41.329411],[19.82015,41.329424],[19.820098,41.329586],[19.820043,41.329761],[19.819991,41.329923],[19.819987,41.329936],[19.819961,41.330015],[19.819921,41.330073],[19.81995,41.330098],[19.820111,41.330231],[19.820271,41.330364],[19.820313,41.330399],[19.82037,41.330441],[19.820383,41.330451],[19.820443,41.330487],[19.820445,41.330488],[19.820536,41.330542],[19.820636,41.330596],[19.820675,41.330617],[19.820586,41.330608],[19.820548,41.330604],[19.820481,41.3306],[19.820379,41.330598],[19.820346,41.3306],[19.820278,41.330605],[19.820163,41.330613],[19.820107,41.330612],[19.820037,41.330611],[19.819869,41.330591],[19.81985,41.330589],[19.819633,41.33056],[19.819553,41.330549],[19.819398,41.330528],[19.819162,41.330496],[19.819044,41.330481],[19.818926,41.330465],[19.81869,41.330433],[19.818455,41.330401],[19.818219,41.33037],[19.818071,41.33035],[19.818029,41.330344],[19.817983,41.330337],[19.817947,41.330332],[19.81776,41.330302],[19.817749,41.3303],[19.817643,41.330284],[19.817514,41.330264],[19.81728,41.330228],[19.817045,41.330192],[19.81692,41.330173],[19.816851,41.330157],[19.816814,41.330146],[19.816764,41.330132],[19.816703,41.330106],[19.816622,41.330063],[19.816609,41.330055],[19.816538,41.330011],[19.816466,41.329954],[19.81644,41.329928],[19.816393,41.329882],[19.816329,41.3298],[19.816314,41.329775],[19.816275,41.329711],[19.816226,41.329608],[19.816144,41.329439],[19.81613,41.32941],[19.816074,41.329267],[19.816009,41.329097],[19.816008,41.329094],[19.815978,41.328988],[19.816,41.328914],[19.816051,41.328738],[19.816074,41.328662],[19.816069,41.32856],[19.816068,41.328547],[19.816056,41.32841],[19.816048,41.32838],[19.816032,41.328327],[19.816017,41.328311],[19.815997,41.328292],[19.815926,41.328261],[19.815901,41.328254],[19.815853,41.32824],[19.815685,41.32822],[19.815667,41.328221],[19.815428,41.328231],[19.815189,41.328242],[19.815061,41.328248],[19.81495,41.328252],[19.814736,41.328262],[19.814711,41.328263],[19.814472,41.328273],[19.814233,41.328284],[19.813994,41.328294],[19.813755,41.328305],[19.813666,41.328309],[19.813556,41.328314],[19.813516,41.328315],[19.813276,41.328326],[19.813142,41.328332],[19.813037,41.328336],[19.813019,41.328337],[19.812798,41.328346],[19.812559,41.328355],[19.81232,41.328364],[19.81228,41.328366],[19.812104,41.328367],[19.812081,41.328366],[19.811944,41.32836],[19.811842,41.328348],[19.811692,41.328332],[19.811606,41.328317],[19.811603,41.328317],[19.81149,41.328294],[19.81139,41.328269],[19.811376,41.328266],[19.811359,41.328261],[19.811212,41.328217],[19.811155,41.328198],[19.811074,41.328172],[19.810934,41.328128],[19.810713,41.328059],[19.810704,41.328056],[19.810492,41.32799],[19.810307,41.327932],[19.81027,41.327921],[19.810049,41.327852],[19.809958,41.327824],[19.809828,41.327784],[19.809719,41.327751],[19.809606,41.327716],[19.809384,41.327647],[19.809307,41.327623],[19.809163,41.327579],[19.808942,41.32751],[19.80872,41.327441],[19.808717,41.32744],[19.808544,41.327386],[19.808499,41.327372],[19.808395,41.32734],[19.808277,41.327304],[19.808191,41.327278],[19.808056,41.327235],[19.807839,41.327167],[19.807835,41.327166],[19.807786,41.32715],[19.807715,41.327128],[19.807648,41.327108],[19.807614,41.327097],[19.807396,41.327029],[19.807393,41.327028],[19.807172,41.326959],[19.80695,41.32689],[19.806776,41.326836],[19.806729,41.326821],[19.806618,41.326787],[19.806508,41.326753],[19.806382,41.326714],[19.806286,41.326684],[19.806065,41.326615],[19.805844,41.326546],[19.805623,41.326477],[19.805413,41.326412],[19.805401,41.326408],[19.805299,41.326377],[19.80523,41.326355],[19.80518,41.326339],[19.805059,41.326302],[19.804959,41.326271],[19.804737,41.326202],[19.804619,41.326165],[19.804516,41.326133],[19.804295,41.326064],[19.804074,41.325995],[19.804004,41.325974],[19.803855,41.325927],[19.803853,41.325926],[19.80379,41.325907],[19.803645,41.325862],[19.803631,41.325857],[19.803597,41.325847],[19.803499,41.325816],[19.80341,41.325789],[19.803393,41.325783],[19.803307,41.325756],[19.803189,41.32572],[19.80313,41.325701],[19.803001,41.325661],[19.802968,41.325651],[19.802746,41.325583],[19.802524,41.325515],[19.802302,41.325447],[19.80208,41.32538],[19.801858,41.325312],[19.801637,41.325244],[19.801415,41.325176],[19.801193,41.325108],[19.800971,41.325041],[19.800749,41.324973],[19.80053,41.324906],[19.800527,41.324905],[19.800408,41.324869],[19.800305,41.324838],[19.800083,41.324771],[19.799861,41.324704],[19.799638,41.324637],[19.799416,41.32457],[19.799194,41.324503],[19.798972,41.324436],[19.798749,41.324369],[19.798527,41.324302],[19.798522,41.3243],[19.798304,41.324236],[19.798081,41.32417],[19.798017,41.324152],[19.797857,41.324106],[19.797633,41.324043],[19.797513,41.324009],[19.797409,41.32398],[19.797393,41.323975],[19.797184,41.323917],[19.79708,41.323888],[19.796966,41.323855],[19.79696,41.323854],[19.796838,41.323819],[19.796736,41.32379],[19.796681,41.323774],[19.796512,41.323726],[19.796288,41.323663],[19.796064,41.323599],[19.79584,41.323536],[19.795616,41.323472],[19.795392,41.323409],[19.795309,41.323385],[19.795168,41.323345],[19.794943,41.323282],[19.794719,41.323219],[19.794532,41.323167],[19.794495,41.323156],[19.794406,41.323131],[19.794271,41.323092],[19.794047,41.323028],[19.793824,41.322964],[19.7936,41.322899],[19.793376,41.322835],[19.793367,41.322832],[19.793151,41.322774],[19.792951,41.32272],[19.792926,41.322713],[19.7927,41.322652],[19.79267,41.322644],[19.792627,41.322633],[19.792402,41.322571],[19.792311,41.322547],[19.792286,41.32254],[19.792176,41.322511],[19.792039,41.322476],[19.791994,41.322464],[19.79195,41.322451],[19.791725,41.322389],[19.791527,41.322333],[19.791501,41.322327],[19.791449,41.322314],[19.791391,41.322298],[19.79129,41.322272],[19.791274,41.322268],[19.791048,41.322209],[19.790821,41.322151],[19.790615,41.322097],[19.790595,41.322092],[19.790585,41.322089],[19.790485,41.322063],[19.790369,41.322032],[19.790164,41.321977],[19.790143,41.321974],[19.790067,41.321961],[19.789907,41.321944],[19.789851,41.321938],[19.789702,41.321914],[19.789673,41.321905],[19.789592,41.321881],[19.789558,41.32189],[19.789475,41.321901],[19.789443,41.321899],[19.789392,41.321896],[19.789312,41.321875],[19.789243,41.32184],[19.789229,41.321828],[19.789187,41.321793],[19.789166,41.321764],[19.789145,41.321736],[19.789077,41.321689],[19.789067,41.321682],[19.788996,41.321639],[19.788914,41.321587],[19.788889,41.321574],[19.788842,41.321549],[19.788764,41.321511],[19.788711,41.321487],[19.788688,41.321477],[19.788639,41.321454],[19.788536,41.321411],[19.788478,41.321391],[19.788385,41.321361],[19.788303,41.321332],[19.78826,41.321316],[19.788163,41.321282],[19.788044,41.321239],[19.787886,41.321183],[19.78783,41.321159],[19.787777,41.321136],[19.787698,41.321104],[19.787648,41.321083],[19.787619,41.321073],[19.787582,41.321061],[19.7874,41.321],[19.787181,41.320927],[19.787126,41.320909],[19.786963,41.320853],[19.786745,41.320779],[19.786527,41.320704],[19.786496,41.320694],[19.786309,41.32063],[19.78609,41.320557],[19.785872,41.320483],[19.785653,41.320409],[19.785435,41.320335],[19.785216,41.320261],[19.784998,41.320188],[19.784791,41.320118],[19.78478,41.320114],[19.784561,41.32004],[19.784342,41.319967],[19.784207,41.319921],[19.784182,41.319913],[19.784125,41.319892],[19.78396,41.319831],[19.783913,41.319852],[19.783874,41.31987],[19.783858,41.319883],[19.783817,41.319912],[19.78375,41.319982],[19.783706,41.320029],[19.78362,41.320133],[19.783544,41.320226],[19.783505,41.320291],[19.783462,41.320367],[19.783431,41.320462],[19.783424,41.320482],[19.783405,41.320586],[19.78341,41.320641],[19.783414,41.320681],[19.783441,41.320757],[19.783472,41.320813],[19.783475,41.320816],[19.78354,41.320921],[19.783571,41.320975],[19.783572,41.320976],[19.783593,41.321028],[19.783608,41.321079],[19.783611,41.321131],[19.783607,41.321153],[19.783605,41.321172],[19.783589,41.321239],[19.783555,41.321328],[19.783539,41.321369],[19.783454,41.32149],[19.783342,41.321649],[19.783325,41.321673],[19.783233,41.321809],[19.783125,41.32197],[19.783073,41.322047],[19.783017,41.32213],[19.782908,41.322291],[19.782865,41.322354],[19.782829,41.32241],[19.782801,41.322451],[19.782709,41.322591],[19.782691,41.322611],[19.782673,41.322632],[19.782662,41.322642],[19.782641,41.32266],[19.782576,41.322701],[19.782523,41.322729],[19.782518,41.322731],[19.782437,41.322764],[19.782307,41.322816],[19.782244,41.322842],[19.782143,41.322878],[19.782093,41.322896],[19.782003,41.322929],[19.781876,41.322972],[19.781845,41.322983],[19.781684,41.323027],[19.781652,41.323034],[19.781422,41.323086],[19.781386,41.323094],[19.781209,41.323123],[19.781189,41.323126],[19.781097,41.323141],[19.780954,41.323161],[19.780718,41.323193],[19.780668,41.3232],[19.780482,41.323224],[19.780348,41.323242],[19.780246,41.323252],[19.780203,41.323257],[19.780101,41.323275],[19.780026,41.323286],[19.780011,41.323288],[19.779975,41.323294],[19.77993,41.323301],[19.779776,41.323324],[19.77967,41.32334],[19.779542,41.323361],[19.779517,41.323365],[19.779478,41.32337],[19.779307,41.323395],[19.779266,41.323401],[19.779072,41.32343],[19.779061,41.323431],[19.778954,41.323447],[19.778896,41.323456],[19.778837,41.323465],[19.778602,41.3235],[19.778581,41.323503],[19.778367,41.323535],[19.778142,41.323568],[19.778132,41.32357],[19.777897,41.323604],[19.777767,41.323624],[19.777677,41.323637],[19.777662,41.323639],[19.777427,41.323674],[19.777254,41.3237],[19.777192,41.323709],[19.776957,41.323744],[19.776852,41.32376],[19.776795,41.323769],[19.776738,41.323778],[19.776722,41.32378],[19.776644,41.323792],[19.776545,41.323807],[19.776491,41.323821],[19.776439,41.323835],[19.776301,41.323891],[19.776274,41.323904],[19.776174,41.32395],[19.77607,41.323997],[19.775865,41.32409],[19.77566,41.324183],[19.775528,41.324242],[19.775455,41.324276],[19.775311,41.324341],[19.77525,41.324369],[19.775045,41.324462],[19.77497,41.324496],[19.77484,41.324555],[19.774682,41.324626],[19.774635,41.324648],[19.774488,41.324714],[19.77443,41.324741],[19.7744,41.324754],[19.774364,41.324771],[19.774272,41.324812],[19.774241,41.324846],[19.774218,41.324872],[19.774205,41.324887],[19.774158,41.324959],[19.774135,41.325007],[19.774129,41.325019],[19.774117,41.325048],[19.774097,41.325103],[19.774109,41.325182],[19.77411,41.325193],[19.774119,41.325253],[19.77417,41.325273],[19.774211,41.325303],[19.774226,41.325323],[19.774239,41.325341],[19.774251,41.325383],[19.774246,41.325426],[19.774223,41.325468],[19.774199,41.325489],[19.774183,41.325503],[19.774131,41.325527],[19.774072,41.325538],[19.774012,41.325592],[19.773939,41.325656],[19.773911,41.325749],[19.77391,41.325753],[19.7739,41.325781],[19.773894,41.32581],[19.773861,41.325925],[19.773832,41.326028],[19.773821,41.32606],[19.77381,41.3261],[19.773792,41.326167],[19.773783,41.326279],[19.773783,41.326282],[19.773794,41.326458],[19.773796,41.326489],[19.7738,41.326526],[19.773804,41.326554],[19.773814,41.326638],[19.773836,41.326817],[19.773842,41.326862],[19.773851,41.326927],[19.77386,41.326996],[19.773882,41.327173],[19.773882,41.327175],[19.773905,41.327354],[19.77391,41.32739],[19.773913,41.327413],[19.773928,41.327533],[19.77395,41.327712],[19.773971,41.327891],[19.773972,41.327893],[19.773993,41.32807],[19.774,41.328134],[19.774014,41.328249],[19.774019,41.328293],[19.774026,41.328346],[19.774029,41.328371],[19.774105,41.328371],[19.774029,41.328371],[19.774021,41.328445],[19.774015,41.328516],[19.773995,41.328624],[19.773988,41.328667],[19.773932,41.328797],[19.77391,41.328849],[19.773903,41.328861],[19.773841,41.328962],[19.77376,41.329095],[19.773741,41.329126],[19.773641,41.329289],[19.773571,41.329403],[19.773543,41.329453],[19.773449,41.329619],[19.773355,41.329784],[19.773341,41.329809],[19.773311,41.329864],[19.773284,41.329913],[19.773272,41.329933],[19.773261,41.32995],[19.773158,41.330112],[19.773054,41.330274],[19.773026,41.330318],[19.772944,41.330434],[19.772933,41.33045],[19.772832,41.330593],[19.772762,41.330691],[19.772719,41.330751],[19.772702,41.330776],[19.77264,41.330848],[19.772583,41.330899],[19.772572,41.33091],[19.772513,41.330961],[19.772427,41.331035],[19.772294,41.331151],[19.77227,41.331171],[19.772113,41.331307],[19.771956,41.331443],[19.771853,41.331532],[19.771798,41.331578],[19.771639,41.331712],[19.771479,41.331847],[19.77132,41.331981],[19.771308,41.331991],[19.77123,41.332064],[19.771175,41.332124],[19.771169,41.33213],[19.771138,41.332171],[19.771106,41.332215],[19.771078,41.332264],[19.771069,41.332285],[19.771039,41.33236],[19.771012,41.332453],[19.77101,41.332459],[19.770953,41.332634],[19.770937,41.332684],[19.770905,41.332765],[19.770887,41.332807],[19.770878,41.332828],[19.770852,41.332879],[19.770811,41.332949],[19.770796,41.332973],[19.770794,41.332977],[19.770775,41.333009],[19.770675,41.333128],[19.770603,41.333214],[19.770543,41.333278],[19.770407,41.333426],[19.770401,41.333432],[19.770322,41.333514],[19.770267,41.333572],[19.770246,41.333593],[19.770126,41.333717],[19.770023,41.333824],[19.769985,41.333863],[19.769964,41.333885],[19.769944,41.333905],[19.769893,41.33395],[19.769823,41.333994],[19.769797,41.33401],[19.7697,41.334043],[19.769607,41.334068],[19.769479,41.334103],[19.769406,41.334123],[19.769382,41.33413],[19.769157,41.334193],[19.768942,41.334254],[19.768934,41.334257],[19.768767,41.334316],[19.768725,41.334343],[19.768653,41.334387],[19.768564,41.334467],[19.76856,41.334472],[19.768426,41.334621],[19.768327,41.334731],[19.76829,41.334769],[19.768152,41.334916],[19.768145,41.334924],[19.768037,41.335036],[19.768068,41.335058],[19.768037,41.335036],[19.768032,41.335041],[19.767867,41.335172],[19.767703,41.335303],[19.76769,41.335313],[19.76754,41.335435],[19.767377,41.335566],[19.767336,41.3356],[19.767213,41.335698],[19.767185,41.335721],[19.767049,41.335829],[19.767017,41.335855],[19.766898,41.33595],[19.766886,41.33596],[19.766722,41.336091],[19.766601,41.336188],[19.766558,41.336222],[19.766394,41.336353],[19.76623,41.336484],[19.766157,41.336542],[19.766063,41.336613],[19.76596,41.336691],[19.765897,41.336743],[19.765757,41.336859],[19.765735,41.336875],[19.765567,41.337003],[19.765398,41.337131],[19.76523,41.337259],[19.765062,41.337387],[19.765022,41.337418],[19.764894,41.337516],[19.764827,41.337566],[19.764789,41.337595],[19.764724,41.337643],[19.764561,41.337763],[19.764553,41.337768],[19.764391,41.337889],[19.764383,41.337895],[19.764367,41.337908],[19.764216,41.338024],[19.764049,41.338153],[19.763905,41.338264],[19.763883,41.338282],[19.763807,41.338346],[19.763723,41.338416],[19.763565,41.338551],[19.763406,41.338685],[19.763372,41.338714],[19.763233,41.338812],[19.763058,41.338935],[19.763005,41.338973],[19.762888,41.339061],[19.762719,41.339188],[19.762626,41.339258],[19.762558,41.339321],[19.762407,41.33946],[19.762303,41.339557],[19.762256,41.3396],[19.762171,41.339678],[19.762108,41.339739],[19.762107,41.33974],[19.762045,41.339798],[19.761957,41.33988],[19.761949,41.339888],[19.761881,41.339953],[19.761799,41.340016],[19.761775,41.340035],[19.761737,41.340064],[19.761631,41.340143],[19.761588,41.340175],[19.761502,41.340238],[19.76146,41.340269],[19.761362,41.340343],[19.76129,41.340396],[19.761283,41.340401],[19.761229,41.340444],[19.761122,41.340524],[19.76101,41.340608],[19.760987,41.340625],[19.760952,41.340651],[19.760783,41.340778],[19.76069,41.340847],[19.760653,41.340875],[19.760613,41.340905],[19.760489,41.340998],[19.760443,41.341032],[19.760402,41.341063],[19.760274,41.341159],[19.760123,41.341272],[19.760104,41.341286],[19.760019,41.34135],[19.759935,41.341413],[19.759765,41.34154],[19.759596,41.341667],[19.759426,41.341794],[19.759257,41.341921],[19.759249,41.341927],[19.759087,41.342049],[19.759055,41.342073],[19.758939,41.342158],[19.758916,41.342175],[19.758747,41.342302],[19.758686,41.342347],[19.758577,41.342428],[19.758547,41.342451],[19.758407,41.342555],[19.758403,41.342558],[19.758236,41.342681],[19.75809,41.34279],[19.758066,41.342808],[19.757898,41.342936],[19.757865,41.342962],[19.757729,41.343063],[19.757651,41.343121],[19.757632,41.343136],[19.757559,41.34319],[19.757547,41.343199],[19.757506,41.34323],[19.757391,41.343318],[19.757288,41.343397],[19.75725,41.343426],[19.757222,41.343446],[19.757107,41.343531],[19.757051,41.343572],[19.756961,41.343638],[19.756922,41.343667],[19.75688,41.343698],[19.756711,41.343825],[19.756541,41.343952],[19.756524,41.343964],[19.756446,41.344016],[19.756367,41.344075],[19.756198,41.344203],[19.75603,41.344331],[19.755861,41.344458],[19.75578,41.344519],[19.755692,41.344586],[19.755523,41.344713],[19.755354,41.344841],[19.755185,41.344969],[19.755017,41.345096],[19.754891,41.345191],[19.754847,41.345223],[19.754676,41.345349],[19.754505,41.345475],[19.754333,41.345601],[19.754162,41.345726],[19.754098,41.345774],[19.753976,41.345839],[19.753781,41.345943],[19.753732,41.34597],[19.753617,41.346034],[19.753589,41.346049],[19.753474,41.346113],[19.753417,41.346146],[19.7534,41.346158],[19.753362,41.346184],[19.753226,41.346282],[19.753053,41.346406],[19.752991,41.346451],[19.752885,41.346534],[19.75283,41.346579],[19.752713,41.346659],[19.752683,41.34668],[19.752638,41.346708],[19.75253,41.346775],[19.752442,41.346831],[19.752342,41.346887],[19.752186,41.346974],[19.75215,41.346994],[19.751969,41.347093],[19.751956,41.3471],[19.751764,41.347207],[19.751572,41.347315],[19.751476,41.347369],[19.751431,41.347393],[19.75138,41.347422],[19.751353,41.347437],[19.751311,41.347461],[19.75126,41.34749],[19.751188,41.34753],[19.750998,41.347639],[19.750807,41.347748],[19.750616,41.347856],[19.750586,41.347874],[19.750425,41.347965],[19.750234,41.348074],[19.750044,41.348182],[19.749853,41.348291],[19.74969,41.348384],[19.749662,41.3484],[19.74949,41.348498],[19.749471,41.348509],[19.749281,41.348618],[19.749132,41.348704],[19.749091,41.348728],[19.748901,41.348837],[19.748711,41.348947],[19.748521,41.349056],[19.748331,41.349166],[19.748243,41.349217],[19.748142,41.349275],[19.748141,41.349275],[19.748026,41.349342],[19.747951,41.349385],[19.747845,41.349446],[19.747767,41.34949],[19.747761,41.349494],[19.747573,41.3496],[19.74757,41.349602],[19.747417,41.34972],[19.747399,41.349728],[19.747328,41.349759],[19.747182,41.349802],[19.747127,41.349819],[19.746956,41.349862],[19.746953,41.349863],[19.746847,41.349898],[19.746749,41.349944],[19.746745,41.349946],[19.746605,41.350028],[19.746566,41.350053],[19.746558,41.350058],[19.74653,41.350076],[19.746376,41.350175],[19.746194,41.350292],[19.746057,41.35038],[19.746012,41.350409],[19.745868,41.350501],[19.745833,41.350524],[19.74583,41.350526],[19.74565,41.350645],[19.745569,41.350699],[19.745471,41.350764],[19.745291,41.350883],[19.745268,41.350898],[19.745204,41.35094],[19.745116,41.351006],[19.744999,41.351094],[19.744947,41.351133],[19.744837,41.351214],[19.744798,41.351244],[19.744777,41.35126],[19.744734,41.351294],[19.744611,41.35139],[19.744534,41.35145],[19.744447,41.35152],[19.744375,41.351578],[19.74428,41.35165],[19.744261,41.351664],[19.744168,41.351731],[19.744107,41.351774],[19.744095,41.351782],[19.744045,41.351813],[19.743921,41.351887],[19.743899,41.351901],[19.743869,41.351917],[19.743788,41.351955],[19.743716,41.351978],[19.743682,41.351989],[19.74362,41.352007],[19.74349,41.352039],[19.743379,41.352067],[19.743264,41.352098],[19.743196,41.352117],[19.743103,41.352146],[19.743044,41.352168],[19.742991,41.352188],[19.742922,41.352215],[19.742841,41.352262],[19.742777,41.352299],[19.74268,41.352337],[19.742636,41.352354],[19.742588,41.352373],[19.742415,41.352422],[19.742373,41.352434],[19.742191,41.352486],[19.742045,41.352527],[19.741967,41.35255],[19.741787,41.352601],[19.741743,41.352614],[19.741583,41.352661],[19.741561,41.352667],[19.74152,41.352679],[19.741444,41.352701],[19.741374,41.352724],[19.741299,41.352749],[19.741204,41.352781],[19.741145,41.35269],[19.741039,41.352528],[19.740934,41.352367],[19.740828,41.352205],[19.740723,41.352044],[19.74072,41.352039],[19.740514,41.352118],[19.740301,41.3522],[19.740089,41.352283],[19.739876,41.352365],[19.739663,41.352448],[19.739618,41.352465],[19.739592,41.352475],[19.73945,41.35253],[19.739237,41.352612],[19.739149,41.352646],[19.739024,41.352694],[19.738877,41.352751],[19.738811,41.352777],[19.738699,41.35282],[19.738598,41.352859],[19.738559,41.352874],[19.738521,41.352888]]},"properties":{"line":"3C","dir":"1","headsign":"100 Vjetori","mode":"bus","color":"#0059a9"}},{"type":"Feature","geometry":{"type":"LineString","coordinates":[[19.816703,41.330106],[19.816622,41.330063],[19.816538,41.330011],[19.816516,41.329993],[19.816466,41.329954],[19.816393,41.329882],[19.816369,41.329851],[19.816329,41.3298],[19.816275,41.329711],[19.816265,41.329689],[19.816183,41.32952],[19.81613,41.32941],[19.816092,41.329356],[19.816034,41.329275],[19.815991,41.329223],[19.815975,41.329206],[19.815957,41.329185],[19.81591,41.329151],[19.815884,41.329134],[19.815839,41.329114],[19.815803,41.329109],[19.815781,41.32911],[19.815749,41.32911],[19.815631,41.329116],[19.81555,41.329144],[19.815333,41.32922],[19.815284,41.329238],[19.815161,41.329342],[19.815003,41.329477],[19.814988,41.32949],[19.814968,41.329507],[19.814952,41.32952],[19.814844,41.329612],[19.814686,41.329747],[19.814643,41.329783],[19.814523,41.329879],[19.814358,41.330009],[19.814337,41.330027],[19.814246,41.330091],[19.814185,41.330133],[19.81401,41.330256],[19.813835,41.330379],[19.813686,41.330483],[19.813659,41.330501],[19.813624,41.330525],[19.813556,41.330566],[19.813474,41.330615],[19.813364,41.33068],[19.813285,41.330725],[19.813197,41.330775],[19.813093,41.330833],[19.812897,41.330937],[19.812735,41.331023],[19.812702,41.33104],[19.812655,41.331065],[19.812574,41.33111],[19.812508,41.331146],[19.812315,41.331252],[19.812121,41.331358],[19.811938,41.331459],[19.811928,41.331465],[19.811793,41.33154],[19.811736,41.331572],[19.811682,41.331601],[19.811543,41.331679],[19.81139,41.331764],[19.811351,41.331786],[19.811162,41.331892],[19.811159,41.331893],[19.811063,41.331944],[19.810963,41.331997],[19.81088,41.33204],[19.810847,41.332058],[19.810767,41.332101],[19.810573,41.332206],[19.810545,41.332221],[19.810379,41.332311],[19.810184,41.332416],[19.809995,41.332519],[19.80999,41.332521],[19.8099,41.332567],[19.809782,41.33261],[19.809676,41.332649],[19.809563,41.332682],[19.80934,41.332748],[19.809117,41.332814],[19.808894,41.33288],[19.808748,41.332923],[19.808671,41.332945],[19.808664,41.332947],[19.808447,41.333009],[19.808224,41.333074],[19.808074,41.333117],[19.808,41.333138],[19.807996,41.33314],[19.807843,41.333185],[19.807777,41.333204],[19.807554,41.333269],[19.807542,41.333273],[19.807331,41.333334],[19.807181,41.333379],[19.807108,41.3334],[19.806885,41.333465],[19.806878,41.333468],[19.8067,41.333537],[19.806675,41.333551],[19.806634,41.333575],[19.806574,41.333609],[19.806522,41.333644],[19.806494,41.333669],[19.806449,41.333711],[19.806371,41.333823],[19.806261,41.333982],[19.806172,41.33411],[19.806163,41.334123],[19.80615,41.334141],[19.806134,41.334163],[19.806085,41.334244],[19.806008,41.334211],[19.806001,41.334208],[19.805916,41.334163],[19.805847,41.334123],[19.805815,41.334104],[19.805722,41.334046],[19.805633,41.333987],[19.805529,41.333919],[19.805454,41.333868],[19.805276,41.333748],[19.805176,41.33368],[19.805096,41.333629],[19.804986,41.33356],[19.804906,41.333519],[19.804852,41.333492],[19.804733,41.333442],[19.804698,41.33343],[19.804593,41.333394],[19.804556,41.333383],[19.804488,41.333363],[19.804477,41.33336],[19.80434,41.333325],[19.804288,41.333316],[19.80425,41.333307],[19.804249,41.333307],[19.804137,41.333306],[19.804067,41.333308],[19.804019,41.333308],[19.804009,41.333309],[19.80388,41.333322],[19.803772,41.333333],[19.803748,41.333336],[19.803631,41.333361],[19.803545,41.333389],[19.803485,41.333408],[19.803326,41.333462],[19.803109,41.333537],[19.802891,41.333612],[19.802673,41.333686],[19.802513,41.333741],[19.802455,41.333761],[19.802237,41.333836],[19.802233,41.333838],[19.80202,41.333913],[19.801803,41.333989],[19.801586,41.334065],[19.801508,41.334092],[19.801369,41.334139],[19.801343,41.334148],[19.801313,41.334158],[19.801151,41.334215],[19.800934,41.334291],[19.800893,41.334305],[19.800717,41.334366],[19.800499,41.334442],[19.800282,41.334518],[19.800065,41.334594],[19.800026,41.334607],[19.799848,41.334669],[19.79963,41.334745],[19.799413,41.33482],[19.799196,41.334896],[19.79911,41.334926],[19.798978,41.334972],[19.798761,41.335047],[19.798544,41.335123],[19.798326,41.335199],[19.798109,41.335274],[19.797968,41.335323],[19.797892,41.33535],[19.797675,41.335426],[19.797458,41.335502],[19.797325,41.335549],[19.797241,41.335579],[19.797196,41.335594],[19.797024,41.335655],[19.796807,41.33573],[19.796714,41.335763],[19.79659,41.335806],[19.796585,41.335808],[19.79643,41.335862],[19.796372,41.335882],[19.796155,41.335957],[19.795937,41.336032],[19.79572,41.336108],[19.795538,41.336171],[19.795502,41.336183],[19.795285,41.336259],[19.795067,41.336334],[19.79485,41.336409],[19.794678,41.336469],[19.794633,41.336485],[19.794415,41.33656],[19.794198,41.336636],[19.793981,41.336712],[19.793763,41.336787],[19.793546,41.336863],[19.793539,41.336865],[19.793329,41.336938],[19.793111,41.337014],[19.793082,41.337024],[19.792895,41.33709],[19.792894,41.33709],[19.79271,41.337154],[19.792677,41.337166],[19.792576,41.337201],[19.79246,41.337241],[19.792307,41.337295],[19.792242,41.337317],[19.792025,41.337393],[19.791808,41.337469],[19.791591,41.337544],[19.791373,41.33762],[19.791156,41.337696],[19.790939,41.337771],[19.790722,41.337847],[19.790504,41.337923],[19.790382,41.337965],[19.790287,41.337999],[19.79007,41.338075],[19.790059,41.338079],[19.789853,41.33815],[19.789706,41.338201],[19.789636,41.338226],[19.78942,41.338304],[19.789204,41.338382],[19.788988,41.338459],[19.788772,41.338537],[19.788556,41.338615],[19.788406,41.338669],[19.788339,41.338692],[19.788224,41.338732],[19.788122,41.338767],[19.787904,41.338842],[19.787686,41.338917],[19.787532,41.33897],[19.787469,41.338992],[19.78731,41.33905],[19.787253,41.33907],[19.787036,41.339146],[19.786936,41.339181],[19.786842,41.339216],[19.786821,41.339224],[19.786717,41.339262],[19.786606,41.339304],[19.786392,41.339384],[19.786178,41.339465],[19.786163,41.33947],[19.786027,41.339521],[19.785964,41.339546],[19.785753,41.33963],[19.785744,41.339633],[19.785548,41.339724],[19.785527,41.339734],[19.785358,41.339833],[19.785286,41.339875],[19.785165,41.33994],[19.78503,41.340012],[19.784963,41.340035],[19.784758,41.340103],[19.784743,41.340107],[19.784519,41.340169],[19.784294,41.340232],[19.784156,41.34027],[19.784071,41.340297],[19.783851,41.340368],[19.783723,41.340409],[19.783672,41.340425],[19.783631,41.340439],[19.783412,41.340512],[19.783361,41.340529],[19.78329,41.340551],[19.783193,41.340584],[19.783084,41.340621],[19.782971,41.340623],[19.7828,41.340627],[19.782728,41.340651],[19.782519,41.34072],[19.782476,41.340735],[19.782369,41.340774],[19.782303,41.340797],[19.782086,41.340873],[19.781869,41.340948],[19.781819,41.340966],[19.78175,41.340991],[19.781652,41.341026],[19.781478,41.341088],[19.781436,41.341103],[19.78122,41.341181],[19.781116,41.341219],[19.78108,41.341287],[19.781041,41.341305],[19.780902,41.341367],[19.780841,41.341394],[19.780636,41.341486],[19.780575,41.341513],[19.780431,41.341579],[19.780345,41.341618],[19.780222,41.341667],[19.780193,41.341679],[19.780008,41.341747],[19.779796,41.341825],[19.779793,41.341827],[19.779578,41.341906],[19.779363,41.341985],[19.779148,41.342064],[19.778933,41.342144],[19.7789,41.342156],[19.778717,41.342222],[19.778501,41.3423],[19.778285,41.342378],[19.77807,41.342456],[19.778001,41.34248],[19.777879,41.34256],[19.777835,41.342589],[19.777743,41.342675],[19.777723,41.342694],[19.777625,41.342789],[19.777546,41.34282],[19.777488,41.342842],[19.777366,41.342932],[19.777267,41.343006],[19.777183,41.343053],[19.776991,41.34316],[19.776966,41.343174],[19.776795,41.343264],[19.776599,41.343368],[19.776403,41.343471],[19.77632,41.343515],[19.776195,41.343557],[19.776187,41.34356],[19.776102,41.343584],[19.775988,41.343585],[19.77595,41.343579],[19.77586,41.343565],[19.775752,41.343509],[19.775732,41.343494],[19.775668,41.343447],[19.775522,41.343418],[19.775441,41.343402],[19.775358,41.34341],[19.77529,41.343423],[19.775279,41.343425],[19.775228,41.343438],[19.77509,41.343486],[19.775081,41.343494],[19.774949,41.343608],[19.774933,41.343627],[19.77491,41.343656],[19.774872,41.343707],[19.77488,41.343717],[19.774885,41.343728],[19.774889,41.34374],[19.77489,41.343752],[19.774889,41.343764],[19.774886,41.343776],[19.774881,41.343787],[19.774878,41.343792],[19.774874,41.343798],[19.774867,41.343806],[19.774858,41.343813],[19.774849,41.34382],[19.774839,41.343825],[19.774828,41.34383],[19.774816,41.343834],[19.774804,41.343837],[19.774791,41.343839],[19.774778,41.34384],[19.774765,41.343839],[19.774753,41.343838],[19.77474,41.343835],[19.774728,41.343832],[19.774712,41.343825],[19.774698,41.343817],[19.774686,41.343807],[19.774678,41.343798],[19.774675,41.343795],[19.774565,41.343792],[19.774515,41.343788],[19.774441,41.343783],[19.774427,41.343782],[19.774222,41.343852],[19.774004,41.343927],[19.773787,41.344002],[19.773569,41.344076],[19.773351,41.344151],[19.773133,41.344226],[19.772915,41.3443],[19.772882,41.344312],[19.772697,41.344375],[19.77248,41.34445],[19.772262,41.344526],[19.772044,41.344601],[19.771827,41.344676],[19.771609,41.344751],[19.771605,41.344753],[19.77139,41.344824],[19.771232,41.344877],[19.771172,41.344897],[19.770954,41.344972],[19.770736,41.345046],[19.770518,41.345121],[19.7703,41.345196],[19.770182,41.345236],[19.770082,41.345271],[19.77005,41.345282],[19.769935,41.345321],[19.769864,41.345346],[19.769793,41.345371],[19.769647,41.345421],[19.769429,41.345496],[19.769212,41.345571],[19.768994,41.345646],[19.768777,41.345722],[19.768559,41.345797],[19.768341,41.345872],[19.768174,41.34593],[19.768124,41.345947],[19.767906,41.346022],[19.767689,41.346097],[19.767471,41.346173],[19.767253,41.346248],[19.76718,41.346273],[19.767093,41.346303],[19.767036,41.346323],[19.766857,41.346385],[19.76683,41.346394],[19.766818,41.346398],[19.766601,41.346474],[19.766442,41.346529],[19.766384,41.346549],[19.766324,41.34657],[19.766167,41.346626],[19.76595,41.346702],[19.765733,41.346779],[19.765601,41.346825],[19.765554,41.346842],[19.765517,41.346855],[19.765414,41.346892],[19.765299,41.346931],[19.765212,41.346961],[19.76512,41.346992],[19.765081,41.347005],[19.764863,41.347079],[19.764645,41.347154],[19.764446,41.347221],[19.764427,41.347228],[19.764209,41.347304],[19.763992,41.347379],[19.763775,41.347455],[19.763557,41.34753],[19.76334,41.347606],[19.763123,41.347681],[19.762905,41.347757],[19.762688,41.347833],[19.762684,41.347834],[19.762617,41.347857],[19.762471,41.347909],[19.762427,41.347925],[19.762252,41.347982],[19.762189,41.348004],[19.762035,41.348057],[19.761818,41.348133],[19.761601,41.348209],[19.761384,41.348286],[19.761241,41.348335],[19.761166,41.348361],[19.760948,41.348436],[19.760731,41.348511],[19.760513,41.348586],[19.760295,41.348661],[19.760204,41.348692],[19.760078,41.348736],[19.759861,41.348812],[19.759643,41.348888],[19.759426,41.348964],[19.759209,41.34904],[19.759152,41.34906],[19.758992,41.349115],[19.758775,41.349191],[19.758557,41.349267],[19.75834,41.349343],[19.758241,41.349378],[19.758125,41.349418],[19.758123,41.349419],[19.757908,41.349498],[19.757786,41.349543],[19.757694,41.349578],[19.757572,41.349624],[19.757479,41.349657],[19.757262,41.349734],[19.757189,41.34976],[19.757115,41.349787],[19.757045,41.349811],[19.756828,41.349886],[19.75661,41.349961],[19.756392,41.350036],[19.756174,41.35011],[19.756014,41.350166],[19.755958,41.350187],[19.755744,41.350268],[19.755564,41.350336],[19.755529,41.350348],[19.755311,41.350422],[19.755105,41.350491],[19.755092,41.350496],[19.754872,41.350567],[19.754653,41.350638],[19.754433,41.35071],[19.754213,41.350781],[19.753993,41.350853],[19.75385,41.350899],[19.753774,41.350925],[19.753557,41.351001],[19.753339,41.351077],[19.753122,41.351152],[19.752905,41.351228],[19.752688,41.351304],[19.752605,41.351333],[19.752557,41.351349],[19.752492,41.351372],[19.75247,41.351379],[19.752253,41.351455],[19.752036,41.351531],[19.751875,41.351587],[19.751818,41.351606],[19.75179,41.351616],[19.751744,41.351632],[19.751601,41.351682],[19.751384,41.351757],[19.751364,41.351764],[19.751166,41.351833],[19.751082,41.351862],[19.750949,41.351908],[19.750874,41.351934],[19.750731,41.351983],[19.750514,41.352059],[19.750296,41.352134],[19.750288,41.352137],[19.750079,41.352209],[19.749992,41.352239],[19.749861,41.352284],[19.749644,41.35236],[19.749604,41.352374],[19.749426,41.352435],[19.749375,41.352453],[19.749301,41.352479],[19.749246,41.352498],[19.749209,41.352511],[19.749008,41.35258],[19.748991,41.352586],[19.748969,41.352594],[19.748833,41.352641],[19.748774,41.352661],[19.748752,41.352669],[19.748668,41.352735],[19.748583,41.352766],[19.748391,41.352835],[19.748367,41.352843],[19.748347,41.352851],[19.748203,41.35286],[19.748137,41.352882],[19.747944,41.352949],[19.74792,41.352958],[19.747702,41.353033],[19.747569,41.353079],[19.747529,41.353093],[19.747485,41.353108],[19.747267,41.353183],[19.747107,41.353239],[19.74705,41.35326],[19.746836,41.353339],[19.746664,41.353403],[19.74662,41.353418],[19.746401,41.353491],[19.746183,41.353565],[19.745965,41.353639],[19.745746,41.353713],[19.745528,41.353787],[19.74531,41.353861],[19.745119,41.353926],[19.745091,41.353935],[19.744874,41.354011],[19.744722,41.354064],[19.744657,41.354087],[19.74444,41.354162],[19.744222,41.354238],[19.744005,41.354314],[19.743968,41.354327],[19.743787,41.354389],[19.743693,41.354421],[19.74357,41.354464],[19.743352,41.354538],[19.743134,41.354613],[19.742979,41.354667],[19.743006,41.354715],[19.742979,41.354667],[19.742866,41.354706],[19.742835,41.354717],[19.742791,41.354733],[19.742619,41.354793],[19.742608,41.354797],[19.742521,41.354827],[19.742401,41.354869],[19.742184,41.354944],[19.741966,41.35502],[19.741836,41.355065],[19.741749,41.355095],[19.741682,41.355119],[19.741532,41.355171],[19.741314,41.355246],[19.741153,41.355302],[19.741097,41.355321],[19.740903,41.355389],[19.740879,41.355397],[19.740662,41.355472],[19.740444,41.355547],[19.740417,41.355556],[19.740227,41.355623],[19.74001,41.355699],[19.739949,41.355721],[19.739792,41.355774],[19.73961,41.355836],[19.739574,41.355848],[19.739357,41.355924],[19.739139,41.356],[19.739015,41.356043],[19.738922,41.356075],[19.738843,41.356103],[19.738736,41.35614],[19.738705,41.356151],[19.738488,41.356227],[19.738271,41.356303],[19.738054,41.356379],[19.737846,41.356452],[19.737837,41.356455],[19.737619,41.35653],[19.737401,41.356606],[19.737184,41.356681],[19.736966,41.356756],[19.736749,41.356831],[19.736531,41.356907],[19.736314,41.356982],[19.736314,41.356982],[19.736096,41.357057],[19.736012,41.357087],[19.735879,41.357132],[19.735661,41.357208],[19.735444,41.357283],[19.735299,41.357333],[19.735227,41.357359],[19.73501,41.357436],[19.734794,41.357513],[19.734578,41.357591],[19.734361,41.357668],[19.734179,41.357733],[19.734145,41.357745],[19.733926,41.357818],[19.733708,41.357892],[19.733583,41.357934],[19.733489,41.357966],[19.733271,41.358039],[19.733088,41.358101],[19.733052,41.358113],[19.732942,41.358152],[19.732835,41.358189],[19.732618,41.358265],[19.732587,41.358275],[19.732519,41.358299],[19.732401,41.35834],[19.732183,41.358416],[19.732112,41.358441],[19.73203,41.358469],[19.731966,41.358492],[19.731925,41.358506],[19.731862,41.358528],[19.731749,41.358567],[19.731532,41.358643],[19.731407,41.358686],[19.731314,41.358718],[19.73111,41.358789],[19.731096,41.358793],[19.730879,41.358869],[19.730662,41.358945],[19.730445,41.359021],[19.730228,41.359097],[19.730123,41.359133],[19.73001,41.359173],[19.729793,41.359248],[19.729782,41.359252],[19.729575,41.359323],[19.729357,41.359397],[19.729323,41.359408],[19.72914,41.359473],[19.729126,41.359478],[19.728952,41.359538],[19.728922,41.359548],[19.728704,41.359622],[19.728486,41.359697],[19.728443,41.359712],[19.728268,41.359771],[19.728117,41.359823],[19.728051,41.359847],[19.727834,41.359923],[19.727647,41.359988],[19.727617,41.359999],[19.7274,41.360075],[19.727191,41.360148],[19.727183,41.360151],[19.727143,41.360165],[19.727103,41.360179],[19.726965,41.360227],[19.726956,41.36023],[19.726788,41.360288],[19.726747,41.360302],[19.726593,41.360353],[19.726529,41.360375],[19.726311,41.360449],[19.726093,41.360523],[19.725978,41.360563],[19.725874,41.360598],[19.725656,41.360672],[19.725644,41.360676],[19.725435,41.360742],[19.725349,41.360769],[19.725213,41.360809],[19.725074,41.360851],[19.72499,41.360874],[19.724765,41.360935],[19.72454,41.360997],[19.724527,41.361],[19.724313,41.361055],[19.724086,41.361113],[19.72386,41.361171],[19.723633,41.361229],[19.723422,41.361283],[19.723406,41.361287],[19.723179,41.361345],[19.722953,41.361403],[19.722726,41.361462],[19.7225,41.36152],[19.722273,41.361578],[19.722047,41.361637],[19.72182,41.361695],[19.72167,41.361733],[19.721593,41.361752],[19.721483,41.361779],[19.721365,41.361807],[19.721251,41.361835],[19.721138,41.361864],[19.72095,41.361912],[19.720911,41.361923],[19.720685,41.361981],[19.720458,41.36204],[19.720232,41.362098],[19.720005,41.362157],[19.719906,41.362183],[19.719779,41.362215],[19.719572,41.362268],[19.719552,41.362274],[19.719532,41.36228],[19.719326,41.362333],[19.719104,41.36239],[19.719099,41.362391],[19.718873,41.362449],[19.718646,41.362507],[19.71861,41.362516],[19.718419,41.362563],[19.718279,41.362598],[19.718191,41.36262],[19.718054,41.362655],[19.717964,41.362677],[19.71796,41.362679],[19.717892,41.362696],[19.717737,41.362735],[19.717718,41.36274],[19.717511,41.362794],[19.717285,41.362853],[19.717268,41.362857],[19.717057,41.362909],[19.71683,41.362966],[19.716828,41.362966],[19.716641,41.363013],[19.716603,41.363023],[19.716376,41.36308],[19.716149,41.363137],[19.715922,41.363195],[19.715695,41.363252],[19.715468,41.363309],[19.715241,41.363366],[19.715188,41.36338],[19.715014,41.363423],[19.714997,41.363428],[19.714951,41.363439],[19.714788,41.363483],[19.714694,41.363509],[19.714668,41.363516],[19.714563,41.363545],[19.714352,41.363603],[19.714337,41.363606],[19.714269,41.363624],[19.714184,41.363649],[19.71412,41.363679],[19.714101,41.363688],[19.714018,41.363739],[19.713962,41.363804],[19.713959,41.363809],[19.713922,41.363886],[19.713906,41.363959],[19.713907,41.363984],[19.713909,41.364028],[19.713925,41.364111],[19.713937,41.364162],[19.713961,41.364269],[19.713976,41.36434],[19.714015,41.364517],[19.714028,41.364579],[19.714054,41.364694],[19.714094,41.364872],[19.7141,41.364898],[19.714112,41.364977],[19.714114,41.365029],[19.714112,41.365051],[19.714109,41.365081],[19.714079,41.365148],[19.714042,41.365193],[19.714019,41.365213],[19.713988,41.365241],[19.713868,41.365329],[19.71385,41.365341],[19.713673,41.365462],[19.713643,41.365482],[19.71349,41.365578],[19.713306,41.365693],[19.713198,41.36576],[19.71312,41.365807],[19.712933,41.365919],[19.712755,41.366026],[19.712746,41.366031],[19.712557,41.366142],[19.712369,41.366253],[19.71218,41.366364],[19.712082,41.366421],[19.712035,41.366454],[19.711997,41.36648],[19.71193,41.366527],[19.711814,41.366596],[19.711627,41.366708],[19.711439,41.366819],[19.711252,41.366931],[19.711064,41.367043],[19.710922,41.367128],[19.710877,41.367156],[19.710692,41.36727],[19.710668,41.367285],[19.710508,41.367385],[19.710324,41.3675],[19.710316,41.367505],[19.710141,41.367616],[19.710028,41.367688],[19.709958,41.367732],[19.709776,41.367849],[19.709716,41.367887],[19.709593,41.367965],[19.709409,41.36808],[19.709225,41.368196],[19.709224,41.368196],[19.709083,41.368284],[19.709039,41.368308],[19.708845,41.368414],[19.708805,41.368436],[19.708643,41.36851],[19.708438,41.368604],[19.708388,41.368627],[19.708232,41.368695],[19.708225,41.368698],[19.708067,41.368769],[19.708026,41.368787],[19.707985,41.368806],[19.707819,41.368877],[19.707718,41.368921],[19.707613,41.368969],[19.707408,41.369063],[19.707214,41.369152],[19.707204,41.369157],[19.707001,41.369252],[19.706798,41.369347],[19.706595,41.369443],[19.706542,41.369467],[19.706485,41.369491],[19.706387,41.369532],[19.706287,41.369573],[19.706241,41.369594],[19.70618,41.369623],[19.706021,41.369697],[19.705977,41.369718],[19.705776,41.369816],[19.70559,41.369907],[19.705576,41.369915],[19.705384,41.370023],[19.705193,41.370131],[19.70516,41.37015],[19.705002,41.37024],[19.704958,41.370266],[19.704877,41.37031],[19.70481,41.370347],[19.70466,41.370429],[19.704617,41.370454],[19.70443,41.370566],[19.7043,41.370643],[19.704236,41.370671],[19.704221,41.370677],[19.704165,41.370698],[19.704076,41.370719],[19.70401,41.370729],[19.703969,41.370736],[19.703875,41.370746],[19.703772,41.370751],[19.703768,41.370751],[19.703605,41.370757],[19.703536,41.370758],[19.703532,41.370758],[19.703385,41.370762],[19.703293,41.370763],[19.70309,41.370764],[19.703053,41.370763],[19.702994,41.370761],[19.702912,41.370752],[19.702848,41.370739],[19.702818,41.370731],[19.702786,41.370723],[19.702593,41.370671],[19.702484,41.370641],[19.702368,41.370609],[19.702332,41.370599],[19.702144,41.370545],[19.70195,41.370489],[19.701921,41.37048],[19.701698,41.370415],[19.701641,41.370399],[19.701571,41.370377],[19.701481,41.370339],[19.701428,41.370317],[19.70133,41.37026],[19.701287,41.370235],[19.701263,41.370221],[19.7012,41.370146],[19.701161,41.370084],[19.701152,41.37007],[19.70112,41.370005],[19.701104,41.369918],[19.701103,41.369911],[19.701086,41.369814],[19.701074,41.369732],[19.70105,41.369553],[19.701039,41.369477],[19.70102,41.369392],[19.701012,41.369376],[19.700989,41.369329],[19.700926,41.369252],[19.700884,41.369227],[19.700841,41.369201],[19.700701,41.369182],[19.700659,41.369188],[19.700454,41.369215],[19.700424,41.36922],[19.700192,41.369264],[19.700048,41.369292],[19.69996,41.369309],[19.699728,41.369354],[19.699496,41.369399],[19.699372,41.369423],[19.699264,41.369444],[19.699032,41.369488],[19.698824,41.369528],[19.6988,41.369533],[19.698568,41.369578],[19.69855,41.369581],[19.698336,41.369623],[19.698104,41.369667],[19.698029,41.369682],[19.697872,41.369711],[19.697639,41.369754],[19.697406,41.369796],[19.697385,41.3698],[19.697174,41.369841],[19.697099,41.369855],[19.696943,41.369885],[19.696942,41.369885],[19.69671,41.36993],[19.696478,41.369975],[19.696246,41.370019],[19.696205,41.370027],[19.696014,41.370064],[19.695782,41.370108],[19.69555,41.370153],[19.695453,41.370172],[19.695318,41.370198],[19.695086,41.370242],[19.694867,41.370284],[19.694854,41.370287],[19.694622,41.370333],[19.694391,41.370379],[19.69433,41.370391],[19.694158,41.370421],[19.693925,41.370462],[19.693821,41.37048],[19.693692,41.370505],[19.69346,41.370549],[19.693228,41.370593],[19.692996,41.370638],[19.692914,41.370654],[19.692763,41.370681],[19.692641,41.370704],[19.692589,41.370714],[19.692554,41.37072],[19.692531,41.370724],[19.692298,41.370767],[19.692066,41.37081],[19.691908,41.37084],[19.691833,41.370853],[19.691601,41.370896],[19.691586,41.370899],[19.691381,41.370937],[19.691368,41.370939],[19.691227,41.370966],[19.691153,41.370979],[19.691136,41.370982],[19.690954,41.371016],[19.690931,41.370981],[19.690921,41.370967],[19.690896,41.370921],[19.690883,41.370873],[19.690875,41.370807],[19.690874,41.370792],[19.690876,41.370714],[19.690897,41.370641],[19.690901,41.370629],[19.690918,41.370584],[19.690947,41.370527],[19.690984,41.370461],[19.691048,41.370349],[19.691074,41.370294],[19.691089,41.370261],[19.691112,41.370195],[19.691117,41.370139],[19.691116,41.370118],[19.691114,41.370074],[19.691091,41.369985],[19.691076,41.369941],[19.691074,41.369936],[19.691017,41.369767],[19.690959,41.369592],[19.6909,41.369418],[19.690841,41.369244],[19.690839,41.369235],[19.690788,41.369068],[19.690751,41.368949],[19.690733,41.368893],[19.690677,41.368718],[19.690621,41.368543],[19.690583,41.368424],[19.690572,41.368366],[19.690547,41.368227],[19.690538,41.368189],[19.690531,41.368159],[19.690388,41.368162],[19.690333,41.36816],[19.690161,41.368155],[19.690093,41.368151],[19.689854,41.368138],[19.689615,41.368124],[19.689509,41.368118],[19.688745,41.368082],[19.688756,41.367949],[19.689519,41.367983],[19.689502,41.367983],[19.689521,41.367984],[19.690171,41.368011],[19.690345,41.368019],[19.690486,41.368022],[19.690413,41.367933],[19.690222,41.367721],[19.690061,41.367532],[19.68998,41.367378],[19.690061,41.367532],[19.690222,41.367721],[19.690413,41.367933],[19.690486,41.368022],[19.690517,41.368095],[19.690531,41.368159],[19.690388,41.368162],[19.690161,41.368155],[19.689509,41.368118],[19.688745,41.368082],[19.688756,41.367949],[19.688767,41.36781],[19.688779,41.367666],[19.688783,41.367615],[19.68879,41.367523],[19.688802,41.367378],[19.688814,41.367235],[19.688819,41.367177],[19.688826,41.36709],[19.688838,41.366948],[19.689215,41.366965],[19.688838,41.366948],[19.688826,41.36709],[19.688819,41.367177],[19.688814,41.367235],[19.688819,41.367177],[19.68882,41.367166]]},"properties":{"line":"4","dir":"0","headsign":"City Park","mode":"bus","color":"#0059a9"}},{"type":"Feature","geometry":{"type":"LineString","coordinates":[[19.68882,41.367165],[19.688819,41.367177],[19.688814,41.367235],[19.688819,41.367177],[19.688826,41.36709],[19.688838,41.366948],[19.689215,41.366965],[19.688838,41.366948],[19.688826,41.36709],[19.688819,41.367177],[19.688814,41.367235],[19.688802,41.367378],[19.68879,41.367523],[19.688783,41.367615],[19.688779,41.367666],[19.688767,41.36781],[19.688756,41.367949],[19.689521,41.367984],[19.690171,41.368011],[19.690345,41.368019],[19.690486,41.368022],[19.690413,41.367933],[19.690222,41.367721],[19.690061,41.367532],[19.68998,41.367378],[19.690061,41.367532],[19.690222,41.367721],[19.690413,41.367933],[19.690486,41.368022],[19.690345,41.368019],[19.690171,41.368011],[19.689521,41.367984],[19.689501,41.367983],[19.689519,41.367983],[19.689521,41.367984],[19.689565,41.367985],[19.689804,41.367995],[19.690043,41.368005],[19.690171,41.368011],[19.690282,41.368016],[19.690345,41.368019],[19.690486,41.368022],[19.690499,41.368052],[19.690517,41.368095],[19.690531,41.368159],[19.690547,41.368227],[19.690547,41.368227],[19.690579,41.368405],[19.690583,41.368424],[19.690633,41.368581],[19.690689,41.368756],[19.690746,41.368931],[19.690751,41.368949],[19.690799,41.369106],[19.690839,41.369235],[19.690854,41.369281],[19.690913,41.369456],[19.690971,41.36963],[19.69103,41.369805],[19.691074,41.369936],[19.691089,41.369979],[19.691091,41.369985],[19.691114,41.370074],[19.691117,41.370139],[19.691115,41.370157],[19.691112,41.370195],[19.691089,41.370261],[19.691057,41.370331],[19.691048,41.370349],[19.690964,41.370497],[19.690947,41.370527],[19.690918,41.370584],[19.690897,41.370641],[19.690889,41.370667],[19.690876,41.370714],[19.690874,41.370792],[19.69088,41.370846],[19.690883,41.370873],[19.690896,41.370921],[19.690921,41.370967],[19.690954,41.371016],[19.690954,41.371016],[19.691153,41.370979],[19.691186,41.370973],[19.691227,41.370966],[19.691381,41.370937],[19.691419,41.37093],[19.691586,41.370899],[19.691651,41.370887],[19.691884,41.370844],[19.691908,41.37084],[19.692116,41.370801],[19.692349,41.370758],[19.692554,41.37072],[19.692581,41.370715],[19.692589,41.370714],[19.692641,41.370704],[19.692814,41.370672],[19.692914,41.370654],[19.693046,41.370628],[19.693278,41.370584],[19.69351,41.370539],[19.693742,41.370495],[19.693821,41.37048],[19.693975,41.370453],[19.694209,41.370412],[19.69433,41.370391],[19.694441,41.370369],[19.694673,41.370323],[19.694867,41.370284],[19.694904,41.370277],[19.695136,41.370232],[19.695368,41.370188],[19.695453,41.370172],[19.6956,41.370143],[19.695832,41.370099],[19.696064,41.370054],[19.696205,41.370027],[19.696296,41.37001],[19.696528,41.369965],[19.69676,41.36992],[19.696943,41.369885],[19.696992,41.369876],[19.697099,41.369855],[19.697225,41.369831],[19.697385,41.3698],[19.697457,41.369787],[19.697689,41.369744],[19.697922,41.369701],[19.698029,41.369682],[19.698154,41.369658],[19.698386,41.369613],[19.69855,41.369581],[19.698618,41.369568],[19.698824,41.369528],[19.69885,41.369523],[19.699082,41.369479],[19.699314,41.369434],[19.699372,41.369423],[19.699546,41.369389],[19.699778,41.369344],[19.70001,41.369299],[19.700048,41.369292],[19.700242,41.369255],[19.700454,41.369215],[19.700475,41.369212],[19.700701,41.369182],[19.70071,41.369184],[19.700841,41.369201],[19.700924,41.369251],[19.700926,41.369252],[19.700989,41.369329],[19.70102,41.369392],[19.701024,41.369413],[19.701039,41.369477],[19.701055,41.369592],[19.70108,41.369771],[19.701086,41.369814],[19.701104,41.369918],[19.70111,41.369949],[19.70112,41.370005],[19.701152,41.37007],[19.701183,41.370119],[19.7012,41.370146],[19.701263,41.370221],[19.701328,41.370258],[19.70133,41.37026],[19.701428,41.370317],[19.701526,41.370358],[19.701571,41.370377],[19.701641,41.370399],[19.701746,41.370429],[19.70195,41.370489],[19.701969,41.370494],[19.702193,41.370559],[19.702332,41.370599],[19.702417,41.370623],[19.702484,41.370641],[19.702642,41.370684],[19.702786,41.370723],[19.702848,41.370739],[19.702868,41.370743],[19.702912,41.370752],[19.702994,41.370761],[19.70309,41.370764],[19.703105,41.370764],[19.703345,41.370762],[19.703385,41.370762],[19.703536,41.370758],[19.703584,41.370757],[19.703605,41.370757],[19.703768,41.370751],[19.703823,41.370748],[19.703875,41.370746],[19.703969,41.370736],[19.704061,41.370722],[19.704076,41.370719],[19.704165,41.370698],[19.704221,41.370677],[19.704281,41.370651],[19.7043,41.370643],[19.70447,41.370541],[19.704658,41.37043],[19.70466,41.370429],[19.704852,41.370324],[19.704877,41.37031],[19.704958,41.370266],[19.705044,41.370216],[19.70516,41.37015],[19.705234,41.370108],[19.705426,41.369999],[19.70559,41.369907],[19.705618,41.369893],[19.705819,41.369795],[19.70602,41.369697],[19.706021,41.369697],[19.706224,41.369602],[19.706241,41.369594],[19.706287,41.369573],[19.706432,41.369513],[19.706485,41.369491],[19.706542,41.369467],[19.706639,41.369422],[19.706842,41.369327],[19.707045,41.369232],[19.707214,41.369152],[19.707248,41.369137],[19.707453,41.369043],[19.707657,41.368949],[19.707718,41.368921],[19.707864,41.368858],[19.707985,41.368806],[19.708067,41.368769],[19.708071,41.368768],[19.708225,41.368698],[19.708276,41.368676],[19.708388,41.368627],[19.708482,41.368584],[19.708687,41.36849],[19.708805,41.368436],[19.708887,41.368391],[19.70908,41.368286],[19.709083,41.368284],[19.709224,41.368196],[19.709265,41.368171],[19.709449,41.368055],[19.709632,41.36794],[19.709716,41.367887],[19.709815,41.367824],[19.709998,41.367707],[19.710028,41.367688],[19.710181,41.367591],[19.710316,41.367505],[19.710364,41.367475],[19.710548,41.36736],[19.710668,41.367285],[19.710732,41.367245],[19.710917,41.367131],[19.710922,41.367128],[19.711105,41.367019],[19.711292,41.366907],[19.71148,41.366795],[19.711668,41.366683],[19.711855,41.366572],[19.71193,41.366527],[19.712035,41.366454],[19.712036,41.366453],[19.712082,41.366421],[19.712221,41.36634],[19.712409,41.366229],[19.712598,41.366118],[19.712755,41.366026],[19.712787,41.366007],[19.712974,41.365895],[19.713161,41.365782],[19.713198,41.36576],[19.713345,41.365668],[19.71353,41.365553],[19.713643,41.365482],[19.713711,41.365436],[19.713868,41.365329],[19.713888,41.365314],[19.713988,41.365241],[19.714042,41.365193],[19.714051,41.365182],[19.714079,41.365148],[19.714109,41.365081],[19.714114,41.365029],[19.714113,41.365012],[19.714112,41.364977],[19.7141,41.364898],[19.714085,41.364833],[19.714045,41.364656],[19.714028,41.364579],[19.714006,41.364479],[19.713968,41.364301],[19.713961,41.364269],[19.713928,41.364124],[19.713925,41.364111],[19.713909,41.364028],[19.713906,41.363959],[19.713909,41.363944],[19.713922,41.363886],[19.713962,41.363804],[19.713986,41.363776],[19.714018,41.363739],[19.714101,41.363688],[19.714164,41.363658],[19.714184,41.363649],[19.714269,41.363624],[19.714352,41.363603],[19.714386,41.363593],[19.714611,41.363531],[19.714668,41.363516],[19.714694,41.363509],[19.714836,41.36347],[19.714951,41.363439],[19.714997,41.363428],[19.715063,41.363411],[19.715188,41.36338],[19.71529,41.363354],[19.715517,41.363297],[19.715744,41.363239],[19.715971,41.363182],[19.716198,41.363125],[19.716425,41.363068],[19.716641,41.363013],[19.716652,41.36301],[19.716828,41.362966],[19.716879,41.362953],[19.717107,41.362897],[19.717268,41.362857],[19.717334,41.36284],[19.71756,41.362781],[19.717718,41.36274],[19.717787,41.362723],[19.717892,41.362696],[19.71796,41.362679],[19.718014,41.362665],[19.718054,41.362655],[19.718241,41.362607],[19.718279,41.362598],[19.718468,41.362551],[19.71861,41.362516],[19.718695,41.362494],[19.718922,41.362436],[19.719104,41.36239],[19.719149,41.362378],[19.719375,41.36232],[19.719532,41.36228],[19.719572,41.362268],[19.719601,41.362261],[19.719828,41.362203],[19.719906,41.362183],[19.720055,41.362144],[19.720281,41.362086],[19.720507,41.362027],[19.720734,41.361968],[19.72095,41.361912],[19.72096,41.36191],[19.721187,41.361851],[19.721251,41.361835],[19.721414,41.361795],[19.721483,41.361779],[19.721642,41.36174],[19.72167,41.361733],[19.721869,41.361682],[19.722096,41.361624],[19.722322,41.361566],[19.722549,41.361507],[19.722775,41.361449],[19.723002,41.361391],[19.723229,41.361332],[19.723422,41.361283],[19.723455,41.361274],[19.723682,41.361216],[19.723909,41.361158],[19.724135,41.3611],[19.724362,41.361043],[19.724527,41.361],[19.724589,41.360984],[19.724814,41.360922],[19.725039,41.36086],[19.725074,41.360851],[19.725262,41.360795],[19.725349,41.360769],[19.725483,41.360727],[19.725644,41.360676],[19.725704,41.360656],[19.725922,41.360582],[19.725978,41.360563],[19.72614,41.360507],[19.726358,41.360433],[19.726576,41.360359],[19.726593,41.360353],[19.726788,41.360288],[19.726795,41.360286],[19.726956,41.36023],[19.727012,41.36021],[19.727103,41.360179],[19.727143,41.360165],[19.727191,41.360148],[19.72723,41.360135],[19.727447,41.360059],[19.727647,41.359988],[19.727664,41.359982],[19.727881,41.359906],[19.728098,41.35983],[19.728117,41.359823],[19.728315,41.359755],[19.728443,41.359712],[19.728533,41.359681],[19.728751,41.359606],[19.728952,41.359538],[19.728969,41.359532],[19.729126,41.359478],[19.729187,41.359456],[19.729323,41.359408],[19.729404,41.359381],[19.729622,41.359307],[19.729782,41.359252],[19.72984,41.359232],[19.730057,41.359156],[19.730123,41.359133],[19.730275,41.35908],[19.730492,41.359004],[19.730709,41.358929],[19.730926,41.358853],[19.73111,41.358789],[19.731144,41.358777],[19.731361,41.358702],[19.731407,41.358686],[19.731579,41.358627],[19.731796,41.358551],[19.731862,41.358528],[19.731925,41.358506],[19.732013,41.358475],[19.73203,41.358469],[19.732112,41.358441],[19.73223,41.3584],[19.732448,41.358324],[19.732519,41.358299],[19.732587,41.358275],[19.732665,41.358248],[19.732882,41.358172],[19.732942,41.358152],[19.733088,41.358101],[19.7331,41.358097],[19.733318,41.358023],[19.733537,41.35795],[19.733583,41.357934],[19.733755,41.357876],[19.733974,41.357802],[19.734179,41.357733],[19.734192,41.357729],[19.734408,41.357651],[19.734625,41.357574],[19.734841,41.357497],[19.735057,41.357419],[19.735273,41.357342],[19.735299,41.357333],[19.735491,41.357267],[19.735708,41.357191],[19.735926,41.357116],[19.736012,41.357087],[19.736143,41.357041],[19.736314,41.356982],[19.736361,41.356966],[19.736578,41.35689],[19.736796,41.356815],[19.737014,41.35674],[19.737231,41.356664],[19.737449,41.356589],[19.737666,41.356514],[19.737846,41.356452],[19.737884,41.356439],[19.738101,41.356362],[19.738318,41.356286],[19.738535,41.35621],[19.738736,41.35614],[19.738752,41.356134],[19.738843,41.356103],[19.738969,41.356059],[19.739015,41.356043],[19.739186,41.355983],[19.739404,41.355908],[19.73961,41.355836],[19.739621,41.355832],[19.739839,41.355758],[19.739949,41.355721],[19.740057,41.355683],[19.740274,41.355607],[19.740417,41.355556],[19.740491,41.355531],[19.740709,41.355456],[19.740903,41.355389],[19.740926,41.355381],[19.741144,41.355305],[19.741153,41.355302],[19.741361,41.35523],[19.741579,41.355154],[19.741682,41.355119],[19.741796,41.355079],[19.741836,41.355065],[19.742013,41.355003],[19.742231,41.354928],[19.742448,41.354852],[19.742521,41.354827],[19.742608,41.354797],[19.742666,41.354777],[19.742791,41.354733],[19.742866,41.354706],[19.742882,41.3547],[19.742979,41.354667],[19.7431,41.354625],[19.743318,41.35455],[19.743535,41.354475],[19.743693,41.354421],[19.743753,41.3544],[19.743968,41.354327],[19.743971,41.354326],[19.744188,41.35425],[19.744406,41.354174],[19.744623,41.354099],[19.744722,41.354064],[19.74484,41.354023],[19.745058,41.353947],[19.745119,41.353926],[19.745276,41.353873],[19.745494,41.353799],[19.745712,41.353725],[19.74593,41.353651],[19.746149,41.353577],[19.746367,41.353503],[19.746585,41.353429],[19.746664,41.353403],[19.746802,41.353352],[19.747017,41.353272],[19.747107,41.353239],[19.747233,41.353195],[19.747451,41.35312],[19.747529,41.353093],[19.747569,41.353079],[19.747668,41.353045],[19.747886,41.352969],[19.747944,41.352949],[19.748103,41.352894],[19.748203,41.35286],[19.748321,41.352819],[19.748458,41.352771],[19.748538,41.352743],[19.748627,41.352713],[19.748752,41.352669],[19.748756,41.352668],[19.748833,41.352641],[19.748969,41.352594],[19.748973,41.352592],[19.749008,41.35258],[19.74919,41.352517],[19.749246,41.352498],[19.749301,41.352479],[19.749375,41.352453],[19.749408,41.352442],[19.749604,41.352374],[19.749625,41.352366],[19.749843,41.352291],[19.749992,41.352239],[19.75006,41.352215],[19.750278,41.35214],[19.750288,41.352137],[19.750495,41.352065],[19.750713,41.35199],[19.750874,41.351934],[19.75093,41.351915],[19.751082,41.351862],[19.751148,41.351839],[19.751364,41.351764],[19.751365,41.351764],[19.751583,41.351688],[19.751744,41.351632],[19.75179,41.351616],[19.7518,41.351613],[19.751875,41.351587],[19.752017,41.351537],[19.752235,41.351461],[19.752452,41.351386],[19.752492,41.351372],[19.752557,41.351349],[19.752605,41.351333],[19.752669,41.35131],[19.752887,41.351234],[19.753104,41.351159],[19.753321,41.351083],[19.753538,41.351007],[19.753756,41.350932],[19.75385,41.350899],[19.753974,41.350859],[19.754194,41.350787],[19.754414,41.350716],[19.754634,41.350644],[19.754854,41.350573],[19.755074,41.350502],[19.755105,41.350491],[19.755292,41.350428],[19.755511,41.350355],[19.755564,41.350336],[19.755726,41.350275],[19.75594,41.350194],[19.756014,41.350166],[19.756156,41.350117],[19.756374,41.350042],[19.756592,41.349967],[19.756809,41.349892],[19.757027,41.349817],[19.757115,41.349787],[19.757189,41.34976],[19.757244,41.349741],[19.75746,41.349664],[19.757572,41.349624],[19.757676,41.349585],[19.757786,41.349543],[19.75789,41.349505],[19.758105,41.349425],[19.758125,41.349418],[19.758241,41.349378],[19.758322,41.349349],[19.758539,41.349273],[19.758756,41.349198],[19.758974,41.349122],[19.759152,41.34906],[19.759191,41.349046],[19.759408,41.34897],[19.759625,41.348894],[19.759842,41.348818],[19.760059,41.348743],[19.760204,41.348692],[19.760277,41.348667],[19.760495,41.348592],[19.760712,41.348517],[19.76093,41.348442],[19.761148,41.348367],[19.761241,41.348335],[19.761365,41.348292],[19.761582,41.348216],[19.761799,41.34814],[19.762016,41.348064],[19.762189,41.348004],[19.762234,41.347989],[19.762427,41.347925],[19.762453,41.347916],[19.762617,41.347857],[19.762669,41.347839],[19.762684,41.347834],[19.762887,41.347763],[19.763104,41.347688],[19.763322,41.347612],[19.763539,41.347537],[19.763756,41.347461],[19.763974,41.347386],[19.764191,41.34731],[19.764408,41.347234],[19.764446,41.347221],[19.764626,41.34716],[19.764844,41.347086],[19.765063,41.347011],[19.76512,41.346992],[19.765212,41.346961],[19.765281,41.346937],[19.765414,41.346892],[19.765498,41.346862],[19.765554,41.346842],[19.765601,41.346825],[19.765715,41.346785],[19.765932,41.346709],[19.766148,41.346632],[19.766324,41.34657],[19.766365,41.346556],[19.766442,41.346529],[19.766582,41.34648],[19.7668,41.346404],[19.76683,41.346394],[19.766857,41.346385],[19.767017,41.346329],[19.767093,41.346303],[19.76718,41.346273],[19.767235,41.346254],[19.767453,41.346179],[19.76767,41.346104],[19.767888,41.346029],[19.768105,41.345953],[19.768174,41.34593],[19.768323,41.345878],[19.768541,41.345803],[19.768758,41.345728],[19.768976,41.345653],[19.769193,41.345578],[19.769411,41.345502],[19.769629,41.345427],[19.769793,41.345371],[19.769846,41.345352],[19.769935,41.345321],[19.77005,41.345282],[19.770064,41.345277],[19.770182,41.345236],[19.770281,41.345202],[19.770499,41.345127],[19.770717,41.345053],[19.770935,41.344978],[19.771153,41.344904],[19.771232,41.344877],[19.771372,41.34483],[19.771591,41.344757],[19.771605,41.344753],[19.771809,41.344682],[19.772026,41.344607],[19.772244,41.344532],[19.772461,41.344457],[19.772679,41.344382],[19.772882,41.344312],[19.772897,41.344306],[19.773114,41.344232],[19.773332,41.344157],[19.77355,41.344083],[19.773768,41.344008],[19.773986,41.343933],[19.774204,41.343859],[19.774422,41.343784],[19.774427,41.343782],[19.774609,41.343723],[19.774642,41.343714],[19.774683,41.343702],[19.774693,41.343694],[19.774704,41.343687],[19.774716,41.34368],[19.774729,41.343675],[19.774743,41.343671],[19.774757,41.343669],[19.774772,41.343668],[19.774786,41.343668],[19.774801,41.34367],[19.774815,41.343673],[19.774829,41.343677],[19.774841,41.343683],[19.774853,41.34369],[19.77486,41.343695],[19.774863,41.343698],[19.774872,41.343707],[19.77488,41.343717],[19.774885,41.343728],[19.774889,41.34374],[19.77489,41.343752],[19.774889,41.343764],[19.774886,41.343776],[19.774881,41.343787],[19.774874,41.343798],[19.774912,41.343833],[19.774932,41.343853],[19.774941,41.343862],[19.77497,41.343878],[19.774999,41.343894],[19.775032,41.343911],[19.775065,41.343924],[19.775094,41.343934],[19.775132,41.343949],[19.775343,41.344034],[19.775401,41.344058],[19.775497,41.344096],[19.775554,41.344119],[19.775619,41.344145],[19.775738,41.344194],[19.775766,41.344203],[19.7758,41.344214],[19.775859,41.344226],[19.775919,41.344225],[19.77598,41.344219],[19.776,41.344211],[19.776118,41.344164],[19.776136,41.344136],[19.776164,41.344095],[19.776268,41.343946],[19.776275,41.343936],[19.776304,41.343887],[19.776322,41.343795],[19.776313,41.343762],[19.776302,41.343725],[19.776268,41.343681],[19.77621,41.343628],[19.776184,41.343618],[19.776102,41.343584],[19.775988,41.343585],[19.775967,41.343582],[19.77586,41.343565],[19.775752,41.343509],[19.775745,41.343503],[19.775668,41.343447],[19.775613,41.34339],[19.775591,41.343364],[19.775565,41.343333],[19.775519,41.343252],[19.775497,41.343193],[19.77548,41.343146],[19.775459,41.343064],[19.775453,41.343014],[19.775447,41.342962],[19.775458,41.342897],[19.775475,41.342857],[19.775485,41.34284],[19.775493,41.342829],[19.775526,41.342788],[19.775608,41.342737],[19.775656,41.342714],[19.775728,41.342678],[19.775866,41.342629],[19.776083,41.342553],[19.7763,41.342477],[19.776383,41.342448],[19.776517,41.342401],[19.776713,41.342332],[19.776734,41.342325],[19.776886,41.342272],[19.776954,41.342253],[19.77697,41.342248],[19.777043,41.342239],[19.777106,41.342239],[19.777152,41.342238],[19.777187,41.342243],[19.777266,41.342253],[19.777421,41.342209],[19.777479,41.342193],[19.777559,41.342168],[19.777641,41.342139],[19.777858,41.342063],[19.778075,41.341987],[19.778117,41.341972],[19.778293,41.341912],[19.77851,41.341837],[19.778728,41.341762],[19.778813,41.341733],[19.778946,41.341687],[19.779163,41.341612],[19.77936,41.341544],[19.779381,41.341537],[19.7796,41.341464],[19.779819,41.341391],[19.779968,41.341342],[19.780041,41.341324],[19.780185,41.341288],[19.780268,41.341268],[19.780457,41.341222],[19.780494,41.341222],[19.780496,41.341222],[19.780738,41.341227],[19.780758,41.34122],[19.780971,41.341148],[19.781189,41.341074],[19.781195,41.341072],[19.781406,41.340996],[19.781622,41.340919],[19.781838,41.340842],[19.782055,41.340765],[19.782271,41.340688],[19.782435,41.34063],[19.78247,41.340595],[19.782482,41.340584],[19.782601,41.340469],[19.782639,41.340455],[19.782851,41.340379],[19.782919,41.340354],[19.783064,41.340298],[19.783166,41.340258],[19.783277,41.340215],[19.78349,41.340132],[19.783524,41.340119],[19.783608,41.340088],[19.783704,41.340051],[19.783917,41.33997],[19.78413,41.339888],[19.784279,41.339831],[19.784344,41.339807],[19.784558,41.339726],[19.784754,41.339653],[19.784773,41.339647],[19.784997,41.339584],[19.785221,41.33952],[19.785446,41.339457],[19.78567,41.339393],[19.78571,41.339382],[19.78585,41.339337],[19.785864,41.339333],[19.78589,41.339323],[19.785992,41.339285],[19.786108,41.339248],[19.786328,41.339177],[19.786548,41.339106],[19.786577,41.339096],[19.786718,41.339059],[19.786772,41.339042],[19.786979,41.338976],[19.786993,41.338972],[19.787214,41.338903],[19.787321,41.33887],[19.787435,41.338834],[19.787656,41.338764],[19.787699,41.33875],[19.787876,41.338694],[19.78802,41.338649],[19.788097,41.338625],[19.788292,41.338563],[19.788318,41.338554],[19.788399,41.338526],[19.788535,41.338478],[19.788726,41.338412],[19.788752,41.338402],[19.788871,41.338358],[19.788968,41.338325],[19.789187,41.338251],[19.789291,41.338216],[19.789404,41.338177],[19.78954,41.338129],[19.789571,41.338119],[19.789622,41.338102],[19.78984,41.338027],[19.789859,41.338021],[19.789992,41.337974],[19.790057,41.337951],[19.790077,41.337944],[19.790274,41.337875],[19.790345,41.337851],[19.790492,41.3378],[19.790709,41.337724],[19.790927,41.337649],[19.790986,41.337628],[19.791145,41.337575],[19.791364,41.337502],[19.791583,41.337429],[19.791802,41.337356],[19.791832,41.337347],[19.792017,41.337278],[19.792232,41.337198],[19.792281,41.337179],[19.792449,41.337121],[19.79252,41.337097],[19.792649,41.337052],[19.792666,41.337046],[19.792884,41.33697],[19.793101,41.336895],[19.793318,41.336819],[19.79348,41.336763],[19.793536,41.336744],[19.793753,41.336669],[19.793971,41.336593],[19.794058,41.336563],[19.794188,41.336517],[19.794404,41.33644],[19.794465,41.336419],[19.794622,41.336365],[19.794839,41.336289],[19.795013,41.336229],[19.795057,41.336214],[19.795275,41.33614],[19.795493,41.336065],[19.795551,41.336045],[19.79571,41.33599],[19.795891,41.335927],[19.795927,41.335914],[19.796145,41.335838],[19.796154,41.335835],[19.796262,41.335798],[19.796362,41.335763],[19.796363,41.335763],[19.796524,41.335708],[19.79658,41.335688],[19.796798,41.335614],[19.796994,41.335547],[19.797016,41.335539],[19.797075,41.335519],[19.797234,41.335464],[19.797451,41.335389],[19.797669,41.335314],[19.79769,41.335307],[19.797886,41.335238],[19.797932,41.335223],[19.798103,41.335162],[19.798104,41.335162],[19.798321,41.335088],[19.798477,41.335035],[19.798539,41.335013],[19.798756,41.334937],[19.798973,41.334861],[19.79919,41.334785],[19.799197,41.334783],[19.799408,41.33471],[19.799544,41.334664],[19.799625,41.334635],[19.799842,41.334559],[19.800059,41.334483],[19.80016,41.334447],[19.800259,41.334413],[19.800276,41.334406],[19.800493,41.33433],[19.800524,41.33432],[19.800711,41.334255],[19.800901,41.334189],[19.800928,41.334179],[19.80093,41.334178],[19.801146,41.334104],[19.801293,41.334053],[19.801347,41.334034],[19.801363,41.334028],[19.801379,41.334023],[19.801398,41.334016],[19.80158,41.333953],[19.801798,41.333877],[19.801881,41.333848],[19.802015,41.333802],[19.802233,41.333727],[19.802298,41.333704],[19.80245,41.333651],[19.802468,41.333644],[19.802667,41.333575],[19.802885,41.3335],[19.803102,41.333424],[19.803319,41.333349],[19.803537,41.333273],[19.803564,41.333264],[19.803736,41.333174],[19.803778,41.333153],[19.803815,41.333122],[19.8039,41.333045],[19.803924,41.333023],[19.804006,41.332948],[19.804034,41.332897],[19.804046,41.332875],[19.804105,41.332817],[19.80418,41.33277],[19.804193,41.332765],[19.804268,41.332739],[19.804363,41.332725],[19.804424,41.332727],[19.80446,41.332728],[19.804553,41.332748],[19.804592,41.332763],[19.804629,41.332781],[19.804648,41.332781],[19.804747,41.332784],[19.804822,41.332782],[19.804887,41.33278],[19.804906,41.33278],[19.804964,41.332774],[19.805085,41.33275],[19.805121,41.33274],[19.805345,41.332677],[19.805569,41.332614],[19.805608,41.332603],[19.805788,41.332541],[19.805896,41.332504],[19.806006,41.332466],[19.80613,41.332424],[19.806224,41.332391],[19.806372,41.33234],[19.806441,41.332316],[19.806658,41.33224],[19.806809,41.332188],[19.806876,41.332165],[19.806884,41.332162],[19.807093,41.332089],[19.807142,41.332072],[19.80731,41.332012],[19.807433,41.331968],[19.807526,41.331935],[19.807705,41.331871],[19.807742,41.331858],[19.80796,41.331783],[19.808035,41.331757],[19.808085,41.33174],[19.808178,41.331708],[19.808395,41.331633],[19.808613,41.331558],[19.808831,41.331483],[19.809048,41.331407],[19.809174,41.331364],[19.809266,41.331332],[19.809268,41.331331],[19.809483,41.331257],[19.809689,41.331185],[19.8097,41.331181],[19.809918,41.331105],[19.810135,41.33103],[19.810352,41.330954],[19.810559,41.330882],[19.81057,41.330878],[19.810634,41.330856],[19.810787,41.330803],[19.811004,41.330727],[19.811222,41.330651],[19.811419,41.330583],[19.811439,41.330576],[19.811656,41.3305],[19.811729,41.330475],[19.811873,41.330425],[19.811947,41.330399],[19.812071,41.330356],[19.812091,41.330349],[19.812196,41.330312],[19.812308,41.330273],[19.812525,41.330198],[19.812558,41.330186],[19.812743,41.330122],[19.81296,41.330046],[19.813094,41.33],[19.813177,41.329971],[19.813232,41.329952],[19.813395,41.329895],[19.813612,41.32982],[19.813829,41.329744],[19.813889,41.329723],[19.814046,41.329668],[19.814264,41.329593],[19.814481,41.329517],[19.814512,41.329506],[19.814698,41.329441],[19.814851,41.329388],[19.814898,41.329372],[19.814916,41.329366],[19.815097,41.329303],[19.815133,41.32929],[19.815284,41.329238],[19.81535,41.329214],[19.815567,41.329138],[19.815631,41.329116],[19.815739,41.329079],[19.815785,41.329063],[19.815878,41.329031],[19.815978,41.328988],[19.81598,41.328981],[19.816032,41.328806],[19.816074,41.328662],[19.816082,41.32863],[19.816126,41.328453],[19.816163,41.328304],[19.81617,41.328277],[19.816171,41.328269],[19.816188,41.328199],[19.816202,41.328138],[19.816211,41.3281],[19.816211,41.328099],[19.81624,41.327989],[19.816256,41.327923],[19.816284,41.32781],[19.816302,41.327746],[19.816331,41.327641],[19.81635,41.32757],[19.816396,41.327393],[19.816419,41.327303],[19.816444,41.327217],[19.816493,41.327041],[19.816534,41.326899],[19.816543,41.326865],[19.816555,41.326826],[19.816593,41.326689],[19.8166,41.326663],[19.816643,41.326513],[19.816693,41.326338],[19.816743,41.326162],[19.81677,41.326068],[19.816793,41.325986],[19.816843,41.32581],[19.816865,41.325732],[19.81689,41.325642],[19.816892,41.325634],[19.816902,41.325598],[19.817038,41.325619],[19.817089,41.325627],[19.817323,41.325663],[19.817346,41.325667],[19.817558,41.3257],[19.817792,41.325737],[19.818027,41.325774],[19.818261,41.325811],[19.818496,41.325848],[19.81873,41.325884],[19.818888,41.325909],[19.818923,41.325915],[19.818964,41.325921],[19.819015,41.325929],[19.819105,41.325943],[19.819086,41.326014],[19.819038,41.32619],[19.818991,41.326366],[19.818958,41.326489],[19.818943,41.326542],[19.818911,41.326661],[19.818909,41.326713],[19.818912,41.326721],[19.818925,41.326758],[19.818944,41.326779],[19.818975,41.326804],[19.819047,41.326858],[19.819052,41.326862],[19.81911,41.326915],[19.819164,41.32697],[19.819195,41.327006],[19.819201,41.327013],[19.819236,41.327063],[19.819265,41.327099],[19.81928,41.327113],[19.819307,41.327132],[19.81934,41.327143],[19.819344,41.327144],[19.819404,41.327158],[19.819496,41.327166],[19.819579,41.327173],[19.819632,41.327178],[19.819817,41.327194],[19.820055,41.327215],[19.820177,41.327225],[19.820292,41.327235],[19.82053,41.327256],[19.820624,41.327264],[19.820768,41.327277],[19.821006,41.327298],[19.821042,41.327301],[19.821244,41.327319],[19.821371,41.32733],[19.821482,41.327339],[19.82172,41.32736],[19.821888,41.327375],[19.821958,41.327381],[19.822053,41.327389],[19.822196,41.327402],[19.822434,41.327423],[19.822489,41.327427],[19.822609,41.327452],[19.822664,41.327471],[19.822671,41.327474],[19.822706,41.327514],[19.82263,41.327563],[19.822622,41.327568],[19.822583,41.327591],[19.822526,41.327636],[19.822463,41.327685],[19.822459,41.327689],[19.82239,41.327759],[19.822331,41.327831],[19.822326,41.327839],[19.822247,41.327963],[19.822225,41.328002],[19.82213,41.328167],[19.822075,41.328261],[19.822036,41.328332],[19.821957,41.328476],[19.821945,41.328498],[19.821889,41.328603],[19.821853,41.328664],[19.821772,41.3288],[19.821756,41.328829],[19.821663,41.328995],[19.821569,41.32916],[19.821476,41.329326],[19.821428,41.329411],[19.821382,41.329491],[19.821286,41.329656],[19.82119,41.329821],[19.821095,41.329986],[19.821092,41.32999],[19.821,41.330151],[19.820905,41.330316],[19.820834,41.330441],[19.82082,41.330465],[19.820806,41.33048],[19.820675,41.330617],[19.820661,41.330616],[19.820548,41.330604],[19.820481,41.3306],[19.820422,41.330599],[19.820379,41.330598],[19.820278,41.330605],[19.820184,41.330611],[19.820163,41.330613],[19.820037,41.330611],[19.819945,41.3306],[19.81985,41.330589],[19.819708,41.33057],[19.819553,41.330549],[19.819473,41.330538],[19.819237,41.330507],[19.819044,41.330481],[19.819001,41.330475],[19.818765,41.330443],[19.81853,41.330412],[19.818294,41.33038],[19.818071,41.33035],[19.818058,41.330348],[19.818029,41.330344],[19.817947,41.330332],[19.817823,41.330312],[19.81776,41.330302],[19.817643,41.330284],[19.817589,41.330276],[19.817354,41.33024],[19.81712,41.330204],[19.81692,41.330173],[19.816886,41.330165],[19.816851,41.330157],[19.816764,41.330132],[19.816703,41.330106]]},"properties":{"line":"4","dir":"1","headsign":"Muzeu Kombëtar B","mode":"bus","color":"#0059a9"}},{"type":"Feature","geometry":{"type":"LineString","coordinates":[[19.870394,41.331856],[19.870629,41.33182],[19.870698,41.33181],[19.870728,41.331929],[19.870721,41.33193],[19.870486,41.331967],[19.87029,41.331998],[19.870252,41.332004],[19.870017,41.332039],[19.869988,41.332044],[19.86979,41.332079],[19.869784,41.33208],[19.869549,41.332116],[19.869391,41.332141],[19.869315,41.332154],[19.869082,41.332196],[19.868849,41.332237],[19.868616,41.332278],[19.868382,41.33232],[19.868149,41.332361],[19.868041,41.33238],[19.867943,41.332398],[19.867916,41.332402],[19.867683,41.332443],[19.867649,41.332449],[19.867582,41.332454],[19.867518,41.332452],[19.867454,41.332444],[19.867445,41.332441],[19.867401,41.332429],[19.867237,41.332354],[19.867135,41.332308],[19.867035,41.332257],[19.866873,41.332176],[19.866833,41.332162],[19.866809,41.332154],[19.866745,41.33214],[19.866677,41.332135],[19.866609,41.332141],[19.866598,41.332143],[19.86655,41.332154],[19.866493,41.332173],[19.866385,41.332224],[19.866377,41.332228],[19.866202,41.332339],[19.866186,41.332349],[19.866015,41.332452],[19.866004,41.332458],[19.865832,41.332568],[19.865764,41.332612],[19.865651,41.332686],[19.865588,41.332727],[19.86547,41.332804],[19.865359,41.332876],[19.86529,41.332922],[19.865112,41.333042],[19.8651,41.33305],[19.865032,41.333096],[19.864935,41.333164],[19.864812,41.33325],[19.864767,41.333284],[19.864762,41.333288],[19.864736,41.333307],[19.864584,41.333409],[19.864426,41.333514],[19.864406,41.333529],[19.864288,41.33361],[19.864227,41.333648],[19.86422,41.333652],[19.864145,41.333695],[19.864043,41.333752],[19.864035,41.333756],[19.86391,41.33382],[19.863836,41.333856],[19.863752,41.333897],[19.863633,41.333951],[19.863592,41.333969],[19.863439,41.334031],[19.863422,41.334037],[19.863347,41.334062],[19.863202,41.334107],[19.863191,41.33411],[19.863043,41.334152],[19.862987,41.334165],[19.862975,41.334168],[19.862849,41.334197],[19.862746,41.33422],[19.86267,41.334237],[19.862516,41.33427],[19.862491,41.334276],[19.862323,41.334308],[19.862284,41.334315],[19.862197,41.334329],[19.86205,41.334352],[19.861921,41.334371],[19.861815,41.334386],[19.861579,41.334419],[19.861522,41.334427],[19.861345,41.334455],[19.86111,41.334491],[19.860884,41.334526],[19.860876,41.334528],[19.860818,41.334536],[19.860733,41.334544],[19.860638,41.334548],[19.860608,41.334549],[19.860501,41.334545],[19.860399,41.334539],[19.860392,41.334539],[19.860268,41.334527],[19.86023,41.334523],[19.860161,41.334516],[19.859924,41.334493],[19.859808,41.334482],[19.859689,41.33447],[19.859686,41.334469],[19.859471,41.334448],[19.859449,41.334446],[19.859314,41.334433],[19.859238,41.334425],[19.859211,41.334423],[19.859183,41.334421],[19.859112,41.334416],[19.858991,41.334409],[19.858972,41.33441],[19.858907,41.334412],[19.858883,41.334413],[19.858734,41.33443],[19.858724,41.334431],[19.858606,41.334444],[19.858498,41.334462],[19.858475,41.334466],[19.858346,41.334488],[19.858265,41.334503],[19.858032,41.334546],[19.858015,41.33455],[19.857801,41.334591],[19.857569,41.334637],[19.857337,41.334682],[19.857322,41.334685],[19.857104,41.334723],[19.85688,41.334761],[19.85687,41.334762],[19.85679,41.334775],[19.856635,41.334798],[19.856401,41.334834],[19.85633,41.334845],[19.8562,41.334865],[19.856166,41.334869],[19.856061,41.334883],[19.855928,41.334887],[19.855882,41.334889],[19.855745,41.334883],[19.855689,41.334878],[19.855604,41.334871],[19.855458,41.334849],[19.855453,41.334847],[19.855228,41.334785],[19.855211,41.334781],[19.855003,41.334724],[19.854989,41.33472],[19.854783,41.334669],[19.854774,41.334668],[19.85471,41.334658],[19.854637,41.334653],[19.854542,41.334652],[19.854537,41.334652],[19.854475,41.334655],[19.854309,41.334671],[19.854299,41.334672],[19.854088,41.33469],[19.854061,41.334692],[19.854037,41.334693],[19.853981,41.334693],[19.853916,41.334689],[19.853884,41.334686],[19.853824,41.334672],[19.853752,41.334656],[19.853679,41.334635],[19.853599,41.334611],[19.85356,41.3346],[19.853377,41.334545],[19.853154,41.334478],[19.852932,41.334411],[19.852931,41.33441],[19.85271,41.334343],[19.852587,41.334305],[19.852489,41.334274],[19.852268,41.334204],[19.852071,41.334141],[19.852048,41.334134],[19.85196,41.334106],[19.851827,41.334064],[19.851778,41.334049],[19.851638,41.334009],[19.851602,41.334003],[19.851593,41.334001],[19.851535,41.333995],[19.85147,41.333989],[19.851418,41.333989],[19.851365,41.333991],[19.851193,41.33401],[19.851126,41.334016],[19.85105,41.334024],[19.850889,41.334041],[19.850652,41.334065],[19.850546,41.334076],[19.850421,41.33407],[19.850414,41.334068],[19.850282,41.334043],[19.850199,41.334021],[19.85019,41.334031],[19.850163,41.334064],[19.850146,41.334083],[19.850101,41.334116],[19.850071,41.334137],[19.850023,41.334158],[19.849982,41.334176],[19.849882,41.334198],[19.849795,41.334201],[19.849778,41.334201],[19.849676,41.334186],[19.849609,41.334165],[19.849569,41.334147],[19.849553,41.334139],[19.849499,41.334106],[19.849455,41.33407],[19.849416,41.334021],[19.849411,41.334012],[19.849385,41.333955],[19.849376,41.333895],[19.849377,41.333849],[19.849381,41.333835],[19.849411,41.333739],[19.849305,41.333723],[19.84921,41.333708],[19.849073,41.333679],[19.848985,41.333661],[19.848927,41.333646],[19.848844,41.333626],[19.848705,41.333592],[19.848673,41.333585],[19.848617,41.333569],[19.8486,41.333564],[19.848538,41.333543],[19.848471,41.333515],[19.848405,41.333485],[19.8482,41.333392],[19.847995,41.333299],[19.84779,41.333205],[19.847756,41.33319],[19.847735,41.33318],[19.847586,41.333112],[19.847381,41.333018],[19.847351,41.333005],[19.847206,41.332945],[19.847172,41.33293],[19.84706,41.332884],[19.846959,41.332847],[19.846744,41.332769],[19.846529,41.33269],[19.846326,41.332616],[19.846313,41.332611],[19.846194,41.332563],[19.846108,41.332519],[19.84609,41.33251],[19.845996,41.332454],[19.845927,41.332401],[19.845758,41.332274],[19.84564,41.332184],[19.84559,41.332146],[19.845535,41.332104],[19.845442,41.332043],[19.845414,41.332024],[19.845304,41.331951],[19.845232,41.331907],[19.845047,41.331792],[19.844967,41.331743],[19.844862,41.331678],[19.8448,41.331641],[19.844725,41.331595],[19.844676,41.331565],[19.844643,41.331545],[19.844519,41.331469],[19.84449,41.331452],[19.844417,41.331407],[19.844303,41.331339],[19.844116,41.331226],[19.844077,41.331203],[19.843927,41.331116],[19.843894,41.331098],[19.843737,41.331007],[19.84369,41.330981],[19.843548,41.330904],[19.843543,41.330901],[19.843387,41.330822],[19.843343,41.330802],[19.84332,41.330792],[19.843256,41.330764],[19.843135,41.330713],[19.843029,41.330669],[19.842925,41.330626],[19.842789,41.33057],[19.842767,41.330561],[19.842746,41.330553],[19.842714,41.330541],[19.842697,41.330534],[19.842644,41.330515],[19.842536,41.330486],[19.842494,41.330475],[19.842492,41.330474],[19.842417,41.330467],[19.842346,41.330466],[19.842255,41.330471],[19.842252,41.330471],[19.842176,41.33048],[19.842113,41.330495],[19.842046,41.330517],[19.842027,41.330526],[19.841947,41.330565],[19.841865,41.330616],[19.841835,41.330634],[19.841798,41.330658],[19.841667,41.330762],[19.841651,41.330774],[19.841566,41.330841],[19.841506,41.330889],[19.841501,41.330892],[19.841431,41.330937],[19.841372,41.330958],[19.841309,41.330974],[19.841294,41.330974],[19.841235,41.330973],[19.841146,41.330966],[19.84109,41.330956],[19.841057,41.33095],[19.841053,41.330949],[19.840831,41.33089],[19.840831,41.33089],[19.840605,41.33083],[19.840596,41.330827],[19.840381,41.330767],[19.840207,41.330718],[19.840157,41.330704],[19.840099,41.330687],[19.839932,41.330641],[19.839924,41.330638],[19.839755,41.330599],[19.839703,41.330589],[19.839694,41.330588],[19.839516,41.330552],[19.839471,41.330543],[19.83929,41.330507],[19.839239,41.330498],[19.839006,41.330457],[19.838773,41.330416],[19.838677,41.330399],[19.838583,41.33038],[19.838541,41.330371],[19.838333,41.330328],[19.83831,41.330322],[19.838254,41.330308],[19.838179,41.330281],[19.838128,41.330257],[19.838101,41.330239],[19.838019,41.330186],[19.837964,41.330136],[19.837942,41.330106],[19.837923,41.330081],[19.837862,41.329945],[19.83786,41.329936],[19.837813,41.32976],[19.837803,41.32972],[19.837769,41.329583],[19.837766,41.32957],[19.837718,41.329407],[19.837714,41.329394],[19.837674,41.329319],[19.837656,41.329287],[19.837619,41.329245],[19.8375,41.329109],[19.837486,41.329095],[19.837353,41.328952],[19.837348,41.328948],[19.837192,41.328812],[19.83714,41.328766],[19.837039,41.328673],[19.836889,41.328533],[19.836881,41.328526],[19.836735,41.328395],[19.836697,41.328362],[19.836592,41.328268],[19.836579,41.328259],[19.836471,41.328178],[19.836406,41.328134],[19.836283,41.328049],[19.836227,41.328014],[19.836189,41.327991],[19.836163,41.327974],[19.83612,41.327952],[19.836034,41.327908],[19.835835,41.327808],[19.835803,41.327792],[19.835637,41.327708],[19.835636,41.327708],[19.835516,41.327646],[19.835436,41.327609],[19.835249,41.327523],[19.835229,41.327517],[19.835193,41.327506],[19.835095,41.327481],[19.835019,41.327468],[19.835,41.327466],[19.834972,41.327463],[19.834922,41.327461],[19.834864,41.327462],[19.834793,41.327464],[19.834761,41.327466],[19.834664,41.327472],[19.834564,41.327474],[19.834522,41.327473],[19.83444,41.32747],[19.834401,41.327467],[19.834371,41.327464],[19.834283,41.327457],[19.834273,41.327456],[19.834046,41.327432],[19.833818,41.327407],[19.833809,41.327406],[19.833761,41.327402],[19.833637,41.3274],[19.833611,41.327402],[19.833569,41.327404],[19.833538,41.327406],[19.83349,41.327416],[19.833336,41.327446],[19.833176,41.327477],[19.833105,41.327494],[19.832906,41.327539],[19.832876,41.327547],[19.832845,41.327556],[19.832652,41.32761],[19.832428,41.327674],[19.832428,41.327674],[19.832334,41.327697],[19.832265,41.327711],[19.832196,41.32772],[19.832109,41.327732],[19.831999,41.32774],[19.831959,41.327743],[19.831959,41.327743],[19.83179,41.327745],[19.831719,41.327746],[19.831656,41.327746],[19.83148,41.327746],[19.831408,41.327746],[19.831332,41.327746],[19.83124,41.327746],[19.831001,41.327746],[19.830761,41.327746],[19.830522,41.327746],[19.830282,41.327746],[19.830172,41.327746],[19.830043,41.327743],[19.830033,41.327743],[19.829803,41.327743],[19.829645,41.327743],[19.829564,41.327742],[19.829441,41.327742],[19.829324,41.327742],[19.829141,41.327742],[19.829097,41.327742],[19.829088,41.327748],[19.829047,41.327782],[19.829013,41.327828],[19.828992,41.327887],[19.829017,41.327897],[19.829225,41.327986],[19.829329,41.32803],[19.829433,41.328075],[19.829641,41.328165],[19.829778,41.328224],[19.829849,41.328254],[19.830056,41.328344],[19.830264,41.328434],[19.830471,41.328523],[19.830632,41.328593],[19.830679,41.328613],[19.830887,41.328703],[19.831094,41.328792],[19.831302,41.328882],[19.831302,41.328882],[19.831486,41.328962],[19.831509,41.328972],[19.831718,41.32906],[19.831874,41.329126],[19.831927,41.329148],[19.831971,41.329167],[19.832136,41.329236],[19.832168,41.329249],[19.832307,41.329308],[19.832345,41.329324],[19.832554,41.329411],[19.832763,41.329499],[19.832972,41.329587],[19.833182,41.329675],[19.833385,41.32976],[19.833391,41.329762],[19.833599,41.329852],[19.833637,41.329868],[19.833806,41.329941],[19.834014,41.33003],[19.834028,41.330036],[19.834101,41.330067],[19.834169,41.330097],[19.834222,41.33012],[19.834232,41.330124],[19.834252,41.330132],[19.834398,41.330196],[19.83443,41.330209],[19.834481,41.330232],[19.834473,41.330274],[19.834463,41.330324],[19.834454,41.330366],[19.83442,41.330539],[19.834419,41.330544],[19.834414,41.330568],[19.83439,41.330687],[19.834349,41.330671],[19.834307,41.330653],[19.83414,41.330582],[19.834074,41.330554],[19.833942,41.330497],[19.833933,41.330493],[19.833808,41.330439],[19.833725,41.330403],[19.833517,41.330314],[19.833444,41.330282],[19.83331,41.330224],[19.833297,41.330218],[19.833103,41.330133],[19.832973,41.330077],[19.832925,41.330054],[19.832896,41.330042],[19.832688,41.329954],[19.832479,41.329866],[19.832426,41.329843],[19.832271,41.329776],[19.832063,41.329687],[19.831971,41.329647],[19.831898,41.329616],[19.831856,41.329597],[19.831694,41.329528],[19.831648,41.329508],[19.831592,41.329484],[19.83144,41.329418],[19.831232,41.329329],[19.831224,41.329325],[19.831025,41.329239],[19.830887,41.32918],[19.830817,41.32915],[19.830671,41.329087],[19.830609,41.32906],[19.830402,41.32897],[19.830194,41.328881],[19.829998,41.328797],[19.829986,41.328791],[19.829803,41.328714],[19.829778,41.328703],[19.829569,41.328615],[19.82936,41.328526],[19.829152,41.328438],[19.829133,41.32843],[19.828943,41.32835],[19.828734,41.328262],[19.828525,41.328173],[19.828468,41.328149],[19.828322,41.328079],[19.828283,41.32806],[19.82815,41.32799],[19.828125,41.327976],[19.828038,41.327925],[19.827974,41.327884],[19.827959,41.327874],[19.827941,41.327861],[19.827888,41.327824],[19.827804,41.327756],[19.827776,41.327731],[19.82769,41.327656],[19.82762,41.327594],[19.827463,41.327458],[19.827411,41.327413],[19.827306,41.327323],[19.827268,41.327291],[19.827147,41.327188],[19.827031,41.327089],[19.826989,41.327053],[19.826833,41.326917],[19.826676,41.326781],[19.826581,41.326698],[19.826517,41.326646],[19.826356,41.326513],[19.826304,41.32647],[19.826195,41.32638],[19.826166,41.326356],[19.826036,41.326245],[19.826031,41.326241],[19.825899,41.326135],[19.825872,41.326114],[19.825779,41.326038],[19.825708,41.325983],[19.825557,41.325865],[19.825542,41.325854],[19.825375,41.325725],[19.825208,41.325596],[19.825199,41.325589],[19.825112,41.32552],[19.825088,41.325593],[19.825071,41.325644],[19.825028,41.325767],[19.824968,41.325942],[19.824908,41.326116],[19.824908,41.326117],[19.824854,41.326291],[19.824816,41.326413],[19.824795,41.326465],[19.824789,41.326481],[19.82478,41.326503],[19.824767,41.326531],[19.824749,41.326563],[19.824735,41.326587],[19.824707,41.326623],[19.824701,41.32663],[19.824686,41.326648],[19.824659,41.326671],[19.824617,41.326705],[19.824575,41.326737],[19.82454,41.326762],[19.824538,41.326763],[19.824487,41.326797],[19.824445,41.326821],[19.82438,41.326856],[19.824349,41.326872],[19.824345,41.326873],[19.824313,41.326889],[19.824232,41.326924],[19.82414,41.32696],[19.823966,41.327028],[19.823924,41.327034],[19.823834,41.327046],[19.823748,41.327059],[19.823695,41.327082],[19.823609,41.32712],[19.823524,41.32716],[19.82349,41.327175],[19.823284,41.327266],[19.823078,41.327358],[19.82303,41.32738],[19.82287,41.327447],[19.822864,41.32745],[19.822706,41.327514],[19.822666,41.32754],[19.822622,41.327568],[19.822583,41.327591],[19.822526,41.327636],[19.822491,41.327663],[19.822463,41.327685],[19.82239,41.327759],[19.82235,41.327808],[19.822331,41.327831],[19.822247,41.327963],[19.822244,41.327969],[19.822149,41.328134],[19.822075,41.328261],[19.822054,41.328299],[19.821963,41.328465],[19.821957,41.328476],[19.821889,41.328603],[19.821872,41.328632],[19.821775,41.328796],[19.821772,41.3288],[19.821681,41.328962],[19.821588,41.329127],[19.821495,41.329293],[19.821428,41.329411],[19.821403,41.329454]]},"properties":{"line":"5A","dir":"0","headsign":"9 Katëshet B","mode":"bus","color":"#0059a9"}},{"type":"Feature","geometry":{"type":"LineString","coordinates":[[19.821403,41.329454],[19.821307,41.329619],[19.821212,41.329784],[19.821116,41.329949],[19.821092,41.32999],[19.821021,41.330114],[19.820927,41.330279],[19.820834,41.330441],[19.820832,41.330444],[19.82082,41.330465],[19.820698,41.330593],[19.820675,41.330617],[19.820548,41.330604],[19.820481,41.3306],[19.820476,41.3306],[19.820379,41.330598],[19.820278,41.330605],[19.820237,41.330608],[19.820163,41.330613],[19.820037,41.330611],[19.819998,41.330606],[19.81985,41.330589],[19.819761,41.330577],[19.819553,41.330549],[19.819526,41.330546],[19.81929,41.330514],[19.819054,41.330482],[19.819044,41.330481],[19.818818,41.33045],[19.818583,41.330419],[19.818347,41.330387],[19.818111,41.330355],[19.818071,41.33035],[19.818029,41.330344],[19.817947,41.330332],[19.817876,41.33032],[19.81776,41.330302],[19.817643,41.330284],[19.817642,41.330284],[19.817407,41.330248],[19.817172,41.330212],[19.816938,41.330176],[19.81692,41.330173],[19.816851,41.330157],[19.816764,41.330132],[19.816715,41.330111],[19.816703,41.330106],[19.816622,41.330063],[19.816538,41.330011],[19.816525,41.330001],[19.816466,41.329954],[19.816393,41.329882],[19.816376,41.329861],[19.816329,41.3298],[19.816275,41.329711],[19.81627,41.3297],[19.816188,41.32953],[19.81613,41.32941],[19.816111,41.32936],[19.816044,41.329188],[19.816009,41.329097],[19.815985,41.329013],[19.815978,41.328988],[19.816022,41.328838],[19.816074,41.328662],[19.816118,41.328485],[19.816162,41.328308],[19.816163,41.328304],[19.816171,41.328269],[19.816188,41.328199],[19.816202,41.328138],[19.816204,41.328131],[19.816211,41.3281],[19.81624,41.327989],[19.816249,41.327955],[19.816284,41.32781],[19.816293,41.327778],[19.816331,41.327641],[19.816341,41.327602],[19.816387,41.327425],[19.816419,41.327303],[19.816435,41.327249],[19.816484,41.327073],[19.816534,41.326899],[19.816534,41.326897],[19.816555,41.326826],[19.816584,41.326721],[19.8166,41.326663],[19.816634,41.326545],[19.816684,41.326369],[19.816734,41.326193],[19.81677,41.326068],[19.816784,41.326017],[19.816834,41.325841],[19.816865,41.325732],[19.816883,41.325665],[19.81689,41.325642],[19.816902,41.325598],[19.817038,41.325619],[19.817047,41.32562],[19.817281,41.325657],[19.817346,41.325667],[19.817516,41.325694],[19.81775,41.32573],[19.817985,41.325767],[19.818219,41.325804],[19.818453,41.325841],[19.818688,41.325878],[19.818888,41.325909],[19.818922,41.325915],[19.818923,41.325915],[19.819015,41.325929],[19.819035,41.325853],[19.819043,41.325822],[19.819089,41.325646],[19.819104,41.32559],[19.819124,41.325513],[19.819136,41.325469],[19.819151,41.325413],[19.819184,41.325293],[19.819231,41.325117],[19.819279,41.324941],[19.819327,41.324764],[19.819375,41.324588],[19.819423,41.324412],[19.819471,41.324236],[19.819497,41.324139],[19.819504,41.324115],[19.81951,41.32409],[19.819519,41.32406],[19.819537,41.323996],[19.819551,41.323947],[19.81956,41.323915],[19.819568,41.323884],[19.819618,41.323708],[19.819629,41.323669],[19.819639,41.323629],[19.819657,41.323562],[19.819698,41.323568],[19.819773,41.32358],[19.819854,41.323593],[19.819909,41.323602],[19.819932,41.323605],[19.81997,41.323611],[19.820167,41.323642],[19.820178,41.323644],[19.820401,41.323679],[19.820635,41.323716],[19.82087,41.323753],[19.821104,41.323791],[19.821156,41.323799],[19.821338,41.323828],[19.821573,41.323866],[19.821606,41.323871],[19.821807,41.323904],[19.822041,41.323941],[19.822102,41.323951],[19.822222,41.32397],[19.822275,41.323979],[19.822457,41.32401],[19.822509,41.324019],[19.82265,41.324044],[19.822741,41.324063],[19.822851,41.324085],[19.822972,41.32411],[19.823044,41.324124],[19.823201,41.324163],[19.823215,41.324167],[19.823325,41.324197],[19.823403,41.324218],[19.823426,41.324225],[19.823604,41.324281],[19.823646,41.324296],[19.823863,41.324372],[19.823932,41.324395],[19.824078,41.324451],[19.824092,41.324457],[19.824293,41.32453],[19.824297,41.324531],[19.824447,41.324592],[19.824505,41.324614],[19.824635,41.324663],[19.824717,41.324698],[19.824843,41.324753],[19.824922,41.324792],[19.82498,41.32482],[19.825008,41.324834],[19.82512,41.324893],[19.825175,41.324923],[19.825275,41.324992],[19.8253,41.325011],[19.825427,41.325113],[19.825463,41.325143],[19.825625,41.325276],[19.825786,41.325409],[19.825947,41.325541],[19.825992,41.325579],[19.82611,41.325674],[19.826161,41.325715],[19.82627,41.325807],[19.82643,41.325941],[19.82659,41.326075],[19.826749,41.326209],[19.826782,41.326237],[19.826906,41.326345],[19.827063,41.326481],[19.827219,41.326618],[19.827319,41.326704],[19.827376,41.326754],[19.827533,41.326889],[19.827691,41.327025],[19.827783,41.327104],[19.827849,41.32716],[19.828006,41.327295],[19.828164,41.327431],[19.828176,41.327441],[19.828194,41.327457],[19.828247,41.327502],[19.828277,41.327528],[19.828326,41.327563],[19.828338,41.327571],[19.828404,41.327612],[19.828471,41.327651],[19.828516,41.327672],[19.828567,41.327696],[19.828655,41.327737],[19.828731,41.327738],[19.828791,41.327738],[19.828971,41.32774],[19.829097,41.327742],[19.829141,41.327742],[19.82921,41.327742],[19.829441,41.327742],[19.829449,41.327742],[19.829645,41.327743],[19.829689,41.327743],[19.829929,41.327743],[19.830033,41.327743],[19.830168,41.327746],[19.830172,41.327746],[19.830408,41.327746],[19.830647,41.327746],[19.830887,41.327746],[19.831126,41.327746],[19.831332,41.327746],[19.831366,41.327746],[19.831408,41.327746],[19.831605,41.327746],[19.831656,41.327746],[19.83179,41.327745],[19.831845,41.327744],[19.831959,41.327743],[19.831999,41.32774],[19.832083,41.327734],[19.832109,41.327732],[19.832265,41.327711],[19.832319,41.3277],[19.832334,41.327697],[19.832428,41.327674],[19.832545,41.327641],[19.832769,41.327577],[19.832845,41.327556],[19.832906,41.327539],[19.832995,41.327519],[19.833176,41.327477],[19.833225,41.327468],[19.833457,41.327422],[19.83349,41.327416],[19.833538,41.327406],[19.833611,41.327402],[19.833637,41.3274],[19.833695,41.327401],[19.833761,41.327402],[19.833818,41.327407],[19.833933,41.327419],[19.83417,41.327445],[19.834273,41.327456],[19.834371,41.327464],[19.834401,41.327467],[19.834408,41.327467],[19.83444,41.32747],[19.834564,41.327474],[19.834647,41.327472],[19.834664,41.327472],[19.834793,41.327464],[19.834864,41.327462],[19.834886,41.327462],[19.834922,41.327461],[19.834972,41.327463],[19.835019,41.327468],[19.835095,41.327481],[19.835122,41.327488],[19.835193,41.327506],[19.835249,41.327523],[19.835339,41.327564],[19.835516,41.327646],[19.835542,41.32766],[19.835637,41.327708],[19.83574,41.32776],[19.835803,41.327792],[19.835939,41.32786],[19.83612,41.327952],[19.836138,41.327961],[19.836163,41.327974],[19.836189,41.327991],[19.836283,41.328049],[19.836322,41.328076],[19.836471,41.328178],[19.836498,41.328198],[19.836592,41.328268],[19.836661,41.32833],[19.836697,41.328362],[19.836815,41.328467],[19.836881,41.328526],[19.836968,41.328606],[19.837118,41.328746],[19.83714,41.328766],[19.837274,41.328883],[19.837353,41.328952],[19.837421,41.329025],[19.8375,41.329109],[19.837556,41.329173],[19.837656,41.329287],[19.837674,41.329319],[19.837678,41.329327],[19.837714,41.329394],[19.837745,41.329499],[19.837766,41.32957],[19.837792,41.329676],[19.837803,41.32972],[19.837838,41.329852],[19.837862,41.329945],[19.837898,41.330026],[19.837923,41.330081],[19.837964,41.330136],[19.838014,41.330181],[19.838019,41.330186],[19.838128,41.330257],[19.838179,41.330281],[19.838205,41.33029],[19.838254,41.330308],[19.838333,41.330328],[19.838431,41.330348],[19.838583,41.33038],[19.838662,41.330396],[19.838677,41.330399],[19.838895,41.330437],[19.839128,41.330479],[19.83929,41.330507],[19.839361,41.330521],[19.839516,41.330552],[19.839592,41.330567],[19.839694,41.330588],[19.839755,41.330599],[19.839823,41.330615],[19.839924,41.330638],[19.84005,41.330674],[19.840099,41.330687],[19.840207,41.330718],[19.840274,41.330737],[19.840498,41.3308],[19.840596,41.330827],[19.840723,41.330861],[19.840831,41.33089],[19.840949,41.330921],[19.841053,41.330949],[19.84109,41.330956],[19.841146,41.330966],[19.84118,41.330969],[19.841235,41.330973],[19.841309,41.330974],[19.841372,41.330958],[19.841412,41.330944],[19.841431,41.330937],[19.841506,41.330889],[19.841566,41.330841],[19.841588,41.330824],[19.841651,41.330774],[19.841753,41.330693],[19.841798,41.330658],[19.841865,41.330616],[19.841932,41.330574],[19.841947,41.330565],[19.842046,41.330517],[19.842113,41.330495],[19.842141,41.330488],[19.842176,41.33048],[19.842255,41.330471],[19.842346,41.330466],[19.842378,41.330467],[19.842417,41.330467],[19.842494,41.330475],[19.842536,41.330486],[19.84261,41.330505],[19.842644,41.330515],[19.842697,41.330534],[19.842746,41.330553],[19.842767,41.330561],[19.842789,41.33057],[19.842825,41.330585],[19.843029,41.330669],[19.843035,41.330672],[19.843244,41.330759],[19.843256,41.330764],[19.84332,41.330792],[19.843387,41.330822],[19.843448,41.330853],[19.843548,41.330904],[19.843645,41.330956],[19.84369,41.330981],[19.843836,41.331064],[19.843894,41.331098],[19.844026,41.331174],[19.844077,41.331203],[19.844214,41.331285],[19.844401,41.331398],[19.844417,41.331407],[19.844519,41.331469],[19.844587,41.331511],[19.844643,41.331545],[19.844725,41.331595],[19.844773,41.331624],[19.8448,41.331641],[19.844959,41.331738],[19.844967,41.331743],[19.845144,41.331852],[19.845304,41.331951],[19.845328,41.331967],[19.845442,41.332043],[19.845507,41.332086],[19.845535,41.332104],[19.84564,41.332184],[19.845678,41.332213],[19.845846,41.33234],[19.845996,41.332454],[19.846018,41.332467],[19.84609,41.33251],[19.846194,41.332563],[19.846213,41.332571],[19.846326,41.332616],[19.846426,41.332653],[19.846641,41.332731],[19.846857,41.33281],[19.84706,41.332884],[19.847072,41.332889],[19.847206,41.332945],[19.847282,41.332976],[19.847351,41.333005],[19.847488,41.333067],[19.847693,41.333161],[19.847735,41.33318],[19.847756,41.33319],[19.847897,41.333254],[19.848102,41.333347],[19.848307,41.333441],[19.848471,41.333515],[19.848513,41.333532],[19.848538,41.333543],[19.8486,41.333564],[19.848673,41.333585],[19.848705,41.333592],[19.848735,41.333599],[19.848927,41.333646],[19.848963,41.333655],[19.848985,41.333661],[19.849193,41.333704],[19.84921,41.333708],[19.849411,41.333739],[19.84942,41.333728],[19.849453,41.333689],[19.849502,41.333645],[19.84956,41.333609],[19.849585,41.333599],[19.849696,41.333558],[19.849811,41.333554],[19.849812,41.333554],[19.849867,41.333552],[19.849946,41.333565],[19.85002,41.333589],[19.850039,41.333599],[19.850086,41.333623],[19.850144,41.333666],[19.85019,41.333716],[19.850199,41.333731],[19.850222,41.333771],[19.850244,41.333853],[19.850237,41.333905],[19.850233,41.333931],[19.850199,41.334021],[19.850275,41.334041],[19.850282,41.334043],[19.850421,41.33407],[19.85051,41.334074],[19.850546,41.334076],[19.850748,41.334055],[19.850985,41.334031],[19.85105,41.334024],[19.851193,41.33401],[19.851222,41.334006],[19.851365,41.333991],[19.851418,41.333989],[19.851461,41.333989],[19.85147,41.333989],[19.851535,41.333995],[19.851593,41.334001],[19.851638,41.334009],[19.851694,41.334025],[19.851778,41.334049],[19.851916,41.334092],[19.85196,41.334106],[19.852071,41.334141],[19.852137,41.334162],[19.852358,41.334232],[19.852578,41.334302],[19.852587,41.334305],[19.8528,41.33437],[19.852931,41.33441],[19.853022,41.334438],[19.853244,41.334505],[19.853467,41.334572],[19.85356,41.3346],[19.853679,41.334635],[19.853689,41.334638],[19.853752,41.334656],[19.853884,41.334686],[19.853916,41.334689],[19.853918,41.334689],[19.853981,41.334693],[19.854037,41.334693],[19.854088,41.33469],[19.854157,41.334684],[19.854309,41.334671],[19.854395,41.334663],[19.854475,41.334655],[19.854542,41.334652],[19.854634,41.334653],[19.854637,41.334653],[19.85471,41.334658],[19.854783,41.334669],[19.854867,41.33469],[19.854989,41.33472],[19.855094,41.334749],[19.855211,41.334781],[19.855319,41.33481],[19.855458,41.334849],[19.855548,41.334862],[19.855604,41.334871],[19.855745,41.334883],[19.855785,41.334885],[19.855882,41.334889],[19.856025,41.334884],[19.856061,41.334883],[19.8562,41.334865],[19.856261,41.334855],[19.85633,41.334845],[19.856496,41.33482],[19.85673,41.334784],[19.85679,41.334775],[19.85688,41.334761],[19.856965,41.334746],[19.857198,41.334706],[19.857322,41.334685],[19.857431,41.334664],[19.857663,41.334618],[19.857895,41.334573],[19.858015,41.33455],[19.858127,41.334529],[19.858346,41.334488],[19.858359,41.334485],[19.858475,41.334466],[19.858593,41.334446],[19.858606,41.334444],[19.858724,41.334431],[19.85883,41.334419],[19.858883,41.334413],[19.858907,41.334412],[19.858991,41.334409],[19.859069,41.334414],[19.859112,41.334416],[19.859183,41.334421],[19.859238,41.334425],[19.859307,41.334432],[19.859314,41.334433],[19.859471,41.334448],[19.859545,41.334455],[19.859689,41.33447],[19.859782,41.334479],[19.859808,41.334482],[19.86002,41.334502],[19.86023,41.334523],[19.860257,41.334526],[19.860268,41.334527],[19.860392,41.334539],[19.860495,41.334545],[19.860501,41.334545],[19.860608,41.334549],[19.860733,41.334544],[19.860735,41.334544],[19.860818,41.334536],[19.860884,41.334526],[19.860971,41.334513],[19.861205,41.334476],[19.86144,41.33444],[19.861522,41.334427],[19.861675,41.334406],[19.86191,41.334373],[19.861921,41.334371],[19.862145,41.334337],[19.862197,41.334329],[19.862323,41.334308],[19.862379,41.334297],[19.862491,41.334276],[19.86261,41.33425],[19.86267,41.334237],[19.862839,41.334199],[19.862849,41.334197],[19.862987,41.334165],[19.863043,41.334152],[19.863068,41.334145],[19.863191,41.33411],[19.863291,41.334079],[19.863347,41.334062],[19.863439,41.334031],[19.863508,41.334003],[19.863592,41.333969],[19.863716,41.333914],[19.863752,41.333897],[19.86391,41.33382],[19.863917,41.333816],[19.864043,41.333752],[19.864113,41.333713],[19.864145,41.333695],[19.86422,41.333652],[19.864288,41.33361],[19.864301,41.333601],[19.864426,41.333514],[19.864478,41.33348],[19.864656,41.33336],[19.864736,41.333307],[19.864767,41.333284],[19.864812,41.33325],[19.864831,41.333237],[19.865006,41.333114],[19.865032,41.333096],[19.8651,41.33305],[19.865184,41.332994],[19.865359,41.332876],[19.865363,41.332874],[19.865543,41.332756],[19.865588,41.332727],[19.865724,41.332638],[19.865764,41.332612],[19.865906,41.332521],[19.866004,41.332458],[19.866091,41.332406],[19.866186,41.332349],[19.866276,41.332292],[19.866377,41.332228],[19.866467,41.332185],[19.866493,41.332173],[19.86655,41.332154],[19.866609,41.332141],[19.866677,41.332135],[19.866695,41.332136],[19.866745,41.33214],[19.866809,41.332154],[19.866873,41.332176],[19.866917,41.332198],[19.867116,41.332298],[19.867135,41.332308],[19.86732,41.332392],[19.867401,41.332429],[19.867454,41.332444],[19.867518,41.332452],[19.867541,41.332453],[19.867582,41.332454],[19.867649,41.332449],[19.867778,41.332427],[19.867943,41.332398],[19.868011,41.332386],[19.868041,41.33238],[19.868244,41.332344],[19.868477,41.332303],[19.86871,41.332262],[19.868943,41.33222],[19.869176,41.332179],[19.869391,41.332141],[19.869398,41.332128],[19.869425,41.332075],[19.869451,41.332028],[19.869504,41.331988],[19.869525,41.331985],[19.86976,41.331951],[19.869778,41.331948],[19.869932,41.331926],[19.869995,41.331916],[19.870184,41.331888],[19.87023,41.331881],[19.870392,41.331857],[19.870394,41.331856]]},"properties":{"line":"5A","dir":"1","headsign":"Autotraktorët","mode":"bus","color":"#0059a9"}},{"type":"Feature","geometry":{"type":"LineString","coordinates":[[19.772,41.360661],[19.772012,41.360616],[19.772022,41.360551],[19.772025,41.360483],[19.772032,41.360303],[19.772032,41.360302],[19.772042,41.360177],[19.77205,41.360123],[19.772058,41.36007],[19.772081,41.359958],[19.772086,41.359946],[19.772115,41.35986],[19.772151,41.359773],[19.772164,41.359742],[19.772241,41.359606],[19.772268,41.359557],[19.772321,41.35948],[19.772347,41.359445],[19.772465,41.359288],[19.772583,41.359132],[19.772702,41.358975],[19.772703,41.358974],[19.77282,41.358819],[19.772938,41.358663],[19.773056,41.358506],[19.773078,41.358478],[19.773176,41.35835],[19.773266,41.358232],[19.773276,41.358219],[19.773285,41.358208],[19.773295,41.358194],[19.773344,41.358131],[19.773375,41.358088],[19.773403,41.358049],[19.773411,41.358037],[19.773524,41.357879],[19.773568,41.357818],[19.773635,41.357719],[19.773688,41.35764],[19.773737,41.357556],[19.773747,41.357539],[19.773802,41.357428],[19.773822,41.357388],[19.773867,41.357294],[19.773901,41.357218],[19.773924,41.357169],[19.773976,41.357047],[19.773987,41.357022],[19.774042,41.356874],[19.774047,41.356864],[19.77408,41.356766],[19.774103,41.3567],[19.774107,41.356691],[19.774158,41.356525],[19.774165,41.356504],[19.774209,41.356349],[19.774259,41.356174],[19.774309,41.355998],[19.774359,41.355822],[19.774362,41.355812],[19.774409,41.355646],[19.774409,41.355646],[19.774457,41.35547],[19.774494,41.355333],[19.774503,41.355298],[19.774504,41.355294],[19.77457,41.355138],[19.774567,41.355115],[19.774575,41.355092],[19.774532,41.354992],[19.774501,41.35494],[19.774482,41.354908],[19.774444,41.354845],[19.774387,41.354786],[19.774353,41.354749],[19.774286,41.354695],[19.774224,41.354659],[19.774196,41.354643],[19.774037,41.354547],[19.77385,41.354435],[19.773663,41.354322],[19.773477,41.354209],[19.77329,41.354097],[19.773103,41.353984],[19.772917,41.353871],[19.77273,41.353758],[19.77271,41.353747],[19.772545,41.353645],[19.772359,41.353531],[19.772358,41.35353],[19.77218,41.353415],[19.772177,41.353413],[19.772003,41.35329],[19.771999,41.353288],[19.771851,41.353152],[19.771699,41.353012],[19.771597,41.352919],[19.771547,41.352873],[19.771493,41.352824],[19.771403,41.352741],[19.771395,41.352734],[19.771308,41.352655],[19.771243,41.352596],[19.77109,41.352457],[19.770938,41.352318],[19.770786,41.352179],[19.770693,41.352095],[19.770637,41.352057],[19.770626,41.352052],[19.770559,41.352017],[19.77052,41.352001],[19.770491,41.351977],[19.770474,41.351949],[19.770469,41.351908],[19.770472,41.351901],[19.770489,41.351865],[19.770503,41.351854],[19.770521,41.351842],[19.770563,41.351746],[19.770565,41.35174],[19.770586,41.351681],[19.770616,41.35161],[19.770637,41.351568],[19.770644,41.351556],[19.770672,41.351511],[19.770748,41.351409],[19.770865,41.351252],[19.770982,41.351095],[19.771089,41.350952],[19.7711,41.350938],[19.771161,41.35086],[19.771212,41.350801],[19.771223,41.350784],[19.771309,41.350664],[19.771337,41.350626],[19.771455,41.350469],[19.771573,41.350312],[19.77169,41.350156],[19.771808,41.349999],[19.771925,41.349842],[19.772043,41.349686],[19.77216,41.349529],[19.772278,41.349372],[19.772396,41.349216],[19.772513,41.349059],[19.772519,41.349051],[19.772543,41.349019],[19.77263,41.348902],[19.772747,41.348745],[19.772863,41.348588],[19.77298,41.348431],[19.773019,41.348378],[19.773097,41.348273],[19.773213,41.348116],[19.77333,41.347959],[19.773447,41.347802],[19.773563,41.347645],[19.77368,41.347488],[19.773797,41.347331],[19.773913,41.347174],[19.773926,41.347157],[19.774014,41.347038],[19.77403,41.347017],[19.774147,41.34686],[19.774177,41.34682],[19.774265,41.346703],[19.774382,41.346546],[19.774499,41.34639],[19.774507,41.346379],[19.774616,41.346232],[19.774732,41.346075],[19.774848,41.345918],[19.774965,41.345761],[19.775081,41.345604],[19.775152,41.345508],[19.775198,41.345447],[19.775314,41.345289],[19.775431,41.345132],[19.775547,41.344975],[19.775631,41.344861],[19.775664,41.344818],[19.775686,41.344787],[19.77578,41.344661],[19.775897,41.344503],[19.77593,41.344458],[19.776005,41.344343],[19.776009,41.344338],[19.776108,41.344181],[19.776118,41.344164],[19.776136,41.344136],[19.776216,41.34402],[19.776268,41.343946],[19.776304,41.343887],[19.77631,41.343855],[19.776322,41.343795],[19.776302,41.343725],[19.77627,41.343684],[19.776268,41.343681],[19.77621,41.343628],[19.776102,41.343584],[19.776098,41.343584],[19.775988,41.343585],[19.77586,41.343565],[19.775851,41.34356],[19.775752,41.343509],[19.775668,41.343447],[19.775665,41.343444],[19.775613,41.34339],[19.775565,41.343333],[19.775539,41.343288],[19.775519,41.343252],[19.77548,41.343146],[19.775471,41.343111],[19.775459,41.343064],[19.775447,41.342962],[19.775452,41.342933],[19.775458,41.342897],[19.775475,41.342857],[19.775493,41.342829],[19.775526,41.342788],[19.775553,41.342771],[19.775608,41.342737],[19.775728,41.342678],[19.775749,41.34267],[19.775966,41.342594],[19.776183,41.342518],[19.776383,41.342448],[19.7764,41.342442],[19.776617,41.342366],[19.776713,41.342332],[19.776834,41.34229],[19.776886,41.342272],[19.77697,41.342248],[19.777043,41.342239],[19.777061,41.342239],[19.777106,41.342239],[19.777152,41.342238],[19.777266,41.342253],[19.777299,41.342243],[19.777479,41.342193],[19.777522,41.342179],[19.777559,41.342168],[19.77774,41.342105],[19.777957,41.342028],[19.778117,41.341972],[19.778174,41.341953],[19.778392,41.341878],[19.77861,41.341803],[19.778813,41.341733],[19.778828,41.341728],[19.779045,41.341653],[19.779262,41.341577],[19.77936,41.341544],[19.779481,41.341503],[19.7797,41.341431],[19.779919,41.341358],[19.779968,41.341342],[19.780144,41.341298],[19.780185,41.341288],[19.780372,41.341242],[19.780457,41.341222],[19.780494,41.341222],[19.780601,41.341225],[19.780738,41.341227],[19.780853,41.341188],[19.781069,41.341115],[19.781195,41.341072],[19.781286,41.341039],[19.781503,41.340962],[19.781719,41.340885],[19.781935,41.340808],[19.782152,41.340731],[19.782368,41.340653],[19.782435,41.34063],[19.782482,41.340584],[19.782534,41.340534],[19.782601,41.340469],[19.782736,41.34042],[19.782919,41.340354],[19.78295,41.340342],[19.783163,41.34026],[19.783166,41.340258],[19.783376,41.340177],[19.783524,41.340119],[19.783589,41.340095],[19.783608,41.340088],[19.783803,41.340014],[19.784016,41.339932],[19.784229,41.33985],[19.784279,41.339831],[19.784443,41.339769],[19.784657,41.339689],[19.784754,41.339653],[19.784878,41.339618],[19.785102,41.339554],[19.785326,41.339491],[19.78555,41.339427],[19.78571,41.339382],[19.785773,41.339361],[19.78585,41.339337],[19.785864,41.339333],[19.78599,41.339286],[19.785992,41.339285],[19.78621,41.339215],[19.78643,41.339144],[19.786577,41.339096],[19.786653,41.339076],[19.786718,41.339059],[19.786875,41.339009],[19.786979,41.338976],[19.787096,41.33894],[19.787317,41.338871],[19.787321,41.33887],[19.787538,41.338801],[19.787699,41.33875],[19.787759,41.338731],[19.787979,41.338662],[19.78802,41.338649],[19.7882,41.338592],[19.788292,41.338563],[19.788399,41.338526],[19.788419,41.338519],[19.788636,41.338443],[19.788726,41.338412],[19.788852,41.338365],[19.788871,41.338358],[19.78907,41.338291],[19.789289,41.338217],[19.789291,41.338216],[19.789506,41.338141],[19.78954,41.338129],[19.789571,41.338119],[19.789724,41.338067],[19.789859,41.338021],[19.789942,41.337992],[19.789992,41.337974],[19.790077,41.337944],[19.790158,41.337916],[19.790345,41.337851],[19.790376,41.33784],[19.790593,41.337765],[19.790811,41.337689],[19.790986,41.337628],[19.791028,41.337614],[19.791247,41.337541],[19.791466,41.337468],[19.791685,41.337395],[19.791832,41.337347],[19.791903,41.33732],[19.792118,41.33724],[19.792281,41.337179],[19.792333,41.337161],[19.79252,41.337097],[19.79255,41.337086],[19.792649,41.337052],[19.792768,41.337011],[19.792985,41.336935],[19.793203,41.33686],[19.79342,41.336784],[19.79348,41.336763],[19.793637,41.336709],[19.793855,41.336633],[19.794058,41.336563],[19.794072,41.336558],[19.794289,41.336481],[19.794465,41.336419],[19.794506,41.336405],[19.794723,41.33633],[19.794941,41.336254],[19.795013,41.336229],[19.795159,41.336179],[19.795377,41.336105],[19.795551,41.336045],[19.795594,41.33603],[19.795812,41.335954],[19.795891,41.335927],[19.796029,41.335879],[19.796154,41.335835],[19.796246,41.335803],[19.796262,41.335798],[19.796363,41.335763],[19.796464,41.335728],[19.796524,41.335708],[19.796682,41.335654],[19.7969,41.335579],[19.796994,41.335547],[19.797075,41.335519],[19.797118,41.335504],[19.797335,41.335429],[19.797553,41.335354],[19.79769,41.335307],[19.797771,41.335279],[19.797932,41.335223],[19.797988,41.335203],[19.798104,41.335162],[19.798205,41.335128],[19.798423,41.335053],[19.798477,41.335035],[19.798641,41.334978],[19.798858,41.334902],[19.799075,41.334826],[19.799197,41.334783],[19.799292,41.33475],[19.79951,41.334675],[19.799544,41.334664],[19.799727,41.334599],[19.799944,41.334523],[19.80016,41.334447],[19.800161,41.334447],[19.800259,41.334413],[19.800378,41.334371],[19.800524,41.33432],[19.800595,41.334295],[19.800812,41.334219],[19.800901,41.334189],[19.80093,41.334178],[19.80103,41.334144],[19.801247,41.334068],[19.801293,41.334053],[19.801347,41.334034],[19.801379,41.334023],[19.801398,41.334016],[19.801465,41.333993],[19.801682,41.333917],[19.801881,41.333848],[19.801899,41.333842],[19.802117,41.333767],[19.802298,41.333704],[19.802334,41.333691],[19.802468,41.333644],[19.802551,41.333615],[19.802769,41.33354],[19.802986,41.333464],[19.803204,41.333389],[19.803421,41.333314],[19.803564,41.333264],[19.803631,41.333229],[19.803778,41.333153],[19.803815,41.333122],[19.80382,41.333118],[19.803924,41.333023],[19.803972,41.332979],[19.804006,41.332948],[19.804046,41.332875],[19.804095,41.332826],[19.804105,41.332817],[19.80418,41.33277],[19.804268,41.332739],[19.804297,41.332735],[19.804363,41.332725],[19.80446,41.332728],[19.804533,41.332744],[19.804553,41.332748],[19.804592,41.332763],[19.804629,41.332781],[19.804747,41.332784],[19.80476,41.332784],[19.804822,41.332782],[19.804906,41.33278],[19.804964,41.332774],[19.804998,41.332767],[19.805085,41.33275],[19.805225,41.332711],[19.805449,41.332648],[19.805608,41.332603],[19.805672,41.332581],[19.805889,41.332506],[19.805896,41.332504],[19.806107,41.332432],[19.80613,41.332424],[19.806325,41.332356],[19.806372,41.33234],[19.806542,41.332281],[19.806759,41.332205],[19.806809,41.332188],[19.806884,41.332162],[19.806977,41.33213],[19.807142,41.332072],[19.807194,41.332054],[19.80741,41.331976],[19.807433,41.331968],[19.807626,41.331899],[19.807705,41.331871],[19.807843,41.331823],[19.808035,41.331757],[19.808061,41.331748],[19.808085,41.33174],[19.808279,41.331673],[19.808496,41.331598],[19.808714,41.331523],[19.808932,41.331448],[19.809149,41.331373],[19.809174,41.331364],[19.809268,41.331331],[19.809367,41.331297],[19.809584,41.331221],[19.809689,41.331185],[19.809801,41.331146],[19.810019,41.33107],[19.810236,41.330995],[19.810453,41.330919],[19.810559,41.330882],[19.810634,41.330856],[19.81067,41.330843],[19.810888,41.330768],[19.811105,41.330692],[19.811322,41.330616],[19.811419,41.330583],[19.81154,41.330541],[19.811729,41.330475],[19.811757,41.330465],[19.811947,41.330399],[19.811974,41.33039],[19.812071,41.330356],[19.812192,41.330314],[19.812196,41.330312],[19.812409,41.330238],[19.812558,41.330186],[19.812626,41.330163],[19.812844,41.330087],[19.813061,41.330011],[19.813094,41.33],[19.813232,41.329952],[19.813278,41.329936],[19.813495,41.32986],[19.813713,41.329784],[19.813889,41.329723],[19.81393,41.329709],[19.814147,41.329633],[19.814365,41.329558],[19.814512,41.329506],[19.814582,41.329482],[19.814799,41.329406],[19.814851,41.329388],[19.814898,41.329372],[19.815017,41.329331],[19.815097,41.329303],[19.815234,41.329255],[19.815284,41.329238],[19.815451,41.329179],[19.815631,41.329116],[19.815668,41.329103],[19.815739,41.329079],[19.815878,41.329031],[19.815885,41.329027],[19.815978,41.328988],[19.816004,41.3289],[19.816055,41.328724],[19.816074,41.328662],[19.816102,41.328548],[19.816146,41.328371],[19.816163,41.328304],[19.816171,41.328269],[19.816188,41.328199],[19.816189,41.328194],[19.816202,41.328138],[19.816211,41.3281],[19.816233,41.328017],[19.81624,41.327989],[19.816277,41.327841],[19.816284,41.32781],[19.816325,41.327664],[19.816331,41.327641],[19.816371,41.327488],[19.816417,41.327312],[19.816419,41.327303],[19.816467,41.327136],[19.816516,41.32696],[19.816534,41.326899],[19.816555,41.326826],[19.816567,41.326784]]},"properties":{"line":"5B","dir":"0","headsign":"Gjethja","mode":"bus","color":"#0059a9"}},{"type":"Feature","geometry":{"type":"LineString","coordinates":[[19.816575,41.326755],[19.8166,41.326663],[19.816624,41.326579],[19.816674,41.326403],[19.816724,41.326227],[19.81677,41.326068],[19.816774,41.326051],[19.816824,41.325876],[19.816865,41.325732],[19.816874,41.3257],[19.81689,41.325642],[19.816902,41.325598],[19.817001,41.325613],[19.817038,41.325619],[19.817236,41.32565],[19.817346,41.325667],[19.81747,41.325687],[19.817705,41.325723],[19.817939,41.32576],[19.818173,41.325797],[19.818408,41.325834],[19.818642,41.325871],[19.818877,41.325907],[19.818888,41.325909],[19.818923,41.325915],[19.819015,41.325929],[19.819105,41.325943],[19.819104,41.325948],[19.819056,41.326124],[19.819009,41.3263],[19.818961,41.326477],[19.818958,41.326489],[19.818913,41.326653],[19.818911,41.326661],[19.818909,41.326713],[19.818925,41.326758],[19.818944,41.326779],[19.818975,41.326804],[19.818987,41.326814],[19.819047,41.326858],[19.81911,41.326915],[19.819144,41.32695],[19.819164,41.32697],[19.819201,41.327013],[19.819236,41.327063],[19.819265,41.327099],[19.819269,41.327103],[19.81928,41.327113],[19.819307,41.327132],[19.81934,41.327143],[19.819404,41.327158],[19.819486,41.327165],[19.819496,41.327166],[19.819632,41.327178],[19.819724,41.327186],[19.819962,41.327207],[19.820177,41.327225],[19.8202,41.327227],[19.820438,41.327248],[19.820624,41.327264],[19.820676,41.327269],[19.820914,41.32729],[19.821042,41.327301],[19.821151,41.327311],[19.821371,41.32733],[19.821389,41.327331],[19.821627,41.327352],[19.821865,41.327373],[19.821888,41.327375],[19.822053,41.327389],[19.822103,41.327394],[19.822341,41.327414],[19.822489,41.327427],[19.822576,41.327445],[19.822609,41.327452],[19.822671,41.327474],[19.822706,41.327514],[19.822676,41.327534],[19.822622,41.327568],[19.822583,41.327591],[19.822526,41.327636],[19.8225,41.327656],[19.822463,41.327685],[19.82239,41.327759],[19.822357,41.3278],[19.822331,41.327831],[19.822249,41.32796],[19.822247,41.327963],[19.822153,41.328125],[19.822075,41.328261],[19.822059,41.328291],[19.821967,41.328457],[19.821957,41.328476],[19.821889,41.328603],[19.821877,41.328624],[19.82178,41.328788],[19.821772,41.3288],[19.821686,41.328953],[19.821593,41.329119],[19.821499,41.329285],[19.821428,41.329411],[19.821405,41.32945],[19.82131,41.329615],[19.821214,41.32978],[19.821119,41.329945],[19.821092,41.32999],[19.821024,41.33011],[19.820929,41.330275],[19.820834,41.33044],[19.820834,41.330441],[19.82082,41.330465],[19.820704,41.330587],[19.820675,41.330617],[19.820548,41.330604],[19.820481,41.3306],[19.820379,41.330598],[19.820315,41.330602],[19.820278,41.330605],[19.820163,41.330613],[19.820076,41.330612],[19.820037,41.330611],[19.81985,41.330589],[19.819839,41.330588],[19.819603,41.330556],[19.819553,41.330549],[19.819367,41.330524],[19.819132,41.330492],[19.819044,41.330481],[19.818896,41.330461],[19.81866,41.330429],[19.818424,41.330397],[19.818189,41.330366],[19.818071,41.33035],[19.818029,41.330344],[19.817953,41.330333],[19.817947,41.330332],[19.81776,41.330302],[19.817719,41.330296],[19.817643,41.330284],[19.817484,41.33026],[19.81725,41.330224],[19.817015,41.330188],[19.81692,41.330173],[19.816851,41.330157],[19.816785,41.330138],[19.816764,41.330132],[19.816703,41.330106],[19.816622,41.330063],[19.816585,41.33004],[19.816538,41.330011],[19.816466,41.329954],[19.816421,41.329909],[19.816393,41.329882],[19.816329,41.3298],[19.816301,41.329754],[19.816275,41.329711],[19.816215,41.329586],[19.816134,41.329417],[19.81613,41.32941],[19.816034,41.329275],[19.816026,41.329265],[19.815991,41.329223],[19.815957,41.329185],[19.81591,41.329151],[19.815884,41.329134],[19.81587,41.329128],[19.815839,41.329114],[19.815803,41.329109],[19.815749,41.32911],[19.815636,41.329116],[19.815631,41.329116],[19.815418,41.329191],[19.815284,41.329238],[19.815223,41.329289],[19.815065,41.329424],[19.814988,41.32949],[19.814968,41.329507],[19.814952,41.32952],[19.814906,41.329559],[19.814748,41.329694],[19.814643,41.329783],[19.814588,41.329827],[19.814423,41.329958],[19.814337,41.330027],[19.814254,41.330085],[19.814246,41.330091],[19.814079,41.330208],[19.813904,41.330331],[19.813728,41.330453],[19.813686,41.330483],[19.813624,41.330525],[19.813556,41.330566],[19.813548,41.330571],[19.813364,41.33068],[19.81336,41.330683],[19.813197,41.330775],[19.813168,41.330791],[19.813093,41.330833],[19.812974,41.330896],[19.812778,41.331],[19.812735,41.331023],[19.812655,41.331065],[19.812583,41.331104],[19.812574,41.33111],[19.81239,41.331211],[19.812197,41.331317],[19.812004,41.331423],[19.811938,41.331459],[19.811811,41.33153],[19.811793,41.33154],[19.811682,41.331601],[19.811618,41.331637],[19.811426,41.331744],[19.81139,41.331764],[19.811234,41.331851],[19.811162,41.331892],[19.811063,41.331944],[19.811039,41.331956],[19.81088,41.33204],[19.810847,41.332058],[19.810843,41.33206],[19.810649,41.332165],[19.810545,41.332221],[19.810455,41.33227],[19.810261,41.332375],[19.810066,41.33248],[19.809995,41.332519],[19.8099,41.332567],[19.809867,41.332579],[19.809676,41.332649],[19.80965,41.332656],[19.809427,41.332722],[19.809205,41.332788],[19.808982,41.332854],[19.808759,41.33292],[19.808748,41.332923],[19.808664,41.332947],[19.808535,41.332984],[19.808311,41.333048],[19.808088,41.333113],[19.808074,41.333117],[19.807996,41.33314],[19.807865,41.333178],[19.807843,41.333185],[19.807641,41.333244],[19.807542,41.333273],[19.807418,41.333309],[19.807195,41.333374],[19.807181,41.333379],[19.806972,41.33344],[19.806878,41.333468],[19.806755,41.333516],[19.8067,41.333537],[19.806634,41.333575],[19.806574,41.333609],[19.806558,41.333619],[19.806522,41.333644],[19.806449,41.333711],[19.806414,41.333761],[19.806303,41.333921],[19.806193,41.33408],[19.806172,41.33411],[19.806163,41.334123],[19.806134,41.334163],[19.806086,41.334241],[19.806085,41.334244],[19.806001,41.334208],[19.805916,41.334163],[19.805888,41.334147],[19.805847,41.334123],[19.805722,41.334046],[19.805703,41.334033],[19.805529,41.333919],[19.805523,41.333915],[19.805345,41.333794],[19.805176,41.33368],[19.805165,41.333677],[19.804964,41.333613],[19.804944,41.333606],[19.804837,41.33357],[19.804724,41.333535],[19.80471,41.33353],[19.804677,41.333522],[19.804535,41.333485],[19.804497,41.333478],[19.804419,41.333464],[19.804349,41.333454],[19.804261,41.333447],[19.804214,41.333443],[19.804059,41.333431],[19.804023,41.33343],[19.803995,41.333429],[19.803941,41.333427],[19.803813,41.333435],[19.803785,41.333439],[19.803716,41.33345],[19.803555,41.333485],[19.803552,41.333486],[19.803427,41.333526],[19.803334,41.33356],[19.803327,41.333563],[19.803117,41.333636],[19.8029,41.333712],[19.802855,41.333728],[19.802812,41.333742],[19.802736,41.333755],[19.80267,41.333756],[19.802664,41.333756],[19.802574,41.333747],[19.802513,41.333741],[19.802439,41.333766],[19.802233,41.333838],[19.802222,41.333842],[19.802005,41.333918],[19.801788,41.333994],[19.801571,41.33407],[19.801508,41.334092],[19.801353,41.334145],[19.801343,41.334148],[19.801313,41.334158],[19.801136,41.33422],[19.800918,41.334296],[19.800893,41.334305],[19.800701,41.334372],[19.800484,41.334448],[19.800267,41.334523],[19.80005,41.334599],[19.800026,41.334607],[19.799832,41.334675],[19.799615,41.33475],[19.799397,41.334826],[19.79918,41.334901],[19.79911,41.334926],[19.798963,41.334977],[19.798746,41.335053],[19.798528,41.335128],[19.798311,41.335204],[19.798094,41.33528],[19.797968,41.335323],[19.797877,41.335355],[19.79766,41.335432],[19.797443,41.335508],[19.797325,41.335549],[19.797226,41.335584],[19.797196,41.335594],[19.797009,41.33566],[19.796791,41.335736],[19.796714,41.335763],[19.796585,41.335808],[19.796574,41.335811],[19.79643,41.335862],[19.796357,41.335887],[19.796139,41.335962],[19.795922,41.336038],[19.795704,41.336113],[19.795538,41.336171],[19.795487,41.336189],[19.795269,41.336264],[19.795052,41.336339],[19.794835,41.336415],[19.794678,41.336469],[19.794617,41.33649],[19.7944,41.336566],[19.794182,41.336641],[19.793965,41.336717],[19.793748,41.336793],[19.793539,41.336865],[19.79353,41.336868],[19.793313,41.336944],[19.793096,41.337019],[19.793082,41.337024],[19.792895,41.33709],[19.792879,41.337095],[19.79271,41.337154],[19.792662,41.337171],[19.792576,41.337201],[19.792444,41.337247],[19.792307,41.337295],[19.792227,41.337323],[19.79201,41.337398],[19.791792,41.337474],[19.791575,41.33755],[19.791358,41.337625],[19.791141,41.337701],[19.790923,41.337777],[19.790706,41.337852],[19.790489,41.337928],[19.790382,41.337965],[19.790272,41.338004],[19.790059,41.338079],[19.790055,41.33808],[19.789837,41.338155],[19.789706,41.338201],[19.78962,41.338232],[19.789404,41.338309],[19.789188,41.338387],[19.788972,41.338465],[19.788756,41.338543],[19.78854,41.33862],[19.788406,41.338669],[19.788324,41.338697],[19.788224,41.338732],[19.788106,41.338772],[19.787889,41.338847],[19.787671,41.338922],[19.787532,41.33897],[19.787454,41.338998],[19.78731,41.33905],[19.787238,41.339075],[19.78702,41.339151],[19.786936,41.339181],[19.786842,41.339216],[19.786805,41.339229],[19.786717,41.339262],[19.786591,41.33931],[19.786377,41.33939],[19.786163,41.33947],[19.786163,41.33947],[19.786027,41.339521],[19.785949,41.339552],[19.785744,41.339633],[19.785738,41.339636],[19.785534,41.33973],[19.785527,41.339734],[19.785345,41.33984],[19.785286,41.339875],[19.785152,41.339947],[19.78503,41.340012],[19.784948,41.34004],[19.784758,41.340103],[19.784728,41.340111],[19.784503,41.340174],[19.784279,41.340236],[19.784156,41.34027],[19.784056,41.340302],[19.783836,41.340373],[19.783723,41.340409],[19.783672,41.340425],[19.783616,41.340444],[19.783397,41.340517],[19.783361,41.340529],[19.78329,41.340551],[19.783177,41.340589],[19.783084,41.340621],[19.782953,41.340624],[19.7828,41.340627],[19.782697,41.340661],[19.782493,41.340729],[19.782476,41.340735],[19.782369,41.340774],[19.782276,41.340806],[19.782059,41.340882],[19.781841,41.340958],[19.781819,41.340966],[19.781753,41.340989],[19.78175,41.340991],[19.781537,41.341067],[19.781478,41.341088],[19.781321,41.341145],[19.781116,41.341219],[19.781114,41.341223],[19.78108,41.341287],[19.780937,41.341351],[19.780902,41.341367],[19.780732,41.341443],[19.780575,41.341513],[19.780527,41.341535],[19.780345,41.341618],[19.780321,41.341627],[19.780193,41.341679],[19.780109,41.34171],[19.779894,41.341789],[19.779796,41.341825],[19.779679,41.341869],[19.779464,41.341948],[19.779249,41.342027],[19.779034,41.342106],[19.7789,41.342156],[19.778819,41.342185],[19.778603,41.342263],[19.778387,41.342341],[19.778171,41.342419],[19.778001,41.34248],[19.777964,41.342505],[19.777835,41.342589],[19.777793,41.342628],[19.777743,41.342675],[19.777647,41.342768],[19.777625,41.342789],[19.777488,41.342842],[19.777447,41.342873],[19.777278,41.342998],[19.777267,41.343006],[19.777084,41.343108],[19.776966,41.343174],[19.776939,41.343246],[19.776895,41.34336],[19.776854,41.343413],[19.776734,41.343569],[19.776677,41.343644],[19.776628,41.343704],[19.776615,41.343722],[19.776613,41.343724],[19.776495,41.343881],[19.776377,41.344037],[19.776259,41.344194],[19.776141,41.34435],[19.7761,41.344404],[19.77603,41.344498],[19.776023,41.344507],[19.775906,41.344664],[19.775789,41.34482],[19.775672,41.344977],[19.775555,41.345134],[19.775437,41.345291],[19.775403,41.345337],[19.775318,41.345447],[19.775198,41.345603],[19.775078,41.345758],[19.774966,41.345903],[19.774958,41.345914],[19.774844,41.346072],[19.77473,41.346231],[19.774617,41.346389],[19.774608,41.3464],[19.774501,41.346546],[19.774413,41.346667],[19.774385,41.346704],[19.774304,41.346815],[19.774269,41.346861],[19.774149,41.347017],[19.77408,41.347107],[19.774031,41.347173],[19.774013,41.347197],[19.773913,41.34733],[19.773796,41.347487],[19.773794,41.34749],[19.773679,41.347644],[19.773562,41.347801],[19.773462,41.347935],[19.773445,41.347957],[19.773327,41.348114],[19.77321,41.348271],[19.773195,41.348291],[19.773093,41.348428],[19.773012,41.348536],[19.772976,41.348585],[19.772858,41.348742],[19.772741,41.348899],[19.772624,41.349055],[19.772618,41.349064],[19.772517,41.349198],[19.772507,41.349212],[19.772389,41.349369],[19.772339,41.349437],[19.772272,41.349526],[19.772155,41.349683],[19.772155,41.349683],[19.77204,41.34984],[19.771924,41.349998],[19.771809,41.350156],[19.771693,41.350313],[19.771578,41.350471],[19.771521,41.350548],[19.771465,41.350629],[19.771446,41.350657],[19.771424,41.350688],[19.77135,41.350787],[19.771232,41.350944],[19.771178,41.351016],[19.771112,41.351099],[19.771044,41.351187],[19.770996,41.351248],[19.770991,41.351254],[19.770892,41.351381],[19.77087,41.35141],[19.770838,41.351451],[19.77077,41.351538],[19.770749,41.351565],[19.770748,41.351566],[19.770704,41.351627],[19.770678,41.351691],[19.77067,41.351733],[19.77067,41.351736],[19.770654,41.351827],[19.770696,41.351843],[19.770702,41.351849],[19.770723,41.351871],[19.770733,41.351892],[19.770739,41.351904],[19.770739,41.351939],[19.770723,41.351972],[19.770745,41.351998],[19.770787,41.352041],[19.770803,41.352056],[19.770896,41.35214],[19.770927,41.352169],[19.770955,41.352194],[19.771106,41.352334],[19.771134,41.35236],[19.771246,41.352463],[19.771257,41.352473],[19.771327,41.352544],[19.771404,41.352615],[19.771485,41.35269],[19.771556,41.352754],[19.771673,41.352862],[19.771707,41.352894],[19.771859,41.353033],[19.771967,41.353132],[19.772013,41.35317],[19.772101,41.353244],[19.772176,41.353302],[19.772247,41.353357],[19.772351,41.353424],[19.772423,41.35347],[19.772537,41.353538],[19.772665,41.353614],[19.772725,41.35365],[19.77278,41.353682],[19.772911,41.353763],[19.773097,41.353876],[19.773282,41.35399],[19.773468,41.354104],[19.773653,41.354218],[19.773839,41.354331],[19.774024,41.354445],[19.77421,41.354559],[19.774256,41.354587],[19.774397,41.354672],[19.774413,41.354682],[19.774536,41.354804],[19.77454,41.354808],[19.774588,41.354864],[19.774664,41.354963],[19.774705,41.355059],[19.774728,41.355073],[19.774744,41.355092],[19.774752,41.355113],[19.77475,41.355135],[19.774739,41.355156],[19.77472,41.355172],[19.77463,41.355328],[19.774629,41.35533],[19.774567,41.355479],[19.774561,41.355499],[19.77455,41.355537],[19.774523,41.355624],[19.774507,41.355674],[19.774487,41.355739],[19.774455,41.355849],[19.774403,41.356025],[19.774352,41.356201],[19.7743,41.356376],[19.77426,41.356512],[19.774247,41.356552],[19.774199,41.3567],[19.77419,41.356726],[19.774131,41.356901],[19.774102,41.356988],[19.77407,41.357075],[19.774006,41.357248],[19.774005,41.35725],[19.773934,41.35742],[19.773932,41.357427],[19.773867,41.357572],[19.773858,41.35759],[19.773826,41.357659],[19.773761,41.357754],[19.773734,41.357794],[19.773646,41.357912],[19.77353,41.358069],[19.773528,41.358072],[19.773513,41.358092],[19.773487,41.358127],[19.773453,41.358172],[19.773413,41.358226],[19.773394,41.358252],[19.773296,41.358383],[19.773259,41.358433],[19.773186,41.358514],[19.773165,41.358534],[19.773106,41.358592],[19.773038,41.358673],[19.773031,41.358682],[19.772915,41.35884],[19.772885,41.358881],[19.7728,41.358997],[19.772719,41.359107],[19.772683,41.359155],[19.772577,41.359297],[19.772566,41.359312],[19.772473,41.359435],[19.772449,41.359469],[19.772337,41.359627],[19.772336,41.359629],[19.772257,41.359774],[19.772248,41.359794],[19.772211,41.359879],[19.772189,41.359968],[19.772184,41.359988],[19.772158,41.360115],[19.772154,41.360146],[19.772138,41.360256],[19.772133,41.360325],[19.772129,41.360385],[19.772124,41.360505],[19.772117,41.360685],[19.772116,41.360725],[19.772109,41.360865],[19.772106,41.360909],[19.772107,41.360923],[19.772105,41.360938],[19.7721,41.360952],[19.772091,41.360965],[19.77208,41.360977],[19.772066,41.360987],[19.772051,41.360995],[19.772035,41.361001],[19.772017,41.361006],[19.772006,41.361007],[19.771999,41.361008],[19.77198,41.361007],[19.771962,41.361005],[19.771945,41.361001],[19.771928,41.360994],[19.771907,41.360981],[19.771892,41.360967],[19.771885,41.360958],[19.77188,41.360948],[19.771876,41.360937],[19.771874,41.360927],[19.771874,41.360917],[19.771875,41.360908],[19.771878,41.360899],[19.771881,41.36089],[19.771882,41.360888],[19.771886,41.360882],[19.771891,41.360875],[19.771897,41.360868],[19.771905,41.360861],[19.771951,41.360775],[19.771976,41.360723],[19.771993,41.360688],[19.772,41.360661]]},"properties":{"line":"5B","dir":"1","headsign":"Instituti Bujqësor","mode":"bus","color":"#0059a9"}},{"type":"Feature","geometry":{"type":"LineString","coordinates":[[19.757587,41.365895],[19.757587,41.365869],[19.75758,41.365715],[19.757572,41.365553],[19.75757,41.365535],[19.757567,41.365506],[19.757542,41.365466],[19.757495,41.365419],[19.757455,41.365381],[19.757385,41.365314],[19.757333,41.365256],[19.757318,41.365234],[19.757285,41.365184],[19.75725,41.365104],[19.757242,41.365064],[19.757233,41.365018],[19.757239,41.364925],[19.757249,41.364885],[19.757296,41.364709],[19.757343,41.364532],[19.757369,41.364434],[19.757395,41.364357],[19.757432,41.364247],[19.757459,41.364184],[19.757502,41.364086],[19.75754,41.364014],[19.757598,41.363905],[19.757629,41.363847],[19.757718,41.36368],[19.757805,41.363517],[19.757807,41.363513],[19.757897,41.363347],[19.757951,41.363247],[19.757987,41.36318],[19.758007,41.363142],[19.758076,41.363013],[19.758165,41.362846],[19.7582,41.362781],[19.758221,41.362744],[19.758251,41.362715],[19.758207,41.362718],[19.758196,41.362718],[19.758218,41.362644],[19.758196,41.362718],[19.758251,41.362715],[19.758293,41.362698],[19.758326,41.362688],[19.758336,41.362686],[19.758557,41.362638],[19.758709,41.362606],[19.758788,41.36259],[19.75902,41.362545],[19.759252,41.362499],[19.759256,41.362499],[19.759345,41.362472],[19.759446,41.362437],[19.759469,41.362425],[19.759517,41.362401],[19.759585,41.362348],[19.759627,41.362298],[19.75963,41.362294],[19.759702,41.362207],[19.759744,41.362136],[19.759844,41.361973],[19.759943,41.361809],[19.759953,41.361793],[19.760056,41.361651],[19.760092,41.361602],[19.760166,41.36149],[19.760256,41.361354],[19.760272,41.361329],[19.760311,41.36127],[19.760387,41.361171],[19.760407,41.361145],[19.760454,41.361097],[19.760491,41.361059],[19.760528,41.361026],[19.760577,41.360982],[19.76068,41.360894],[19.760685,41.36089],[19.760826,41.360758],[19.760832,41.360748],[19.760867,41.360701],[19.760904,41.360646],[19.76094,41.360588],[19.761001,41.360493],[19.761035,41.360423],[19.761118,41.360254],[19.761128,41.360234],[19.761204,41.360086],[19.76129,41.359919],[19.761375,41.359754],[19.761377,41.359751],[19.761422,41.35965],[19.761438,41.359578],[19.761448,41.359533],[19.761455,41.359398],[19.761457,41.35936],[19.761465,41.359218],[19.761475,41.359038],[19.761482,41.358899],[19.761486,41.358859],[19.761488,41.358838],[19.761504,41.358679],[19.761506,41.358666],[19.761522,41.358557],[19.761536,41.358501],[19.761538,41.358493],[19.761549,41.358448],[19.761573,41.358399],[19.761621,41.358349],[19.761635,41.35834],[19.761694,41.358303],[19.761801,41.358259],[19.761839,41.358249],[19.762018,41.358205],[19.762066,41.358193],[19.762156,41.358172],[19.762284,41.358131],[19.76229,41.358128],[19.762389,41.358082],[19.762482,41.358022],[19.762663,41.357904],[19.762703,41.357878],[19.762844,41.357786],[19.762888,41.357758],[19.763027,41.35767],[19.763096,41.357627],[19.763181,41.357563],[19.763198,41.357545],[19.763252,41.357488],[19.763332,41.357396],[19.763397,41.357321],[19.763457,41.357276],[19.763486,41.357259],[19.763519,41.35724],[19.763322,41.357249],[19.763502,41.357241],[19.763519,41.35724],[19.763733,41.357194],[19.763932,41.357151],[19.763962,41.357142],[19.764,41.35713],[19.764062,41.357101],[19.764103,41.35706],[19.764139,41.357026],[19.764143,41.357022],[19.764261,41.356911],[19.764289,41.356886],[19.764442,41.356748],[19.764596,41.356609],[19.764749,41.356471],[19.764902,41.356333],[19.765056,41.356195],[19.765209,41.356057],[19.765362,41.355918],[19.765409,41.355876],[19.765525,41.355787],[19.765621,41.355713],[19.765698,41.355663],[19.765763,41.355622],[19.765872,41.355559],[19.765887,41.355551],[19.765985,41.355499],[19.766095,41.355465],[19.766101,41.355463],[19.766201,41.355449],[19.766331,41.355435],[19.766568,41.355409],[19.7667,41.355394],[19.766805,41.355382],[19.766818,41.35538],[19.766928,41.355358],[19.766998,41.355333],[19.76703,41.355322],[19.767052,41.355315],[19.767236,41.355229],[19.767425,41.355142],[19.76744,41.355135],[19.767643,41.35504],[19.767812,41.354962],[19.767843,41.354942],[19.767898,41.354907],[19.767973,41.354842],[19.767999,41.354806],[19.768094,41.354673],[19.768116,41.354649],[19.768229,41.354525],[19.768252,41.354502],[19.768395,41.354357],[19.768396,41.354357],[19.76851,41.354238],[19.768526,41.35422],[19.768535,41.354211],[19.768666,41.354075],[19.768676,41.354066],[19.768732,41.354011],[19.768822,41.353923],[19.768823,41.353923],[19.768968,41.353781],[19.76909,41.353663],[19.769114,41.353638],[19.769254,41.353492],[19.769316,41.353427],[19.76938,41.353339],[19.769495,41.353182],[19.769595,41.353047],[19.769609,41.353024],[19.769714,41.352862],[19.769819,41.3527],[19.769904,41.35257],[19.769925,41.352539],[19.770034,41.352379],[19.770144,41.352219],[19.770154,41.352205],[19.770249,41.352089],[19.770265,41.352071],[19.770269,41.352066],[19.770379,41.351939],[19.770407,41.35192],[19.770489,41.351865],[19.770503,41.351854],[19.770521,41.351842],[19.770562,41.351825],[19.7706,41.351821],[19.770608,41.35182],[19.770654,41.351827],[19.770696,41.351843],[19.770702,41.351849],[19.770723,41.351871],[19.770739,41.351904],[19.770739,41.351939],[19.770738,41.351941],[19.770723,41.351972],[19.770745,41.351998],[19.770787,41.352041],[19.77084,41.35209],[19.770896,41.35214],[19.770927,41.352169],[19.770992,41.352229],[19.771134,41.35236],[19.771146,41.352354],[19.771178,41.352336],[19.771346,41.352255],[19.771547,41.352158],[19.771633,41.352116],[19.771747,41.352058],[19.771899,41.351982],[19.771943,41.351955],[19.772132,41.351845],[19.772167,41.351825],[19.772314,41.351728],[19.772365,41.351694],[19.772497,41.351611],[19.772621,41.351534],[19.772588,41.35152],[19.772559,41.351498],[19.772539,41.351484],[19.772523,41.351424],[19.772577,41.351335],[19.772652,41.351212],[19.77268,41.351173],[19.772695,41.351152],[19.772897,41.351189],[19.772987,41.351206],[19.773132,41.351226],[19.773199,41.351236],[19.773315,41.351253],[19.773368,41.351258],[19.773605,41.351283],[19.773619,41.351284],[19.773844,41.351294],[19.77395,41.351299],[19.774083,41.351296],[19.77415,41.351295],[19.774322,41.351286],[19.774357,41.351285],[19.774551,41.351255],[19.774558,41.351254],[19.774769,41.351227],[19.774793,41.351221],[19.77489,41.351199],[19.775015,41.35116],[19.775018,41.351159],[19.775238,41.351088],[19.775457,41.351016],[19.775677,41.350945],[19.775897,41.350873],[19.776117,41.350802],[19.776336,41.35073],[19.776556,41.350659],[19.776776,41.350587],[19.776996,41.350516],[19.777215,41.350444],[19.777435,41.350373],[19.777617,41.350313],[19.777655,41.350302],[19.777849,41.350244],[19.777876,41.350232],[19.778083,41.350143],[19.778086,41.350141],[19.778281,41.350041],[19.778334,41.350013],[19.77847,41.34993],[19.778558,41.349876],[19.778644,41.349807],[19.778696,41.349764],[19.77879,41.349665],[19.778817,41.349636],[19.778914,41.349511],[19.778938,41.34948],[19.77904,41.349358],[19.779167,41.349205],[19.779294,41.349053],[19.779373,41.348957],[19.779418,41.348899],[19.779432,41.348879],[19.779491,41.348806],[19.779545,41.348747],[19.779682,41.348599],[19.779805,41.348466],[19.779821,41.348453],[19.77998,41.348319],[19.779999,41.348303],[19.780146,41.348189],[19.780264,41.348098],[19.780315,41.348061],[19.780486,41.347935],[19.780658,41.34781],[19.7807,41.347779],[19.780832,41.347686],[19.781007,41.347564],[19.781183,41.347441],[19.781186,41.347439],[19.781211,41.34742],[19.781353,41.347315],[19.781523,41.347188],[19.781575,41.347149],[19.781698,41.347065],[19.781773,41.347015],[19.781885,41.346953],[19.781997,41.346892],[19.782089,41.346861],[19.782222,41.346816],[19.782306,41.346786],[19.782373,41.346762],[19.782415,41.346747],[19.782528,41.346716],[19.782712,41.346665],[19.782753,41.346656],[19.782936,41.346618],[19.782986,41.346616],[19.783106,41.346611],[19.783225,41.346615],[19.783364,41.34662],[19.783464,41.346626],[19.783655,41.346638],[19.783662,41.346602],[19.783699,41.346425],[19.783735,41.346247],[19.783747,41.346193],[19.783776,41.346069],[19.783784,41.346034],[19.783798,41.345976],[19.783813,41.345913],[19.783818,41.345892],[19.783861,41.345715],[19.783903,41.345538],[19.783933,41.345415],[19.783945,41.345361],[19.783956,41.345314],[19.783991,41.34526],[19.784073,41.345246],[19.784084,41.345247],[19.784322,41.345267],[19.78456,41.345288],[19.784779,41.345306],[19.784798,41.345308],[19.785036,41.345327],[19.785275,41.345346],[19.785401,41.345356],[19.785513,41.345366],[19.78575,41.345388],[19.785951,41.345406],[19.785988,41.345409],[19.786223,41.345429],[19.786226,41.34543],[19.786464,41.345449],[19.786702,41.345469],[19.786907,41.345486],[19.78694,41.345484],[19.787016,41.345479],[19.787115,41.345397],[19.787122,41.345386],[19.787234,41.345227],[19.787346,41.345068],[19.787458,41.344909],[19.78757,41.34475],[19.78764,41.34465],[19.787681,41.344592],[19.787681,41.344591],[19.78772,41.344514],[19.787754,41.344439],[19.787761,41.344421],[19.787766,41.344407],[19.787784,41.344363],[19.787811,41.344314],[19.787843,41.344252],[19.787848,41.344243],[19.787926,41.344084],[19.78801,41.343915],[19.788093,41.343747],[19.788122,41.343688],[19.788181,41.343579],[19.788194,41.343555],[19.788256,41.343428],[19.788265,41.343411],[19.788289,41.343362],[19.788333,41.343337],[19.788359,41.343321],[19.788424,41.343284],[19.788478,41.343253],[19.788539,41.343206],[19.788533,41.343127],[19.788525,41.34302],[19.788508,41.342947],[19.788473,41.342793],[19.788465,41.34277],[19.788403,41.342603],[19.788401,41.342597],[19.788324,41.342427],[19.788257,41.342279],[19.788246,41.342257],[19.788162,41.342088],[19.788078,41.34192],[19.787994,41.341752],[19.787912,41.341589],[19.787909,41.341583],[19.787872,41.341518],[19.787808,41.341421],[19.787804,41.341415],[19.787721,41.341271],[19.787711,41.341257],[19.787639,41.341146],[19.787597,41.341099],[19.787461,41.340951],[19.787326,41.340803],[19.78719,41.340654],[19.787055,41.340506],[19.786921,41.34036],[19.786811,41.340239],[19.786799,41.340187],[19.786786,41.340123],[19.786718,41.340031],[19.786602,41.339874],[19.78658,41.339843],[19.786524,41.339764],[19.786506,41.339709],[19.786502,41.339698],[19.786508,41.339647],[19.78653,41.339604],[19.786563,41.339571],[19.78659,41.339557],[19.786616,41.339544],[19.786675,41.339525],[19.786744,41.339524],[19.786799,41.339534],[19.786818,41.339538],[19.786885,41.339582],[19.786936,41.339643],[19.786947,41.339656],[19.787024,41.339746],[19.78711,41.339784],[19.787124,41.33979],[19.787243,41.33994],[19.787365,41.340095],[19.787391,41.340127],[19.787489,41.340249],[19.787568,41.340347],[19.787613,41.340403],[19.787737,41.340556],[19.787861,41.34071],[19.787985,41.340864],[19.788038,41.340931],[19.788167,41.340963],[19.788175,41.340966],[19.788245,41.340984],[19.788306,41.34099],[19.78838,41.340992],[19.788396,41.340981],[19.788397,41.34098],[19.788484,41.340927],[19.788581,41.340867],[19.788766,41.340753],[19.788952,41.34064],[19.789031,41.340591],[19.78914,41.340528],[19.789329,41.340418],[19.789505,41.340316],[19.789518,41.340308],[19.789704,41.340194],[19.789851,41.340105],[19.789882,41.340086],[19.789891,41.340081],[19.789961,41.340038],[19.790067,41.339974],[19.790077,41.339968],[19.790233,41.339873],[19.790263,41.339855],[19.790295,41.339835],[19.790449,41.339741],[19.790507,41.339706],[19.790635,41.339628],[19.790682,41.339599],[19.790804,41.339525],[19.790822,41.339516],[19.791024,41.33942],[19.791105,41.339381],[19.791218,41.339314],[19.791219,41.339314],[19.791407,41.339204],[19.791409,41.339203],[19.791552,41.339118],[19.791596,41.339093],[19.791609,41.339086],[19.791655,41.339059],[19.791785,41.338983],[19.791974,41.338872],[19.792163,41.338762],[19.792293,41.338686],[19.792352,41.338652],[19.792501,41.338565],[19.792548,41.338549],[19.792766,41.338478],[19.792767,41.338477],[19.792987,41.338406],[19.793,41.338402],[19.793161,41.338352],[19.793209,41.338338],[19.793232,41.338331],[19.793335,41.3383],[19.793384,41.338285],[19.793405,41.33832],[19.793433,41.338367],[19.793453,41.3384],[19.793502,41.338484],[19.7936,41.338648],[19.793697,41.338813],[19.793737,41.338881],[19.793771,41.338938],[19.793794,41.338977],[19.793804,41.338994],[19.793829,41.339037],[19.793891,41.339142],[19.793919,41.339189],[19.79394,41.339223],[19.793989,41.339306],[19.79406,41.339426],[19.794083,41.339465],[19.794086,41.33947],[19.794184,41.339634],[19.794214,41.339685],[19.794241,41.339732],[19.79428,41.339799],[19.794373,41.339965],[19.794423,41.340052],[19.794454,41.340119],[19.794459,41.340133],[19.794476,41.340184],[19.794495,41.34031],[19.794512,41.340432],[19.794525,41.340489],[19.794563,41.340666],[19.794601,41.340844],[19.794621,41.340936],[19.794641,41.341021],[19.794683,41.341198],[19.794724,41.341375],[19.794766,41.341552],[19.794787,41.341642],[19.794799,41.341678],[19.794821,41.341709],[19.79484,41.341718],[19.79486,41.341728],[19.794906,41.341734],[19.794956,41.341736],[19.795022,41.34173],[19.795058,41.341726],[19.795074,41.341724],[19.795311,41.341699],[19.795549,41.341674],[19.795662,41.341662],[19.795786,41.341652],[19.795943,41.34164],[19.796021,41.341639],[19.796025,41.341639],[19.796097,41.341642],[19.796262,41.341664],[19.796274,41.341666],[19.796444,41.341699],[19.796494,41.34171],[19.796584,41.34173],[19.796719,41.34177],[19.796814,41.341799],[19.796937,41.341845],[19.796955,41.341851],[19.797117,41.341923],[19.797144,41.341936],[19.797248,41.341985],[19.797324,41.34201],[19.797356,41.342017],[19.797545,41.342061],[19.797585,41.34207],[19.797816,41.342119],[19.798046,41.342169],[19.798276,41.342219],[19.798314,41.342227],[19.798433,41.342253],[19.79848,41.342263],[19.798506,41.342269],[19.798546,41.342277],[19.798606,41.34229],[19.798635,41.342296],[19.798759,41.342323],[19.798772,41.342326],[19.798865,41.342346],[19.798916,41.342357],[19.799053,41.342387],[19.799095,41.342396],[19.799326,41.342445],[19.799556,41.342493],[19.799613,41.342505],[19.799688,41.342521],[19.799787,41.342542],[19.800017,41.342591],[19.80019,41.342628],[19.80025,41.34263],[19.800271,41.34263],[19.80039,41.34262],[19.800486,41.342602],[19.800521,41.342595],[19.800622,41.342559],[19.800679,41.342505],[19.800723,41.342464],[19.800796,41.342349],[19.800797,41.342348],[19.800853,41.342258],[19.8009,41.342187],[19.800916,41.342163],[19.800942,41.342123],[19.80098,41.342064],[19.801005,41.342026],[19.801021,41.342001],[19.801111,41.341864],[19.801138,41.341822],[19.801183,41.341753],[19.801216,41.341703],[19.801322,41.341541],[19.801351,41.341497],[19.801426,41.341387],[19.80143,41.341381],[19.801534,41.341219],[19.801629,41.341072],[19.801639,41.341057],[19.801732,41.340915],[19.801744,41.340896],[19.801764,41.340865],[19.80185,41.340734],[19.801957,41.340573],[19.802063,41.340412],[19.802067,41.340407],[19.802172,41.340252],[19.802276,41.3401],[19.802281,41.340092],[19.802335,41.340014],[19.80239,41.339932],[19.802478,41.3398],[19.802497,41.339771],[19.802533,41.339716],[19.802602,41.339609],[19.802708,41.339449],[19.802708,41.339448],[19.802818,41.339288],[19.80282,41.339285],[19.802921,41.339125],[19.802958,41.339066],[19.803027,41.338964],[19.803127,41.338817],[19.803135,41.338804],[19.803142,41.338794],[19.803157,41.33877],[19.803187,41.338721],[19.803239,41.338642],[19.803264,41.338604],[19.803345,41.33848],[19.803388,41.338416],[19.80345,41.338319],[19.803528,41.338196],[19.803554,41.338157],[19.803585,41.338109],[19.803641,41.338022],[19.803658,41.337995],[19.803764,41.337833],[19.803794,41.337788],[19.803818,41.337752],[19.803858,41.337692],[19.803871,41.337672],[19.803977,41.337511],[19.804024,41.337439],[19.804079,41.337349],[19.804083,41.337343],[19.804181,41.337186],[19.804283,41.337023],[19.804295,41.337003],[19.804311,41.336977],[19.80438,41.336869],[19.804386,41.336861],[19.804452,41.336756],[19.804489,41.336698],[19.804593,41.336536],[19.804626,41.336486],[19.804637,41.336468],[19.804698,41.336374],[19.804803,41.336213],[19.804908,41.336051],[19.805009,41.335897],[19.805013,41.33589],[19.805118,41.335728],[19.805168,41.335651],[19.80517,41.335649],[19.805223,41.335566],[19.805263,41.335505],[19.805329,41.335405],[19.805385,41.335322],[19.805397,41.335304],[19.805436,41.335244],[19.805529,41.335104],[19.805543,41.335083],[19.805649,41.334922],[19.805695,41.334851],[19.805735,41.334791],[19.805755,41.33476],[19.80585,41.334616],[19.805861,41.334599],[19.805965,41.334437],[19.805987,41.334402],[19.806032,41.334329],[19.806034,41.334325],[19.806066,41.334274],[19.806085,41.334244],[19.806134,41.334163],[19.806201,41.334191],[19.806241,41.334209],[19.806345,41.334247],[19.806391,41.334261],[19.806416,41.334269],[19.80648,41.334289],[19.806603,41.334318],[19.806644,41.334325],[19.806738,41.334342],[19.806878,41.334365],[19.807111,41.334404],[19.807345,41.334443],[19.807389,41.334451],[19.807509,41.33447],[19.807579,41.334481],[19.807813,41.334519],[19.807818,41.33452],[19.808047,41.334558],[19.808262,41.334593],[19.808281,41.334596],[19.808515,41.334634],[19.808715,41.334667],[19.808749,41.334673],[19.808983,41.334711],[19.809108,41.334731],[19.809217,41.334749],[19.809417,41.334782],[19.809451,41.334788],[19.809685,41.334827],[19.809686,41.334828],[19.809919,41.334866],[19.810153,41.334904],[19.810217,41.334915],[19.810387,41.334943],[19.810621,41.334981],[19.810655,41.334986],[19.810855,41.33502],[19.81108,41.335058],[19.811088,41.33506],[19.811107,41.335063],[19.811212,41.33508],[19.811322,41.335098],[19.811333,41.335099],[19.811557,41.335135],[19.811791,41.335172],[19.811841,41.33518],[19.812025,41.335212],[19.812221,41.335245],[19.812252,41.33525],[19.812258,41.335251],[19.812436,41.335279],[19.812493,41.335289],[19.812586,41.335304],[19.812726,41.335327],[19.81296,41.335366],[19.813194,41.335405],[19.813428,41.335444],[19.813662,41.335483],[19.81382,41.335509],[19.813896,41.335521],[19.81413,41.335559],[19.814364,41.335596],[19.814599,41.335633],[19.814833,41.335671],[19.815008,41.335698],[19.815067,41.335708],[19.815302,41.335744],[19.815497,41.335774],[19.815537,41.335781],[19.815767,41.335817],[19.815771,41.335817],[19.816006,41.335853],[19.81606,41.335861],[19.816088,41.335865],[19.816232,41.335886],[19.816241,41.335887],[19.816387,41.335911],[19.816475,41.335926],[19.8165,41.33593],[19.816709,41.335964],[19.816831,41.335984],[19.816943,41.336002],[19.817023,41.336016],[19.817176,41.336043],[19.817196,41.336047],[19.817244,41.336055],[19.817324,41.33607],[19.817409,41.336085],[19.817437,41.33609],[19.817608,41.336043],[19.817616,41.336031],[19.81762,41.336023],[19.817625,41.336014],[19.817727,41.335862],[19.817777,41.335788],[19.817828,41.335699],[19.817923,41.335534],[19.818018,41.335369],[19.818043,41.335326],[19.818103,41.335222],[19.818114,41.335204],[19.818202,41.335051],[19.818209,41.335039],[19.818219,41.335022],[19.818304,41.334874],[19.8184,41.334709],[19.818412,41.334689],[19.818496,41.334545],[19.818591,41.33438],[19.818607,41.334353],[19.818687,41.334215],[19.818697,41.334197],[19.818782,41.33405],[19.81882,41.333985],[19.818845,41.333941],[19.818878,41.333885],[19.818973,41.33372],[19.81898,41.333709],[19.819069,41.333555],[19.819165,41.33339],[19.819261,41.333225],[19.819312,41.333138],[19.819357,41.333061],[19.819429,41.332937],[19.819448,41.332903],[19.819453,41.332896],[19.819549,41.332731],[19.819572,41.332692],[19.819623,41.332604],[19.819645,41.332566],[19.819723,41.332433],[19.819741,41.332402],[19.819777,41.33234],[19.819837,41.332237],[19.819926,41.332085],[19.819933,41.332072],[19.820029,41.331907],[19.820125,41.331742],[19.82022,41.331577],[19.820262,41.331506],[19.820316,41.331413],[19.820413,41.331248],[19.820471,41.331149],[19.820509,41.331083],[19.820605,41.330919],[19.820646,41.330849],[19.820666,41.330809],[19.820669,41.330748],[19.820675,41.330617],[19.820611,41.33061],[19.820548,41.330604],[19.820481,41.3306],[19.820379,41.330598],[19.820372,41.330599],[19.820278,41.330605],[19.820163,41.330613],[19.820132,41.330612],[19.820037,41.330611],[19.819895,41.330594],[19.81985,41.330589],[19.819659,41.330563],[19.819553,41.330549],[19.819423,41.330532],[19.819187,41.3305],[19.819044,41.330481],[19.818951,41.330468],[19.818716,41.330436],[19.81848,41.330405],[19.818244,41.330373],[19.818071,41.33035],[19.818029,41.330344],[19.818008,41.330341],[19.817947,41.330332],[19.817774,41.330304],[19.81776,41.330302],[19.817643,41.330284],[19.817539,41.330268],[19.817305,41.330232],[19.81707,41.330196],[19.81692,41.330173],[19.816851,41.330157],[19.816838,41.330153],[19.816764,41.330132],[19.816703,41.330106]]},"properties":{"line":"6","dir":"0","headsign":"Muzeu Kombëtar B","mode":"bus","color":"#0059a9"}},{"type":"Feature","geometry":{"type":"LineString","coordinates":[[19.816702,41.330105],[19.816622,41.330063],[19.816538,41.330011],[19.816515,41.329993],[19.816466,41.329954],[19.816393,41.329882],[19.816368,41.329851],[19.816329,41.3298],[19.816275,41.329711],[19.816265,41.329689],[19.816183,41.32952],[19.81613,41.32941],[19.816091,41.329354],[19.816034,41.329275],[19.815991,41.329223],[19.815969,41.329199],[19.815957,41.329185],[19.81591,41.329151],[19.815884,41.329134],[19.815839,41.329114],[19.815803,41.329109],[19.815773,41.32911],[19.815749,41.32911],[19.815631,41.329116],[19.815543,41.329147],[19.815326,41.329223],[19.815284,41.329238],[19.815156,41.329347],[19.814998,41.329481],[19.814988,41.32949],[19.814968,41.329507],[19.814952,41.32952],[19.814839,41.329616],[19.814681,41.329751],[19.814643,41.329783],[19.814518,41.329883],[19.814353,41.330014],[19.814337,41.330027],[19.814246,41.330091],[19.81418,41.330138],[19.814004,41.33026],[19.813829,41.330383],[19.813686,41.330483],[19.813653,41.330505],[19.813624,41.330525],[19.813556,41.330566],[19.813468,41.330619],[19.813364,41.33068],[19.813278,41.330729],[19.813197,41.330775],[19.813093,41.330833],[19.813086,41.330836],[19.812891,41.33094],[19.812735,41.331023],[19.812695,41.331044],[19.812655,41.331065],[19.812574,41.33111],[19.812501,41.331149],[19.812308,41.331256],[19.812115,41.331362],[19.811938,41.331459],[19.811922,41.331468],[19.811793,41.33154],[19.811729,41.331575],[19.811682,41.331601],[19.811537,41.331682],[19.81139,41.331764],[19.811344,41.33179],[19.811162,41.331892],[19.811152,41.331897],[19.811063,41.331944],[19.810956,41.332],[19.81088,41.33204],[19.810847,41.332058],[19.810761,41.332104],[19.810567,41.33221],[19.810545,41.332221],[19.810372,41.332315],[19.810178,41.33242],[19.809995,41.332519],[19.809983,41.332525],[19.8099,41.332567],[19.809775,41.332613],[19.809676,41.332649],[19.809556,41.332684],[19.809333,41.33275],[19.80911,41.332816],[19.808887,41.332882],[19.808748,41.332923],[19.808664,41.332947],[19.80844,41.333011],[19.808216,41.333076],[19.808074,41.333117],[19.807996,41.33314],[19.807993,41.333141],[19.807843,41.333185],[19.80777,41.333206],[19.807547,41.333271],[19.807542,41.333273],[19.807324,41.333337],[19.807181,41.333379],[19.8071,41.333402],[19.806878,41.333468],[19.806877,41.333468],[19.8067,41.333537],[19.806669,41.333555],[19.806634,41.333575],[19.806574,41.333609],[19.806522,41.333644],[19.806489,41.333674],[19.806449,41.333711],[19.806368,41.333828],[19.806257,41.333987],[19.806172,41.33411],[19.806163,41.334123],[19.806146,41.334147],[19.806134,41.334163],[19.806085,41.334244],[19.806044,41.334309],[19.806034,41.334325],[19.806032,41.334329],[19.805987,41.334402],[19.805942,41.334472],[19.80585,41.334616],[19.805838,41.334634],[19.805735,41.334791],[19.805732,41.334795],[19.805695,41.334851],[19.805626,41.334957],[19.805529,41.335104],[19.80552,41.335118],[19.805413,41.335279],[19.805397,41.335304],[19.805385,41.335322],[19.805306,41.33544],[19.805263,41.335505],[19.805201,41.335601],[19.80517,41.335649],[19.805168,41.335651],[19.805096,41.335763],[19.805009,41.335897],[19.80499,41.335925],[19.804885,41.336086],[19.80478,41.336248],[19.804675,41.33641],[19.804637,41.336468],[19.804626,41.336486],[19.80457,41.336571],[19.804466,41.336733],[19.804452,41.336756],[19.80438,41.336869],[19.804363,41.336896],[19.804311,41.336977],[19.804295,41.337003],[19.804261,41.337058],[19.804159,41.337221],[19.804083,41.337343],[19.804058,41.337384],[19.804024,41.337439],[19.803954,41.337546],[19.803858,41.337692],[19.803848,41.337707],[19.803818,41.337752],[19.803794,41.337788],[19.803741,41.337868],[19.803641,41.338022],[19.803635,41.33803],[19.803585,41.338109],[19.803531,41.338192],[19.803528,41.338196],[19.803427,41.338354],[19.803388,41.338416],[19.803322,41.338515],[19.803264,41.338604],[19.803216,41.338677],[19.803187,41.338721],[19.803157,41.33877],[19.803142,41.338794],[19.803127,41.338817],[19.803112,41.338839],[19.803003,41.338999],[19.802958,41.339066],[19.802898,41.339161],[19.80282,41.339285],[19.802794,41.339323],[19.802708,41.339449],[19.802685,41.339483],[19.802579,41.339644],[19.802533,41.339716],[19.802478,41.3398],[19.802474,41.339806],[19.802367,41.339967],[19.802335,41.340014],[19.802276,41.3401],[19.802258,41.340127],[19.802149,41.340287],[19.802067,41.340407],[19.80204,41.340447],[19.801934,41.340608],[19.801827,41.340769],[19.801764,41.340865],[19.801732,41.340915],[19.801722,41.340931],[19.801629,41.341072],[19.801616,41.341092],[19.801512,41.341254],[19.801426,41.341387],[19.801406,41.341416],[19.801351,41.341497],[19.801299,41.341576],[19.801193,41.341738],[19.801183,41.341753],[19.801138,41.341822],[19.801088,41.341899],[19.801021,41.342001],[19.800982,41.342061],[19.80098,41.342064],[19.800942,41.342123],[19.800916,41.342163],[19.800876,41.342222],[19.800853,41.342258],[19.800797,41.342348],[19.800774,41.342385],[19.800723,41.342464],[19.800647,41.342536],[19.800622,41.342559],[19.800521,41.342595],[19.800436,41.342611],[19.80039,41.34262],[19.800271,41.34263],[19.800198,41.342628],[19.80019,41.342628],[19.799967,41.342581],[19.799737,41.342532],[19.799688,41.342521],[19.799613,41.342505],[19.799506,41.342483],[19.799276,41.342434],[19.799053,41.342387],[19.799045,41.342385],[19.798916,41.342357],[19.798815,41.342335],[19.798772,41.342326],[19.798759,41.342323],[19.798606,41.34229],[19.798585,41.342286],[19.798546,41.342277],[19.79848,41.342263],[19.798433,41.342253],[19.798354,41.342236],[19.798314,41.342227],[19.798124,41.342186],[19.797894,41.342136],[19.797664,41.342087],[19.797545,41.342061],[19.797434,41.342035],[19.797324,41.34201],[19.797248,41.341985],[19.797213,41.341969],[19.797117,41.341923],[19.797009,41.341875],[19.796955,41.341851],[19.796814,41.341799],[19.796795,41.341793],[19.796584,41.34173],[19.796572,41.341728],[19.796444,41.341699],[19.796342,41.341679],[19.796274,41.341666],[19.796107,41.341644],[19.796097,41.341642],[19.796021,41.341639],[19.795943,41.34164],[19.795868,41.341646],[19.795662,41.341662],[19.79563,41.341665],[19.795392,41.341691],[19.795155,41.341716],[19.795058,41.341726],[19.795022,41.34173],[19.794956,41.341736],[19.794918,41.341735],[19.794906,41.341734],[19.79486,41.341728],[19.794821,41.341709],[19.794799,41.341678],[19.794787,41.341642],[19.79478,41.341613],[19.794738,41.341436],[19.794697,41.341259],[19.794655,41.341082],[19.794621,41.340936],[19.794614,41.340904],[19.794576,41.340727],[19.794538,41.340549],[19.794512,41.340432],[19.794504,41.340371],[19.794478,41.340192],[19.794476,41.340184],[19.794454,41.340119],[19.794423,41.340052],[19.794406,41.340021],[19.794312,41.339856],[19.794241,41.339732],[19.794217,41.339691],[19.794214,41.339685],[19.79412,41.339526],[19.794083,41.339465],[19.79406,41.339426],[19.794022,41.339362],[19.79394,41.339223],[19.793925,41.339198],[19.793919,41.339189],[19.793829,41.339037],[19.793827,41.339033],[19.793804,41.338994],[19.793771,41.338938],[19.793737,41.338881],[19.79373,41.338869],[19.793633,41.338705],[19.793536,41.33854],[19.793453,41.3384],[19.793438,41.338376],[19.793433,41.338367],[19.793384,41.338285],[19.793335,41.3383],[19.793285,41.338315],[19.793232,41.338331],[19.793161,41.338352],[19.793063,41.338382],[19.793,41.338402],[19.792842,41.338453],[19.792766,41.338478],[19.792623,41.338525],[19.792501,41.338565],[19.792417,41.338614],[19.792293,41.338686],[19.792228,41.338724],[19.792039,41.338835],[19.791849,41.338945],[19.79166,41.339055],[19.791655,41.339059],[19.791609,41.339086],[19.791552,41.339118],[19.791471,41.339166],[19.791409,41.339203],[19.791283,41.339277],[19.791219,41.339314],[19.791105,41.339381],[19.791093,41.339387],[19.790891,41.339483],[19.790804,41.339525],[19.790698,41.339589],[19.790682,41.339599],[19.790512,41.339703],[19.790507,41.339706],[19.790326,41.339816],[19.790295,41.339835],[19.790233,41.339873],[19.79014,41.339929],[19.790067,41.339974],[19.789961,41.340038],[19.789954,41.340042],[19.789882,41.340086],[19.789851,41.340105],[19.789768,41.340156],[19.789582,41.340269],[19.789505,41.340316],[19.789394,41.34038],[19.789204,41.34049],[19.789031,41.340591],[19.789015,41.340601],[19.78883,41.340715],[19.788644,41.340828],[19.788484,41.340927],[19.788459,41.340942],[19.788397,41.34098],[19.78838,41.340992],[19.788359,41.34103],[19.788342,41.341085],[19.788341,41.34109],[19.7883,41.341228],[19.788327,41.341261],[19.788453,41.341414],[19.788579,41.341567],[19.788703,41.341717],[19.788705,41.34172],[19.788833,41.341872],[19.788886,41.341936],[19.788935,41.342034],[19.789017,41.342196],[19.78902,41.342202],[19.789086,41.342375],[19.7891,41.342411],[19.789125,41.342552],[19.789157,41.34273],[19.789189,41.342909],[19.789192,41.342923],[19.789188,41.343088],[19.789187,41.34317],[19.789174,41.343268],[19.789158,41.34339],[19.789143,41.343446],[19.789113,41.343559],[19.789095,41.343622],[19.789043,41.343798],[19.788992,41.343973],[19.78896,41.344081],[19.78894,41.344149],[19.788889,41.344325],[19.788868,41.344395],[19.788832,41.344499],[19.788824,41.344523],[19.788785,41.344676],[19.788739,41.344852],[19.788694,41.345029],[19.788648,41.345206],[19.788638,41.345246],[19.788606,41.345383],[19.788563,41.34556],[19.788537,41.34567],[19.788526,41.345737],[19.788514,41.345807],[19.788509,41.345917],[19.788508,41.345937],[19.788496,41.346096],[19.788494,41.346121],[19.788513,41.346276],[19.788526,41.346388],[19.788546,41.346453],[19.788598,41.346629],[19.788621,41.346705],[19.788669,41.3468],[19.788754,41.346968],[19.788807,41.347074],[19.788849,41.347133],[19.788963,41.347291],[19.788974,41.347306],[19.789093,41.347442],[19.789136,41.347491],[19.789236,41.347586],[19.789325,41.347671],[19.789387,41.347726],[19.789465,41.347796],[19.789543,41.347863],[19.789633,41.34794],[19.789659,41.347977],[19.789681,41.348008],[19.789684,41.348013],[19.789706,41.348092],[19.789696,41.348138],[19.789674,41.348181],[19.789662,41.348202],[19.78958,41.348281],[19.789527,41.348312],[19.789466,41.348347],[19.789324,41.348376],[19.789308,41.348375],[19.789203,41.34837],[19.789088,41.348326],[19.789086,41.348325],[19.789007,41.348262],[19.788943,41.348186],[19.788895,41.348129],[19.788818,41.348033],[19.788698,41.347882],[19.788695,41.347878],[19.788578,41.347721],[19.788537,41.347666],[19.788466,41.347562],[19.788423,41.347499],[19.788366,41.347397],[19.788302,41.347279],[19.788277,41.347229],[19.788196,41.34706],[19.788174,41.347015],[19.788128,41.346888],[19.788095,41.346798],[19.788069,41.346713],[19.788036,41.346608],[19.788023,41.346537],[19.788007,41.346449],[19.787996,41.346358],[19.787987,41.346286],[19.787978,41.34618],[19.787972,41.346118],[19.787975,41.346],[19.787978,41.345914],[19.787983,41.345821],[19.787988,41.345743],[19.787997,41.345641],[19.788006,41.34555],[19.788024,41.345463],[19.788029,41.345441],[19.788063,41.345285],[19.788076,41.345224],[19.7881,41.345108],[19.788137,41.34493],[19.788148,41.344881],[19.788181,41.344753],[19.788227,41.344577],[19.788234,41.344554],[19.788275,41.3444],[19.788323,41.344224],[19.788371,41.344048],[19.788373,41.344041],[19.788418,41.343898],[19.788426,41.343873],[19.788454,41.343782],[19.788475,41.343697],[19.788493,41.343623],[19.788515,41.343519],[19.788516,41.343512],[19.788477,41.343431],[19.788412,41.343408],[19.788384,41.343405],[19.788369,41.343404],[19.78833,41.343401],[19.788256,41.343428],[19.788216,41.34351],[19.788194,41.343555],[19.788128,41.343677],[19.788122,41.343688],[19.788044,41.343845],[19.787961,41.344014],[19.787878,41.344183],[19.787848,41.344243],[19.787811,41.344314],[19.787791,41.34435],[19.787784,41.344363],[19.787766,41.344407],[19.787754,41.344439],[19.78772,41.344514],[19.787717,41.344521],[19.787681,41.344592],[19.78764,41.34465],[19.787616,41.344684],[19.787504,41.344843],[19.787392,41.345002],[19.78728,41.345161],[19.787169,41.34532],[19.787115,41.345397],[19.787032,41.345466],[19.787016,41.345479],[19.786907,41.345486],[19.786801,41.345477],[19.786563,41.345458],[19.786325,41.345438],[19.786223,41.345429],[19.786087,41.345417],[19.785951,41.345406],[19.785849,41.345396],[19.785611,41.345375],[19.785401,41.345356],[19.785373,41.345354],[19.785135,41.345335],[19.784897,41.345316],[19.784779,41.345306],[19.784659,41.345296],[19.784421,41.345276],[19.784183,41.345256],[19.784073,41.345246],[19.783991,41.34526],[19.783972,41.34529],[19.783956,41.345314],[19.783933,41.345415],[19.783921,41.345465],[19.783878,41.345642],[19.783836,41.345819],[19.783813,41.345913],[19.783798,41.345976],[19.783793,41.345996],[19.783784,41.346034],[19.783751,41.346173],[19.783747,41.346193],[19.783714,41.346351],[19.783677,41.346529],[19.783655,41.346638],[19.783563,41.346633],[19.783364,41.34662],[19.783324,41.346619],[19.783106,41.346611],[19.783085,41.346612],[19.782936,41.346618],[19.782849,41.346636],[19.782712,41.346665],[19.782621,41.34669],[19.782415,41.346747],[19.782396,41.346754],[19.782373,41.346762],[19.782222,41.346816],[19.782179,41.34683],[19.781997,41.346892],[19.781965,41.346909],[19.781773,41.347015],[19.781772,41.347015],[19.781594,41.347136],[19.781575,41.347149],[19.781423,41.347262],[19.781253,41.347389],[19.781211,41.34742],[19.781186,41.347439],[19.78108,41.347513],[19.780905,41.347635],[19.780729,41.347758],[19.7807,41.347779],[19.780557,41.347883],[19.780386,41.348009],[19.780264,41.348098],[19.780215,41.348135],[19.780049,41.348264],[19.779999,41.348303],[19.779887,41.348397],[19.779805,41.348466],[19.779739,41.348538],[19.779602,41.348686],[19.779491,41.348806],[19.779468,41.348835],[19.779432,41.348879],[19.779373,41.348957],[19.779346,41.34899],[19.779219,41.349142],[19.779092,41.349295],[19.778965,41.349447],[19.778938,41.34948],[19.778843,41.349602],[19.778817,41.349636],[19.778709,41.349751],[19.778696,41.349764],[19.778558,41.349876],[19.778547,41.349883],[19.778361,41.349996],[19.778334,41.350013],[19.778165,41.3501],[19.778086,41.350141],[19.777962,41.350195],[19.777849,41.350244],[19.777747,41.350274],[19.777617,41.350313],[19.777526,41.350343],[19.777306,41.350414],[19.777087,41.350486],[19.776867,41.350557],[19.776647,41.350629],[19.776427,41.350701],[19.776208,41.350772],[19.775988,41.350844],[19.775768,41.350915],[19.775548,41.350987],[19.775329,41.351058],[19.775109,41.35113],[19.775015,41.35116],[19.77489,41.351199],[19.774887,41.351199],[19.774769,41.351227],[19.774655,41.351241],[19.774551,41.351255],[19.77442,41.351275],[19.774357,41.351285],[19.774182,41.351293],[19.77415,41.351295],[19.77395,41.351299],[19.773943,41.351299],[19.773704,41.351288],[19.773619,41.351284],[19.773466,41.351269],[19.773315,41.351253],[19.773229,41.35124],[19.773199,41.351236],[19.772994,41.351206],[19.772987,41.351206],[19.772761,41.351164],[19.772695,41.351152],[19.772531,41.351113],[19.772303,41.351059],[19.772289,41.351056],[19.772084,41.351012],[19.772073,41.35101],[19.771902,41.350985],[19.771836,41.35098],[19.771705,41.350971],[19.771598,41.350976],[19.771552,41.350978],[19.771414,41.350985],[19.771359,41.350991],[19.771331,41.350994],[19.771178,41.351016],[19.771149,41.351052],[19.771044,41.351187],[19.771028,41.351207],[19.770996,41.351248],[19.770907,41.351362],[19.770892,41.351381],[19.770838,41.351451],[19.770786,41.351517],[19.77077,41.351538],[19.770748,41.351566],[19.770704,41.351627],[19.770683,41.351678],[19.770678,41.351691],[19.77067,41.351736],[19.770654,41.351827],[19.77069,41.351841],[19.770696,41.351843],[19.770702,41.351849],[19.770723,41.351871],[19.770739,41.351904],[19.770739,41.351939],[19.770723,41.351972],[19.770693,41.351999],[19.770689,41.352001],[19.770652,41.352017],[19.770605,41.352023],[19.770559,41.352017],[19.77052,41.352001],[19.770491,41.351977],[19.770476,41.351983],[19.770464,41.351988],[19.770447,41.352001],[19.770395,41.352028],[19.770268,41.35207],[19.770265,41.352071],[19.770249,41.352089],[19.770154,41.352205],[19.770142,41.352222],[19.770032,41.352382],[19.769923,41.352542],[19.769904,41.35257],[19.769817,41.352704],[19.769712,41.352865],[19.769607,41.353027],[19.769595,41.353047],[19.769493,41.353185],[19.769377,41.353343],[19.769316,41.353427],[19.769251,41.353495],[19.769111,41.353641],[19.76909,41.353663],[19.768966,41.353784],[19.768823,41.353923],[19.768819,41.353926],[19.768732,41.354011],[19.768673,41.354069],[19.768666,41.354075],[19.768532,41.354214],[19.768526,41.35422],[19.76851,41.354238],[19.768396,41.354357],[19.768392,41.35436],[19.768249,41.354504],[19.768229,41.354525],[19.768113,41.354652],[19.768094,41.354673],[19.767996,41.35481],[19.767973,41.354842],[19.767898,41.354907],[19.76784,41.354944],[19.767812,41.354962],[19.767639,41.355042],[19.767436,41.355137],[19.767425,41.355142],[19.767232,41.355231],[19.767052,41.355315],[19.767026,41.355324],[19.766998,41.355333],[19.766928,41.355358],[19.766818,41.35538],[19.7668,41.355382],[19.7667,41.355394],[19.766563,41.355409],[19.766326,41.355435],[19.766201,41.355449],[19.766101,41.355463],[19.766091,41.355466],[19.765985,41.355499],[19.765883,41.355553],[19.765872,41.355559],[19.765763,41.355622],[19.765695,41.355665],[19.765621,41.355713],[19.765522,41.355789],[19.765409,41.355876],[19.765359,41.355921],[19.765206,41.356059],[19.765053,41.356198],[19.764899,41.356336],[19.764746,41.356474],[19.764593,41.356612],[19.764439,41.35675],[19.764286,41.356889],[19.764261,41.356911],[19.764143,41.357022],[19.764136,41.357029],[19.764103,41.35706],[19.764062,41.357101],[19.764,41.35713],[19.763958,41.357143],[19.763932,41.357151],[19.763729,41.357195],[19.763519,41.35724],[19.763502,41.35725],[19.763457,41.357276],[19.763397,41.357321],[19.763343,41.357383],[19.763252,41.357488],[19.76321,41.357532],[19.763181,41.357563],[19.763096,41.357627],[19.763043,41.35766],[19.762888,41.357758],[19.76286,41.357776],[19.762703,41.357878],[19.762679,41.357894],[19.762497,41.358011],[19.762389,41.358082],[19.762307,41.35812],[19.762284,41.358131],[19.762156,41.358172],[19.762086,41.358188],[19.762018,41.358205],[19.761859,41.358244],[19.761801,41.358259],[19.761694,41.358303],[19.76165,41.35833],[19.761621,41.358349],[19.761573,41.358399],[19.761549,41.358448],[19.76154,41.358485],[19.761538,41.358493],[19.761522,41.358557],[19.761506,41.358664],[19.761506,41.358666],[19.761488,41.358838],[19.761488,41.358843],[19.761482,41.358899],[19.761475,41.359023],[19.761466,41.359202],[19.761457,41.35936],[19.761456,41.359382],[19.761448,41.359533],[19.761441,41.359562],[19.761422,41.35965],[19.761383,41.359736],[19.761375,41.359754],[19.761298,41.359904],[19.761212,41.360072],[19.761128,41.360234],[19.761125,41.36024],[19.761042,41.360408],[19.761001,41.360493],[19.760949,41.360574],[19.760904,41.360646],[19.760867,41.360701],[19.760842,41.360735],[19.760826,41.360758],[19.760698,41.360878],[19.76068,41.360894],[19.760577,41.360982],[19.760541,41.361014],[19.760491,41.361059],[19.760454,41.361097],[19.760407,41.361145],[19.760397,41.361158],[19.760311,41.36127],[19.760281,41.361315],[19.760256,41.361354],[19.760175,41.361477],[19.760092,41.361602],[19.760066,41.361637],[19.759953,41.361793],[19.759952,41.361795],[19.759852,41.361959],[19.759753,41.362122],[19.759702,41.362207],[19.759641,41.362281],[19.759627,41.362298],[19.759585,41.362348],[19.759517,41.362401],[19.759486,41.362417],[19.759446,41.362437],[19.759345,41.362472],[19.759271,41.362494],[19.759256,41.362499],[19.75904,41.362541],[19.758808,41.362586],[19.758709,41.362606],[19.758577,41.362634],[19.758347,41.362683],[19.758336,41.362686],[19.758293,41.362698],[19.758251,41.362715],[19.758221,41.362744],[19.7582,41.362781],[19.758187,41.362805],[19.758098,41.362972],[19.758009,41.363138],[19.758007,41.363142],[19.757951,41.363247],[19.757919,41.363305],[19.757829,41.363472],[19.757805,41.363517],[19.75774,41.363639],[19.757651,41.363806],[19.757598,41.363905],[19.757562,41.363973],[19.757502,41.364086],[19.757478,41.364141],[19.757432,41.364247],[19.757409,41.364314],[19.757369,41.364434],[19.757354,41.364489],[19.757307,41.364665],[19.757261,41.364841],[19.757239,41.364925],[19.757233,41.365018],[19.757233,41.36502],[19.75725,41.365104],[19.757285,41.365184],[19.757292,41.365194],[19.757333,41.365256],[19.757385,41.365314],[19.757418,41.365346],[19.757495,41.365419],[19.757542,41.365466],[19.757558,41.365493],[19.757567,41.365506],[19.757572,41.365553],[19.757578,41.36567],[19.757586,41.36585]]},"properties":{"line":"6","dir":"1","headsign":"Bregu Lumit","mode":"bus","color":"#0059a9"}},{"type":"Feature","geometry":{"type":"LineString","coordinates":[[19.821428,41.329411],[19.821332,41.329576],[19.821237,41.329741],[19.821141,41.329906],[19.821092,41.32999],[19.821046,41.330071],[19.820951,41.330236],[19.820857,41.330401],[19.820834,41.330441],[19.82082,41.330465],[19.820734,41.330555],[19.820675,41.330617],[19.820548,41.330604],[19.820539,41.330603],[19.820481,41.3306],[19.820379,41.330598],[19.820299,41.330603],[19.820278,41.330605],[19.820163,41.330613],[19.82006,41.330611],[19.820037,41.330611],[19.81985,41.330589],[19.819823,41.330586],[19.819587,41.330554],[19.819553,41.330549],[19.819352,41.330522],[19.819116,41.33049],[19.819044,41.330481],[19.81888,41.330458],[19.818644,41.330427],[19.818409,41.330395],[19.818173,41.330364],[19.818071,41.33035],[19.818029,41.330344],[19.817947,41.330332],[19.817937,41.33033],[19.81776,41.330302],[19.817703,41.330293],[19.817643,41.330284],[19.817468,41.330257],[19.817234,41.330221],[19.816999,41.330185],[19.81692,41.330173],[19.816851,41.330157],[19.81677,41.330134],[19.816764,41.330132],[19.816703,41.330106],[19.816622,41.330063],[19.816573,41.330033],[19.816538,41.330011],[19.816466,41.329954],[19.816411,41.3299],[19.816393,41.329882],[19.816329,41.3298],[19.816295,41.329743],[19.816275,41.329711],[19.81621,41.329575],[19.81613,41.32941],[19.816128,41.329405],[19.816061,41.329233],[19.816009,41.329097],[19.815998,41.329059],[19.815978,41.328988],[19.81601,41.328879],[19.816062,41.328703],[19.816074,41.328662],[19.816107,41.328527],[19.816151,41.32835],[19.816163,41.328304],[19.816171,41.328269],[19.816188,41.328199],[19.816194,41.328173],[19.816202,41.328138],[19.816211,41.3281],[19.816238,41.327996],[19.81624,41.327989],[19.816282,41.327819],[19.816284,41.32781],[19.81633,41.327643],[19.816331,41.327641],[19.816377,41.327467],[19.816419,41.327303],[19.816423,41.32729],[19.816473,41.327114],[19.816522,41.326938],[19.816534,41.326899],[19.816555,41.326826],[19.816573,41.326763],[19.8166,41.326663],[19.816622,41.326587],[19.816672,41.326411],[19.816722,41.326235],[19.81677,41.326068],[19.816772,41.326059],[19.816822,41.325883],[19.816865,41.325732],[19.816872,41.325707],[19.81689,41.325642],[19.816902,41.325598],[19.816991,41.325612],[19.817038,41.325619],[19.817226,41.325648],[19.817346,41.325667],[19.81746,41.325685],[19.817695,41.325722],[19.817929,41.325759],[19.818164,41.325795],[19.818398,41.325832],[19.818633,41.325869],[19.818867,41.325906],[19.818888,41.325909],[19.818923,41.325915],[19.819015,41.325929],[19.819102,41.325942],[19.819105,41.325943],[19.819058,41.326117],[19.819011,41.326293],[19.818963,41.326469],[19.818958,41.326489],[19.818915,41.326645],[19.818911,41.326661],[19.818909,41.326713],[19.818925,41.326758],[19.818944,41.326779],[19.818975,41.326804],[19.818982,41.326809],[19.819047,41.326858],[19.81911,41.326915],[19.819139,41.326945],[19.819164,41.32697],[19.819201,41.327013],[19.819236,41.327063],[19.819264,41.327098],[19.819265,41.327099],[19.81928,41.327113],[19.819307,41.327132],[19.81934,41.327143],[19.819404,41.327158],[19.81948,41.327164],[19.819496,41.327166],[19.819632,41.327178],[19.819718,41.327185],[19.819956,41.327206],[19.820177,41.327225],[19.820194,41.327227],[19.820432,41.327248],[19.820624,41.327264],[19.820669,41.327268],[19.820907,41.327289],[19.821042,41.327301],[19.821145,41.32731],[19.821371,41.32733],[19.821383,41.327331],[19.821621,41.327352],[19.821859,41.327372],[19.821888,41.327375],[19.822053,41.327389],[19.822097,41.327393],[19.822335,41.327414],[19.822489,41.327427],[19.82257,41.327444],[19.822609,41.327452],[19.822671,41.327474],[19.822706,41.327514],[19.822788,41.327481],[19.822864,41.32745],[19.822997,41.327394],[19.82303,41.32738],[19.823204,41.327302],[19.82341,41.327211],[19.823524,41.32716],[19.823609,41.32712],[19.823615,41.327118],[19.823748,41.327059],[19.823812,41.327018],[19.823907,41.326958],[19.824008,41.326915],[19.824019,41.32691],[19.824217,41.326827],[19.824238,41.326818],[19.824332,41.326771],[19.824365,41.326753],[19.824398,41.326732],[19.824412,41.326722],[19.824438,41.326704],[19.824469,41.326682],[19.824498,41.326661],[19.824543,41.326621],[19.824572,41.326592],[19.824574,41.32659],[19.824604,41.326557],[19.824629,41.326524],[19.824651,41.326485],[19.824674,41.326438],[19.824678,41.326428],[19.824695,41.326384],[19.824738,41.326254],[19.824796,41.32608],[19.824854,41.325905],[19.824912,41.325731],[19.824963,41.325578],[19.82497,41.325556],[19.825008,41.32544],[19.825026,41.325386],[19.825028,41.325381],[19.825043,41.325339],[19.825088,41.325207],[19.825146,41.325033],[19.825155,41.325006],[19.825166,41.324973],[19.825175,41.324923],[19.825165,41.324856],[19.825164,41.324845],[19.825138,41.324764],[19.825129,41.324737],[19.825108,41.324681],[19.825043,41.324508],[19.825019,41.324444],[19.824979,41.324334],[19.824917,41.324161],[19.824878,41.324052],[19.824855,41.323987],[19.824826,41.323904],[19.824815,41.323847],[19.824813,41.32381],[19.824809,41.323736],[19.824808,41.323686],[19.824806,41.323631],[19.824799,41.323451],[19.824792,41.323271],[19.824792,41.323263],[19.824787,41.323132],[19.824788,41.323091],[19.82479,41.323015],[19.824795,41.322963],[19.824807,41.322912],[19.824807,41.322911],[19.824821,41.322861],[19.824841,41.322803],[19.824872,41.322739],[19.824912,41.32266],[19.824962,41.322573],[19.825057,41.322408],[19.825152,41.322242],[19.825247,41.322077],[19.825272,41.322035],[19.825317,41.32195],[19.825338,41.321911],[19.825378,41.321835],[19.825414,41.321771],[19.825429,41.321745],[19.825526,41.32158],[19.825615,41.321428],[19.825623,41.321415],[19.825721,41.321251],[19.82582,41.321088],[19.825861,41.321018],[19.825917,41.320923],[19.826013,41.320758],[19.826109,41.320594],[19.826187,41.320461],[19.826205,41.320429],[19.826297,41.320263],[19.826358,41.320154],[19.826392,41.320098],[19.826491,41.319934],[19.826586,41.319779],[19.826592,41.319771],[19.826633,41.319725],[19.826735,41.319627],[19.826793,41.319572],[19.826892,41.319491],[19.826901,41.319483],[19.827025,41.319403],[19.827079,41.319379],[19.827119,41.319362],[19.827169,41.31934],[19.827292,41.319296],[19.827313,41.319289],[19.827429,41.31925],[19.827512,41.319225],[19.827733,41.319155],[19.827781,41.31914],[19.827954,41.319086],[19.828127,41.319032],[19.828175,41.319017],[19.828396,41.318948],[19.828452,41.318931],[19.828617,41.318879],[19.828839,41.31881],[19.828893,41.318793],[19.829031,41.31875],[19.829056,41.318736],[19.829113,41.318705],[19.829191,41.318665],[19.829254,41.318634],[19.82932,41.318603],[19.829461,41.318545],[19.829465,41.318543],[19.829681,41.318472],[19.8299,41.3184],[19.829945,41.318386],[19.830118,41.318326],[19.830197,41.3183],[19.830337,41.318253],[19.830344,41.318251],[19.830399,41.318219],[19.830445,41.318172],[19.830456,41.318131],[19.830469,41.31811],[19.83048,41.318093],[19.830516,41.31806],[19.83056,41.318035],[19.830612,41.318018],[19.830657,41.318012],[19.830667,41.318011],[19.830723,41.318015],[19.830776,41.318028],[19.830874,41.318022],[19.830895,41.31802],[19.830967,41.318012],[19.831053,41.318],[19.831127,41.317986],[19.83113,41.317985],[19.831215,41.317963],[19.831351,41.317916],[19.831569,41.317841],[19.831755,41.317777],[19.831786,41.317766],[19.832004,41.31769],[19.832218,41.317617],[19.832221,41.317615],[19.832338,41.317568],[19.832422,41.31753],[19.83243,41.317525],[19.832498,41.317487],[19.832559,41.317445],[19.832607,41.317406],[19.832635,41.317383],[19.832698,41.31732],[19.832747,41.317268],[19.832751,41.317262],[19.832781,41.317223],[19.832818,41.317164],[19.832855,41.3171],[19.832868,41.317076],[19.83295,41.316935],[19.832953,41.31693],[19.833042,41.316771],[19.833043,41.316769],[19.833107,41.316659],[19.833138,41.316604],[19.833181,41.316529],[19.833233,41.316439],[19.83333,41.316275],[19.833426,41.31611],[19.833523,41.315945],[19.833619,41.315781],[19.833716,41.315616],[19.833812,41.315451],[19.833909,41.315287],[19.834005,41.315122],[19.834101,41.314957],[19.83419,41.314806],[19.834198,41.314793],[19.834256,41.314697],[19.834296,41.314629],[19.834345,41.314548],[19.834384,41.314476],[19.834391,41.314464],[19.834428,41.314388],[19.834451,41.314317],[19.834456,41.314291],[19.834464,41.314253],[19.834471,41.314175],[19.834469,41.314111],[19.834468,41.314098],[19.834466,41.314061],[19.834456,41.313932],[19.83445,41.313847],[19.834449,41.313752],[19.834447,41.313613],[19.834453,41.313572],[19.834471,41.313449],[19.834492,41.313395],[19.834498,41.313381],[19.834519,41.313328],[19.834583,41.31323],[19.834655,41.31312],[19.834678,41.313089],[19.834693,41.31307],[19.834812,41.312914],[19.834843,41.312874],[19.834925,41.312755],[19.834966,41.312696],[19.835039,41.312597],[19.835154,41.312439],[19.83527,41.312282],[19.835386,41.312124],[19.835502,41.311967],[19.835524,41.311937],[19.835614,41.311808],[19.835726,41.311649],[19.8358,41.311544],[19.835839,41.31149],[19.835953,41.311332],[19.836067,41.311174],[19.836083,41.311152],[19.836179,41.311015],[19.836221,41.310956],[19.836268,41.310868],[19.836275,41.310851],[19.836345,41.310679],[19.836415,41.310507],[19.836438,41.310448],[19.836485,41.310335],[19.836502,41.310293],[19.836554,41.310162],[19.836621,41.30999],[19.836689,41.309817],[19.8367,41.30979],[19.836759,41.309645],[19.836767,41.309627],[19.836829,41.309473],[19.836872,41.309367],[19.836898,41.309301],[19.836968,41.309129],[19.837037,41.308957],[19.837057,41.308909],[19.837108,41.308785],[19.837111,41.308779],[19.837174,41.308622],[19.837179,41.308613],[19.837234,41.308512],[19.837276,41.308449],[19.837293,41.308421],[19.83737,41.308321],[19.837393,41.308292],[19.837438,41.308237],[19.837528,41.308143],[19.837531,41.308141],[19.837616,41.308061],[19.837684,41.308007],[19.837744,41.307959],[19.837846,41.307874],[19.837928,41.307805],[19.838014,41.307746],[19.838017,41.307744],[19.838052,41.307725],[19.838124,41.307684],[19.83821,41.307643],[19.838215,41.307641],[19.838324,41.307603],[19.83842,41.307569],[19.838428,41.307567],[19.838448,41.307563],[19.83851,41.307548],[19.838609,41.307535],[19.838663,41.30753],[19.838736,41.307524],[19.838901,41.307523],[19.838915,41.307523],[19.839141,41.307515],[19.83938,41.307508],[19.839602,41.3075],[19.83962,41.307499],[19.839712,41.30749],[19.839772,41.307479],[19.839835,41.307465],[19.839852,41.307459],[19.839889,41.307445],[19.83994,41.307409],[19.839964,41.307382],[19.839993,41.307358],[19.840028,41.307338],[19.840029,41.307338],[19.840068,41.307322],[19.840111,41.307311],[19.840156,41.307306],[19.840202,41.307307],[19.840247,41.307313],[19.840263,41.307318],[19.840289,41.307325],[19.840305,41.307332],[19.840357,41.307318],[19.840414,41.307306],[19.84047,41.30729],[19.840492,41.307281],[19.84051,41.307273],[19.840555,41.307253],[19.840593,41.307229],[19.840647,41.307199],[19.840691,41.307182],[19.840748,41.307161],[19.840809,41.307117],[19.840875,41.307069],[19.840877,41.307068],[19.840958,41.307012],[19.841028,41.306963],[19.841052,41.306945],[19.841081,41.306924],[19.841226,41.306822],[19.841259,41.306799],[19.841401,41.306699],[19.841543,41.306599],[19.841576,41.306576],[19.841753,41.306455],[19.841886,41.306364],[19.841926,41.306337],[19.84193,41.306334],[19.842021,41.306271],[19.842106,41.306212],[19.842156,41.306177],[19.842282,41.30609],[19.84235,41.306042],[19.842458,41.305968],[19.842572,41.305889],[19.842634,41.305846],[19.842715,41.30579],[19.842732,41.305778],[19.84281,41.305724],[19.842977,41.305609],[19.842987,41.305603],[19.843122,41.305514],[19.84317,41.305487],[19.843271,41.305433],[19.843369,41.305386],[19.843523,41.305313],[19.843571,41.30529],[19.843774,41.305195],[19.843839,41.305165],[19.843911,41.305131],[19.843978,41.3051],[19.844043,41.30507],[19.844181,41.305005],[19.844187,41.305002],[19.844244,41.304966],[19.84429,41.304922],[19.844331,41.304867],[19.844336,41.304861],[19.844442,41.304707],[19.844536,41.304572],[19.844553,41.304548],[19.844664,41.304389],[19.844774,41.304229],[19.844885,41.30407],[19.844996,41.30391],[19.845107,41.303751],[19.84519,41.303631],[19.845218,41.303591],[19.845333,41.303433],[19.845379,41.30337],[19.845447,41.303275],[19.845505,41.303195],[19.845564,41.303118],[19.845683,41.302962],[19.845803,41.302806],[19.845922,41.302651],[19.846041,41.302496],[19.846041,41.302495],[19.846097,41.302422],[19.846135,41.302373],[19.846161,41.302339],[19.84628,41.302183],[19.8464,41.302027],[19.84644,41.301975],[19.84648,41.301923],[19.846519,41.301871],[19.846577,41.301794],[19.846635,41.301714],[19.846722,41.301594],[19.846756,41.301559],[19.846788,41.301526],[19.846899,41.301415],[19.846929,41.301385],[19.846975,41.30135],[19.847077,41.301293],[19.847143,41.301256],[19.847279,41.301196],[19.847421,41.301134],[19.847487,41.301106],[19.847589,41.301063],[19.847695,41.301017],[19.847867,41.300943],[19.847903,41.300928],[19.848112,41.30084],[19.848321,41.300752],[19.848431,41.300706],[19.848527,41.300661],[19.84856,41.300645],[19.848726,41.300561],[19.848772,41.300538],[19.848915,41.300451],[19.84892,41.300447],[19.849091,41.300328],[19.849092,41.300328],[19.849259,41.3002],[19.849426,41.300071],[19.849565,41.299964],[19.849594,41.299943],[19.849761,41.299814],[19.849912,41.299697],[19.849928,41.299685],[19.850095,41.299556],[19.850099,41.299553],[19.85013,41.299529],[19.850255,41.299423],[19.850414,41.299288],[19.850439,41.299267],[19.850576,41.299166],[19.850583,41.29916],[19.850752,41.299033],[19.850766,41.299022],[19.850838,41.298965],[19.850873,41.298931],[19.850904,41.298894],[19.85091,41.298887],[19.850947,41.298831],[19.850972,41.298781],[19.850994,41.298728],[19.851064,41.298555],[19.851066,41.298549],[19.851123,41.298389],[19.851126,41.298382],[19.851188,41.298208],[19.85125,41.298034],[19.851293,41.297911],[19.851312,41.29786],[19.851374,41.297687],[19.851388,41.297647],[19.851436,41.297513],[19.85147,41.29742],[19.851499,41.29734],[19.85154,41.29723],[19.851564,41.297166],[19.851628,41.296993],[19.851692,41.29682],[19.851704,41.296789],[19.851753,41.296656],[19.851757,41.296646],[19.851821,41.296473],[19.851885,41.2963],[19.851922,41.296199],[19.851949,41.296127],[19.85201,41.295962],[19.852014,41.295953],[19.852079,41.29578],[19.852145,41.295608],[19.85221,41.295435],[19.852276,41.295262],[19.852278,41.295256],[19.852342,41.295089],[19.852384,41.294977],[19.852407,41.294916],[19.852408,41.294913],[19.852471,41.294742],[19.852471,41.294741],[19.852492,41.294687],[19.852531,41.294581],[19.852535,41.294568],[19.852594,41.294394],[19.852607,41.294358],[19.852651,41.294219],[19.852696,41.294076],[19.852707,41.294044],[19.85275,41.293917],[19.852766,41.29387],[19.852826,41.293696],[19.852874,41.293555],[19.852886,41.293522],[19.852948,41.293348],[19.852964,41.293304],[19.85301,41.293175],[19.853072,41.293001],[19.853078,41.292985],[19.853139,41.292828],[19.853154,41.29279],[19.853213,41.292657],[19.853235,41.29261],[19.853289,41.292487],[19.853344,41.292365],[19.853375,41.292319],[19.853486,41.29216],[19.853597,41.292],[19.853708,41.291841],[19.853726,41.291815],[19.85382,41.291682],[19.853931,41.291523],[19.854043,41.291364],[19.854155,41.291205],[19.854199,41.291142],[19.854265,41.291045],[19.854375,41.290885],[19.854429,41.290807],[19.854478,41.290723],[19.854574,41.290558],[19.854671,41.290394],[19.854767,41.290229],[19.854864,41.290064],[19.85496,41.2899],[19.855057,41.289735],[19.855153,41.289571],[19.85525,41.289406],[19.855346,41.289241],[19.85542,41.289116],[19.855444,41.289077],[19.855542,41.288913],[19.855641,41.288749],[19.855739,41.288585],[19.855838,41.288421],[19.855877,41.288356],[19.855941,41.288259],[19.856047,41.288098],[19.856118,41.287991],[19.856149,41.287935],[19.856213,41.287819],[19.856238,41.287768],[19.856278,41.287686],[19.856316,41.287598],[19.856327,41.287572],[19.856363,41.287459],[19.856371,41.287423],[19.856389,41.287341],[19.856398,41.287244],[19.8564,41.287222],[19.856391,41.287122],[19.856382,41.287065],[19.856369,41.286972],[19.856344,41.286888],[19.856292,41.286712],[19.856263,41.286617],[19.85625,41.286535],[19.856235,41.286437],[19.856228,41.286356],[19.856223,41.28629],[19.856234,41.286211],[19.856237,41.286177],[19.856252,41.285998],[19.856254,41.285978],[19.856283,41.28582],[19.856287,41.285797],[19.856322,41.285677],[19.856327,41.285643],[19.856343,41.285541],[19.856348,41.285462],[19.85635,41.285439],[19.856386,41.285362],[19.856441,41.285311],[19.856474,41.285281],[19.856601,41.285179],[19.856692,41.285107],[19.856773,41.285054],[19.856779,41.285051],[19.85688,41.284996],[19.856973,41.284961],[19.856985,41.284956],[19.857153,41.284901],[19.857193,41.284893],[19.857293,41.284874],[19.857428,41.284859],[19.857527,41.284848],[19.857665,41.284834],[19.857902,41.284809],[19.857928,41.284806],[19.858139,41.284782],[19.858212,41.284774],[19.858334,41.284736],[19.858358,41.284711],[19.858416,41.28465],[19.858457,41.284552],[19.858463,41.284537],[19.858528,41.28438],[19.8586,41.284209],[19.858611,41.284181],[19.858673,41.284037],[19.85871,41.283949],[19.858742,41.283886],[19.858753,41.283868],[19.858793,41.283807],[19.858837,41.283748],[19.858857,41.283707],[19.85891,41.283603],[19.858931,41.283554],[19.858936,41.283536],[19.858944,41.283505],[19.858941,41.283487],[19.858942,41.283469],[19.858901,41.283392],[19.858886,41.283365],[19.858853,41.283304],[19.858833,41.283288],[19.858797,41.283256],[19.858752,41.283218],[19.858686,41.283162],[19.858594,41.283083],[19.858523,41.283023],[19.858466,41.282972],[19.858439,41.282947],[19.858437,41.282946],[19.858374,41.282892],[19.858283,41.282811],[19.858129,41.282673],[19.857976,41.282535],[19.857961,41.282522],[19.857821,41.282398],[19.857673,41.282267],[19.857666,41.282261],[19.857511,41.282124],[19.857391,41.282017],[19.857356,41.281986],[19.857308,41.281944],[19.8572,41.28185],[19.857044,41.281714],[19.857033,41.281704],[19.856919,41.281619],[19.856868,41.281589],[19.85684,41.281572],[19.856724,41.281527],[19.856648,41.281505],[19.856593,41.281489],[19.856464,41.281464],[19.856422,41.28146],[19.856464,41.281464],[19.856468,41.281381],[19.856468,41.281333],[19.856458,41.281293],[19.856455,41.281287],[19.856429,41.281223],[19.856388,41.281147],[19.856372,41.281118],[19.85635,41.281075],[19.856316,41.280995],[19.856296,41.280948],[19.856291,41.280936],[19.856274,41.280888],[19.856274,41.280857],[19.856278,41.280801],[19.856285,41.280769],[19.856296,41.280723],[19.856287,41.280638],[19.856282,41.280596],[19.856281,41.280592],[19.856263,41.280546],[19.85624,41.280504],[19.856213,41.280464],[19.85621,41.280459],[19.856193,41.28043],[19.856158,41.28038],[19.856104,41.280359],[19.856049,41.280346],[19.855996,41.280337],[19.855952,41.280331],[19.855904,41.280327],[19.855851,41.280325],[19.855809,41.280327],[19.855797,41.280328],[19.855685,41.280339],[19.855563,41.280359],[19.855529,41.280364],[19.8554,41.28039],[19.855334,41.280417],[19.855274,41.280442],[19.855147,41.280516],[19.855138,41.280525],[19.855073,41.280593],[19.855027,41.280665],[19.855018,41.280682],[19.854939,41.280852],[19.854904,41.280926],[19.85486,41.281021],[19.854816,41.281115],[19.854779,41.281191],[19.854697,41.281359],[19.854614,41.281528],[19.854589,41.28158],[19.854535,41.281698],[19.854457,41.281868],[19.85438,41.282039],[19.854303,41.282209],[19.854225,41.282379],[19.854217,41.282396],[19.854184,41.282482],[19.854175,41.282556],[19.854174,41.282563],[19.854194,41.282637],[19.854237,41.28274],[19.854309,41.282911],[19.854326,41.282951],[19.854374,41.283015],[19.854511,41.283035],[19.854554,41.283041],[19.854646,41.283049],[19.85471,41.283022],[19.854782,41.283013],[19.854858,41.283035],[19.854915,41.283064],[19.854935,41.283074],[19.855087,41.283183]]},"properties":{"line":"8A","dir":"0","headsign":"Terminali Juglindor","mode":"bus","color":"#0059a9"}},{"type":"Feature","geometry":{"type":"LineString","coordinates":[[19.855097,41.28319],[19.855133,41.283216],[19.855271,41.283314],[19.855304,41.283337],[19.855445,41.283437],[19.855544,41.283508],[19.855577,41.283568],[19.855597,41.283605],[19.855536,41.283602],[19.855483,41.283627],[19.855455,41.283662],[19.855455,41.283666],[19.855452,41.283711],[19.855381,41.283651],[19.855325,41.283597],[19.855262,41.283562],[19.855113,41.283478],[19.855071,41.283458],[19.854976,41.283412],[19.854873,41.283352],[19.854683,41.283243],[19.8546,41.283195],[19.854604,41.283119],[19.854634,41.283069],[19.854646,41.283049],[19.854554,41.283041],[19.854413,41.28302],[19.854374,41.283015],[19.854326,41.282951],[19.854286,41.282855],[19.854214,41.282684],[19.854194,41.282637],[19.854174,41.282563],[19.854181,41.282505],[19.854184,41.282482],[19.854217,41.282396],[19.854246,41.282334],[19.854323,41.282164],[19.8544,41.281994],[19.854478,41.281824],[19.854555,41.281654],[19.854589,41.28158],[19.854635,41.281484],[19.854718,41.281316],[19.854801,41.281147],[19.854816,41.281115],[19.85488,41.280977],[19.854904,41.280926],[19.85496,41.280807],[19.855027,41.280665],[19.855043,41.28064],[19.855073,41.280593],[19.855147,41.280516],[19.855175,41.280499],[19.855274,41.280442],[19.855373,41.280401],[19.8554,41.28039],[19.855529,41.280364],[19.855599,41.280353],[19.855685,41.280339],[19.855809,41.280327],[19.855834,41.280326],[19.855851,41.280325],[19.855904,41.280327],[19.855952,41.280331],[19.855996,41.280337],[19.856049,41.280346],[19.856078,41.280353],[19.856104,41.280359],[19.856158,41.28038],[19.85613,41.280359],[19.856109,41.280334],[19.856097,41.280306],[19.856085,41.280273],[19.856085,41.280245],[19.85609,41.280218],[19.856092,41.28021],[19.856096,41.280195],[19.856129,41.28015],[19.856161,41.280126],[19.856182,41.280116],[19.856205,41.280105],[19.856235,41.280095],[19.856267,41.280089],[19.856293,41.280086],[19.856328,41.280084],[19.856357,41.280087],[19.856371,41.280089],[19.856376,41.28009],[19.856403,41.280096],[19.856431,41.280106],[19.856468,41.28013],[19.856489,41.280147],[19.856514,41.280168],[19.856531,41.280197],[19.856542,41.280223],[19.856543,41.280233],[19.856547,41.280252],[19.856543,41.280285],[19.856537,41.280314],[19.856522,41.280339],[19.856498,41.28037],[19.85647,41.280391],[19.856445,41.280418],[19.856416,41.280451],[19.856386,41.280491],[19.856362,41.280536],[19.85636,41.28054],[19.856339,41.280585],[19.856325,41.280638],[19.856302,41.280705],[19.856296,41.280723],[19.856278,41.280801],[19.856274,41.280857],[19.856274,41.280888],[19.856277,41.280898],[19.856291,41.280936],[19.856316,41.280995],[19.856348,41.281071],[19.85635,41.281075],[19.856388,41.281147],[19.856429,41.281223],[19.856435,41.281238],[19.856458,41.281293],[19.856468,41.281333],[19.856468,41.281381],[19.856466,41.281415],[19.856464,41.281464],[19.856593,41.281489],[19.856654,41.281507],[19.856724,41.281527],[19.85684,41.281572],[19.856863,41.281586],[19.856919,41.281619],[19.857033,41.281704],[19.857035,41.281706],[19.857191,41.281842],[19.857308,41.281944],[19.857347,41.281979],[19.857391,41.282017],[19.857502,41.282116],[19.857657,41.282253],[19.857673,41.282267],[19.857812,41.28239],[19.857961,41.282522],[19.857967,41.282527],[19.858121,41.282665],[19.858275,41.282803],[19.858374,41.282892],[19.85843,41.28294],[19.858437,41.282946],[19.858466,41.282972],[19.858523,41.283023],[19.858586,41.283076],[19.858686,41.283162],[19.858744,41.283211],[19.858797,41.283256],[19.858833,41.283288],[19.858853,41.283304],[19.858929,41.283331],[19.858968,41.283344],[19.859023,41.283363],[19.859068,41.283379],[19.85909,41.283379],[19.859111,41.283382],[19.859148,41.283393],[19.859179,41.283411],[19.859202,41.283435],[19.859215,41.283463],[19.859217,41.283493],[19.859208,41.283521],[19.859197,41.283536],[19.85919,41.283545],[19.859164,41.283565],[19.859134,41.283579],[19.8591,41.283586],[19.859054,41.283606],[19.859026,41.28362],[19.858997,41.283636],[19.858994,41.283638],[19.858837,41.283748],[19.858826,41.283762],[19.858793,41.283807],[19.858742,41.283886],[19.858723,41.283924],[19.85871,41.283949],[19.858648,41.284095],[19.858611,41.284181],[19.858576,41.284266],[19.858504,41.284438],[19.858463,41.284537],[19.858433,41.28461],[19.858416,41.28465],[19.858334,41.284736],[19.858295,41.284748],[19.858212,41.284774],[19.858059,41.284791],[19.857928,41.284806],[19.857822,41.284817],[19.857585,41.284842],[19.857527,41.284848],[19.857348,41.284868],[19.857293,41.284874],[19.857153,41.284901],[19.857116,41.284913],[19.856985,41.284956],[19.856901,41.284988],[19.85688,41.284996],[19.856779,41.285051],[19.856712,41.285094],[19.856692,41.285107],[19.856546,41.285223],[19.856474,41.285281],[19.85639,41.285358],[19.856386,41.285362],[19.85635,41.285439],[19.856344,41.285523],[19.856343,41.285541],[19.856322,41.285677],[19.856314,41.285704],[19.856287,41.285797],[19.856272,41.28588],[19.856254,41.285978],[19.856247,41.286058],[19.856234,41.286211],[19.85623,41.286237],[19.856223,41.28629],[19.856233,41.286416],[19.856235,41.286437],[19.85626,41.286595],[19.856263,41.286617],[19.856309,41.286771],[19.856361,41.286947],[19.856369,41.286972],[19.856391,41.287122],[19.856391,41.287125],[19.8564,41.287222],[19.856392,41.287304],[19.856389,41.287341],[19.856363,41.287459],[19.856356,41.287482],[19.856327,41.287572],[19.856291,41.287655],[19.856278,41.287686],[19.856213,41.287819],[19.85621,41.287824],[19.856118,41.287991],[19.856118,41.287991],[19.856011,41.288152],[19.855905,41.288313],[19.855877,41.288356],[19.855805,41.288476],[19.855706,41.28864],[19.855608,41.288804],[19.855509,41.288968],[19.85542,41.289116],[19.855411,41.289132],[19.855314,41.289297],[19.855218,41.289461],[19.855121,41.289626],[19.855025,41.28979],[19.854928,41.289955],[19.854831,41.29012],[19.854735,41.290284],[19.854638,41.290449],[19.854542,41.290613],[19.854445,41.290778],[19.854429,41.290807],[19.854338,41.290939],[19.854228,41.291099],[19.854199,41.291142],[19.854117,41.291258],[19.854005,41.291417],[19.853894,41.291576],[19.853782,41.291735],[19.853726,41.291815],[19.853671,41.291895],[19.85356,41.292054],[19.853449,41.292213],[19.853344,41.292365],[19.85334,41.292373],[19.853264,41.292544],[19.853235,41.29261],[19.853188,41.292715],[19.853154,41.29279],[19.853116,41.292886],[19.853078,41.292985],[19.853051,41.293059],[19.852989,41.293233],[19.852964,41.293304],[19.852927,41.293407],[19.852874,41.293555],[19.852865,41.29358],[19.852806,41.293754],[19.85275,41.293917],[19.852746,41.293929],[19.852696,41.294076],[19.852687,41.294103],[19.852632,41.294278],[19.852607,41.294358],[19.852574,41.294453],[19.852531,41.294581],[19.852513,41.294627],[19.852492,41.294687],[19.852471,41.294741],[19.85245,41.2948],[19.852408,41.294913],[19.852385,41.294974],[19.852384,41.294977],[19.85232,41.295147],[19.852278,41.295256],[19.852254,41.29532],[19.852188,41.295493],[19.852123,41.295666],[19.852057,41.295839],[19.85201,41.295962],[19.851992,41.296012],[19.851928,41.296185],[19.851922,41.296199],[19.851863,41.296358],[19.851799,41.296531],[19.851753,41.296656],[19.851735,41.296705],[19.851704,41.296789],[19.851671,41.296878],[19.851606,41.297051],[19.851542,41.297224],[19.85154,41.29723],[19.851478,41.297398],[19.85147,41.29742],[19.851415,41.297571],[19.851388,41.297647],[19.851353,41.297745],[19.851293,41.297911],[19.851291,41.297919],[19.851229,41.298092],[19.851167,41.298266],[19.851123,41.298389],[19.851105,41.29844],[19.851066,41.298549],[19.85104,41.298613],[19.850972,41.298781],[19.85097,41.298785],[19.850947,41.298831],[19.85091,41.298887],[19.850873,41.298931],[19.850859,41.298945],[19.850838,41.298965],[19.850766,41.299022],[19.850696,41.299075],[19.850576,41.299166],[19.850526,41.299202],[19.850439,41.299267],[19.850361,41.299333],[19.850202,41.299468],[19.85013,41.299529],[19.850099,41.299553],[19.850039,41.299599],[19.849912,41.299697],[19.849872,41.299728],[19.849705,41.299857],[19.849565,41.299964],[19.849537,41.299986],[19.84937,41.300114],[19.849203,41.300243],[19.849092,41.300328],[19.849032,41.300369],[19.84892,41.300447],[19.848853,41.300488],[19.848772,41.300538],[19.84866,41.300595],[19.84856,41.300645],[19.848459,41.300693],[19.848431,41.300706],[19.848251,41.300782],[19.848042,41.300869],[19.847867,41.300943],[19.847833,41.300958],[19.847625,41.301047],[19.847589,41.301063],[19.847421,41.301134],[19.847417,41.301136],[19.84721,41.301226],[19.847143,41.301256],[19.847013,41.301329],[19.846975,41.30135],[19.846929,41.301385],[19.846851,41.301463],[19.846788,41.301526],[19.846722,41.301594],[19.846712,41.301609],[19.846597,41.301767],[19.846577,41.301794],[19.84648,41.301923],[19.846479,41.301923],[19.84644,41.301975],[19.84636,41.302079],[19.84624,41.302235],[19.846135,41.302373],[19.846121,41.302391],[19.846097,41.302422],[19.846041,41.302496],[19.846001,41.302547],[19.845882,41.302703],[19.845763,41.302859],[19.845643,41.303015],[19.845524,41.303171],[19.845505,41.303195],[19.845409,41.303328],[19.845379,41.30337],[19.845294,41.303486],[19.84519,41.303631],[19.84518,41.303645],[19.845069,41.303804],[19.844959,41.303964],[19.844848,41.304123],[19.844737,41.304283],[19.844627,41.304442],[19.844536,41.304572],[19.844516,41.304602],[19.844405,41.304761],[19.844336,41.304861],[19.844292,41.304919],[19.84429,41.304922],[19.844244,41.304966],[19.844187,41.305002],[19.844113,41.305037],[19.844043,41.30507],[19.843911,41.305131],[19.843909,41.305132],[19.843839,41.305165],[19.843706,41.305227],[19.843523,41.305313],[19.843503,41.305322],[19.843301,41.305419],[19.843271,41.305433],[19.843122,41.305514],[19.843106,41.305524],[19.842977,41.305609],[19.842927,41.305643],[19.842751,41.305765],[19.842732,41.305778],[19.842715,41.30579],[19.842575,41.305887],[19.842572,41.305889],[19.842399,41.306009],[19.84235,41.306042],[19.842223,41.306131],[19.842156,41.306177],[19.842047,41.306253],[19.842021,41.306271],[19.841926,41.306337],[19.841886,41.306364],[19.841871,41.306375],[19.841694,41.306496],[19.841543,41.306599],[19.841517,41.306617],[19.841342,41.30674],[19.841259,41.306799],[19.841167,41.306863],[19.841081,41.306924],[19.841028,41.306963],[19.840994,41.306987],[19.840958,41.307012],[19.840875,41.307069],[19.840819,41.30711],[19.840809,41.307117],[19.840748,41.307161],[19.840688,41.307224],[19.840661,41.307245],[19.840598,41.307295],[19.840539,41.307344],[19.840502,41.30738],[19.840475,41.307406],[19.840428,41.307444],[19.840433,41.307456],[19.840442,41.307496],[19.84044,41.307528],[19.840438,41.307538],[19.840432,41.30756],[19.840418,41.30759],[19.840397,41.307618],[19.84037,41.307644],[19.840338,41.307666],[19.840306,41.307682],[19.840302,41.307683],[19.840263,41.307696],[19.840221,41.307705],[19.840179,41.307708],[19.840136,41.307706],[19.840094,41.307699],[19.840073,41.307692],[19.840054,41.307686],[19.840017,41.30767],[19.839984,41.307649],[19.839957,41.307624],[19.839908,41.307597],[19.839877,41.307589],[19.839849,41.307583],[19.839781,41.307577],[19.839747,41.307576],[19.839715,41.307574],[19.83964,41.307577],[19.839464,41.307583],[19.8394,41.307586],[19.839161,41.307595],[19.838947,41.307603],[19.838922,41.307603],[19.838767,41.307609],[19.838683,41.307616],[19.838656,41.307618],[19.838555,41.307631],[19.838464,41.307653],[19.83845,41.307657],[19.83838,41.307682],[19.838273,41.307718],[19.838235,41.307735],[19.838193,41.307753],[19.838101,41.307801],[19.838042,41.307841],[19.838015,41.30786],[19.837878,41.307972],[19.837825,41.308015],[19.837713,41.308103],[19.837709,41.308106],[19.837625,41.308188],[19.837567,41.308245],[19.837547,41.308266],[19.837471,41.308356],[19.837439,41.308397],[19.837412,41.308433],[19.837339,41.308542],[19.837331,41.308558],[19.837286,41.308645],[19.837247,41.308726],[19.837238,41.308744],[19.837176,41.308898],[19.837174,41.308903],[19.837106,41.30907],[19.837037,41.309242],[19.836968,41.309414],[19.83694,41.309483],[19.836899,41.309587],[19.836832,41.309759],[19.836774,41.309906],[19.836764,41.309932],[19.836695,41.310104],[19.83666,41.310192],[19.836625,41.310276],[19.836608,41.310318],[19.836559,41.310449],[19.836551,41.31047],[19.836489,41.310621],[19.836418,41.310793],[19.836347,41.310965],[19.836262,41.311108],[19.836248,41.311129],[19.836193,41.311207],[19.836131,41.311286],[19.836009,41.311441],[19.835939,41.311529],[19.835891,41.311597],[19.835779,41.311756],[19.835667,41.311915],[19.835659,41.311926],[19.835555,41.312074],[19.835443,41.312233],[19.835409,41.312282],[19.835326,41.31239],[19.835207,41.312546],[19.835088,41.312702],[19.835022,41.312788],[19.83497,41.312859],[19.834902,41.31295],[19.834854,41.313016],[19.834768,41.313134],[19.83474,41.313174],[19.834732,41.313187],[19.834644,41.313338],[19.834644,41.313339],[19.834604,41.313436],[19.834582,41.313511],[19.834582,41.313513],[19.834568,41.313593],[19.834572,41.313692],[19.834574,41.313759],[19.834583,41.313872],[19.834588,41.313944],[19.834589,41.314052],[19.834589,41.314124],[19.834586,41.314193],[19.834581,41.314231],[19.834565,41.314345],[19.834541,41.314408],[19.834522,41.31446],[19.834461,41.314577],[19.83446,41.31458],[19.834389,41.314703],[19.834366,41.314743],[19.834281,41.314889],[19.83427,41.314907],[19.834172,41.315072],[19.834074,41.315236],[19.833977,41.3154],[19.833879,41.315564],[19.833781,41.315729],[19.833684,41.315893],[19.833682,41.315896],[19.833589,41.316058],[19.833506,41.316202],[19.833493,41.316223],[19.833394,41.316387],[19.833295,41.31655],[19.833213,41.316687],[19.833196,41.316714],[19.833146,41.3168],[19.833103,41.31688],[19.833027,41.31702],[19.833011,41.317046],[19.832991,41.317077],[19.832913,41.31721],[19.832896,41.317239],[19.832859,41.317291],[19.832816,41.317346],[19.832795,41.317367],[19.832756,41.317406],[19.832702,41.317451],[19.832646,41.317498],[19.832638,41.317503],[19.832591,41.317534],[19.832515,41.317579],[19.832449,41.317613],[19.832418,41.31763],[19.832278,41.317686],[19.832239,41.3177],[19.832021,41.317775],[19.831983,41.317789],[19.831949,41.317801],[19.831804,41.317851],[19.831619,41.317916],[19.831587,41.317928],[19.831544,41.317943],[19.831369,41.318001],[19.831149,41.318073],[19.831015,41.318117],[19.830948,41.318154],[19.830941,41.318159],[19.830909,41.318182],[19.830906,41.318203],[19.830904,41.31822],[19.830892,41.318251],[19.830867,41.318285],[19.830833,41.318315],[19.83079,41.318338],[19.830742,41.318353],[19.830687,41.31836],[19.830631,41.318356],[19.830608,41.318351],[19.830578,41.318343],[19.83053,41.318321],[19.830457,41.318313],[19.830395,41.318321],[19.830379,41.318326],[19.830161,41.318401],[19.83,41.318457],[19.829944,41.318477],[19.829726,41.318552],[19.829509,41.318627],[19.829325,41.318691],[19.829292,41.318704],[19.829268,41.318715],[19.829164,41.318774],[19.829093,41.318805],[19.829058,41.31882],[19.828936,41.318857],[19.828874,41.318876],[19.828676,41.318936],[19.828652,41.318943],[19.82843,41.319011],[19.828208,41.319079],[19.828194,41.319083],[19.828155,41.319095],[19.827986,41.319147],[19.827764,41.319214],[19.827542,41.319282],[19.82746,41.319307],[19.827346,41.319345],[19.827322,41.319353],[19.827205,41.319395],[19.827112,41.319438],[19.82707,41.319458],[19.826965,41.319538],[19.826937,41.31956],[19.826854,41.319626],[19.82678,41.319695],[19.826762,41.319712],[19.826709,41.319761],[19.826658,41.319816],[19.826639,41.319841],[19.826581,41.319918],[19.826531,41.320002],[19.826432,41.320165],[19.826333,41.320329],[19.826243,41.320478],[19.826234,41.320493],[19.826138,41.320658],[19.826042,41.320823],[19.825946,41.320987],[19.82592,41.321033],[19.82585,41.321152],[19.825754,41.321317],[19.825733,41.321353],[19.825711,41.321391],[19.825659,41.321482],[19.825648,41.321501],[19.825564,41.321647],[19.825503,41.321754],[19.825482,41.321791],[19.825469,41.321812],[19.825443,41.321856],[19.825381,41.321961],[19.825373,41.321977],[19.825336,41.322048],[19.825283,41.322144],[19.82519,41.32231],[19.825098,41.322476],[19.825006,41.322641],[19.824985,41.322678],[19.824936,41.322771],[19.824918,41.322809],[19.824899,41.322847],[19.824879,41.322912],[19.824867,41.322984],[19.824865,41.322995],[19.824864,41.323044],[19.824863,41.323165],[19.824863,41.323179],[19.824868,41.323266],[19.824871,41.323344],[19.824872,41.323362],[19.824885,41.323517],[19.824885,41.323524],[19.8249,41.323655],[19.824907,41.323703],[19.824909,41.323719],[19.82493,41.32381],[19.824946,41.323869],[19.824949,41.32388],[19.824984,41.323978],[19.825011,41.324054],[19.82502,41.324079],[19.825058,41.324199],[19.825068,41.324229],[19.825074,41.324248],[19.825098,41.324319],[19.825128,41.324403],[19.825187,41.324567],[19.82519,41.324577],[19.825237,41.324726],[19.825244,41.324749],[19.825245,41.324752],[19.825264,41.324814],[19.825286,41.324895],[19.825284,41.324928],[19.825283,41.324947],[19.825275,41.324992],[19.825252,41.325068],[19.825241,41.325105],[19.825186,41.32528],[19.825149,41.3254],[19.825141,41.325419],[19.825131,41.325455],[19.825128,41.325464],[19.825112,41.32552],[19.825076,41.32563],[19.825071,41.325644],[19.825016,41.325804],[19.824956,41.325978],[19.824908,41.326117],[19.824897,41.326153],[19.824843,41.326328],[19.824816,41.326413],[19.824789,41.326481],[19.824781,41.326501],[19.82478,41.326503],[19.824767,41.326531],[19.824749,41.326563],[19.824735,41.326587],[19.824707,41.326623],[19.824686,41.326648],[19.824671,41.326661],[19.824659,41.326671],[19.824617,41.326705],[19.824575,41.326737],[19.824538,41.326763],[19.824501,41.326787],[19.824487,41.326797],[19.824445,41.326821],[19.82438,41.326856],[19.824345,41.326873],[19.824313,41.326889],[19.824306,41.326892],[19.824232,41.326924],[19.824095,41.326977],[19.823966,41.327028],[19.823874,41.327041],[19.823834,41.327046],[19.823748,41.327059],[19.823652,41.327101],[19.823609,41.32712],[19.823524,41.32716],[19.823447,41.327194],[19.823241,41.327286],[19.823035,41.327377],[19.82303,41.32738],[19.822864,41.32745],[19.822826,41.327465],[19.822706,41.327514],[19.822627,41.327565],[19.822622,41.327568],[19.822583,41.327591],[19.822526,41.327636],[19.822463,41.327685],[19.822457,41.327691],[19.82239,41.327759],[19.822331,41.327831],[19.822325,41.327841],[19.822247,41.327963],[19.822223,41.328004],[19.822128,41.328169],[19.822075,41.328261],[19.822035,41.328335],[19.821957,41.328476],[19.821943,41.328501],[19.821889,41.328603],[19.821851,41.328667],[19.821772,41.3288],[19.821755,41.328832],[19.821661,41.328997],[19.821568,41.329163],[19.821475,41.329329],[19.821433,41.329403]]},"properties":{"line":"8A","dir":"1","headsign":"9 Katëshet B","mode":"bus","color":"#0059a9"}},{"type":"Feature","geometry":{"type":"LineString","coordinates":[[19.821403,41.329454],[19.821308,41.329619],[19.821212,41.329784],[19.821116,41.329949],[19.821092,41.32999],[19.821021,41.330114],[19.820927,41.330279],[19.820834,41.330441],[19.820832,41.330444],[19.82082,41.330465],[19.820698,41.330593],[19.820675,41.330617],[19.820548,41.330604],[19.820481,41.3306],[19.820476,41.3306],[19.820379,41.330598],[19.820278,41.330605],[19.820237,41.330608],[19.820163,41.330613],[19.820037,41.330611],[19.819998,41.330606],[19.81985,41.330589],[19.819762,41.330577],[19.819553,41.330549],[19.819526,41.330546],[19.81929,41.330514],[19.819054,41.330482],[19.819044,41.330481],[19.818819,41.33045],[19.818583,41.330419],[19.818347,41.330387],[19.818111,41.330355],[19.818071,41.33035],[19.818029,41.330344],[19.817947,41.330332],[19.817876,41.33032],[19.81776,41.330302],[19.817643,41.330284],[19.817642,41.330284],[19.817407,41.330248],[19.817173,41.330212],[19.816938,41.330176],[19.81692,41.330173],[19.816851,41.330157],[19.816764,41.330132],[19.816715,41.330111],[19.816703,41.330106],[19.816622,41.330063],[19.816538,41.330011],[19.816526,41.330001],[19.816466,41.329954],[19.816393,41.329882],[19.816376,41.329861],[19.816329,41.3298],[19.816275,41.329711],[19.81627,41.3297],[19.816188,41.329531],[19.81613,41.32941],[19.816111,41.32936],[19.816044,41.329188],[19.816009,41.329097],[19.815986,41.329014],[19.815978,41.328988],[19.816024,41.328833],[19.816074,41.328662],[19.816075,41.328657],[19.816119,41.328481],[19.816163,41.328304],[19.816163,41.328304],[19.816171,41.328269],[19.816188,41.328199],[19.816202,41.328138],[19.816205,41.328127],[19.816211,41.3281],[19.81624,41.327989],[19.81625,41.32795],[19.816284,41.32781],[19.816294,41.327773],[19.816331,41.327641],[19.816342,41.327597],[19.816389,41.327421],[19.816419,41.327303],[19.816436,41.327244],[19.816486,41.327068],[19.816534,41.326899],[19.816535,41.326893],[19.816555,41.326826],[19.816585,41.326717],[19.8166,41.326663],[19.816635,41.326541],[19.816685,41.326365],[19.816735,41.326189],[19.81677,41.326068],[19.816785,41.326013],[19.816835,41.325837],[19.816865,41.325732],[19.816885,41.325661],[19.81689,41.325642],[19.816902,41.325598],[19.817038,41.325619],[19.817053,41.325621],[19.817287,41.325658],[19.817346,41.325667],[19.817521,41.325695],[19.817756,41.325731],[19.81799,41.325768],[19.818225,41.325805],[19.818459,41.325842],[19.818694,41.325879],[19.818888,41.325909],[19.818923,41.325915],[19.818928,41.325915],[19.819015,41.325929],[19.819105,41.325943],[19.819094,41.325986],[19.819046,41.326163],[19.818998,41.326339],[19.818958,41.326489],[19.81895,41.326515],[19.818911,41.326661],[19.81891,41.326692],[19.818909,41.326713],[19.818925,41.326758],[19.818944,41.326779],[19.818975,41.326804],[19.819026,41.326842],[19.819047,41.326858],[19.81911,41.326915],[19.819164,41.32697],[19.819175,41.326983],[19.819201,41.327013],[19.819236,41.327063],[19.819265,41.327099],[19.81928,41.327113],[19.819307,41.327132],[19.819309,41.327132],[19.81934,41.327143],[19.819404,41.327158],[19.819496,41.327166],[19.819542,41.32717],[19.819632,41.327178],[19.81978,41.327191],[19.820018,41.327211],[19.820177,41.327225],[19.820256,41.327232],[19.820494,41.327253],[19.820624,41.327264],[19.820731,41.327274],[19.820969,41.327295],[19.821042,41.327301],[19.821207,41.327315],[19.821371,41.32733],[19.821445,41.327336],[19.821683,41.327357],[19.821888,41.327375],[19.821921,41.327378],[19.822053,41.327389],[19.822159,41.327399],[19.822397,41.327419],[19.822489,41.327427],[19.822609,41.327452],[19.82263,41.327459],[19.822671,41.327474],[19.822706,41.327514],[19.822843,41.327459],[19.822864,41.32745],[19.82303,41.32738],[19.823051,41.32737],[19.823257,41.327278],[19.823463,41.327187],[19.823524,41.32716],[19.823609,41.32712],[19.823668,41.327094],[19.823748,41.327059],[19.82386,41.326987],[19.823907,41.326958],[19.824019,41.32691],[19.824062,41.326892],[19.824238,41.326818],[19.82427,41.326802],[19.824332,41.326771],[19.824365,41.326753],[19.824398,41.326732],[19.824438,41.326704],[19.824458,41.32669],[19.824469,41.326682],[19.824498,41.326661],[19.824543,41.326621],[19.824572,41.326592],[19.824604,41.326557],[19.824608,41.326551],[19.824629,41.326524],[19.824651,41.326485],[19.824674,41.326438],[19.824695,41.326384],[19.824696,41.326383],[19.824754,41.326209],[19.824811,41.326034],[19.824869,41.32586],[19.824927,41.325685],[19.824963,41.325578],[19.824985,41.32551],[19.825008,41.32544],[19.825026,41.325386],[19.825043,41.325339],[19.825044,41.325336],[19.825103,41.325162],[19.825155,41.325006],[19.825161,41.324988],[19.825166,41.324973],[19.825175,41.324923],[19.825164,41.324845],[19.825152,41.324809],[19.825138,41.324764],[19.825129,41.324737],[19.825091,41.324636],[19.825026,41.324463],[19.825019,41.324444],[19.824963,41.324289],[19.824901,41.324115],[19.824878,41.324052],[19.824839,41.323941],[19.824826,41.323904],[19.824815,41.323847],[19.824811,41.323764],[19.824809,41.323736],[19.824808,41.323686],[19.824804,41.323584],[19.824797,41.323404],[19.824792,41.323263],[19.82479,41.323224],[19.824787,41.323132],[19.82479,41.323044],[19.82479,41.323015],[19.824795,41.322963],[19.824807,41.322911],[19.82482,41.322866],[19.824821,41.322861],[19.824841,41.322803],[19.824894,41.322695],[19.824912,41.32266],[19.824987,41.32253],[19.825082,41.322365],[19.825177,41.322199],[19.825272,41.322035],[19.825272,41.322034],[19.825317,41.32195],[19.825361,41.321867],[19.825378,41.321835],[19.825414,41.321771],[19.825454,41.321702],[19.825551,41.321537],[19.825615,41.321428],[19.825648,41.321373],[19.825747,41.321209],[19.825845,41.321045],[19.825861,41.321018],[19.825942,41.32088],[19.826038,41.320716],[19.826135,41.320551],[19.826187,41.320461],[19.826229,41.320386],[19.826321,41.32022],[19.826358,41.320154],[19.826418,41.320055],[19.826517,41.319891],[19.826586,41.319779],[19.826626,41.319732],[19.826633,41.319725],[19.826774,41.31959],[19.826793,41.319572],[19.826901,41.319483],[19.826939,41.319459],[19.827025,41.319403],[19.827119,41.319362],[19.827133,41.319356],[19.827169,41.31934],[19.827313,41.319289],[19.827349,41.319277],[19.827429,41.31925],[19.82757,41.319206],[19.827781,41.31914],[19.827791,41.319137],[19.828012,41.319068],[19.828127,41.319032],[19.828233,41.318999],[19.828452,41.318931],[19.828454,41.31893],[19.828675,41.318861],[19.828893,41.318793],[19.828896,41.318792],[19.829031,41.31875],[19.829107,41.318709],[19.829113,41.318705],[19.829191,41.318665],[19.829307,41.318609],[19.82932,41.318603],[19.829465,41.318543],[19.829518,41.318526],[19.829738,41.318453],[19.829945,41.318386],[19.829957,41.318381],[19.830175,41.318307],[19.830197,41.3183],[19.830344,41.318251],[19.830387,41.318226],[19.830399,41.318219],[19.830445,41.318172],[19.830456,41.318131],[19.83048,41.318093],[19.830503,41.318071],[19.830516,41.31806],[19.83056,41.318035],[19.830612,41.318018],[19.830667,41.318011],[19.830721,41.318014],[19.830723,41.318015],[19.830776,41.318028],[19.830874,41.318022],[19.830956,41.318013],[19.830967,41.318012],[19.831053,41.318],[19.831127,41.317986],[19.831189,41.31797],[19.831215,41.317963],[19.831408,41.317897],[19.831625,41.317821],[19.831755,41.317777],[19.831843,41.317746],[19.832061,41.317671],[19.832218,41.317617],[19.832276,41.317593],[19.832338,41.317568],[19.832422,41.31753],[19.832479,41.317497],[19.832498,41.317487],[19.832559,41.317445],[19.832635,41.317383],[19.832648,41.31737],[19.832698,41.31732],[19.832747,41.317268],[19.832781,41.317223],[19.832782,41.317221],[19.832818,41.317164],[19.832868,41.317076],[19.83288,41.317057],[19.832953,41.31693],[19.832974,41.316892],[19.833042,41.316771],[19.833068,41.316726],[19.833107,41.316659],[19.833162,41.316561],[19.833181,41.316529],[19.833258,41.316396],[19.833355,41.316232],[19.833451,41.316067],[19.833548,41.315902],[19.833644,41.315738],[19.833741,41.315573],[19.833837,41.315408],[19.833934,41.315244],[19.83403,41.315079],[19.834127,41.314915],[19.83419,41.314806],[19.834224,41.31475],[19.834256,41.314697],[19.834322,41.314586],[19.834345,41.314548],[19.834384,41.314476],[19.834412,41.31442],[19.834428,41.314388],[19.834451,41.314317],[19.834464,41.314253],[19.834465,41.314244],[19.834471,41.314175],[19.834468,41.314098],[19.834466,41.314064],[19.834466,41.314061],[19.834452,41.313885],[19.83445,41.313847],[19.834448,41.313705],[19.834447,41.313613],[19.83446,41.313526],[19.834471,41.313449],[19.834498,41.313381],[19.83451,41.31335],[19.834519,41.313328],[19.834611,41.313187],[19.834655,41.31312],[19.834678,41.313089],[19.834724,41.313029],[19.834843,41.312874],[19.834843,41.312873],[19.834954,41.312713],[19.834966,41.312696],[19.835069,41.312556],[19.835185,41.312398],[19.8353,41.312241],[19.835416,41.312083],[19.835524,41.311937],[19.835532,41.311926],[19.835644,41.311767],[19.835756,41.311608],[19.8358,41.311544],[19.835869,41.311449],[19.835983,41.311291],[19.836083,41.311152],[19.836096,41.311133],[19.836209,41.310974],[19.836221,41.310956],[19.836268,41.310868],[19.836293,41.310805],[19.836363,41.310633],[19.836433,41.310461],[19.836438,41.310448],[19.836502,41.310293],[19.836503,41.31029],[19.836571,41.310117],[19.836639,41.309945],[19.8367,41.30979],[19.836707,41.309772],[19.836767,41.309627],[19.836778,41.3096],[19.836847,41.309428],[19.836872,41.309367],[19.836916,41.309256],[19.836986,41.309084],[19.837055,41.308912],[19.837057,41.308909],[19.837111,41.308779],[19.837127,41.30874],[19.837174,41.308622],[19.837203,41.308569],[19.837234,41.308512],[19.837293,41.308421],[19.837305,41.308406],[19.83737,41.308321],[19.837426,41.308251],[19.837438,41.308237],[19.837531,41.308141],[19.837567,41.308106],[19.837616,41.308061],[19.837727,41.307972],[19.837744,41.307959],[19.837888,41.307839],[19.837928,41.307805],[19.838017,41.307744],[19.838052,41.307725],[19.838064,41.307718],[19.838124,41.307684],[19.838215,41.307641],[19.838267,41.307623],[19.838324,41.307603],[19.83842,41.307569],[19.838448,41.307563],[19.838488,41.307553],[19.83851,41.307548],[19.838609,41.307535],[19.838725,41.307525],[19.838736,41.307524],[19.838915,41.307523],[19.838964,41.307521],[19.839204,41.307513],[19.839443,41.307505],[19.839602,41.3075],[19.839682,41.307493],[19.839712,41.30749],[19.839772,41.307479],[19.839835,41.307465],[19.839889,41.307445],[19.839906,41.307433],[19.83994,41.307409],[19.839964,41.307382],[19.839993,41.307358],[19.840028,41.307338],[19.840068,41.307322],[19.840086,41.307318],[19.840111,41.307311],[19.840156,41.307306],[19.840202,41.307307],[19.840247,41.307313],[19.840289,41.307325],[19.840305,41.307332],[19.840317,41.307337],[19.840324,41.30734],[19.840355,41.307358],[19.840382,41.30738],[19.840404,41.307404],[19.840423,41.307433],[19.840428,41.307444],[19.840433,41.307456],[19.840474,41.307459],[19.840492,41.307461],[19.840546,41.307467],[19.8406,41.307473],[19.840649,41.307477],[19.840705,41.307478],[19.840712,41.307478],[19.840768,41.307473],[19.840806,41.307472],[19.840854,41.307476],[19.840937,41.307483],[19.84095,41.307485],[19.841016,41.307499],[19.841092,41.307526],[19.841144,41.307551],[19.841165,41.307561],[19.841181,41.307569],[19.841246,41.30761],[19.841291,41.307648],[19.841335,41.307688],[19.841351,41.307703],[19.841407,41.307772],[19.841453,41.307845],[19.841459,41.307854],[19.841505,41.307929],[19.841542,41.308011],[19.841557,41.308045],[19.841593,41.308154],[19.841601,41.308186],[19.841647,41.308362],[19.841693,41.308539],[19.841738,41.308715],[19.841751,41.308765],[19.841799,41.308844],[19.841836,41.308876],[19.841856,41.308894],[19.841908,41.308934],[19.842008,41.309001],[19.842186,41.309122],[19.842363,41.309242],[19.842458,41.309306],[19.84254,41.309364],[19.842716,41.309486],[19.842801,41.309546],[19.842851,41.309573],[19.842907,41.309589],[19.842915,41.309591],[19.842992,41.309597],[19.84314,41.309565],[19.843142,41.309565],[19.843364,41.309501],[19.843588,41.309437],[19.843648,41.30942],[19.843787,41.309383],[19.843814,41.309378],[19.843924,41.309354],[19.844043,41.309337],[19.844047,41.309337],[19.844195,41.309341],[19.844285,41.309354],[19.844298,41.309356],[19.844345,41.309367],[19.844415,41.309384],[19.844437,41.30939],[19.844511,41.309412],[19.844543,41.309422],[19.844638,41.309463],[19.844714,41.309508],[19.844717,41.30951],[19.844772,41.309575],[19.844781,41.309644],[19.844773,41.309674],[19.844759,41.309731],[19.844722,41.309849],[19.844691,41.309949],[19.844664,41.310024],[19.844601,41.310198],[19.844539,41.310371],[19.844522,41.310419],[19.844485,41.310546],[19.844447,41.310679],[19.844431,41.310722],[19.84437,41.310893],[19.844369,41.310895],[19.844329,41.311007],[19.844292,41.311065],[19.84426,41.311114],[19.844172,41.31122],[19.844046,41.311373],[19.843919,41.311526],[19.843835,41.311628],[19.843793,41.311679],[19.843705,41.311784],[19.84368,41.311836],[19.843657,41.311885],[19.84364,41.311964],[19.843634,41.312012],[19.843631,41.312036],[19.84363,41.312181],[19.843631,41.312192],[19.843637,41.312299],[19.843644,41.312371],[19.843648,41.312405],[19.84368,41.312518],[19.843694,41.312547],[19.843711,41.312581],[19.843741,41.312644],[19.843793,41.312709]]},"properties":{"line":"8B","dir":"0","headsign":"Sanatorium","mode":"bus","color":"#0059a9"}},{"type":"Feature","geometry":{"type":"LineString","coordinates":[[19.843793,41.312709],[19.843741,41.312644],[19.843711,41.312581],[19.843694,41.312548],[19.84368,41.312518],[19.843648,41.312405],[19.843644,41.312373],[19.843637,41.312299],[19.843631,41.312193],[19.84363,41.312181],[19.843631,41.312036],[19.843634,41.312013],[19.84364,41.311964],[19.843657,41.311885],[19.84368,41.311838],[19.843705,41.311784],[19.843792,41.31168],[19.843835,41.311628],[19.843918,41.311527],[19.844045,41.311374],[19.844171,41.311222],[19.84426,41.311114],[19.844291,41.311066],[19.844329,41.311007],[19.844368,41.310897],[19.84437,41.310893],[19.844431,41.310723],[19.844447,41.310679],[19.844484,41.310548],[19.844522,41.310419],[19.844538,41.310373],[19.844601,41.310199],[19.844663,41.310025],[19.844691,41.309949],[19.844722,41.309851],[19.844759,41.309731],[19.844773,41.309675],[19.844781,41.309644],[19.844772,41.309575],[19.844717,41.30951],[19.844715,41.309509],[19.844638,41.309463],[19.844543,41.309422],[19.844513,41.309413],[19.844437,41.30939],[19.844415,41.309384],[19.844345,41.309367],[19.844298,41.309356],[19.844286,41.309354],[19.844195,41.309341],[19.844049,41.309337],[19.844043,41.309337],[19.843924,41.309354],[19.843816,41.309377],[19.843787,41.309383],[19.843648,41.30942],[19.84359,41.309437],[19.843366,41.309501],[19.843142,41.309565],[19.843141,41.309565],[19.842992,41.309597],[19.842915,41.309591],[19.842909,41.309589],[19.842851,41.309573],[19.842801,41.309546],[19.842717,41.309487],[19.842542,41.309365],[19.842458,41.309306],[19.842365,41.309243],[19.842187,41.309123],[19.842009,41.309002],[19.841908,41.308934],[19.841856,41.308894],[19.841837,41.308877],[19.841799,41.308844],[19.841751,41.308765],[19.841739,41.308717],[19.841693,41.30854],[19.841647,41.308364],[19.841601,41.308187],[19.841593,41.308154],[19.841557,41.308045],[19.841543,41.308013],[19.841505,41.307929],[19.841459,41.307854],[19.841454,41.307846],[19.841407,41.307772],[19.841351,41.307703],[19.841336,41.307689],[19.841291,41.307648],[19.841246,41.30761],[19.841181,41.307569],[19.841166,41.307562],[19.841144,41.307551],[19.841092,41.307526],[19.841016,41.307499],[19.840951,41.307486],[19.840937,41.307483],[19.840854,41.307476],[19.840806,41.307472],[19.840768,41.307473],[19.840714,41.307478],[19.840705,41.307478],[19.840552,41.307532],[19.840499,41.307556],[19.840487,41.307561],[19.840458,41.307576],[19.840397,41.307618],[19.84037,41.307644],[19.840338,41.307666],[19.840319,41.307675],[19.840302,41.307683],[19.840263,41.307696],[19.840221,41.307705],[19.840179,41.307708],[19.840136,41.307706],[19.840094,41.307699],[19.840087,41.307697],[19.840054,41.307686],[19.840017,41.30767],[19.839984,41.307649],[19.839957,41.307624],[19.839908,41.307597],[19.839892,41.307593],[19.839849,41.307583],[19.839781,41.307577],[19.839747,41.307576],[19.839715,41.307574],[19.839655,41.307576],[19.839464,41.307583],[19.839416,41.307585],[19.839177,41.307594],[19.838947,41.307603],[19.838938,41.307603],[19.838767,41.307609],[19.838699,41.307614],[19.838656,41.307618],[19.838555,41.307631],[19.838465,41.307652],[19.838464,41.307653],[19.83838,41.307682],[19.838273,41.307718],[19.838248,41.307729],[19.838193,41.307753],[19.838101,41.307801],[19.838054,41.307833],[19.838015,41.30786],[19.837888,41.307963],[19.837825,41.308015],[19.837724,41.308094],[19.837709,41.308106],[19.837625,41.308188],[19.837577,41.308236],[19.837547,41.308266],[19.837471,41.308356],[19.837447,41.308387],[19.837412,41.308433],[19.837339,41.308542],[19.837336,41.308547],[19.837286,41.308645],[19.837252,41.308715],[19.837238,41.308744],[19.83718,41.308887],[19.837174,41.308903],[19.837111,41.309059],[19.837041,41.309231],[19.836972,41.309403],[19.83694,41.309483],[19.836904,41.309575],[19.836836,41.309748],[19.836774,41.309906],[19.836768,41.30992],[19.836699,41.310093],[19.83666,41.310192],[19.83663,41.310265],[19.836608,41.310318],[19.836563,41.310438],[19.836551,41.31047],[19.836494,41.31061],[19.836423,41.310782],[19.836352,41.310953],[19.836347,41.310965],[19.836262,41.311108],[19.836255,41.311118],[19.836193,41.311207],[19.836139,41.311275],[19.836017,41.31143],[19.835939,41.311529],[19.835899,41.311586],[19.835787,41.311745],[19.835674,41.311904],[19.835659,41.311926],[19.835563,41.312063],[19.835451,41.312222],[19.835409,41.312282],[19.835335,41.312379],[19.835215,41.312535],[19.835096,41.312691],[19.835022,41.312788],[19.834978,41.312848],[19.834902,41.31295],[19.834862,41.313005],[19.834768,41.313134],[19.834748,41.313163],[19.834732,41.313187],[19.83465,41.313327],[19.834644,41.313338],[19.834604,41.313436],[19.834585,41.313501],[19.834582,41.313511],[19.834568,41.313593],[19.834571,41.31368],[19.834574,41.313759],[19.834582,41.313859],[19.834588,41.313944],[19.834588,41.314039],[19.834589,41.314124],[19.834586,41.314193],[19.834583,41.314219],[19.834565,41.314345],[19.834546,41.314396],[19.834522,41.31446],[19.834467,41.314566],[19.83446,41.31458],[19.834389,41.314703],[19.834372,41.314731],[19.834281,41.314889],[19.834277,41.314896],[19.834179,41.31506],[19.834081,41.315225],[19.833983,41.315389],[19.833886,41.315553],[19.833788,41.315717],[19.83369,41.315882],[19.833682,41.315896],[19.833595,41.316047],[19.833506,41.316202],[19.8335,41.316212],[19.833401,41.316375],[19.833302,41.316539],[19.833213,41.316687],[19.833203,41.316703],[19.833146,41.3168],[19.833109,41.316868],[19.833027,41.31702],[19.833018,41.317035],[19.832991,41.317077],[19.83292,41.317199],[19.832896,41.317239],[19.832859,41.317291],[19.832816,41.317346],[19.832805,41.317357],[19.832756,41.317406],[19.832702,41.317451],[19.83265,41.317494],[19.832646,41.317498],[19.832591,41.317534],[19.832515,41.317579],[19.832463,41.317606],[19.832418,41.31763],[19.832278,41.317686],[19.832254,41.317694],[19.832037,41.31777],[19.831983,41.317789],[19.831949,41.317801],[19.83182,41.317846],[19.831619,41.317916],[19.831603,41.317922],[19.831544,41.317943],[19.831384,41.317995],[19.831165,41.318067],[19.831015,41.318117],[19.830954,41.318151],[19.830948,41.318154],[19.830909,41.318182],[19.830906,41.318203],[19.830904,41.31822],[19.830892,41.318251],[19.830867,41.318285],[19.830845,41.318304],[19.830833,41.318315],[19.83079,41.318338],[19.830742,41.318353],[19.830687,41.31836],[19.830631,41.318356],[19.830622,41.318354],[19.830578,41.318343],[19.83053,41.318321],[19.830457,41.318313],[19.830395,41.318321],[19.830393,41.318321],[19.830175,41.318397],[19.83,41.318457],[19.829958,41.318472],[19.82974,41.318547],[19.829522,41.318622],[19.829325,41.318691],[19.829306,41.318699],[19.829268,41.318715],[19.829164,41.318774],[19.829106,41.318799],[19.829058,41.31882],[19.828936,41.318857],[19.828888,41.318872],[19.828676,41.318936],[19.828666,41.318939],[19.828444,41.319007],[19.828222,41.319075],[19.828194,41.319083],[19.828155,41.319095],[19.828,41.319142],[19.827778,41.31921],[19.827556,41.319278],[19.82746,41.319307],[19.827346,41.319345],[19.827336,41.319348],[19.827205,41.319395],[19.827125,41.319432],[19.82707,41.319458],[19.826965,41.319538],[19.826948,41.319552],[19.826854,41.319626],[19.826789,41.319687],[19.826762,41.319712],[19.826709,41.319761],[19.826658,41.319816],[19.826647,41.319831],[19.826581,41.319918],[19.826537,41.319991],[19.826438,41.320155],[19.826339,41.320319],[19.826243,41.320478],[19.82624,41.320483],[19.826144,41.320647],[19.826048,41.320812],[19.825953,41.320977],[19.82592,41.321033],[19.825856,41.321142],[19.82576,41.321306],[19.825733,41.321353],[19.825711,41.321391],[19.825665,41.321471],[19.825648,41.321501],[19.82557,41.321637],[19.825503,41.321754],[19.825482,41.321791],[19.825475,41.321802],[19.825443,41.321856],[19.825381,41.321961],[19.825378,41.321966],[19.825336,41.322048],[19.825288,41.322133],[19.825196,41.322299],[19.825104,41.322465],[19.825012,41.322631],[19.824985,41.322678],[19.824936,41.322771],[19.824923,41.322798],[19.824899,41.322847],[19.824879,41.322912],[19.824869,41.322973],[19.824865,41.322995],[19.824864,41.323044],[19.824863,41.323153],[19.824863,41.323179],[19.824868,41.323266],[19.824871,41.323333],[19.824872,41.323362],[19.824884,41.323513],[19.824885,41.323517],[19.8249,41.323655],[19.824905,41.323692],[19.824909,41.323719],[19.82493,41.32381],[19.824946,41.323869],[19.824946,41.323869],[19.824984,41.323978],[19.825007,41.324043],[19.82502,41.324079],[19.825058,41.324199],[19.825064,41.324218],[19.825074,41.324248],[19.825098,41.324319],[19.825124,41.324392],[19.825186,41.324565],[19.825187,41.324567],[19.825237,41.324726],[19.825241,41.324741],[19.825244,41.324749],[19.825264,41.324814],[19.825286,41.324895],[19.825285,41.324917],[19.825283,41.324947],[19.825275,41.324992],[19.825252,41.325068],[19.825244,41.325094],[19.82519,41.325269],[19.825149,41.3254],[19.825141,41.325419],[19.825134,41.325444],[19.825128,41.325464],[19.825112,41.32552],[19.825079,41.325619],[19.825071,41.325644],[19.82502,41.325793],[19.824959,41.325967],[19.824908,41.326117],[19.8249,41.326141],[19.824846,41.326317],[19.824816,41.326413],[19.824789,41.326481],[19.824785,41.32649],[19.82478,41.326503],[19.824767,41.326531],[19.824749,41.326563],[19.824735,41.326587],[19.824707,41.326623],[19.824686,41.326648],[19.824681,41.326652],[19.824659,41.326671],[19.824617,41.326705],[19.824575,41.326737],[19.824538,41.326763],[19.824513,41.326779],[19.824487,41.326797],[19.824445,41.326821],[19.82438,41.326856],[19.824345,41.326873],[19.824319,41.326886],[19.824313,41.326889],[19.824232,41.326924],[19.824109,41.326972],[19.823966,41.327028],[19.823889,41.327038],[19.823834,41.327046],[19.823748,41.327059],[19.823665,41.327095],[19.823609,41.32712],[19.823524,41.32716],[19.82346,41.327188],[19.823254,41.32728],[19.823048,41.327372],[19.82303,41.32738],[19.822864,41.32745],[19.82284,41.32746],[19.822706,41.327514],[19.822638,41.327557],[19.822622,41.327568],[19.822583,41.327591],[19.822526,41.327636],[19.822466,41.327682],[19.822463,41.327685],[19.82239,41.327759],[19.822331,41.327831],[19.822247,41.327963],[19.822229,41.327994],[19.822134,41.328159],[19.822075,41.328261],[19.82204,41.328324],[19.821957,41.328476],[19.821949,41.328491],[19.821889,41.328603],[19.821857,41.328657],[19.821772,41.3288],[19.821761,41.328821],[19.821667,41.328987],[19.821574,41.329153],[19.82148,41.329318],[19.821428,41.329411],[19.821403,41.329454]]},"properties":{"line":"8B","dir":"1","headsign":"9 Katëshet B","mode":"bus","color":"#0059a9"}},{"type":"Feature","geometry":{"type":"LineString","coordinates":[[19.821428,41.329411],[19.821332,41.329576],[19.821237,41.329741],[19.821141,41.329906],[19.821092,41.32999],[19.821046,41.330071],[19.820951,41.330236],[19.820857,41.330401],[19.820834,41.330441],[19.82082,41.330465],[19.820734,41.330555],[19.820675,41.330617],[19.820548,41.330604],[19.820539,41.330603],[19.820481,41.3306],[19.820379,41.330598],[19.820299,41.330603],[19.820278,41.330605],[19.820163,41.330613],[19.82006,41.330611],[19.820037,41.330611],[19.81985,41.330589],[19.819823,41.330586],[19.819587,41.330554],[19.819553,41.330549],[19.819352,41.330522],[19.819116,41.33049],[19.819044,41.330481],[19.81888,41.330458],[19.818644,41.330427],[19.818409,41.330395],[19.818173,41.330364],[19.818071,41.33035],[19.818029,41.330344],[19.817947,41.330332],[19.817937,41.33033],[19.81776,41.330302],[19.817703,41.330293],[19.817643,41.330284],[19.817468,41.330257],[19.817234,41.330221],[19.816999,41.330185],[19.81692,41.330173],[19.816851,41.330157],[19.81677,41.330134],[19.816764,41.330132],[19.816703,41.330106],[19.816622,41.330063],[19.816573,41.330033],[19.816538,41.330011],[19.816466,41.329954],[19.816411,41.3299],[19.816393,41.329882],[19.816329,41.3298],[19.816295,41.329743],[19.816275,41.329711],[19.81621,41.329575],[19.81613,41.32941],[19.816128,41.329405],[19.816061,41.329233],[19.816009,41.329097],[19.815998,41.329059],[19.815978,41.328988],[19.81601,41.328879],[19.816062,41.328703],[19.816074,41.328662],[19.816107,41.328527],[19.816151,41.32835],[19.816163,41.328304],[19.816171,41.328269],[19.816188,41.328199],[19.816194,41.328173],[19.816202,41.328138],[19.816211,41.3281],[19.816238,41.327996],[19.81624,41.327989],[19.816282,41.327819],[19.816284,41.32781],[19.81633,41.327643],[19.816331,41.327641],[19.816377,41.327467],[19.816419,41.327303],[19.816423,41.32729],[19.816473,41.327114],[19.816522,41.326938],[19.816534,41.326899],[19.816555,41.326826],[19.816573,41.326763],[19.8166,41.326663],[19.816622,41.326587],[19.816672,41.326411],[19.816722,41.326235],[19.81677,41.326068],[19.816772,41.326059],[19.816822,41.325883],[19.816865,41.325732],[19.816872,41.325707],[19.81689,41.325642],[19.816902,41.325598],[19.816991,41.325612],[19.817038,41.325619],[19.817226,41.325648],[19.817346,41.325667],[19.81746,41.325685],[19.817695,41.325722],[19.817929,41.325759],[19.818164,41.325795],[19.818398,41.325832],[19.818633,41.325869],[19.818867,41.325906],[19.818888,41.325909],[19.818923,41.325915],[19.819015,41.325929],[19.819102,41.325942],[19.819105,41.325943],[19.819058,41.326117],[19.819011,41.326293],[19.818963,41.326469],[19.818958,41.326489],[19.818915,41.326645],[19.818911,41.326661],[19.818909,41.326713],[19.818925,41.326758],[19.818944,41.326779],[19.818975,41.326804],[19.818982,41.326809],[19.819047,41.326858],[19.81911,41.326915],[19.819139,41.326945],[19.819164,41.32697],[19.819201,41.327013],[19.819236,41.327063],[19.819264,41.327098],[19.819265,41.327099],[19.81928,41.327113],[19.819307,41.327132],[19.81934,41.327143],[19.819404,41.327158],[19.81948,41.327164],[19.819496,41.327166],[19.819632,41.327178],[19.819718,41.327185],[19.819956,41.327206],[19.820177,41.327225],[19.820194,41.327227],[19.820432,41.327248],[19.820624,41.327264],[19.820669,41.327268],[19.820907,41.327289],[19.821042,41.327301],[19.821145,41.32731],[19.821371,41.32733],[19.821383,41.327331],[19.821621,41.327352],[19.821859,41.327372],[19.821888,41.327375],[19.822053,41.327389],[19.822097,41.327393],[19.822335,41.327414],[19.822489,41.327427],[19.82257,41.327444],[19.822609,41.327452],[19.822671,41.327474],[19.822706,41.327514],[19.822788,41.327481],[19.822864,41.32745],[19.822997,41.327394],[19.82303,41.32738],[19.823204,41.327302],[19.82341,41.327211],[19.823524,41.32716],[19.823609,41.32712],[19.823615,41.327118],[19.823748,41.327059],[19.823812,41.327018],[19.823907,41.326958],[19.824008,41.326915],[19.824019,41.32691],[19.824217,41.326827],[19.824238,41.326818],[19.824332,41.326771],[19.824365,41.326753],[19.824398,41.326732],[19.824412,41.326722],[19.824438,41.326704],[19.824469,41.326682],[19.824498,41.326661],[19.824543,41.326621],[19.824572,41.326592],[19.824574,41.32659],[19.824604,41.326557],[19.824629,41.326524],[19.824651,41.326485],[19.824674,41.326438],[19.824678,41.326428],[19.824695,41.326384],[19.824738,41.326254],[19.824796,41.32608],[19.824854,41.325905],[19.824912,41.325731],[19.824963,41.325578],[19.82497,41.325556],[19.825008,41.32544],[19.825026,41.325386],[19.825028,41.325381],[19.825043,41.325339],[19.825088,41.325207],[19.825146,41.325033],[19.825155,41.325006],[19.825166,41.324973],[19.825175,41.324923],[19.825165,41.324856],[19.825164,41.324845],[19.825138,41.324764],[19.825129,41.324737],[19.825108,41.324681],[19.825043,41.324508],[19.825019,41.324444],[19.824979,41.324334],[19.824917,41.324161],[19.824878,41.324052],[19.824855,41.323987],[19.824826,41.323904],[19.824815,41.323847],[19.824813,41.32381],[19.824809,41.323736],[19.824808,41.323686],[19.824806,41.323631],[19.824799,41.323451],[19.824792,41.323271],[19.824792,41.323263],[19.824787,41.323132],[19.824788,41.323091],[19.82479,41.323015],[19.824795,41.322963],[19.824807,41.322912],[19.824807,41.322911],[19.824821,41.322861],[19.824841,41.322803],[19.824872,41.322739],[19.824912,41.32266],[19.824962,41.322573],[19.825057,41.322408],[19.825152,41.322242],[19.825247,41.322077],[19.825272,41.322035],[19.825317,41.32195],[19.825338,41.321911],[19.825378,41.321835],[19.825414,41.321771],[19.825429,41.321745],[19.825526,41.32158],[19.825615,41.321428],[19.825623,41.321415],[19.825721,41.321251],[19.82582,41.321088],[19.825861,41.321018],[19.825917,41.320923],[19.826013,41.320758],[19.826109,41.320594],[19.826187,41.320461],[19.826205,41.320429],[19.826297,41.320263],[19.826358,41.320154],[19.826392,41.320098],[19.826491,41.319934],[19.826586,41.319779],[19.826592,41.319771],[19.826633,41.319725],[19.826735,41.319627],[19.826793,41.319572],[19.826892,41.319491],[19.826901,41.319483],[19.827025,41.319403],[19.827079,41.319379],[19.827119,41.319362],[19.827169,41.31934],[19.827292,41.319296],[19.827313,41.319289],[19.827429,41.31925],[19.827512,41.319225],[19.827733,41.319155],[19.827781,41.31914],[19.827954,41.319086],[19.828127,41.319032],[19.828175,41.319017],[19.828396,41.318948],[19.828452,41.318931],[19.828617,41.318879],[19.828839,41.31881],[19.828893,41.318793],[19.829031,41.31875],[19.829056,41.318736],[19.829113,41.318705],[19.829191,41.318665],[19.829254,41.318634],[19.82932,41.318603],[19.829461,41.318545],[19.829465,41.318543],[19.829681,41.318472],[19.8299,41.3184],[19.829945,41.318386],[19.830118,41.318326],[19.830197,41.3183],[19.830337,41.318253],[19.830344,41.318251],[19.830399,41.318219],[19.830445,41.318172],[19.830456,41.318131],[19.830469,41.31811],[19.83048,41.318093],[19.830516,41.31806],[19.83056,41.318035],[19.830612,41.318018],[19.830657,41.318012],[19.830667,41.318011],[19.830723,41.318015],[19.830776,41.318028],[19.830874,41.318022],[19.830895,41.31802],[19.830967,41.318012],[19.831053,41.318],[19.831127,41.317986],[19.83113,41.317985],[19.831215,41.317963],[19.831351,41.317916],[19.831569,41.317841],[19.831755,41.317777],[19.831786,41.317766],[19.832004,41.31769],[19.832218,41.317617],[19.832221,41.317615],[19.832338,41.317568],[19.832422,41.31753],[19.83243,41.317525],[19.832498,41.317487],[19.832559,41.317445],[19.832607,41.317406],[19.832635,41.317383],[19.832698,41.31732],[19.832747,41.317268],[19.832751,41.317262],[19.832781,41.317223],[19.832818,41.317164],[19.832855,41.3171],[19.832868,41.317076],[19.83295,41.316935],[19.832953,41.31693],[19.833042,41.316771],[19.833043,41.316769],[19.833107,41.316659],[19.833138,41.316604],[19.833181,41.316529],[19.833233,41.316439],[19.83333,41.316275],[19.833426,41.31611],[19.833523,41.315945],[19.833619,41.315781],[19.833716,41.315616],[19.833812,41.315451],[19.833909,41.315287],[19.834005,41.315122],[19.834101,41.314957],[19.83419,41.314806],[19.834198,41.314793],[19.834256,41.314697],[19.834296,41.314629],[19.834345,41.314548],[19.834384,41.314476],[19.834391,41.314464],[19.834428,41.314388],[19.834451,41.314317],[19.834456,41.314291],[19.834464,41.314253],[19.834471,41.314175],[19.834469,41.314111],[19.834468,41.314098],[19.834466,41.314061],[19.834456,41.313932],[19.83445,41.313847],[19.834449,41.313752],[19.834447,41.313613],[19.834453,41.313572],[19.834471,41.313449],[19.834492,41.313395],[19.834498,41.313381],[19.834519,41.313328],[19.834583,41.31323],[19.834655,41.31312],[19.834678,41.313089],[19.834693,41.31307],[19.834812,41.312914],[19.834843,41.312874],[19.834925,41.312755],[19.834966,41.312696],[19.835039,41.312597],[19.835154,41.312439],[19.83527,41.312282],[19.835386,41.312124],[19.835502,41.311967],[19.835524,41.311937],[19.835614,41.311808],[19.835726,41.311649],[19.8358,41.311544],[19.835839,41.31149],[19.835953,41.311332],[19.836067,41.311174],[19.836083,41.311152],[19.836179,41.311015],[19.836221,41.310956],[19.836268,41.310868],[19.836275,41.310851],[19.836345,41.310679],[19.836415,41.310507],[19.836438,41.310448],[19.836485,41.310335],[19.836502,41.310293],[19.836554,41.310162],[19.836621,41.30999],[19.836689,41.309817],[19.8367,41.30979],[19.836759,41.309645],[19.836767,41.309627],[19.836829,41.309473],[19.836872,41.309367],[19.836898,41.309301],[19.836968,41.309129],[19.837037,41.308957],[19.837057,41.308909],[19.837108,41.308785],[19.837111,41.308779],[19.837174,41.308622],[19.837179,41.308613],[19.837234,41.308512],[19.837276,41.308449],[19.837293,41.308421],[19.83737,41.308321],[19.837393,41.308292],[19.837438,41.308237],[19.837528,41.308143],[19.837531,41.308141],[19.837616,41.308061],[19.837684,41.308007],[19.837744,41.307959],[19.837846,41.307874],[19.837928,41.307805],[19.838014,41.307746],[19.838017,41.307744],[19.838052,41.307725],[19.838124,41.307684],[19.83821,41.307643],[19.838215,41.307641],[19.838324,41.307603],[19.83842,41.307569],[19.838428,41.307567],[19.838448,41.307563],[19.83851,41.307548],[19.838609,41.307535],[19.838663,41.30753],[19.838736,41.307524],[19.838901,41.307523],[19.838915,41.307523],[19.839141,41.307515],[19.83938,41.307508],[19.839602,41.3075],[19.83962,41.307499],[19.839712,41.30749],[19.839772,41.307479],[19.839835,41.307465],[19.839852,41.307459],[19.839889,41.307445],[19.83994,41.307409],[19.839964,41.307382],[19.839993,41.307358],[19.840028,41.307338],[19.840028,41.307337],[19.840071,41.307268],[19.840077,41.307248],[19.840084,41.307228],[19.840099,41.307168],[19.840099,41.307166],[19.840108,41.307115],[19.840111,41.307044],[19.840111,41.306987],[19.840111,41.306979],[19.840102,41.306898],[19.840088,41.306814],[19.840086,41.306807],[19.840074,41.306761],[19.840047,41.306686],[19.84002,41.306635],[19.840006,41.306609],[19.839951,41.306543],[19.839889,41.306485],[19.83985,41.306449],[19.839769,41.306394],[19.83971,41.306366],[19.839617,41.306322],[19.839502,41.306278],[19.839289,41.306196],[19.839076,41.306114],[19.83903,41.306096],[19.838863,41.306031],[19.83865,41.305949],[19.838437,41.305866],[19.838225,41.305784],[19.838091,41.305732],[19.838012,41.305701],[19.837799,41.305618],[19.837586,41.305536],[19.837445,41.305481],[19.837374,41.305453],[19.837339,41.30544],[19.837177,41.305366],[19.837167,41.305361],[19.837088,41.305323],[19.836977,41.305253],[19.836952,41.305237],[19.836866,41.305179],[19.836798,41.305133],[19.836779,41.30512],[19.836707,41.305064],[19.836644,41.305007],[19.836636,41.305001],[19.836575,41.304949],[19.836514,41.304884],[19.836492,41.304857],[19.83646,41.304818],[19.836396,41.304741],[19.836371,41.304702],[19.836296,41.304582],[19.836271,41.304539],[19.836218,41.304443],[19.836184,41.304371],[19.836104,41.304202],[19.83609,41.304172],[19.836023,41.304033],[19.83595,41.303881],[19.83594,41.303864],[19.835913,41.303819],[19.835881,41.303776],[19.835849,41.303743],[19.835811,41.303712],[19.835755,41.303666],[19.835731,41.303663],[19.835708,41.303659],[19.835685,41.303653],[19.835662,41.303645],[19.835641,41.303636],[19.835638,41.303635],[19.83562,41.303627],[19.835611,41.303621],[19.835601,41.303615],[19.835583,41.303603],[19.835566,41.30359],[19.835551,41.303575],[19.835537,41.30356],[19.835525,41.303544],[19.835515,41.303528],[19.835507,41.30351],[19.8355,41.303493],[19.835496,41.303475],[19.835495,41.303468],[19.835493,41.303457],[19.835492,41.303438],[19.835493,41.30342],[19.835499,41.303391],[19.835509,41.303366],[19.83542,41.303328],[19.835394,41.303317],[19.835228,41.303313],[19.83519,41.303313],[19.835129,41.303313],[19.835024,41.303324],[19.834967,41.303335],[19.834948,41.303331],[19.834869,41.303315],[19.834787,41.303268],[19.834741,41.303242],[19.834547,41.303136],[19.834512,41.303116],[19.834395,41.303054],[19.834353,41.303031],[19.834347,41.303028],[19.834157,41.302927],[19.834021,41.302855],[19.833962,41.302823],[19.833935,41.302808],[19.833766,41.302719],[19.83369,41.302679],[19.833579,41.302607],[19.833566,41.302599],[19.833413,41.302493],[19.833402,41.302486],[19.833264,41.302394],[19.833224,41.302366],[19.833052,41.302241],[19.832879,41.302116],[19.832707,41.301991],[19.832535,41.301866],[19.832405,41.301773],[19.83236,41.301743],[19.832182,41.301623],[19.83203,41.301522],[19.832001,41.301505],[19.83181,41.301397],[19.831753,41.301364],[19.831694,41.301335],[19.831611,41.301296],[19.831539,41.301261],[19.831438,41.301211],[19.831412,41.301195],[19.831325,41.301143],[19.83132,41.301111],[19.831305,41.301025],[19.831297,41.300932],[19.831297,41.300928],[19.831301,41.300832],[19.831304,41.300753],[19.831307,41.300673],[19.831303,41.300581],[19.831301,41.300572],[19.831275,41.30047],[19.831216,41.300408],[19.831198,41.30039],[19.831103,41.300286],[19.831075,41.300263],[19.830916,41.300129],[19.830756,41.299995],[19.830597,41.299861],[19.830437,41.299726],[19.830371,41.299671],[19.830277,41.299592],[19.830201,41.299528],[19.830169,41.299497],[19.83012,41.299458]]},"properties":{"line":"8C","dir":"0","headsign":"Sauk i Vjeter","mode":"bus","color":"#0059a9"}},{"type":"Feature","geometry":{"type":"LineString","coordinates":[[19.83012,41.299458],[19.830169,41.299497],[19.830201,41.299528],[19.830278,41.299593],[19.830371,41.299671],[19.830438,41.299727],[19.830597,41.299861],[19.830757,41.299995],[19.830916,41.300129],[19.831076,41.300264],[19.831103,41.300286],[19.831198,41.30039],[19.831216,41.300409],[19.831275,41.30047],[19.831301,41.300572],[19.831303,41.300581],[19.831307,41.300673],[19.831304,41.300753],[19.831301,41.300832],[19.831297,41.300928],[19.831298,41.300933],[19.831305,41.301025],[19.83132,41.301112],[19.831325,41.301143],[19.831438,41.301211],[19.831483,41.301233],[19.831539,41.301261],[19.831684,41.301331],[19.831694,41.301335],[19.831753,41.301364],[19.831879,41.301436],[19.83203,41.301522],[19.832067,41.301547],[19.832246,41.301666],[19.832405,41.301773],[19.832424,41.301786],[19.832597,41.301911],[19.832769,41.302036],[19.832942,41.302161],[19.833114,41.302286],[19.833264,41.302394],[19.833287,41.30241],[19.833413,41.302493],[19.833466,41.30253],[19.833566,41.302599],[19.833644,41.30265],[19.83369,41.302679],[19.833837,41.302756],[19.833935,41.302808],[19.834021,41.302855],[19.834032,41.302861],[19.834227,41.302965],[19.834347,41.303028],[19.834395,41.303054],[19.834423,41.303069],[19.834512,41.303116],[19.834617,41.303174],[19.834787,41.303268],[19.834809,41.303281],[19.834869,41.303315],[19.834967,41.303335],[19.835024,41.303324],[19.835042,41.303322],[19.835129,41.303313],[19.835228,41.303313],[19.835285,41.303288],[19.83533,41.303268],[19.835506,41.30324],[19.835543,41.303234],[19.835646,41.303243],[19.835668,41.303234],[19.835691,41.303227],[19.835714,41.303222],[19.835738,41.303217],[19.83574,41.303217],[19.835762,41.303215],[19.835786,41.303213],[19.83581,41.303214],[19.835835,41.303215],[19.835859,41.303218],[19.835882,41.303223],[19.835905,41.303229],[19.835928,41.303236],[19.835949,41.303245],[19.835969,41.303254],[19.83597,41.303255],[19.835989,41.303266],[19.836007,41.303278],[19.836024,41.303292],[19.836039,41.303306],[19.836053,41.303321],[19.836065,41.303337],[19.836075,41.303354],[19.836083,41.303371],[19.83609,41.303389],[19.836094,41.303404],[19.836094,41.303407],[19.836097,41.303425],[19.836098,41.303443],[19.836097,41.303461],[19.836093,41.303479],[19.836088,41.303497],[19.836081,41.303515],[19.836062,41.303548],[19.836049,41.303564],[19.836038,41.303576],[19.836035,41.303579],[19.83602,41.303593],[19.836005,41.303694],[19.836009,41.303751],[19.83601,41.30376],[19.836087,41.303921],[19.836167,41.30409],[19.836248,41.304259],[19.836328,41.304429],[19.836349,41.304473],[19.836412,41.304574],[19.836424,41.304593],[19.836473,41.30467],[19.836537,41.304752],[19.836572,41.304798],[19.836652,41.30488],[19.836672,41.3049],[19.836722,41.304951],[19.836829,41.305036],[19.836876,41.305073],[19.836953,41.30513],[19.837003,41.305161],[19.837071,41.305203],[19.837191,41.305271],[19.837222,41.305289],[19.837396,41.305364],[19.83747,41.305397],[19.837607,41.305449],[19.83782,41.305531],[19.838033,41.305613],[19.838039,41.305615],[19.838246,41.305696],[19.838459,41.305778],[19.838671,41.305861],[19.838884,41.305944],[19.839062,41.306013],[19.839097,41.306027],[19.83931,41.306109],[19.839523,41.306191],[19.839597,41.306219],[19.839734,41.306276],[19.839765,41.306289],[19.839843,41.306331],[19.839903,41.306368],[19.839923,41.306385],[19.840034,41.306479],[19.840071,41.306526],[19.840118,41.306587],[19.840168,41.306689],[19.840173,41.306699],[19.840204,41.306789],[19.840213,41.306866],[19.840217,41.306902],[19.840217,41.307001],[19.840218,41.307046],[19.840219,41.307077],[19.840228,41.307218],[19.84023,41.307225],[19.840235,41.307239],[19.840242,41.307256],[19.840257,41.307278],[19.840289,41.307325],[19.840305,41.307332],[19.840324,41.30734],[19.840355,41.307358],[19.840365,41.307366],[19.840382,41.30738],[19.840404,41.307404],[19.840423,41.307433],[19.840428,41.307444],[19.840433,41.307456],[19.840442,41.307496],[19.84044,41.307528],[19.84044,41.307531],[19.840432,41.30756],[19.840418,41.30759],[19.840397,41.307618],[19.84037,41.307644],[19.840338,41.307666],[19.840313,41.307678],[19.840302,41.307683],[19.840263,41.307696],[19.840221,41.307705],[19.840179,41.307708],[19.840136,41.307706],[19.840094,41.307699],[19.84008,41.307694],[19.840054,41.307686],[19.840017,41.30767],[19.839984,41.307649],[19.839957,41.307624],[19.839908,41.307597],[19.839885,41.307591],[19.839849,41.307583],[19.839781,41.307577],[19.839747,41.307576],[19.839715,41.307574],[19.839648,41.307577],[19.839464,41.307583],[19.839409,41.307585],[19.83917,41.307594],[19.838947,41.307603],[19.83893,41.307603],[19.838767,41.307609],[19.838691,41.307615],[19.838656,41.307618],[19.838555,41.307631],[19.838464,41.307653],[19.838458,41.307655],[19.83838,41.307682],[19.838273,41.307718],[19.838242,41.307732],[19.838193,41.307753],[19.838101,41.307801],[19.838048,41.307837],[19.838015,41.30786],[19.837883,41.307967],[19.837825,41.308015],[19.837719,41.308098],[19.837709,41.308106],[19.837625,41.308188],[19.837572,41.30824],[19.837547,41.308266],[19.837471,41.308356],[19.837443,41.308392],[19.837412,41.308433],[19.837339,41.308542],[19.837334,41.308552],[19.837286,41.308645],[19.83725,41.30872],[19.837238,41.308744],[19.837178,41.308892],[19.837174,41.308903],[19.837109,41.309064],[19.837039,41.309236],[19.83697,41.309408],[19.83694,41.309483],[19.836902,41.309581],[19.836834,41.309753],[19.836774,41.309906],[19.836766,41.309926],[19.836697,41.310098],[19.83666,41.310192],[19.836627,41.31027],[19.836608,41.310318],[19.836561,41.310443],[19.836551,41.31047],[19.836491,41.310615],[19.836421,41.310787],[19.83635,41.310958],[19.836347,41.310965],[19.836262,41.311108],[19.836252,41.311123],[19.836193,41.311207],[19.836135,41.31128],[19.836013,41.311435],[19.835939,41.311529],[19.835895,41.311592],[19.835783,41.31175],[19.835671,41.311909],[19.835659,41.311926],[19.835559,41.312068],[19.835447,41.312227],[19.835409,41.312282],[19.835331,41.312385],[19.835211,41.312541],[19.835092,41.312697],[19.835022,41.312788],[19.834974,41.312853],[19.834902,41.31295],[19.834858,41.31301],[19.834768,41.313134],[19.834744,41.313169],[19.834732,41.313187],[19.834647,41.313333],[19.834644,41.313338],[19.834604,41.313436],[19.834583,41.313507],[19.834582,41.313511],[19.834568,41.313593],[19.834571,41.313686],[19.834574,41.313759],[19.834582,41.313865],[19.834588,41.313944],[19.834589,41.314045],[19.834589,41.314124],[19.834586,41.314193],[19.834582,41.314225],[19.834565,41.314345],[19.834543,41.314402],[19.834522,41.31446],[19.834464,41.314572],[19.83446,41.31458],[19.834389,41.314703],[19.834369,41.314737],[19.834281,41.314889],[19.834273,41.314902],[19.834176,41.315066],[19.834078,41.31523],[19.83398,41.315394],[19.833882,41.315559],[19.833785,41.315723],[19.833687,41.315887],[19.833682,41.315896],[19.833592,41.316052],[19.833506,41.316202],[19.833497,41.316217],[19.833398,41.316381],[19.833299,41.316545],[19.833213,41.316687],[19.8332,41.316709],[19.833146,41.3168],[19.833106,41.316874],[19.833027,41.31702],[19.833015,41.31704],[19.832991,41.317077],[19.832916,41.317204],[19.832896,41.317239],[19.832859,41.317291],[19.832816,41.317346],[19.8328,41.317362],[19.832756,41.317406],[19.832702,41.317451],[19.832646,41.317498],[19.832644,41.317499],[19.832591,41.317534],[19.832515,41.317579],[19.832456,41.31761],[19.832418,41.31763],[19.832278,41.317686],[19.832246,41.317697],[19.832029,41.317773],[19.831983,41.317789],[19.831949,41.317801],[19.831812,41.317849],[19.831619,41.317916],[19.831595,41.317925],[19.831544,41.317943],[19.831376,41.317998],[19.831157,41.31807],[19.831015,41.318117],[19.830948,41.318154],[19.830947,41.318155],[19.830909,41.318182],[19.830906,41.318203],[19.830904,41.31822],[19.830892,41.318251],[19.830867,41.318285],[19.830838,41.31831],[19.830833,41.318315],[19.83079,41.318338],[19.830742,41.318353],[19.830687,41.31836],[19.830631,41.318356],[19.830616,41.318353],[19.830578,41.318343],[19.83053,41.318321],[19.830457,41.318313],[19.830395,41.318321],[19.830386,41.318324],[19.830169,41.318399],[19.83,41.318457],[19.829951,41.318474],[19.829734,41.318549],[19.829516,41.318625],[19.829325,41.318691],[19.8293,41.318701],[19.829268,41.318715],[19.829164,41.318774],[19.8291,41.318802],[19.829058,41.31882],[19.828936,41.318857],[19.828881,41.318874],[19.828676,41.318936],[19.828659,41.318941],[19.828437,41.319009],[19.828216,41.319077],[19.828194,41.319083],[19.828155,41.319095],[19.827994,41.319144],[19.827772,41.319212],[19.82755,41.31928],[19.82746,41.319307],[19.827346,41.319345],[19.82733,41.319351],[19.827205,41.319395],[19.827119,41.319435],[19.82707,41.319458],[19.826965,41.319538],[19.826943,41.319556],[19.826854,41.319626],[19.826785,41.319691],[19.826762,41.319712],[19.826709,41.319761],[19.826658,41.319816],[19.826643,41.319835],[19.826581,41.319918],[19.826534,41.319996],[19.826435,41.32016],[19.826336,41.320323],[19.826243,41.320478],[19.826237,41.320487],[19.826142,41.320652],[19.826046,41.320817],[19.82595,41.320982],[19.82592,41.321033],[19.825854,41.321147],[19.825758,41.321311],[19.825733,41.321353],[19.825711,41.321391],[19.825662,41.321476],[19.825648,41.321501],[19.825567,41.321641],[19.825503,41.321754],[19.825482,41.321791],[19.825472,41.321807],[19.825443,41.321856],[19.825381,41.321961],[19.825376,41.321971],[19.825336,41.322048],[19.825286,41.322138],[19.825194,41.322304],[19.825101,41.32247],[19.825009,41.322636],[19.824985,41.322678],[19.824936,41.322771],[19.824921,41.322803],[19.824899,41.322847],[19.824879,41.322912],[19.824868,41.322978],[19.824865,41.322995],[19.824864,41.323044],[19.824863,41.323158],[19.824863,41.323179],[19.824868,41.323266],[19.824871,41.323338],[19.824872,41.323362],[19.824885,41.323517],[19.824885,41.323518],[19.8249,41.323655],[19.824906,41.323697],[19.824909,41.323719],[19.82493,41.32381],[19.824946,41.323869],[19.824947,41.323874],[19.824984,41.323978],[19.825009,41.324048],[19.82502,41.324079],[19.825058,41.324199],[19.825066,41.324223],[19.825074,41.324248],[19.825098,41.324319],[19.825126,41.324397],[19.825187,41.324567],[19.825188,41.324571],[19.825237,41.324726],[19.825243,41.324746],[19.825244,41.324749],[19.825264,41.324814],[19.825286,41.324895],[19.825285,41.324922],[19.825283,41.324947],[19.825275,41.324992],[19.825252,41.325068],[19.825242,41.325099],[19.825188,41.325274],[19.825149,41.3254],[19.825141,41.325419],[19.825132,41.325449],[19.825128,41.325464],[19.825112,41.32552],[19.825078,41.325624],[19.825071,41.325644],[19.825018,41.325798],[19.824958,41.325972],[19.824908,41.326117],[19.824899,41.326146],[19.824844,41.326322],[19.824816,41.326413],[19.824789,41.326481],[19.824783,41.326495],[19.82478,41.326503],[19.824767,41.326531],[19.824749,41.326563],[19.824735,41.326587],[19.824707,41.326623],[19.824686,41.326648],[19.824677,41.326656],[19.824659,41.326671],[19.824617,41.326705],[19.824575,41.326737],[19.824538,41.326763],[19.824507,41.326783],[19.824487,41.326797],[19.824445,41.326821],[19.82438,41.326856],[19.824345,41.326873],[19.824314,41.326889],[19.824313,41.326889],[19.824232,41.326924],[19.824103,41.326974],[19.823966,41.327028],[19.823882,41.327039],[19.823834,41.327046],[19.823748,41.327059],[19.823659,41.327098],[19.823609,41.32712],[19.823524,41.32716],[19.823454,41.327191],[19.823248,41.327282],[19.823042,41.327374],[19.82303,41.32738],[19.822864,41.32745],[19.822834,41.327462],[19.822706,41.327514],[19.822633,41.327561],[19.822622,41.327568],[19.822583,41.327591],[19.822526,41.327636],[19.822463,41.327685],[19.822462,41.327686],[19.82239,41.327759],[19.822331,41.327831],[19.822328,41.327836],[19.822247,41.327963],[19.822227,41.327998],[19.822132,41.328163],[19.822075,41.328261],[19.822038,41.328329],[19.821957,41.328476],[19.821947,41.328495],[19.821889,41.328603],[19.821855,41.328661],[19.821772,41.3288],[19.821758,41.328826],[19.821665,41.328992],[19.821571,41.329157],[19.821478,41.329323],[19.821433,41.329403]]},"properties":{"line":"8C","dir":"1","headsign":"9 Katëshet B","mode":"bus","color":"#0059a9"}},{"type":"Feature","geometry":{"type":"LineString","coordinates":[[19.849836,41.322347],[19.849805,41.322344],[19.849599,41.322324],[19.849502,41.322314],[19.84936,41.322306],[19.84932,41.322304],[19.849123,41.32228],[19.849005,41.322265],[19.848888,41.322248],[19.84884,41.322241],[19.848777,41.322228],[19.848669,41.322206],[19.848656,41.322203],[19.848427,41.322151],[19.848197,41.322098],[19.848151,41.322088],[19.848005,41.32205],[19.847971,41.32204],[19.847747,41.321976],[19.847603,41.321935],[19.847522,41.321915],[19.84747,41.321902],[19.847293,41.321862],[19.847249,41.321852],[19.847064,41.32181],[19.846835,41.321758],[19.846605,41.321705],[19.846509,41.321683],[19.846478,41.321677],[19.846376,41.321654],[19.846258,41.321628],[19.846147,41.321602],[19.846044,41.321578],[19.845919,41.321547],[19.845851,41.32153],[19.845692,41.321488],[19.845543,41.321449],[19.845466,41.321428],[19.845326,41.321391],[19.84524,41.321368],[19.845052,41.321319],[19.845014,41.32131],[19.844931,41.321289],[19.844838,41.321265],[19.844787,41.321252],[19.844768,41.321248],[19.844676,41.321225],[19.844596,41.321209],[19.844556,41.321204],[19.844514,41.321198],[19.844438,41.321189],[19.844332,41.321183],[19.844319,41.321182],[19.844221,41.321179],[19.844134,41.321172],[19.844083,41.321164],[19.844081,41.321164],[19.84402,41.321151],[19.84397,41.321139],[19.84392,41.321125],[19.843869,41.321109],[19.843855,41.321104],[19.843787,41.32108],[19.843696,41.321039],[19.843654,41.321022],[19.843644,41.321018],[19.843544,41.320982],[19.843424,41.320948],[19.843294,41.320915],[19.843198,41.320888],[19.843082,41.320855],[19.842976,41.320821],[19.842839,41.320777],[19.842756,41.320748],[19.842681,41.320722],[19.842574,41.320686],[19.842538,41.320674],[19.842414,41.320631],[19.84232,41.3206],[19.842154,41.320545],[19.8421,41.320529],[19.841933,41.320478],[19.841877,41.320463],[19.841828,41.320449],[19.841806,41.320442],[19.841725,41.320426],[19.841648,41.32041],[19.84163,41.320407],[19.841553,41.320394],[19.841441,41.320381],[19.841413,41.320378],[19.841351,41.320371],[19.841257,41.320362],[19.841175,41.320357],[19.841164,41.320356],[19.841107,41.320355],[19.841043,41.320354],[19.840969,41.320353],[19.840935,41.320353],[19.84089,41.320353],[19.840839,41.320354],[19.840753,41.320357],[19.840696,41.320361],[19.840646,41.320364],[19.840554,41.320375],[19.840532,41.320378],[19.840459,41.320387],[19.840416,41.320392],[19.840353,41.3204],[19.840224,41.320417],[19.840223,41.320418],[19.840098,41.320436],[19.839988,41.32045],[19.839956,41.320455],[19.839788,41.320477],[19.839752,41.320482],[19.839516,41.320515],[19.839453,41.320524],[19.839398,41.320532],[19.839282,41.32055],[19.839198,41.320564],[19.839117,41.320577],[19.839088,41.320583],[19.839048,41.320591],[19.838817,41.320639],[19.838758,41.320651],[19.838593,41.3207],[19.838489,41.320731],[19.838375,41.320775],[19.838354,41.320783],[19.838219,41.32084],[19.838167,41.320865],[19.838084,41.320905],[19.838067,41.320913],[19.837965,41.320961],[19.837889,41.320997],[19.837797,41.321038],[19.837758,41.321051],[19.837673,41.321079],[19.837531,41.321108],[19.837511,41.321112],[19.837444,41.321122],[19.837357,41.321136],[19.837297,41.321145],[19.837239,41.321153],[19.837146,41.321167],[19.837087,41.321175],[19.837062,41.321179],[19.836977,41.321192],[19.836936,41.321197],[19.836866,41.321208],[19.836827,41.321214],[19.836714,41.321231],[19.83665,41.321242],[19.836592,41.321252],[19.836581,41.321254],[19.836518,41.321268],[19.836362,41.3213],[19.836164,41.321342],[19.836131,41.321348],[19.836094,41.321356],[19.835968,41.32139],[19.835903,41.321405],[19.835732,41.321445],[19.835675,41.321454],[19.835672,41.321454],[19.835638,41.321452],[19.835614,41.321435],[19.835598,41.321401],[19.835585,41.32133],[19.83558,41.321307],[19.835567,41.321232],[19.835554,41.321162],[19.835548,41.321129],[19.835546,41.321117],[19.835544,41.321109],[19.835528,41.321026],[19.835488,41.320961],[19.835488,41.320957],[19.83545,41.320779],[19.83542,41.320634],[19.835413,41.320601],[19.835375,41.320424],[19.835338,41.320253],[19.835336,41.320246],[19.835331,41.320221],[19.835289,41.32007],[19.83524,41.319894],[19.835228,41.319849],[19.835098,41.319861],[19.835051,41.319865],[19.834968,41.319872],[19.834877,41.319877],[19.834839,41.319863],[19.834816,41.319865],[19.834799,41.319866],[19.834578,41.31988],[19.834339,41.319896],[19.834101,41.319912],[19.833862,41.319927],[19.83369,41.319939],[19.833661,41.319941],[19.833623,41.319943],[19.833385,41.319959],[19.833246,41.319969],[19.833146,41.319975],[19.832995,41.319984],[19.832939,41.319988],[19.832922,41.319987],[19.832909,41.319983],[19.832908,41.319982],[19.832901,41.319974],[19.832896,41.319962],[19.832891,41.319943],[19.832886,41.319924],[19.832876,41.319895],[19.832851,41.319835],[19.832829,41.319814],[19.832807,41.319794],[19.83274,41.319752],[19.832636,41.319709],[19.832426,41.319623],[19.832363,41.319598],[19.832218,41.319534],[19.832097,41.319481],[19.832083,41.319475],[19.832011,41.319443],[19.83184,41.319369],[19.831804,41.319352],[19.831718,41.319311],[19.831675,41.319287],[19.831607,41.31925],[19.831581,41.319235],[19.831537,41.319208],[19.831509,41.319177],[19.831485,41.319147],[19.831464,41.319109],[19.831461,41.319104],[19.831414,41.319024],[19.831399,41.318998],[19.83139,41.318983],[19.831368,41.318945],[19.831332,41.318883],[19.831272,41.31878],[19.831263,41.318765],[19.831241,41.318727],[19.831206,41.318668],[19.831173,41.318616],[19.831102,41.318501],[19.831076,41.318458],[19.83107,41.318454],[19.831001,41.318404],[19.830959,41.318378],[19.830929,41.318369],[19.830881,41.318356],[19.830875,41.318355],[19.830837,41.318349],[19.830742,41.318353],[19.830687,41.31836],[19.830637,41.318357],[19.830631,41.318356],[19.830578,41.318343],[19.83053,41.318321],[19.830457,41.318313],[19.830407,41.318319],[19.830395,41.318321],[19.830189,41.318392],[19.83,41.318457],[19.829971,41.318467],[19.829753,41.318542],[19.829536,41.318618],[19.829325,41.318691],[19.829319,41.318693],[19.829268,41.318715],[19.829164,41.318774],[19.829119,41.318793],[19.829058,41.31882],[19.828936,41.318857],[19.828902,41.318867],[19.828679,41.318934],[19.828676,41.318936],[19.828458,41.319002],[19.828236,41.31907],[19.828194,41.319083],[19.828155,41.319095],[19.828014,41.319138],[19.827792,41.319206],[19.82757,41.319273],[19.82746,41.319307],[19.82735,41.319344],[19.827346,41.319345],[19.827205,41.319395],[19.827137,41.319426],[19.82707,41.319458],[19.826965,41.319538],[19.826958,41.319544],[19.826854,41.319626],[19.826798,41.319678],[19.826762,41.319712],[19.826709,41.319761],[19.826658,41.319816],[19.826654,41.319821],[19.826581,41.319918],[19.826543,41.319981],[19.826444,41.320145],[19.826345,41.320309],[19.826246,41.320472],[19.826243,41.320478],[19.82615,41.320637],[19.826054,41.320802],[19.825959,41.320967],[19.82592,41.321033],[19.825862,41.321132],[19.825766,41.321296],[19.825733,41.321353],[19.825711,41.321391],[19.825671,41.321461],[19.825648,41.321501],[19.825576,41.321626],[19.825503,41.321754],[19.825482,41.321791],[19.825481,41.321792],[19.825443,41.321856],[19.825384,41.321956],[19.825381,41.321961],[19.825336,41.322048],[19.825294,41.322123],[19.825202,41.322289],[19.82511,41.322455],[19.825017,41.322621],[19.824985,41.322678],[19.824936,41.322771],[19.824928,41.322788],[19.824899,41.322847],[19.824879,41.322912],[19.824871,41.322962],[19.824865,41.322995],[19.824864,41.323044],[19.824863,41.323142],[19.824863,41.323179],[19.824868,41.323266],[19.82487,41.323322],[19.824872,41.323362],[19.824883,41.323501],[19.824885,41.323517],[19.8249,41.323655],[19.824904,41.323681],[19.824909,41.323719],[19.82493,41.32381],[19.824943,41.323858],[19.824946,41.323869],[19.824984,41.323978],[19.825003,41.324032],[19.82502,41.324079],[19.825058,41.324199],[19.82506,41.324207],[19.825074,41.324248],[19.825098,41.324319],[19.82512,41.324381],[19.825182,41.324555],[19.825187,41.324567],[19.825237,41.324726],[19.825238,41.32473],[19.825244,41.324749],[19.825264,41.324814],[19.825286,41.324895],[19.825286,41.324906],[19.825283,41.324947],[19.825275,41.324992],[19.825252,41.325068],[19.825247,41.325083],[19.825193,41.325258],[19.825149,41.3254],[19.825141,41.325419],[19.825137,41.325433],[19.825128,41.325464],[19.825112,41.32552],[19.825083,41.325608],[19.825071,41.325644],[19.825023,41.325782],[19.824963,41.325956],[19.824908,41.326117],[19.824904,41.326131],[19.824849,41.326306],[19.824816,41.326413],[19.824789,41.32648],[19.824789,41.326481],[19.82478,41.326503],[19.824767,41.326531],[19.824749,41.326563],[19.824735,41.326587],[19.824707,41.326623],[19.82469,41.326643],[19.824686,41.326648],[19.824659,41.326671],[19.824617,41.326705],[19.824575,41.326737],[19.824538,41.326763],[19.824524,41.326772],[19.824487,41.326797],[19.824445,41.326821],[19.82438,41.326856],[19.824345,41.326873],[19.824332,41.32688],[19.824313,41.326889],[19.824232,41.326924],[19.824122,41.326967],[19.823966,41.327028],[19.823904,41.327036],[19.823834,41.327046],[19.823748,41.327059],[19.823678,41.32709],[19.823609,41.32712],[19.823524,41.32716],[19.823473,41.327182],[19.823267,41.327274],[19.823061,41.327366],[19.82303,41.32738],[19.822864,41.32745],[19.822853,41.327455],[19.822706,41.327514],[19.82265,41.32755],[19.822622,41.327568],[19.822583,41.327591],[19.822526,41.327636],[19.822477,41.327674],[19.822463,41.327685],[19.82239,41.327759],[19.82234,41.327821],[19.822331,41.327831],[19.822247,41.327963],[19.822236,41.327983],[19.822141,41.328148],[19.822075,41.328261],[19.822047,41.328313],[19.821957,41.328476],[19.821955,41.328479],[19.821889,41.328603],[19.821828,41.328592],[19.821749,41.328578],[19.821596,41.328548],[19.821439,41.328517],[19.821364,41.328503],[19.821277,41.328487],[19.821132,41.328459],[19.821018,41.328437],[19.8209,41.328414],[19.820791,41.328392],[19.820669,41.328368],[19.82048,41.328331],[19.82047,41.328364],[19.820449,41.328431],[19.820417,41.328539],[19.820365,41.328714],[19.820331,41.328827],[19.820312,41.32889],[19.820258,41.329065],[19.820204,41.32924],[19.820176,41.329332],[19.820152,41.329416],[19.82015,41.329424],[19.820097,41.329591],[19.820041,41.329766],[19.819991,41.329923],[19.819985,41.329941],[19.819961,41.330015],[19.819921,41.330073],[19.819955,41.330102],[19.820116,41.330235],[19.820276,41.330368],[19.820313,41.330399],[19.82037,41.330441],[19.820383,41.330451],[19.820443,41.330487],[19.820451,41.330491],[19.820536,41.330542],[19.820642,41.3306],[19.820675,41.330617],[19.820607,41.33061],[19.820548,41.330604],[19.820481,41.3306],[19.820379,41.330598],[19.820368,41.330599],[19.820278,41.330605],[19.820163,41.330613],[19.820129,41.330612],[19.820037,41.330611],[19.819891,41.330594],[19.81985,41.330589],[19.819655,41.330563],[19.819553,41.330549],[19.81942,41.330531],[19.819184,41.330499],[19.819044,41.330481],[19.818948,41.330468],[19.818712,41.330436],[19.818477,41.330404],[19.818241,41.330373],[19.818071,41.33035],[19.818029,41.330344],[19.818005,41.330341],[19.817947,41.330332],[19.817919,41.330432],[19.81791,41.330464],[19.817861,41.330641],[19.817812,41.330817],[19.817764,41.330993],[19.81774,41.331077],[19.817715,41.331169],[19.817698,41.331231],[19.817666,41.331345],[19.817617,41.331521],[19.81759,41.331621],[19.817569,41.331697],[19.81752,41.331873],[19.817493,41.331973],[19.817485,41.332],[19.817471,41.332049],[19.817423,41.332226],[19.817392,41.332337],[19.817375,41.332402],[19.817326,41.332578],[19.817278,41.332754],[19.817229,41.33293],[19.817196,41.333051],[19.81718,41.333106],[19.817157,41.333181],[19.81713,41.333282],[19.817119,41.333319],[19.817107,41.33336],[19.817079,41.333458],[19.817028,41.333634],[19.816978,41.333809],[19.816928,41.333985],[19.816877,41.334161],[19.816827,41.334337],[19.816776,41.334513],[19.816747,41.334615],[19.816729,41.334689],[19.816721,41.334721],[19.816683,41.334865],[19.816636,41.335042],[19.816588,41.335218],[19.816587,41.335224],[19.816539,41.335394],[19.816489,41.33557],[19.816465,41.335657],[19.816442,41.335746],[19.816429,41.335799],[19.81642,41.335833],[19.816387,41.335911],[19.816383,41.335921],[19.816358,41.335988],[19.816215,41.335965],[19.816214,41.335965],[19.816065,41.335942],[19.81598,41.335928],[19.815747,41.335889],[19.815746,41.335889],[19.815512,41.335852],[19.815278,41.335815],[19.815043,41.335778],[19.814809,41.335741],[19.814761,41.335733],[19.814575,41.335704],[19.814496,41.335691],[19.81434,41.335667],[19.814106,41.33563],[19.813871,41.335593],[19.813799,41.335581],[19.813766,41.335575],[19.813637,41.335554],[19.813403,41.335516],[19.813169,41.335477],[19.812935,41.335439],[19.812701,41.3354],[19.812586,41.335382],[19.812565,41.335378],[19.812467,41.335362],[19.812408,41.335352],[19.812394,41.33539],[19.812391,41.335402],[19.812381,41.335433],[19.812367,41.335482],[19.812317,41.335658],[19.812268,41.335834],[19.81226,41.335861],[19.812217,41.33601],[19.812189,41.336105],[19.812166,41.336186],[19.81214,41.336279],[19.812122,41.336343],[19.812116,41.336362],[19.812067,41.336538],[19.812017,41.336714],[19.811967,41.33689],[19.811967,41.336891],[19.811954,41.336937],[19.811914,41.337065],[19.811903,41.337103],[19.811861,41.33724],[19.811825,41.337359],[19.811808,41.337416],[19.811791,41.337473],[19.811751,41.33759],[19.811725,41.337664],[19.811682,41.337763],[19.81167,41.337789],[19.811619,41.337881],[19.811591,41.337929],[19.811493,41.338093],[19.811465,41.33814],[19.811422,41.338229],[19.811405,41.338261],[19.811376,41.338317],[19.811321,41.338429],[19.811237,41.338597],[19.811154,41.338766],[19.811151,41.338772],[19.811098,41.338879],[19.81107,41.338935],[19.811063,41.33895],[19.811042,41.338988],[19.810987,41.339094],[19.810983,41.339102],[19.810944,41.339176],[19.810921,41.33922],[19.810895,41.339269],[19.810843,41.339367],[19.810809,41.339437],[19.810732,41.339596],[19.810728,41.339607],[19.810706,41.339678],[19.810693,41.339755],[19.810688,41.339784],[19.810672,41.33989],[19.810663,41.339963],[19.810642,41.340141],[19.810642,41.340142],[19.810612,41.340283],[19.810603,41.34032],[19.810581,41.340419],[19.810552,41.340495],[19.810543,41.340522],[19.810499,41.340617],[19.810476,41.340666],[19.810464,41.34069],[19.81043,41.340754],[19.810382,41.340831],[19.810362,41.340864],[19.810339,41.340902],[19.810294,41.340968],[19.810272,41.34099],[19.810227,41.341036],[19.810113,41.341125],[19.809962,41.341244],[19.809948,41.341255],[19.809865,41.341319],[19.809786,41.341388],[19.809768,41.341404],[19.809645,41.341521],[19.809638,41.34153],[19.809559,41.341632],[19.809523,41.341687],[19.809472,41.341765],[19.809424,41.341851],[19.809354,41.341976],[19.809333,41.342017],[19.80931,41.34206],[19.809252,41.342187],[19.809174,41.342357],[19.80916,41.342388],[19.809125,41.342488],[19.809113,41.342531],[19.809092,41.342605],[19.809074,41.342685],[19.809068,41.342707],[19.809026,41.342884],[19.808994,41.34302],[19.808982,41.343061],[19.808954,41.343155],[19.808928,41.343236],[19.808912,41.343288],[19.808875,41.343372],[19.808859,41.343408],[19.80883,41.343471],[19.808807,41.343513],[19.808792,41.343542],[19.808772,41.343576],[19.808693,41.343718],[19.80868,41.343742],[19.808673,41.343755],[19.808643,41.343809],[19.808587,41.343908],[19.808566,41.343946],[19.808533,41.344009],[19.8085,41.344076],[19.808419,41.344245],[19.808399,41.344285],[19.808348,41.344392],[19.808337,41.344414],[19.808321,41.344447],[19.808276,41.344541],[19.808259,41.344584],[19.808195,41.344742],[19.80819,41.344756],[19.808118,41.344927],[19.808077,41.345025],[19.808044,41.345099],[19.80797,41.34527],[19.807897,41.345435],[19.807895,41.34544],[19.807853,41.345541],[19.807824,41.345612],[19.807786,41.345706],[19.807755,41.345785],[19.807687,41.345957],[19.807619,41.34613],[19.807572,41.346249],[19.80755,41.346302],[19.807479,41.346474],[19.807408,41.346645],[19.807337,41.346817],[19.807278,41.346961],[19.807262,41.346989],[19.80723,41.347046],[19.807207,41.347083],[19.807175,41.347136],[19.807163,41.347152],[19.80715,41.34717],[19.807118,41.347207],[19.807029,41.347301],[19.806985,41.347346],[19.806963,41.347383],[19.806951,41.347417],[19.806955,41.347451],[19.806959,41.347465],[19.806968,41.347491],[19.806804,41.347473],[19.806766,41.347471],[19.806578,41.34746],[19.806619,41.347437],[19.806649,41.34742],[19.806713,41.347405]]},"properties":{"line":"9A","dir":"0","headsign":"Uzina Dinamo","mode":"bus","color":"#0059a9"}},{"type":"Feature","geometry":{"type":"LineString","coordinates":[[19.806713,41.347405],[19.806839,41.347376],[19.806943,41.347355],[19.806985,41.347346],[19.8071,41.347227],[19.807118,41.347207],[19.80715,41.34717],[19.807175,41.347136],[19.807207,41.347083],[19.807216,41.34707],[19.80723,41.347046],[19.807278,41.346961],[19.807302,41.346902],[19.807373,41.34673],[19.807444,41.346558],[19.807515,41.346386],[19.807572,41.346249],[19.807586,41.346215],[19.807654,41.346042],[19.807722,41.34587],[19.807786,41.345706],[19.80779,41.345697],[19.807853,41.345541],[19.80786,41.345525],[19.807897,41.345435],[19.807933,41.345354],[19.808008,41.345183],[19.808077,41.345025],[19.808082,41.345012],[19.808154,41.344841],[19.808195,41.344742],[19.808225,41.344669],[19.808276,41.344541],[19.808297,41.344497],[19.808321,41.344447],[19.808348,41.344392],[19.808379,41.344328],[19.808399,41.344285],[19.80846,41.344159],[19.808533,41.344009],[19.808543,41.34399],[19.808566,41.343946],[19.808635,41.343824],[19.808643,41.343809],[19.808673,41.343755],[19.808693,41.343718],[19.808727,41.343658],[19.808792,41.343542],[19.808807,41.343513],[19.808819,41.343492],[19.80883,41.343471],[19.808875,41.343372],[19.808897,41.343322],[19.808912,41.343288],[19.808954,41.343155],[19.808956,41.343148],[19.808994,41.34302],[19.809006,41.342972],[19.809048,41.342795],[19.809074,41.342685],[19.809089,41.342618],[19.809092,41.342605],[19.809125,41.342488],[19.809141,41.342442],[19.80916,41.342388],[19.809213,41.34227],[19.809291,41.3421],[19.80931,41.34206],[19.809354,41.341976],[19.809378,41.341933],[19.80947,41.341767],[19.809472,41.341765],[19.809559,41.341632],[19.809579,41.341606],[19.809645,41.341521],[19.809712,41.341457],[19.809768,41.341404],[19.809865,41.341319],[19.809962,41.341244],[19.810032,41.34119],[19.810197,41.34106],[19.810227,41.341036],[19.810272,41.34099],[19.810294,41.340968],[19.810332,41.340912],[19.810339,41.340902],[19.810362,41.340864],[19.81043,41.340754],[19.810433,41.340748],[19.810464,41.34069],[19.810499,41.340617],[19.810516,41.34058],[19.810543,41.340522],[19.810581,41.340419],[19.810583,41.340407],[19.810612,41.340283],[19.810623,41.34023],[19.810642,41.340141],[19.810653,41.340051],[19.810672,41.33989],[19.810675,41.339872],[19.810693,41.339755],[19.810703,41.339694],[19.810706,41.339678],[19.810732,41.339596],[19.810768,41.339521],[19.810843,41.339367],[19.810851,41.339352],[19.810921,41.33922],[19.810939,41.339185],[19.810944,41.339176],[19.810987,41.339094],[19.811027,41.339017],[19.811042,41.338988],[19.811063,41.33895],[19.811098,41.338879],[19.811113,41.338849],[19.811151,41.338772],[19.811196,41.338681],[19.811279,41.338512],[19.811363,41.338343],[19.811376,41.338317],[19.811422,41.338229],[19.811448,41.338175],[19.811465,41.33814],[19.811543,41.33801],[19.811619,41.337881],[19.811639,41.337845],[19.81167,41.337789],[19.81172,41.337676],[19.811725,41.337664],[19.811781,41.337502],[19.811791,41.337473],[19.811825,41.337359],[19.811835,41.337327],[19.811888,41.337152],[19.811903,41.337103],[19.811942,41.336976],[19.811954,41.336937],[19.811967,41.336891],[19.811992,41.3368],[19.812042,41.336625],[19.812092,41.336449],[19.812122,41.336343],[19.81214,41.336279],[19.812142,41.336273],[19.812189,41.336105],[19.812192,41.336097],[19.812243,41.335921],[19.81226,41.335861],[19.812293,41.335745],[19.812342,41.335569],[19.812381,41.335433],[19.812391,41.335402],[19.812393,41.335393],[19.812394,41.33539],[19.812408,41.335352],[19.812436,41.335279],[19.812515,41.335292],[19.812586,41.335304],[19.812749,41.335331],[19.812983,41.33537],[19.813217,41.335409],[19.813451,41.335448],[19.813684,41.335487],[19.81382,41.335509],[19.813919,41.335525],[19.814153,41.335562],[19.814387,41.3356],[19.814621,41.335637],[19.814856,41.335674],[19.815008,41.335698],[19.81509,41.335711],[19.815325,41.335748],[19.815497,41.335774],[19.815559,41.335784],[19.815767,41.335817],[19.815794,41.335814],[19.815963,41.335794],[19.816023,41.335776],[19.816027,41.335774],[19.816082,41.335751],[19.81623,41.335678],[19.816302,41.335644],[19.816316,41.335597],[19.816335,41.335531],[19.816386,41.335355],[19.816417,41.335247],[19.816436,41.335179],[19.816485,41.335003],[19.816534,41.334827],[19.816583,41.334651],[19.816617,41.33453],[19.816633,41.334475],[19.816683,41.334299],[19.816733,41.334124],[19.816733,41.334123],[19.816781,41.333947],[19.816828,41.333771],[19.816876,41.333594],[19.816923,41.333418],[19.816956,41.333295],[19.816965,41.333241],[19.816981,41.333134],[19.817001,41.333064],[19.817012,41.333025],[19.817049,41.332887],[19.817098,41.332711],[19.817127,41.332604],[19.817146,41.332535],[19.817194,41.332359],[19.817196,41.332351],[19.817243,41.332183],[19.817291,41.332007],[19.8173,41.331972],[19.817317,41.331912],[19.817339,41.33183],[19.817388,41.331654],[19.817436,41.331478],[19.817484,41.331302],[19.817515,41.331192],[19.817533,41.331126],[19.817581,41.33095],[19.81763,41.330774],[19.817679,41.330597],[19.817725,41.330431],[19.817727,41.330421],[19.817733,41.330402],[19.81776,41.330302],[19.817684,41.33029],[19.817643,41.330284],[19.81745,41.330254],[19.817215,41.330218],[19.81698,41.330182],[19.81692,41.330173],[19.816851,41.330157],[19.816764,41.330132],[19.816753,41.330127],[19.816703,41.330106],[19.816622,41.330063],[19.816558,41.330023],[19.816538,41.330011],[19.816466,41.329954],[19.8164,41.329889],[19.816393,41.329882],[19.816329,41.3298],[19.816287,41.32973],[19.816275,41.329711],[19.816203,41.329561],[19.81613,41.32941],[19.816123,41.329392],[19.816056,41.329219],[19.816009,41.329097],[19.815994,41.329045],[19.815978,41.328988],[19.816013,41.32887],[19.816064,41.328694],[19.816074,41.328662],[19.81611,41.328517],[19.816154,41.32834],[19.816163,41.328304],[19.816171,41.328269],[19.816188,41.328199],[19.816196,41.328163],[19.816202,41.328138],[19.816211,41.3281],[19.81624,41.327989],[19.816241,41.327987],[19.816284,41.32781],[19.816284,41.32781],[19.816331,41.327641],[19.816333,41.327634],[19.816379,41.327457],[19.816419,41.327303],[19.816426,41.327281],[19.816475,41.327105],[19.816525,41.326929],[19.816534,41.326899],[19.816555,41.326826],[19.816575,41.326753],[19.8166,41.326663],[19.816625,41.326577],[19.816675,41.326401],[19.816725,41.326225],[19.81677,41.326068],[19.816775,41.326049],[19.816824,41.325873],[19.816865,41.325732],[19.816874,41.325698],[19.81689,41.325642],[19.816902,41.325598],[19.817004,41.325614],[19.817038,41.325619],[19.817239,41.32565],[19.817346,41.325667],[19.817473,41.325687],[19.817707,41.325724],[19.817942,41.325761],[19.818176,41.325797],[19.818411,41.325834],[19.818645,41.325871],[19.81888,41.325908],[19.818888,41.325909],[19.818923,41.325915],[19.819015,41.325929],[19.819105,41.325943],[19.819104,41.32595],[19.819056,41.326126],[19.819008,41.326302],[19.81896,41.326479],[19.818958,41.326489],[19.818913,41.326655],[19.818911,41.326661],[19.818909,41.326713],[19.818925,41.326758],[19.818944,41.326779],[19.818975,41.326804],[19.818991,41.326816],[19.819047,41.326858],[19.81911,41.326915],[19.819146,41.326952],[19.819164,41.32697],[19.819201,41.327013],[19.819236,41.327063],[19.819265,41.327099],[19.819272,41.327106],[19.81928,41.327113],[19.819307,41.327132],[19.81934,41.327143],[19.819404,41.327158],[19.819493,41.327166],[19.819496,41.327166],[19.819632,41.327178],[19.819731,41.327186],[19.819969,41.327207],[19.820177,41.327225],[19.820206,41.327228],[19.820444,41.327249],[19.820624,41.327264],[19.820682,41.32727],[19.82092,41.32729],[19.821042,41.327301],[19.821158,41.327311],[19.821371,41.32733],[19.821396,41.327332],[19.821634,41.327353],[19.821872,41.327373],[19.821888,41.327375],[19.822053,41.327389],[19.82211,41.327394],[19.822348,41.327415],[19.822489,41.327427],[19.822583,41.327446],[19.822609,41.327452],[19.822671,41.327474],[19.822706,41.327514],[19.822777,41.327485],[19.822864,41.32745],[19.822986,41.327398],[19.82303,41.32738],[19.823193,41.327307],[19.823399,41.327215],[19.823524,41.32716],[19.823604,41.327122],[19.823609,41.32712],[19.823748,41.327059],[19.823803,41.327024],[19.823907,41.326958],[19.823997,41.32692],[19.824019,41.32691],[19.824206,41.326831],[19.824238,41.326818],[19.824332,41.326771],[19.824365,41.326753],[19.824398,41.326732],[19.824403,41.326729],[19.824438,41.326704],[19.824469,41.326682],[19.824498,41.326661],[19.824543,41.326621],[19.824566,41.326597],[19.824572,41.326592],[19.824604,41.326557],[19.824629,41.326524],[19.824651,41.326485],[19.824674,41.326438],[19.824674,41.326437],[19.824695,41.326384],[19.824735,41.326263],[19.824793,41.326089],[19.824851,41.325914],[19.824909,41.32574],[19.824963,41.325578],[19.824967,41.325565],[19.825008,41.32544],[19.825024,41.32539],[19.825026,41.325386],[19.825043,41.325339],[19.825085,41.325216],[19.825143,41.325042],[19.825155,41.325006],[19.825166,41.324973],[19.825175,41.324923],[19.825167,41.324865],[19.825164,41.324845],[19.825138,41.324764],[19.825129,41.324737],[19.825111,41.32469],[19.825046,41.324517],[19.825019,41.324444],[19.824983,41.324343],[19.82492,41.324169],[19.824878,41.324052],[19.824858,41.323996],[19.824826,41.323904],[19.824815,41.323847],[19.824814,41.32382],[19.824809,41.323736],[19.824808,41.323686],[19.824806,41.32364],[19.824799,41.32346],[19.824793,41.32328],[19.824792,41.323263],[19.824787,41.323132],[19.824788,41.3231],[19.82479,41.323015],[19.824795,41.322963],[19.824805,41.322921],[19.824807,41.322911],[19.824821,41.322861],[19.824841,41.322803],[19.824868,41.322748],[19.824912,41.32266],[19.824957,41.322581],[19.825052,41.322416],[19.825147,41.322251],[19.825242,41.322086],[19.825272,41.322035],[19.825317,41.32195],[19.825334,41.32192],[19.825378,41.321835],[19.825414,41.321771],[19.825424,41.321753],[19.825521,41.321588],[19.825615,41.321428],[19.825618,41.321424],[19.825716,41.32126],[19.825815,41.321096],[19.825861,41.321018],[19.825912,41.320932],[19.826008,41.320767],[19.826104,41.320602],[19.826187,41.320461],[19.8262,41.320437],[19.826292,41.320271],[19.826358,41.320154],[19.826387,41.320106],[19.826486,41.319942],[19.826586,41.319779],[19.826633,41.319725],[19.826728,41.319634],[19.826793,41.319572],[19.826883,41.319497],[19.826901,41.319483],[19.827025,41.319403],[19.827069,41.319384],[19.827119,41.319362],[19.827169,41.31934],[19.827281,41.3193],[19.827313,41.319289],[19.827429,41.31925],[19.827501,41.319228],[19.827722,41.319159],[19.827781,41.31914],[19.827943,41.31909],[19.828127,41.319032],[19.828164,41.31902],[19.828385,41.318951],[19.828452,41.318931],[19.828606,41.318882],[19.828827,41.318813],[19.828893,41.318793],[19.829031,41.31875],[19.829046,41.318741],[19.829113,41.318705],[19.829191,41.318665],[19.829243,41.318639],[19.82932,41.318603],[19.829451,41.318549],[19.829465,41.318543],[19.829669,41.318476],[19.829889,41.318404],[19.829945,41.318386],[19.830107,41.31833],[19.830197,41.3183],[19.830326,41.318257],[19.830344,41.318251],[19.830399,41.318219],[19.830445,41.318172],[19.830456,41.318131],[19.830464,41.318119],[19.83048,41.318093],[19.830516,41.31806],[19.83056,41.318035],[19.830612,41.318018],[19.830645,41.318014],[19.830667,41.318011],[19.830723,41.318015],[19.830776,41.318028],[19.83082,41.318048],[19.830856,41.318075],[19.830859,41.318078],[19.830884,41.318108],[19.830902,41.318144],[19.830909,41.318182],[19.830906,41.318203],[19.830945,41.318242],[19.830954,41.318251],[19.831006,41.318307],[19.831044,41.318356],[19.831064,41.318396],[19.831066,41.3184],[19.831076,41.318458],[19.831102,41.318501],[19.831142,41.318566],[19.831206,41.318668],[19.831241,41.318727],[19.831242,41.318729],[19.831263,41.318765],[19.831332,41.318883],[19.831338,41.318894],[19.83139,41.318983],[19.831399,41.318998],[19.831414,41.319024],[19.831434,41.319059],[19.831461,41.319104],[19.831485,41.319147],[19.831509,41.319177],[19.831537,41.319208],[19.831549,41.319215],[19.831581,41.319235],[19.831675,41.319287],[19.831718,41.319311],[19.831742,41.319323],[19.83184,41.319369],[19.831947,41.319415],[19.832083,41.319475],[19.832097,41.319481],[19.832154,41.319506],[19.83236,41.319597],[19.832363,41.319598],[19.832571,41.319683],[19.83274,41.319752],[19.832776,41.319775],[19.832807,41.319794],[19.832851,41.319835],[19.832927,41.319914],[19.832995,41.319984],[19.833119,41.319976],[19.833246,41.319969],[19.833357,41.319961],[19.833596,41.319945],[19.833661,41.319941],[19.83369,41.319939],[19.833834,41.319929],[19.834073,41.319913],[19.834312,41.319898],[19.83455,41.319882],[19.834789,41.319867],[19.834799,41.319866],[19.834839,41.319863],[19.834888,41.31985],[19.835025,41.319835],[19.835069,41.319831],[19.835223,41.319818],[19.835263,41.319816],[19.835267,41.319815],[19.835285,41.319839],[19.835324,41.319985],[19.835372,41.320161],[19.835386,41.320214],[19.835392,41.320247],[19.835411,41.320339],[19.835447,41.320517],[19.83547,41.320629],[19.835482,41.320695],[19.835516,41.320873],[19.835533,41.320958],[19.835528,41.321026],[19.835533,41.321051],[19.835544,41.321109],[19.835546,41.321117],[19.835554,41.321162],[19.835566,41.321229],[19.835567,41.321232],[19.835585,41.32133],[19.835598,41.321401],[19.835601,41.321407],[19.835614,41.321435],[19.835638,41.321452],[19.835675,41.321454],[19.835732,41.321445],[19.835804,41.321429],[19.835968,41.32139],[19.836031,41.321373],[19.836094,41.321356],[19.836164,41.321342],[19.836167,41.321341],[19.836356,41.321301],[19.836518,41.321268],[19.836581,41.321254],[19.836586,41.321253],[19.83665,41.321242],[19.836714,41.321231],[19.83682,41.321215],[19.836866,41.321208],[19.836936,41.321197],[19.836977,41.321192],[19.837055,41.32118],[19.837087,41.321175],[19.837146,41.321167],[19.837239,41.321153],[19.83729,41.321146],[19.837357,41.321136],[19.837444,41.321122],[19.837511,41.321112],[19.837525,41.321109],[19.837673,41.321079],[19.837752,41.321053],[19.837797,41.321038],[19.837889,41.320997],[19.83796,41.320964],[19.838067,41.320913],[19.838084,41.320905],[19.838162,41.320867],[19.838219,41.32084],[19.838354,41.320783],[19.838369,41.320777],[19.838489,41.320731],[19.838587,41.320702],[19.838758,41.320651],[19.838811,41.32064],[19.839042,41.320592],[19.839088,41.320583],[19.839117,41.320577],[19.839198,41.320564],[19.839276,41.320551],[19.839398,41.320532],[19.839453,41.320524],[19.83951,41.320516],[19.839746,41.320483],[19.839788,41.320477],[19.839956,41.320455],[19.839982,41.320451],[19.840098,41.320436],[19.840217,41.320418],[19.840224,41.320417],[19.840353,41.3204],[19.840416,41.320392],[19.840453,41.320387],[19.840532,41.320378],[19.840554,41.320375],[19.840646,41.320364],[19.84069,41.320361],[19.840753,41.320357],[19.840839,41.320354],[19.84089,41.320353],[19.840929,41.320353],[19.840969,41.320353],[19.841043,41.320354],[19.841107,41.320355],[19.841164,41.320356],[19.841169,41.320357],[19.841257,41.320362],[19.841351,41.320371],[19.841407,41.320377],[19.841441,41.320381],[19.841553,41.320394],[19.84163,41.320407],[19.841642,41.320409],[19.841725,41.320426],[19.841806,41.320442],[19.841828,41.320449],[19.841871,41.320461],[19.841933,41.320478],[19.842094,41.320527],[19.842154,41.320545],[19.842314,41.320598],[19.842414,41.320631],[19.842533,41.320672],[19.842574,41.320686],[19.842681,41.320722],[19.842751,41.320746],[19.842839,41.320777],[19.84297,41.320819],[19.843082,41.320855],[19.843192,41.320886],[19.843294,41.320915],[19.843417,41.320946],[19.843424,41.320948],[19.843544,41.320982],[19.843639,41.321016],[19.843654,41.321022],[19.843696,41.321039],[19.843787,41.32108],[19.84385,41.321102],[19.843869,41.321109],[19.84392,41.321125],[19.84397,41.321139],[19.84402,41.321151],[19.844075,41.321162],[19.844083,41.321164],[19.844134,41.321172],[19.844221,41.321179],[19.844313,41.321182],[19.844332,41.321183],[19.844438,41.321189],[19.844514,41.321198],[19.84455,41.321203],[19.844596,41.321209],[19.844676,41.321225],[19.844768,41.321248],[19.844781,41.321251],[19.844838,41.321265],[19.844931,41.321289],[19.845008,41.321308],[19.845052,41.321319],[19.845235,41.321367],[19.845326,41.321391],[19.84546,41.321427],[19.845543,41.321449],[19.845686,41.321486],[19.845851,41.32153],[19.845913,41.321545],[19.846044,41.321578],[19.846141,41.321601],[19.846258,41.321628],[19.84637,41.321653],[19.846478,41.321677],[19.846509,41.321683],[19.846599,41.321704],[19.846829,41.321756],[19.847058,41.321809],[19.847249,41.321852],[19.847287,41.321861],[19.84747,41.321902],[19.847516,41.321913],[19.847603,41.321935],[19.847741,41.321975],[19.847965,41.322039],[19.848005,41.32205],[19.848151,41.322088],[19.848191,41.322097],[19.848421,41.322149],[19.84865,41.322202],[19.848669,41.322206],[19.848777,41.322228],[19.84884,41.322241],[19.848882,41.322247],[19.849005,41.322265],[19.849117,41.322279],[19.84932,41.322304],[19.849354,41.322306],[19.849502,41.322314],[19.849593,41.322323],[19.849805,41.322344],[19.84983,41.322346]]},"properties":{"line":"9A","dir":"1","headsign":"Depo Ujit A","mode":"bus","color":"#0059a9"}},{"type":"Feature","geometry":{"type":"LineString","coordinates":[[19.853337,41.321045],[19.853321,41.321051],[19.853251,41.321092],[19.853199,41.321129],[19.853157,41.321163],[19.853095,41.321213],[19.853038,41.321269],[19.853,41.321298],[19.852981,41.321312],[19.852913,41.321349],[19.852799,41.321395],[19.852757,41.321412],[19.852586,41.321478],[19.852372,41.321559],[19.852332,41.321575],[19.852161,41.321644],[19.852121,41.321661],[19.852078,41.321678],[19.852034,41.321695],[19.851992,41.321712],[19.85195,41.321727],[19.851949,41.321727],[19.851899,41.321744],[19.85185,41.321759],[19.851724,41.321788],[19.851689,41.321797],[19.851497,41.321847],[19.851474,41.321853],[19.851269,41.321901],[19.851247,41.321906],[19.851125,41.321941],[19.851047,41.321968],[19.851007,41.321982],[19.850834,41.322051],[19.850791,41.322068],[19.850621,41.322134],[19.850516,41.322174],[19.850406,41.322213],[19.850302,41.32225],[19.850222,41.322279],[19.850189,41.322288],[19.850125,41.322307],[19.85008,41.322322],[19.850043,41.322335],[19.849992,41.322362],[19.849974,41.32236],[19.849992,41.322362],[19.850015,41.322349],[19.850043,41.322335],[19.85008,41.322322],[19.850125,41.322307],[19.850222,41.322279],[19.850226,41.322271],[19.850309,41.322102],[19.850339,41.322043],[19.850321,41.321992],[19.850296,41.321949],[19.850286,41.321933],[19.850266,41.321903],[19.850236,41.321838],[19.850214,41.321762],[19.850185,41.321661],[19.850157,41.321587],[19.850119,41.321486],[19.85009,41.321415],[19.850056,41.321329],[19.850026,41.321242],[19.850006,41.321183],[19.849976,41.321065],[19.849974,41.321056],[19.849952,41.320942],[19.849939,41.320888],[19.849933,41.32086],[19.849912,41.320793],[19.849885,41.320739],[19.849871,41.320716],[19.849818,41.320629],[19.849773,41.320552],[19.849732,41.320481],[19.849694,41.320429],[19.849656,41.320396],[19.849646,41.320387],[19.849602,41.320352],[19.84955,41.320316],[19.849487,41.320281],[19.849476,41.320277],[19.849437,41.320261],[19.84935,41.320228],[19.849279,41.320203],[19.849262,41.320197],[19.849216,41.32018],[19.849164,41.320149],[19.849129,41.320121],[19.849102,41.320088],[19.849094,41.320074],[19.849082,41.32005],[19.849065,41.320013],[19.849055,41.319982],[19.849047,41.319949],[19.849044,41.31993],[19.849041,41.319899],[19.849039,41.319871],[19.849042,41.319813],[19.849045,41.319719],[19.849045,41.319702],[19.849038,41.319617],[19.84903,41.319581],[19.84902,41.31954],[19.84902,41.319539],[19.849,41.31948],[19.848982,41.319422],[19.848963,41.319365],[19.848962,41.319361],[19.848939,41.319299],[19.848918,41.319256],[19.848893,41.319213],[19.848878,41.319197],[19.84882,41.319136],[19.848757,41.319095],[19.848715,41.319074],[19.848708,41.319072],[19.848583,41.319019],[19.848511,41.318987],[19.848501,41.318982],[19.848424,41.318951],[19.848291,41.318896],[19.848238,41.318874],[19.848081,41.31881],[19.847981,41.318769],[19.847866,41.318731],[19.847859,41.318729],[19.847688,41.31867],[19.847647,41.318658],[19.847544,41.318626],[19.847425,41.318591],[19.847412,41.318587],[19.84722,41.318541],[19.847197,41.318535],[19.847008,41.318486],[19.846992,41.318482],[19.846972,41.318476],[19.846969,41.318474],[19.846955,41.318466],[19.846947,41.318456],[19.846939,41.31844],[19.846928,41.318425],[19.846912,41.318411],[19.846901,41.3184],[19.846886,41.318391],[19.846869,41.318381],[19.846849,41.318372],[19.846823,41.318362],[19.8468,41.318354],[19.846797,41.318353],[19.846741,41.318336],[19.846713,41.318328],[19.846682,41.31832],[19.846661,41.318316],[19.846637,41.318314],[19.846591,41.318311],[19.84657,41.318311],[19.846547,41.318311],[19.846481,41.318315],[19.846419,41.318314],[19.846344,41.318307],[19.846331,41.318305],[19.846289,41.318296],[19.846122,41.318259],[19.846101,41.318255],[19.846011,41.318235],[19.845875,41.318196],[19.845833,41.318183],[19.845689,41.318131],[19.845661,41.318114],[19.845656,41.318111],[19.845634,41.31807],[19.845649,41.317969],[19.845613,41.317959],[19.845552,41.317944],[19.845382,41.31791],[19.845157,41.317864],[19.845151,41.317863],[19.844919,41.317819],[19.844871,41.31781],[19.844695,41.317775],[19.844687,41.317774],[19.844456,41.317725],[19.844436,41.317721],[19.844266,41.317686],[19.844225,41.317678],[19.844042,41.31764],[19.843995,41.317629],[19.843804,41.317586],[19.843766,41.317576],[19.843539,41.317519],[19.843397,41.317483],[19.843357,41.317475],[19.84331,41.317465],[19.843275,41.317457],[19.843223,41.317446],[19.843187,41.317439],[19.843079,41.317417],[19.84299,41.317399],[19.842949,41.317391],[19.842881,41.317377],[19.842848,41.31737],[19.842804,41.317362],[19.842747,41.317354],[19.842713,41.317352],[19.842676,41.31735],[19.842633,41.317352],[19.842611,41.317353],[19.842521,41.317358],[19.842413,41.317367],[19.842376,41.317368],[19.842372,41.317368],[19.842341,41.31737],[19.842313,41.317368],[19.84228,41.317367],[19.842243,41.317363],[19.84218,41.317356],[19.842134,41.317352],[19.842074,41.317346],[19.841987,41.317338],[19.841896,41.317328],[19.841887,41.317328],[19.841787,41.317317],[19.841659,41.317304],[19.841587,41.317297],[19.841502,41.317287],[19.841427,41.317277],[19.841422,41.317277],[19.841385,41.317271],[19.841345,41.317264],[19.841238,41.317243],[19.84119,41.317233],[19.841159,41.317227],[19.841099,41.317217],[19.841072,41.317211],[19.84105,41.317206],[19.841014,41.317197],[19.84098,41.317185],[19.840963,41.317177],[19.840955,41.317174],[19.840936,41.317163],[19.840922,41.317152],[19.840908,41.317141],[19.840895,41.317127],[19.840887,41.317115],[19.840879,41.317101],[19.840875,41.317086],[19.840874,41.317069],[19.840876,41.317034],[19.840881,41.31702],[19.84091,41.316928],[19.840928,41.316844],[19.840937,41.316764],[19.840936,41.316705],[19.840926,41.316665],[19.840923,41.316655],[19.840886,41.31661],[19.840818,41.316579],[19.840742,41.316573],[19.84072,41.316572],[19.840502,41.31657],[19.840329,41.316569],[19.840263,41.316563],[19.840158,41.316552],[19.840029,41.316526],[19.839968,41.316514],[19.839935,41.316506],[19.839869,41.316491],[19.839799,41.316476],[19.83957,41.316424],[19.839549,41.31642],[19.839378,41.316384],[19.839339,41.316376],[19.839178,41.316344],[19.839108,41.316329],[19.839086,41.316324],[19.838949,41.316307],[19.838911,41.316303],[19.838875,41.316305],[19.83887,41.316305],[19.838837,41.31631],[19.838733,41.316337],[19.838646,41.316365],[19.838644,41.316366],[19.83856,41.316398],[19.838445,41.316445],[19.838433,41.31645],[19.83839,41.316469],[19.838376,41.316476],[19.83834,41.316496],[19.838305,41.316524],[19.838276,41.316548],[19.838256,41.316561],[19.83825,41.316564],[19.838232,41.316572],[19.838199,41.316583],[19.838127,41.316603],[19.838025,41.316626],[19.837961,41.31664],[19.837799,41.316666],[19.837792,41.316667],[19.837784,41.316668],[19.837584,41.316692],[19.837555,41.316694],[19.8375,41.316698],[19.837422,41.316697],[19.837383,41.316695],[19.837317,41.316686],[19.837279,41.31668],[19.837173,41.316657],[19.837088,41.316633],[19.837052,41.316623],[19.836947,41.316595],[19.836915,41.316588],[19.836861,41.316577],[19.836832,41.316572],[19.836719,41.316567],[19.836622,41.316572],[19.836599,41.316574],[19.836412,41.316617],[19.836392,41.316622],[19.836306,41.316646],[19.836208,41.316673],[19.836167,41.316685],[19.835944,41.316749],[19.835839,41.316779],[19.83572,41.316814],[19.835608,41.316846],[19.835496,41.316878],[19.835273,41.316943],[19.835136,41.316982],[19.835074,41.317],[19.835047,41.317005],[19.834983,41.317016],[19.834814,41.317044],[19.834777,41.31705],[19.834578,41.317074],[19.834507,41.317083],[19.834429,41.317093],[19.834412,41.317072],[19.834389,41.317049],[19.834378,41.317038],[19.834369,41.31703],[19.834343,41.317006],[19.834292,41.316961],[19.834267,41.316941],[19.83422,41.316904],[19.834218,41.316902],[19.834165,41.316867],[19.834125,41.316845],[19.834094,41.316831],[19.834065,41.316822],[19.834026,41.316812],[19.834016,41.31681],[19.833988,41.316807],[19.833937,41.316802],[19.833777,41.316805],[19.833538,41.31681],[19.833516,41.31681],[19.833486,41.316836],[19.833378,41.316874],[19.83333,41.31689],[19.833288,41.316904],[19.833204,41.316938],[19.833149,41.316962],[19.833124,41.316974],[19.83312,41.316976],[19.833027,41.31702],[19.832991,41.317077],[19.832973,41.317109],[19.832896,41.317239],[19.832872,41.317272],[19.832859,41.317291],[19.832816,41.317346],[19.832756,41.317406],[19.832738,41.317421],[19.832702,41.317451],[19.832646,41.317498],[19.832591,41.317534],[19.832568,41.317547],[19.832515,41.317579],[19.832418,41.31763],[19.832371,41.317649],[19.832278,41.317686],[19.832156,41.317728],[19.831983,41.317789],[19.831949,41.317801],[19.831939,41.317804],[19.831722,41.31788],[19.831619,41.317916],[19.831544,41.317943],[19.831505,41.317956],[19.831285,41.318028],[19.831066,41.3181],[19.831015,41.318117],[19.830948,41.318154],[19.830909,41.318182],[19.830906,41.318203],[19.830905,41.318217],[19.830904,41.31822],[19.830892,41.318251],[19.830867,41.318285],[19.830833,41.318315],[19.83079,41.318338],[19.830752,41.318349],[19.830742,41.318353],[19.830687,41.31836],[19.830631,41.318356],[19.830578,41.318343],[19.83053,41.318321],[19.830525,41.31832],[19.830457,41.318313],[19.830395,41.318321],[19.830295,41.318355],[19.830077,41.31843],[19.83,41.318457],[19.82986,41.318506],[19.829642,41.318581],[19.829425,41.318656],[19.829325,41.318691],[19.829268,41.318715],[19.829217,41.318744],[19.829164,41.318774],[19.829058,41.31882],[19.82901,41.318834],[19.828936,41.318857],[19.828788,41.318902],[19.828676,41.318936],[19.828566,41.318969],[19.828344,41.319037],[19.828194,41.319083],[19.828155,41.319095],[19.828123,41.319105],[19.827901,41.319173],[19.827679,41.31924],[19.82746,41.319307],[19.827457,41.319308],[19.827346,41.319345],[19.827239,41.319383],[19.827205,41.319395],[19.82707,41.319458],[19.82704,41.319481],[19.826965,41.319538],[19.826874,41.319611],[19.826854,41.319626],[19.826762,41.319712],[19.826722,41.31975],[19.826709,41.319761],[19.826658,41.319816],[19.826594,41.319901],[19.826581,41.319918],[19.826492,41.320065],[19.826394,41.320228],[19.826295,41.320392],[19.826243,41.320478],[19.826197,41.320557],[19.826101,41.320721],[19.826005,41.320886],[19.82592,41.321033],[19.825909,41.321051],[19.825813,41.321216],[19.825733,41.321353],[19.825717,41.32138],[19.825711,41.321391],[19.825648,41.321501],[19.825622,41.321546],[19.825528,41.321711],[19.825503,41.321754],[19.825482,41.321791],[19.825443,41.321856],[19.825432,41.321876],[19.825381,41.321961],[19.825339,41.322041],[19.825336,41.322048],[19.825247,41.322207],[19.825155,41.322373],[19.825063,41.322539],[19.824985,41.322678],[19.824971,41.322706],[19.824936,41.322771],[19.824899,41.322847],[19.82489,41.322875],[19.824879,41.322912],[19.824865,41.322995],[19.824864,41.323044],[19.824863,41.323054],[19.824863,41.323179],[19.824866,41.323234],[19.824868,41.323266],[19.824872,41.323362],[19.824876,41.323414],[19.824885,41.323517],[19.824893,41.323593],[19.8249,41.323655],[19.824909,41.323719],[19.824921,41.323772],[19.82493,41.32381],[19.824946,41.323869],[19.824973,41.323947],[19.824984,41.323978],[19.82502,41.324079],[19.825034,41.324121],[19.825058,41.324199],[19.825074,41.324248],[19.82509,41.324296],[19.825098,41.324319],[19.825152,41.32447],[19.825187,41.324567],[19.825211,41.324644],[19.825237,41.324726],[19.825244,41.324749],[19.825264,41.324814],[19.825266,41.324819],[19.825286,41.324895],[19.825283,41.324947],[19.825275,41.324992],[19.825274,41.324997],[19.825252,41.325068],[19.82522,41.325172],[19.825165,41.325347],[19.825149,41.3254],[19.825141,41.325419],[19.825128,41.325464],[19.825112,41.32552],[19.825112,41.325523],[19.825071,41.325644],[19.825053,41.325697],[19.824993,41.325871],[19.824932,41.326045],[19.824908,41.326117],[19.824876,41.32622],[19.824822,41.326395],[19.824816,41.326413],[19.824789,41.326481],[19.82478,41.326503],[19.824767,41.326531],[19.824749,41.326563],[19.824747,41.326566],[19.824735,41.326587],[19.824707,41.326623],[19.824686,41.326648],[19.824659,41.326671],[19.824617,41.326705],[19.824609,41.326712],[19.824575,41.326737],[19.824538,41.326763],[19.824487,41.326797],[19.824445,41.326821],[19.824428,41.32683],[19.82438,41.326856],[19.824345,41.326873],[19.824313,41.326889],[19.824232,41.326924],[19.824226,41.326926],[19.824013,41.327009],[19.823966,41.327028],[19.823834,41.327046],[19.823783,41.327054],[19.823748,41.327059],[19.823609,41.32712],[19.823573,41.327137],[19.823524,41.32716],[19.823368,41.327229],[19.823162,41.327321],[19.82303,41.32738],[19.822955,41.327412],[19.822864,41.32745],[19.822745,41.327499],[19.822706,41.327514],[19.822622,41.327568],[19.822583,41.327591],[19.822559,41.327611],[19.822526,41.327636],[19.822463,41.327685],[19.822402,41.327746],[19.82239,41.327759],[19.822331,41.327831],[19.822285,41.327903],[19.822247,41.327963],[19.822187,41.328067],[19.822092,41.328232],[19.822075,41.328261],[19.822,41.328398],[19.821957,41.328476],[19.82191,41.328565],[19.821889,41.328603],[19.821749,41.328578],[19.82171,41.32857],[19.821478,41.328525],[19.821439,41.328517],[19.821277,41.328487],[19.821246,41.328481],[19.821018,41.328437],[19.821013,41.328436],[19.820791,41.328392],[19.820782,41.32839],[19.82055,41.328345],[19.82048,41.328331],[19.820449,41.328431],[19.820442,41.328453],[19.82039,41.328629],[19.820338,41.328804],[19.820331,41.328827],[19.820285,41.32898],[19.820231,41.329155],[19.820177,41.32933],[19.820176,41.329332],[19.82015,41.329424],[19.820124,41.329505],[19.820068,41.32968],[19.820012,41.329855],[19.819991,41.329923],[19.819961,41.330015],[19.819952,41.330029],[19.819921,41.330073],[19.820037,41.33017],[19.820198,41.330303],[19.820313,41.330399],[19.820361,41.330434],[19.82037,41.330441],[19.820383,41.330451],[19.820443,41.330487],[19.820442,41.330549],[19.820408,41.330576],[19.820379,41.330598],[19.820278,41.330605],[19.820182,41.330612],[19.820163,41.330613],[19.820037,41.330611],[19.819943,41.3306],[19.81985,41.330589],[19.819707,41.33057],[19.819553,41.330549],[19.819471,41.330538],[19.819235,41.330506],[19.819044,41.330481],[19.819,41.330474],[19.818764,41.330443],[19.818528,41.330411],[19.818292,41.33038],[19.818071,41.33035],[19.818056,41.330348],[19.818029,41.330344],[19.817947,41.330332],[19.817921,41.330426],[19.817919,41.330432],[19.817872,41.330602],[19.817823,41.330778],[19.817774,41.330954],[19.81774,41.331077],[19.817725,41.33113],[19.817698,41.331231],[19.817677,41.331307],[19.817628,41.331483],[19.81759,41.331621],[19.817579,41.331659],[19.817531,41.331835],[19.817493,41.331973],[19.817485,41.332],[19.817482,41.332011],[19.817434,41.332187],[19.817392,41.332337],[19.817385,41.332363],[19.817337,41.332539],[19.817288,41.332716],[19.81724,41.332892],[19.817196,41.333051],[19.817191,41.333068],[19.817157,41.333181],[19.81714,41.333244],[19.817119,41.333319],[19.817107,41.33336],[19.81709,41.333419],[19.817039,41.333595],[19.816989,41.333771],[19.816939,41.333947],[19.816888,41.334123],[19.816838,41.334299],[19.816787,41.334474],[19.816747,41.334615],[19.816738,41.33465],[19.816721,41.334721],[19.816693,41.334827],[19.816646,41.335003],[19.816599,41.33518],[19.816587,41.335224],[19.81655,41.335356],[19.8165,41.335532],[19.816465,41.335657],[19.816452,41.335708],[19.816429,41.335799],[19.81642,41.335833],[19.816399,41.335884],[19.816387,41.335911],[19.816358,41.335988],[19.816266,41.335973],[19.816214,41.335965],[19.816065,41.335942],[19.816031,41.335937],[19.815797,41.335898],[19.815747,41.335889],[19.815563,41.33586],[19.815329,41.335823],[19.815094,41.335786],[19.81486,41.335749],[19.814761,41.335733],[19.814626,41.335712],[19.814496,41.335691],[19.814391,41.335675],[19.814157,41.335638],[19.813922,41.335601],[19.813799,41.335581],[19.813766,41.335575],[19.813688,41.335563],[19.813454,41.335524],[19.81322,41.335486],[19.812986,41.335447],[19.812752,41.335409],[19.812586,41.335382],[19.812565,41.335378],[19.812518,41.33537],[19.812408,41.335352],[19.812394,41.33539],[19.812391,41.335402],[19.812381,41.335433],[19.812378,41.335444],[19.812328,41.33562],[19.812278,41.335796],[19.81226,41.335861],[19.812228,41.335972],[19.812189,41.336105],[19.812177,41.336148],[19.81214,41.336279],[19.812127,41.336324],[19.812122,41.336343],[19.812077,41.336499],[19.812028,41.336675],[19.811978,41.336851],[19.811967,41.336891],[19.811954,41.336937],[19.811926,41.337027],[19.811903,41.337103],[19.811873,41.337202],[19.811825,41.337359],[19.811819,41.337378],[19.811791,41.337473],[19.811764,41.337553],[19.811725,41.337664],[19.811698,41.337726],[19.81167,41.337789],[19.811619,41.337881],[19.811612,41.337893],[19.811514,41.338058],[19.811465,41.33814],[19.811424,41.338224],[19.811422,41.338229],[19.811376,41.338317],[19.811339,41.338392],[19.811255,41.338561],[19.811172,41.338729],[19.811151,41.338772],[19.811098,41.338879],[19.811088,41.338898],[19.811063,41.33895],[19.811042,41.338988],[19.811002,41.339066],[19.810987,41.339094],[19.810944,41.339176],[19.810921,41.33922],[19.810914,41.339233],[19.810843,41.339367],[19.810827,41.339401],[19.810745,41.339569],[19.810732,41.339596],[19.810706,41.339678],[19.810694,41.339745],[19.810693,41.339755],[19.810672,41.33989],[19.810668,41.339924],[19.810646,41.340103],[19.810642,41.340141],[19.810612,41.340281],[19.810612,41.340283],[19.810581,41.340419],[19.810566,41.340457],[19.810543,41.340522],[19.810499,41.340617],[19.810493,41.340629],[19.810464,41.34069],[19.81043,41.340754],[19.810404,41.340796],[19.810362,41.340864],[19.810339,41.340902],[19.810301,41.340958],[19.810294,41.340968],[19.810272,41.34099],[19.810227,41.341036],[19.810149,41.341097],[19.809984,41.341227],[19.809962,41.341244],[19.809865,41.341319],[19.80982,41.341359],[19.809768,41.341404],[19.809669,41.341498],[19.809645,41.341521],[19.809559,41.341632],[19.809546,41.341652],[19.809472,41.341765],[19.809444,41.341815],[19.809354,41.341976],[19.809352,41.341981],[19.80931,41.34206],[19.809269,41.342149],[19.809191,41.34232],[19.80916,41.342388],[19.809125,41.342488],[19.809124,41.342492],[19.809092,41.342605],[19.809077,41.342669],[19.809074,41.342685],[19.809035,41.342846],[19.808994,41.34302],[19.808993,41.343023],[19.808954,41.343155],[19.80894,41.343198],[19.808912,41.343288],[19.808876,41.343371],[19.808875,41.343372],[19.80883,41.343471],[19.808807,41.343513],[19.808793,41.34354],[19.808792,41.343542],[19.8087,41.343706],[19.808693,41.343718],[19.808673,41.343755],[19.808643,41.343809],[19.808608,41.343872],[19.808566,41.343946],[19.808533,41.344009],[19.808518,41.344039],[19.808437,41.344208],[19.808399,41.344285],[19.808355,41.344377],[19.808348,41.344392],[19.808321,41.344447],[19.808276,41.344541],[19.808274,41.344546],[19.808205,41.344718],[19.808195,41.344742],[19.808133,41.34489],[19.808077,41.345025],[19.808061,41.345062],[19.807986,41.345232],[19.807911,41.345403],[19.807897,41.345435],[19.807853,41.345541],[19.807839,41.345575],[19.807786,41.345706],[19.80777,41.345747],[19.807702,41.345919],[19.807634,41.346092],[19.807572,41.346249],[19.807566,41.346264],[19.807495,41.346436],[19.807424,41.346608],[19.807353,41.34678],[19.807282,41.346951],[19.807278,41.346961],[19.80723,41.347046],[19.807207,41.347083],[19.807186,41.347117],[19.807175,41.347136],[19.80715,41.34717],[19.807118,41.347207],[19.807059,41.347269],[19.806985,41.347346],[19.806963,41.347383],[19.806951,41.347417],[19.806952,41.347426],[19.806955,41.347451],[19.806968,41.347491],[19.806818,41.347475],[19.806804,41.347473],[19.806579,41.34746],[19.806578,41.34746],[19.806649,41.34742],[19.806713,41.347405]]},"properties":{"line":"9B","dir":"0","headsign":"Uzina Dinamo","mode":"bus","color":"#0059a9"}},{"type":"Feature","geometry":{"type":"LineString","coordinates":[[19.806713,41.347405],[19.806839,41.347376],[19.806943,41.347355],[19.806985,41.347346],[19.8071,41.347227],[19.807118,41.347207],[19.80715,41.34717],[19.807175,41.347136],[19.807207,41.347083],[19.807216,41.34707],[19.80723,41.347046],[19.807278,41.346961],[19.807302,41.346902],[19.807373,41.34673],[19.807444,41.346558],[19.807515,41.346386],[19.807572,41.346249],[19.807586,41.346215],[19.807654,41.346042],[19.807722,41.34587],[19.807786,41.345706],[19.80779,41.345697],[19.807853,41.345541],[19.80786,41.345525],[19.807897,41.345435],[19.807933,41.345354],[19.808008,41.345183],[19.808077,41.345025],[19.808082,41.345012],[19.808154,41.344841],[19.808195,41.344742],[19.808225,41.344669],[19.808276,41.344541],[19.808297,41.344497],[19.808321,41.344447],[19.808348,41.344392],[19.808379,41.344328],[19.808399,41.344285],[19.80846,41.344159],[19.808533,41.344009],[19.808543,41.34399],[19.808566,41.343946],[19.808635,41.343824],[19.808643,41.343809],[19.808673,41.343755],[19.808693,41.343718],[19.808727,41.343658],[19.808792,41.343542],[19.808807,41.343513],[19.808819,41.343492],[19.80883,41.343471],[19.808875,41.343372],[19.808897,41.343322],[19.808912,41.343288],[19.808954,41.343155],[19.808956,41.343148],[19.808994,41.34302],[19.809006,41.342972],[19.809048,41.342795],[19.809074,41.342685],[19.809089,41.342618],[19.809092,41.342605],[19.809125,41.342488],[19.809141,41.342442],[19.80916,41.342388],[19.809213,41.34227],[19.809291,41.3421],[19.80931,41.34206],[19.809354,41.341976],[19.809378,41.341933],[19.80947,41.341767],[19.809472,41.341765],[19.809559,41.341632],[19.809579,41.341606],[19.809645,41.341521],[19.809712,41.341457],[19.809768,41.341404],[19.809865,41.341319],[19.809962,41.341244],[19.810032,41.34119],[19.810197,41.34106],[19.810227,41.341036],[19.810272,41.34099],[19.810294,41.340968],[19.810332,41.340912],[19.810339,41.340902],[19.810362,41.340864],[19.81043,41.340754],[19.810433,41.340748],[19.810464,41.34069],[19.810499,41.340617],[19.810516,41.34058],[19.810543,41.340522],[19.810581,41.340419],[19.810583,41.340407],[19.810612,41.340283],[19.810623,41.34023],[19.810642,41.340141],[19.810653,41.340051],[19.810672,41.33989],[19.810675,41.339872],[19.810693,41.339755],[19.810703,41.339694],[19.810706,41.339678],[19.810732,41.339596],[19.810768,41.339521],[19.810843,41.339367],[19.810851,41.339352],[19.810921,41.33922],[19.810939,41.339185],[19.810944,41.339176],[19.810987,41.339094],[19.811027,41.339017],[19.811042,41.338988],[19.811063,41.33895],[19.811098,41.338879],[19.811113,41.338849],[19.811151,41.338772],[19.811196,41.338681],[19.811279,41.338512],[19.811363,41.338343],[19.811376,41.338317],[19.811422,41.338229],[19.811448,41.338175],[19.811465,41.33814],[19.811543,41.33801],[19.811619,41.337881],[19.811639,41.337845],[19.81167,41.337789],[19.81172,41.337676],[19.811725,41.337664],[19.811781,41.337502],[19.811791,41.337473],[19.811825,41.337359],[19.811835,41.337327],[19.811888,41.337152],[19.811903,41.337103],[19.811942,41.336976],[19.811954,41.336937],[19.811967,41.336891],[19.811992,41.3368],[19.812042,41.336625],[19.812092,41.336449],[19.812122,41.336343],[19.81214,41.336279],[19.812142,41.336273],[19.812189,41.336105],[19.812192,41.336097],[19.812243,41.335921],[19.81226,41.335861],[19.812293,41.335745],[19.812342,41.335569],[19.812381,41.335433],[19.812391,41.335402],[19.812393,41.335393],[19.812394,41.33539],[19.812408,41.335352],[19.812436,41.335279],[19.812515,41.335292],[19.812586,41.335304],[19.812749,41.335331],[19.812983,41.33537],[19.813217,41.335409],[19.813451,41.335448],[19.813684,41.335487],[19.81382,41.335509],[19.813919,41.335525],[19.814153,41.335562],[19.814387,41.3356],[19.814621,41.335637],[19.814856,41.335674],[19.815008,41.335698],[19.81509,41.335711],[19.815325,41.335748],[19.815497,41.335774],[19.815559,41.335784],[19.815767,41.335817],[19.815794,41.335814],[19.815963,41.335794],[19.816023,41.335776],[19.816027,41.335774],[19.816082,41.335751],[19.81623,41.335678],[19.816302,41.335644],[19.816316,41.335597],[19.816335,41.335531],[19.816386,41.335355],[19.816417,41.335247],[19.816436,41.335179],[19.816485,41.335003],[19.816534,41.334827],[19.816583,41.334651],[19.816617,41.33453],[19.816633,41.334475],[19.816683,41.334299],[19.816733,41.334124],[19.816733,41.334123],[19.816781,41.333947],[19.816828,41.333771],[19.816876,41.333594],[19.816923,41.333418],[19.816956,41.333295],[19.816965,41.333241],[19.816981,41.333134],[19.817001,41.333064],[19.817012,41.333025],[19.817049,41.332887],[19.817098,41.332711],[19.817127,41.332604],[19.817146,41.332535],[19.817194,41.332359],[19.817196,41.332351],[19.817243,41.332183],[19.817291,41.332007],[19.8173,41.331972],[19.817317,41.331912],[19.817339,41.33183],[19.817388,41.331654],[19.817436,41.331478],[19.817484,41.331302],[19.817515,41.331192],[19.817533,41.331126],[19.817581,41.33095],[19.81763,41.330774],[19.817679,41.330597],[19.817725,41.330431],[19.817727,41.330421],[19.817733,41.330402],[19.81776,41.330302],[19.817684,41.33029],[19.817643,41.330284],[19.81745,41.330254],[19.817215,41.330218],[19.81698,41.330182],[19.81692,41.330173],[19.816851,41.330157],[19.816764,41.330132],[19.816753,41.330127],[19.816703,41.330106],[19.816622,41.330063],[19.816558,41.330023],[19.816538,41.330011],[19.816466,41.329954],[19.8164,41.329889],[19.816393,41.329882],[19.816329,41.3298],[19.816287,41.32973],[19.816275,41.329711],[19.816203,41.329561],[19.81613,41.32941],[19.816123,41.329392],[19.816056,41.329219],[19.816009,41.329097],[19.815994,41.329045],[19.815978,41.328988],[19.816013,41.32887],[19.816064,41.328694],[19.816074,41.328662],[19.81611,41.328517],[19.816154,41.32834],[19.816163,41.328304],[19.816171,41.328269],[19.816188,41.328199],[19.816196,41.328163],[19.816202,41.328138],[19.816211,41.3281],[19.81624,41.327989],[19.816241,41.327987],[19.816284,41.32781],[19.816284,41.32781],[19.816331,41.327641],[19.816333,41.327634],[19.816379,41.327457],[19.816419,41.327303],[19.816426,41.327281],[19.816475,41.327105],[19.816525,41.326929],[19.816534,41.326899],[19.816555,41.326826],[19.816575,41.326753],[19.8166,41.326663],[19.816625,41.326577],[19.816675,41.326401],[19.816725,41.326225],[19.81677,41.326068],[19.816775,41.326049],[19.816824,41.325873],[19.816865,41.325732],[19.816874,41.325698],[19.81689,41.325642],[19.816902,41.325598],[19.817004,41.325614],[19.817038,41.325619],[19.817239,41.32565],[19.817346,41.325667],[19.817473,41.325687],[19.817707,41.325724],[19.817942,41.325761],[19.818176,41.325797],[19.818411,41.325834],[19.818645,41.325871],[19.81888,41.325908],[19.818888,41.325909],[19.818923,41.325915],[19.819015,41.325929],[19.819105,41.325943],[19.819104,41.32595],[19.819056,41.326126],[19.819008,41.326302],[19.81896,41.326479],[19.818958,41.326489],[19.818913,41.326655],[19.818911,41.326661],[19.818909,41.326713],[19.818925,41.326758],[19.818944,41.326779],[19.818975,41.326804],[19.818991,41.326816],[19.819047,41.326858],[19.81911,41.326915],[19.819146,41.326952],[19.819164,41.32697],[19.819201,41.327013],[19.819236,41.327063],[19.819265,41.327099],[19.819272,41.327106],[19.81928,41.327113],[19.819307,41.327132],[19.81934,41.327143],[19.819404,41.327158],[19.819493,41.327166],[19.819496,41.327166],[19.819632,41.327178],[19.819731,41.327186],[19.819969,41.327207],[19.820177,41.327225],[19.820206,41.327228],[19.820444,41.327249],[19.820624,41.327264],[19.820682,41.32727],[19.82092,41.32729],[19.821042,41.327301],[19.821158,41.327311],[19.821371,41.32733],[19.821396,41.327332],[19.821634,41.327353],[19.821872,41.327373],[19.821888,41.327375],[19.822053,41.327389],[19.82211,41.327394],[19.822348,41.327415],[19.822489,41.327427],[19.822583,41.327446],[19.822609,41.327452],[19.822671,41.327474],[19.822706,41.327514],[19.822777,41.327485],[19.822864,41.32745],[19.822986,41.327398],[19.82303,41.32738],[19.823193,41.327307],[19.823399,41.327215],[19.823524,41.32716],[19.823604,41.327122],[19.823609,41.32712],[19.823748,41.327059],[19.823803,41.327024],[19.823907,41.326958],[19.823997,41.32692],[19.824019,41.32691],[19.824206,41.326831],[19.824238,41.326818],[19.824332,41.326771],[19.824365,41.326753],[19.824398,41.326732],[19.824403,41.326729],[19.824438,41.326704],[19.824469,41.326682],[19.824498,41.326661],[19.824543,41.326621],[19.824566,41.326597],[19.824572,41.326592],[19.824604,41.326557],[19.824629,41.326524],[19.824651,41.326485],[19.824674,41.326438],[19.824674,41.326437],[19.824695,41.326384],[19.824735,41.326263],[19.824793,41.326089],[19.824851,41.325914],[19.824909,41.32574],[19.824963,41.325578],[19.824967,41.325565],[19.825008,41.32544],[19.825024,41.32539],[19.825026,41.325386],[19.825043,41.325339],[19.825085,41.325216],[19.825143,41.325042],[19.825155,41.325006],[19.825166,41.324973],[19.825175,41.324923],[19.825167,41.324865],[19.825164,41.324845],[19.825138,41.324764],[19.825129,41.324737],[19.825111,41.32469],[19.825046,41.324517],[19.825019,41.324444],[19.824983,41.324343],[19.82492,41.324169],[19.824878,41.324052],[19.824858,41.323996],[19.824826,41.323904],[19.824815,41.323847],[19.824814,41.32382],[19.824809,41.323736],[19.824808,41.323686],[19.824806,41.32364],[19.824799,41.32346],[19.824793,41.32328],[19.824792,41.323263],[19.824787,41.323132],[19.824788,41.3231],[19.82479,41.323015],[19.824795,41.322963],[19.824805,41.322921],[19.824807,41.322911],[19.824821,41.322861],[19.824841,41.322803],[19.824868,41.322748],[19.824912,41.32266],[19.824957,41.322581],[19.825052,41.322416],[19.825147,41.322251],[19.825242,41.322086],[19.825272,41.322035],[19.825317,41.32195],[19.825334,41.32192],[19.825378,41.321835],[19.825414,41.321771],[19.825424,41.321753],[19.825521,41.321588],[19.825615,41.321428],[19.825618,41.321424],[19.825716,41.32126],[19.825815,41.321096],[19.825861,41.321018],[19.825912,41.320932],[19.826008,41.320767],[19.826104,41.320602],[19.826187,41.320461],[19.8262,41.320437],[19.826292,41.320271],[19.826358,41.320154],[19.826387,41.320106],[19.826486,41.319942],[19.826586,41.319779],[19.826633,41.319725],[19.826728,41.319634],[19.826793,41.319572],[19.826883,41.319497],[19.826901,41.319483],[19.827025,41.319403],[19.827069,41.319384],[19.827119,41.319362],[19.827169,41.31934],[19.827281,41.3193],[19.827313,41.319289],[19.827429,41.31925],[19.827501,41.319228],[19.827722,41.319159],[19.827781,41.31914],[19.827943,41.31909],[19.828127,41.319032],[19.828164,41.31902],[19.828385,41.318951],[19.828452,41.318931],[19.828606,41.318882],[19.828827,41.318813],[19.828893,41.318793],[19.829031,41.31875],[19.829046,41.318741],[19.829113,41.318705],[19.829191,41.318665],[19.829243,41.318639],[19.82932,41.318603],[19.829451,41.318549],[19.829465,41.318543],[19.829669,41.318476],[19.829889,41.318404],[19.829945,41.318386],[19.830107,41.31833],[19.830197,41.3183],[19.830326,41.318257],[19.830344,41.318251],[19.830399,41.318219],[19.830445,41.318172],[19.830456,41.318131],[19.830464,41.318119],[19.83048,41.318093],[19.830516,41.31806],[19.83056,41.318035],[19.830612,41.318018],[19.830645,41.318014],[19.830667,41.318011],[19.830723,41.318015],[19.830776,41.318028],[19.830874,41.318022],[19.830882,41.318021],[19.830967,41.318012],[19.831053,41.318],[19.831118,41.317988],[19.831127,41.317986],[19.831215,41.317963],[19.83134,41.31792],[19.831558,41.317845],[19.831755,41.317777],[19.831775,41.31777],[19.831993,41.317694],[19.83221,41.317619],[19.832218,41.317617],[19.832338,41.317568],[19.832419,41.317531],[19.832422,41.31753],[19.832498,41.317487],[19.832559,41.317445],[19.832599,41.317413],[19.832635,41.317383],[19.832698,41.31732],[19.832745,41.31727],[19.832747,41.317268],[19.832781,41.317223],[19.832818,41.317164],[19.832814,41.317112],[19.832811,41.317104],[19.832804,41.317073],[19.832796,41.317059],[19.83278,41.317031],[19.832756,41.317],[19.832733,41.316974],[19.832703,41.316945],[19.832686,41.316929],[19.832562,41.3168],[19.832522,41.316759],[19.832639,41.31669],[19.83266,41.316681],[19.832712,41.31666],[19.832769,41.316653],[19.832825,41.316655],[19.832871,41.316664],[19.832889,41.31667],[19.832974,41.316697],[19.83311,41.31674],[19.833251,41.316784],[19.833333,41.316803],[19.833345,41.316806],[19.833475,41.31681],[19.833516,41.31681],[19.833572,41.316809],[19.833812,41.316804],[19.833937,41.316802],[19.833988,41.316807],[19.834026,41.316812],[19.83405,41.316818],[19.834065,41.316822],[19.834094,41.316831],[19.834125,41.316845],[19.834165,41.316867],[19.834218,41.316902],[19.834243,41.316922],[19.834267,41.316941],[19.834292,41.316961],[19.834343,41.317006],[19.834369,41.31703],[19.834389,41.317049],[19.834399,41.317059],[19.834412,41.317072],[19.834429,41.317093],[19.834507,41.317083],[19.834611,41.31707],[19.834777,41.31705],[19.834847,41.317038],[19.834983,41.317016],[19.835074,41.317],[19.835081,41.316998],[19.835136,41.316982],[19.835305,41.316933],[19.835528,41.316869],[19.835608,41.316846],[19.835752,41.316804],[19.835839,41.316779],[19.835975,41.31674],[19.836199,41.316675],[19.836208,41.316673],[19.836306,41.316646],[19.836412,41.316617],[19.836425,41.316614],[19.836599,41.316574],[19.836656,41.316571],[19.836719,41.316567],[19.836832,41.316572],[19.836893,41.316584],[19.836915,41.316588],[19.836947,41.316595],[19.837052,41.316623],[19.83712,41.316642],[19.837173,41.316657],[19.837279,41.31668],[19.837351,41.31669],[19.837383,41.316695],[19.837422,41.316697],[19.8375,41.316698],[19.837584,41.316692],[19.837589,41.316691],[19.837784,41.316668],[19.837799,41.316666],[19.837825,41.316662],[19.837961,41.31664],[19.838058,41.316618],[19.838127,41.316603],[19.838199,41.316583],[19.838232,41.316572],[19.838256,41.316561],[19.838276,41.316548],[19.838276,41.316548],[19.838305,41.316524],[19.83834,41.316496],[19.838376,41.316476],[19.83839,41.316469],[19.838445,41.316445],[19.838463,41.316437],[19.83856,41.316398],[19.838644,41.316366],[19.838677,41.316355],[19.838733,41.316337],[19.838837,41.31631],[19.838875,41.316305],[19.838905,41.316303],[19.838911,41.316303],[19.838949,41.316307],[19.839086,41.316324],[19.839141,41.316336],[19.839178,41.316344],[19.839372,41.316383],[19.839378,41.316384],[19.839549,41.31642],[19.839602,41.316432],[19.839832,41.316483],[19.839869,41.316491],[19.839935,41.316506],[19.839968,41.316514],[19.840062,41.316533],[19.840158,41.316552],[19.840297,41.316566],[19.840329,41.316569],[19.840536,41.31657],[19.84072,41.316572],[19.840776,41.316576],[19.840818,41.316579],[19.840886,41.31661],[19.840923,41.316655],[19.840932,41.31669],[19.840936,41.316705],[19.840937,41.316764],[19.840928,41.316844],[19.840923,41.316869],[19.84091,41.316928],[19.840876,41.317034],[19.840875,41.317046],[19.840874,41.317069],[19.840875,41.317086],[19.840879,41.317101],[19.840887,41.317115],[19.840895,41.317127],[19.840908,41.317141],[19.840922,41.317152],[19.840936,41.317163],[19.840955,41.317174],[19.84098,41.317185],[19.840993,41.317189],[19.841014,41.317197],[19.84105,41.317206],[19.841072,41.317211],[19.841099,41.317217],[19.841159,41.317227],[19.841223,41.31724],[19.841238,41.317243],[19.841345,41.317264],[19.841385,41.317271],[19.841427,41.317277],[19.841456,41.317281],[19.841502,41.317287],[19.841587,41.317297],[19.841693,41.317307],[19.841787,41.317317],[19.841887,41.317328],[19.84193,41.317332],[19.841987,41.317338],[19.842074,41.317346],[19.842167,41.317355],[19.84218,41.317356],[19.842243,41.317363],[19.84228,41.317367],[19.842313,41.317368],[19.842341,41.31737],[19.842376,41.317368],[19.842406,41.317367],[19.842413,41.317367],[19.842521,41.317358],[19.842633,41.317352],[19.842645,41.317351],[19.842676,41.31735],[19.842713,41.317352],[19.842747,41.317354],[19.842804,41.317362],[19.842881,41.317377],[19.842881,41.317377],[19.842949,41.317391],[19.84299,41.317399],[19.843112,41.317424],[19.843187,41.317439],[19.843223,41.317446],[19.843275,41.317457],[19.843343,41.317472],[19.843357,41.317475],[19.843397,41.317483],[19.843571,41.317527],[19.843798,41.317584],[19.843804,41.317586],[19.844028,41.317636],[19.844042,41.31764],[19.844258,41.317685],[19.844266,41.317686],[19.844436,41.317721],[19.844489,41.317732],[19.844695,41.317775],[19.84472,41.31778],[19.844871,41.31781],[19.844952,41.317825],[19.845157,41.317864],[19.845184,41.31787],[19.845415,41.317917],[19.845552,41.317944],[19.845645,41.317967],[19.845649,41.317969],[19.845634,41.31807],[19.845656,41.318111],[19.845687,41.31813],[19.845689,41.318131],[19.845833,41.318183],[19.845907,41.318205],[19.846011,41.318235],[19.846122,41.318259],[19.846134,41.318262],[19.846289,41.318296],[19.846344,41.318307],[19.846364,41.318309],[19.846419,41.318314],[19.846481,41.318315],[19.846547,41.318311],[19.846591,41.318311],[19.846604,41.318312],[19.846637,41.318314],[19.846661,41.318316],[19.846682,41.31832],[19.846713,41.318328],[19.846741,41.318336],[19.846797,41.318353],[19.846823,41.318362],[19.846831,41.318365],[19.846849,41.318372],[19.846869,41.318381],[19.846886,41.318391],[19.846901,41.3184],[19.846912,41.318411],[19.846928,41.318425],[19.846939,41.31844],[19.846947,41.318456],[19.846955,41.318466],[19.846972,41.318476],[19.846992,41.318482],[19.847003,41.318484],[19.847008,41.318486],[19.84722,41.318541],[19.847229,41.318543],[19.847412,41.318587],[19.847456,41.3186],[19.847544,41.318626],[19.847678,41.318667],[19.847688,41.31867],[19.847859,41.318729],[19.847897,41.318741],[19.847981,41.318769],[19.848111,41.318822],[19.848238,41.318874],[19.848321,41.318908],[19.848424,41.318951],[19.848511,41.318987],[19.848531,41.318995],[19.848583,41.319019],[19.848715,41.319074],[19.848738,41.319085],[19.848757,41.319095],[19.84882,41.319136],[19.848893,41.319213],[19.848897,41.31922],[19.848918,41.319256],[19.848939,41.319299],[19.848962,41.319361],[19.848972,41.31939],[19.848982,41.319422],[19.849,41.31948],[19.84902,41.319539],[19.849026,41.319565],[19.84903,41.319581],[19.849038,41.319617],[19.849045,41.319702],[19.849044,41.319744],[19.849042,41.319813],[19.849039,41.319871],[19.849043,41.319924],[19.849044,41.31993],[19.849047,41.319949],[19.849055,41.319982],[19.849065,41.320013],[19.849082,41.32005],[19.849102,41.320088],[19.849109,41.320097],[19.849129,41.320121],[19.849164,41.320149],[19.849216,41.32018],[19.849279,41.320203],[19.849293,41.320208],[19.84935,41.320228],[19.849437,41.320261],[19.849487,41.320281],[19.849505,41.320291],[19.84955,41.320316],[19.849602,41.320352],[19.849646,41.320387],[19.849678,41.320415],[19.849694,41.320429],[19.849732,41.320481],[19.849787,41.320575],[19.849818,41.320629],[19.849885,41.320739],[19.849885,41.320739],[19.849912,41.320793],[19.849933,41.32086],[19.849945,41.320913],[19.849952,41.320942],[19.849974,41.321056],[19.849983,41.321091],[19.850006,41.321183],[19.850034,41.321266],[19.850056,41.321329],[19.8501,41.321439],[19.850119,41.321486],[19.850167,41.321612],[19.850185,41.321661],[19.850221,41.321787],[19.850236,41.321838],[19.850266,41.321903],[19.850296,41.321949],[19.850301,41.321956],[19.850321,41.321992],[19.850339,41.322043],[19.850298,41.322126],[19.850222,41.322279],[19.850201,41.322285],[19.850125,41.322307],[19.85008,41.322322],[19.850043,41.322335],[19.849992,41.322362],[19.849989,41.322364],[19.849992,41.322362],[19.850004,41.322355],[19.850043,41.322335],[19.85008,41.322322],[19.850125,41.322307],[19.850221,41.322279],[19.850222,41.322279],[19.850302,41.32225],[19.850437,41.322202],[19.850516,41.322174],[19.850652,41.322122],[19.850791,41.322068],[19.850864,41.322039],[19.851007,41.321982],[19.851078,41.321958],[19.851125,41.321941],[19.851247,41.321906],[19.851301,41.321893],[19.851474,41.321853],[19.851529,41.321838],[19.851689,41.321797],[19.851756,41.321781],[19.85185,41.321759],[19.851899,41.321744],[19.85195,41.321727],[19.85198,41.321716],[19.851992,41.321712],[19.852034,41.321695],[19.852078,41.321678],[19.852121,41.321661],[19.852191,41.321632],[19.852332,41.321575],[19.852403,41.321548],[19.852616,41.321466],[19.852757,41.321412],[19.852829,41.321383],[19.852913,41.321349],[19.852981,41.321312],[19.853024,41.32128],[19.853038,41.321269],[19.853095,41.321213],[19.85318,41.321144],[19.853199,41.321129],[19.853251,41.321092],[19.853321,41.321051],[19.853337,41.321045]]},"properties":{"line":"9B","dir":"1","headsign":"Binak Alia","mode":"bus","color":"#0059a9"}},{"type":"Feature","geometry":{"type":"LineString","coordinates":[[19.84983,41.324392],[19.849838,41.324572],[19.849845,41.324752],[19.849853,41.324931],[19.849853,41.324932],[19.849851,41.324985],[19.849842,41.325035],[19.849821,41.325099],[19.849816,41.325108],[19.849743,41.325279],[19.84973,41.325311],[19.849667,41.32545],[19.849603,41.325589],[19.849592,41.325621],[19.84956,41.325706],[19.849549,41.325797],[19.849548,41.325803],[19.849542,41.325895],[19.84954,41.325956],[19.849539,41.325977],[19.849534,41.32613],[19.849531,41.326156],[19.849519,41.326315],[19.849516,41.326336],[19.849513,41.326355],[19.849507,41.326388],[19.849466,41.326512],[19.849464,41.326519],[19.849403,41.326657],[19.84939,41.326682],[19.849304,41.32685],[19.849298,41.326863],[19.849213,41.327017],[19.849175,41.327085],[19.849114,41.327181],[19.849012,41.327341],[19.849011,41.327343],[19.848894,41.3275],[19.848864,41.32754],[19.848845,41.327564],[19.848788,41.32763],[19.848764,41.32765],[19.848745,41.327665],[19.848688,41.327692],[19.848612,41.327714],[19.84855,41.327728],[19.848504,41.327738],[19.848365,41.32777],[19.848324,41.327786],[19.848251,41.327813],[19.848122,41.327882],[19.848097,41.327895],[19.84794,41.327998],[19.847881,41.328037],[19.847763,41.328119],[19.847587,41.328241],[19.84741,41.328363],[19.84737,41.328391],[19.847328,41.328406],[19.847193,41.32843],[19.84712,41.328443],[19.847064,41.328451],[19.847035,41.328457],[19.846982,41.328468],[19.846961,41.328474],[19.846861,41.328502],[19.84674,41.328542],[19.846573,41.328598],[19.846522,41.328616],[19.846306,41.328695],[19.846169,41.328745],[19.84609,41.328772],[19.845871,41.328845],[19.845746,41.328888],[19.845696,41.328914],[19.845683,41.328931],[19.845676,41.32894],[19.845602,41.329054],[19.845575,41.329103],[19.845485,41.329269],[19.845453,41.32933],[19.845395,41.329436],[19.845391,41.329444],[19.845315,41.329605],[19.845299,41.32964],[19.845252,41.329779],[19.845245,41.329799],[19.845237,41.329838],[19.845222,41.329922],[19.845215,41.329957],[19.845183,41.330135],[19.845151,41.330313],[19.845118,41.330491],[19.845105,41.330567],[19.845037,41.330652],[19.844915,41.330806],[19.844844,41.330895],[19.84479,41.330959],[19.844663,41.331111],[19.844536,41.331264],[19.844482,41.331328],[19.844451,41.331366],[19.844417,41.331407],[19.844429,41.331414],[19.844519,41.331469],[19.844614,41.331528],[19.844643,41.331545],[19.844725,41.331595],[19.8448,41.331641],[19.8448,41.331641],[19.844967,41.331743],[19.844954,41.331758],[19.844921,41.331797],[19.844881,41.331849],[19.844833,41.331914],[19.844733,41.332049],[19.844717,41.332071],[19.844708,41.332083],[19.844681,41.332119],[19.844604,41.332229],[19.844492,41.332388],[19.844478,41.332409],[19.844377,41.332546],[19.844285,41.332672],[19.844274,41.332708],[19.844266,41.332738],[19.844253,41.332761],[19.844228,41.332803],[19.844205,41.332824],[19.844149,41.332865],[19.844149,41.332866],[19.844128,41.332881],[19.843981,41.332993],[19.843856,41.333088],[19.843826,41.333109],[19.843781,41.333116],[19.84371,41.333127],[19.843589,41.333079],[19.843568,41.333072],[19.843462,41.333038],[19.843343,41.33301],[19.843331,41.333008],[19.84316,41.332981],[19.843108,41.332977],[19.843002,41.332968],[19.842869,41.332967],[19.842813,41.332967],[19.842631,41.332983],[19.842612,41.332985],[19.842394,41.33301],[19.842157,41.333038],[19.84204,41.333052],[19.841921,41.333067],[19.841685,41.333098],[19.841491,41.333123],[19.841449,41.333128],[19.841263,41.333152],[19.841213,41.333158],[19.840976,41.333187],[19.840785,41.33321],[19.840739,41.333213],[19.840687,41.333217],[19.840589,41.333217],[19.8405,41.33321],[19.840486,41.333209],[19.840371,41.333193],[19.840267,41.33317],[19.840249,41.333166],[19.840119,41.333128],[19.840045,41.333101],[19.839981,41.333078],[19.839834,41.333015],[19.839626,41.332927],[19.839417,41.332838],[19.839209,41.332749],[19.839001,41.332661],[19.83893,41.332631],[19.838792,41.332572],[19.838584,41.332483],[19.838375,41.332395],[19.838167,41.332306],[19.837959,41.332217],[19.83775,41.332129],[19.837542,41.33204],[19.837523,41.332032],[19.837333,41.331952],[19.837155,41.331877],[19.837127,41.331865],[19.837125,41.331863],[19.837069,41.33184],[19.836979,41.331803],[19.836917,41.331774],[19.836903,41.331768],[19.836828,41.331737],[19.836708,41.331686],[19.8365,41.331597],[19.836292,41.331508],[19.836084,41.331418],[19.836007,41.331385],[19.835876,41.331329],[19.835668,41.33124],[19.83546,41.33115],[19.835418,41.331132],[19.835253,41.33106],[19.835046,41.33097],[19.834852,41.330886],[19.834839,41.33088],[19.834631,41.33079],[19.834541,41.33075],[19.834524,41.330743],[19.834423,41.330701],[19.83439,41.330687],[19.834307,41.330653],[19.834214,41.330614],[19.834074,41.330554],[19.834006,41.330524],[19.833942,41.330497],[19.833808,41.330439],[19.833798,41.330435],[19.83359,41.330345],[19.833444,41.330282],[19.833383,41.330255],[19.833297,41.330218],[19.833176,41.330165],[19.832973,41.330077],[19.832969,41.330075],[19.832925,41.330054],[19.832761,41.329985],[19.832552,41.329897],[19.832426,41.329843],[19.832344,41.329808],[19.832136,41.329718],[19.831971,41.329647],[19.831929,41.329629],[19.831898,41.329616],[19.831721,41.329539],[19.831694,41.329528],[19.831592,41.329484],[19.831513,41.32945],[19.831306,41.32936],[19.831224,41.329325],[19.831098,41.329271],[19.83089,41.329181],[19.830887,41.32918],[19.830682,41.329092],[19.830671,41.329087],[19.830475,41.329002],[19.830267,41.328912],[19.830059,41.328823],[19.829998,41.328797],[19.829851,41.328734],[19.829803,41.328714],[19.829642,41.328646],[19.829434,41.328557],[19.829225,41.328469],[19.829133,41.32843],[19.829016,41.328381],[19.828808,41.328293],[19.828599,41.328205],[19.828468,41.328149],[19.828393,41.328113],[19.828283,41.32806],[19.828194,41.328013],[19.82815,41.32799],[19.828038,41.327925],[19.828004,41.327903],[19.827974,41.327884],[19.827959,41.327874],[19.827888,41.327824],[19.827832,41.327778],[19.827804,41.327756],[19.82769,41.327656],[19.827675,41.327642],[19.827518,41.327506],[19.827411,41.327413],[19.827361,41.32737],[19.827268,41.327291],[19.827203,41.327235],[19.827045,41.3271],[19.827031,41.327089],[19.826888,41.326964],[19.826731,41.326828],[19.826581,41.326698],[19.826574,41.326693],[19.826413,41.32656],[19.826304,41.32647],[19.826251,41.326427],[19.826166,41.326356],[19.826092,41.326293],[19.826031,41.326241],[19.82593,41.32616],[19.825899,41.326135],[19.825779,41.326038],[19.825767,41.326028],[19.8256,41.325899],[19.825557,41.325865],[19.825434,41.32577],[19.825267,41.325641],[19.825199,41.325589],[19.825112,41.32552],[19.825109,41.325532],[19.825071,41.325644],[19.82505,41.325706],[19.824989,41.32588],[19.824929,41.326054],[19.824908,41.326117],[19.824873,41.326229],[19.824819,41.326404],[19.824816,41.326413],[19.824789,41.326481],[19.82478,41.326503],[19.824767,41.326531],[19.824749,41.326563],[19.824742,41.326575],[19.824735,41.326587],[19.824707,41.326623],[19.824686,41.326648],[19.824659,41.326671],[19.824617,41.326705],[19.8246,41.326718],[19.824575,41.326737],[19.824538,41.326763],[19.824487,41.326797],[19.824445,41.326821],[19.824418,41.326836],[19.82438,41.326856],[19.824345,41.326873],[19.824313,41.326889],[19.824232,41.326924],[19.824215,41.32693],[19.824002,41.327013],[19.823966,41.327028],[19.823834,41.327046],[19.823771,41.327055],[19.823748,41.327059],[19.823609,41.32712],[19.823562,41.327142],[19.823524,41.32716],[19.823356,41.327234],[19.823151,41.327326],[19.82303,41.32738],[19.822943,41.327416],[19.822864,41.32745],[19.822734,41.327503],[19.822706,41.327514],[19.822622,41.327568],[19.822583,41.327591],[19.822549,41.327618],[19.822526,41.327636],[19.822463,41.327685],[19.822394,41.327755],[19.82239,41.327759],[19.822331,41.327831],[19.822279,41.327912],[19.822247,41.327963],[19.822182,41.328077],[19.822087,41.328242],[19.822075,41.328261],[19.821994,41.328408],[19.821957,41.328476],[19.821905,41.328574],[19.821889,41.328603],[19.821749,41.328578],[19.821696,41.328567],[19.821465,41.328522],[19.821439,41.328517],[19.821277,41.328487],[19.821232,41.328478],[19.821018,41.328437],[19.821,41.328434],[19.820791,41.328392],[19.820769,41.328388],[19.820537,41.328343],[19.82048,41.328331],[19.820449,41.328431],[19.820436,41.328475],[19.820384,41.328651],[19.820332,41.328826],[19.820331,41.328827],[19.820278,41.329001],[19.820224,41.329177],[19.820176,41.329332],[19.82017,41.329352],[19.82015,41.329424],[19.820117,41.329527],[19.820061,41.329702],[19.820005,41.329877],[19.819991,41.329923],[19.819961,41.330015],[19.819938,41.330049],[19.819921,41.330073],[19.820057,41.330186],[19.820218,41.33032],[19.820313,41.330399],[19.82037,41.330441],[19.820382,41.33045],[19.820383,41.330451],[19.820443,41.330487],[19.820536,41.330542],[19.820571,41.330561],[19.820675,41.330617],[19.820662,41.330616],[19.820548,41.330604],[19.820481,41.3306],[19.820426,41.330599],[19.820379,41.330598],[19.820278,41.330605],[19.820187,41.330611],[19.820163,41.330613],[19.820037,41.330611],[19.819948,41.330601],[19.81985,41.330589],[19.819712,41.330571],[19.819553,41.330549],[19.819476,41.330539],[19.819241,41.330507],[19.819044,41.330481],[19.819005,41.330475],[19.818769,41.330444],[19.818533,41.330412],[19.818298,41.33038],[19.818071,41.33035],[19.818062,41.330349],[19.818029,41.330344],[19.817947,41.330332],[19.817827,41.330313],[19.81776,41.330302],[19.817643,41.330284],[19.817593,41.330276],[19.817358,41.33024],[19.817123,41.330204],[19.81692,41.330173],[19.816889,41.330166],[19.816851,41.330157],[19.816764,41.330132],[19.816703,41.330106],[19.816673,41.33009],[19.816622,41.330063],[19.816538,41.330011],[19.816491,41.329974],[19.816466,41.329954],[19.816393,41.329882],[19.816351,41.329828],[19.816329,41.3298],[19.816275,41.329711],[19.816253,41.329664],[19.816171,41.329495],[19.81613,41.32941],[19.816097,41.329324],[19.81603,41.329152],[19.816009,41.329097],[19.815978,41.328988],[19.815983,41.328972],[19.816034,41.328797],[19.816074,41.328662],[19.816084,41.328621],[19.816128,41.328444],[19.816163,41.328304],[19.816171,41.328269],[19.816172,41.328267],[19.816188,41.328199],[19.816202,41.328138],[19.816211,41.3281],[19.816214,41.32809],[19.81624,41.327989],[19.816259,41.327913],[19.816284,41.32781],[19.816304,41.327737],[19.816318,41.327687]]},"properties":{"line":"10A","dir":"0","headsign":"Dollari B","mode":"bus","color":"#0059a9"}},{"type":"Feature","geometry":{"type":"LineString","coordinates":[[19.816318,41.327687],[19.816331,41.327641],[19.816365,41.32751],[19.816411,41.327334],[19.816419,41.327303],[19.81646,41.327158],[19.81651,41.326982],[19.816534,41.326899],[19.816555,41.326826],[19.816561,41.326806],[19.8166,41.326663],[19.81661,41.32663],[19.81666,41.326454],[19.81671,41.326278],[19.81676,41.326102],[19.81677,41.326068],[19.81681,41.325926],[19.816859,41.32575],[19.816865,41.325732],[19.81689,41.325642],[19.816902,41.325598],[19.816934,41.325603],[19.817038,41.325619],[19.817168,41.325639],[19.817346,41.325667],[19.817403,41.325676],[19.817637,41.325713],[19.817872,41.32575],[19.818106,41.325786],[19.81834,41.325823],[19.818575,41.32586],[19.818809,41.325897],[19.818888,41.325909],[19.818923,41.325915],[19.819015,41.325929],[19.819044,41.325934],[19.819105,41.325943],[19.81907,41.326073],[19.819022,41.32625],[19.818975,41.326426],[19.818958,41.326489],[19.818927,41.326602],[19.818911,41.326661],[19.818909,41.326713],[19.818925,41.326758],[19.818941,41.326775],[19.818944,41.326779],[19.818975,41.326804],[19.819047,41.326858],[19.819102,41.326909],[19.81911,41.326915],[19.819164,41.32697],[19.819201,41.327013],[19.819233,41.327059],[19.819236,41.327063],[19.819265,41.327099],[19.81928,41.327113],[19.819307,41.327132],[19.81934,41.327143],[19.819404,41.327158],[19.819418,41.327159],[19.819496,41.327166],[19.819632,41.327178],[19.819656,41.32718],[19.819893,41.327201],[19.820131,41.327221],[19.820177,41.327225],[19.820369,41.327242],[19.820607,41.327263],[19.820624,41.327264],[19.820845,41.327284],[19.821042,41.327301],[19.821083,41.327305],[19.821321,41.327325],[19.821371,41.32733],[19.821559,41.327346],[19.821797,41.327367],[19.821888,41.327375],[19.822035,41.327388],[19.822053,41.327389],[19.822273,41.327408],[19.822489,41.327427],[19.82251,41.327432],[19.822609,41.327452],[19.822671,41.327474],[19.822706,41.327514],[19.822738,41.327501],[19.822864,41.32745],[19.822942,41.327417],[19.82303,41.32738],[19.823149,41.327327],[19.823355,41.327235],[19.823524,41.32716],[19.82356,41.327143],[19.823609,41.32712],[19.823748,41.327059],[19.823764,41.327048],[19.823907,41.326958],[19.823953,41.326938],[19.824019,41.32691],[19.824161,41.32685],[19.824238,41.326818],[19.824332,41.326771],[19.824363,41.326754],[19.824365,41.326753],[19.824398,41.326732],[19.824438,41.326704],[19.824469,41.326682],[19.824498,41.326661],[19.824534,41.326628],[19.824543,41.326621],[19.824572,41.326592],[19.824604,41.326557],[19.824629,41.326524],[19.824651,41.326485],[19.824656,41.326474],[19.824674,41.326438],[19.824695,41.326384],[19.824723,41.326301],[19.824781,41.326127],[19.824839,41.325952],[19.824897,41.325778],[19.824954,41.325603],[19.824963,41.325578],[19.825008,41.32544],[19.825012,41.325429],[19.825026,41.325386],[19.825043,41.325339],[19.825072,41.325255],[19.82513,41.32508],[19.825155,41.325006],[19.825166,41.324973],[19.825175,41.324923],[19.825194,41.324936],[19.825275,41.324992],[19.825364,41.325062],[19.825427,41.325113],[19.825526,41.325195],[19.825688,41.325328],[19.825849,41.32546],[19.825992,41.325579],[19.82601,41.325593],[19.826161,41.325715],[19.826173,41.325725],[19.826333,41.325859],[19.826492,41.325994],[19.826652,41.326128],[19.826782,41.326237],[19.826811,41.326262],[19.826967,41.326398],[19.827124,41.326534],[19.82728,41.326671],[19.827319,41.326704],[19.827437,41.326806],[19.827595,41.326942],[19.827752,41.327077],[19.827783,41.327104],[19.82791,41.327213],[19.828068,41.327348],[19.828176,41.327441],[19.828194,41.327457],[19.828225,41.327484],[19.828247,41.327502],[19.828277,41.327528],[19.828338,41.327571],[19.828398,41.327608],[19.828404,41.327612],[19.828471,41.327651],[19.828567,41.327696],[19.828595,41.327709],[19.828655,41.327737],[19.828801,41.327802],[19.828992,41.327887],[19.829007,41.327893],[19.829215,41.327982],[19.829329,41.32803],[19.829423,41.328071],[19.829631,41.32816],[19.829778,41.328224],[19.829839,41.32825],[19.830046,41.32834],[19.830254,41.328429],[19.830461,41.328519],[19.830632,41.328593],[19.830669,41.328609],[19.830877,41.328698],[19.831084,41.328788],[19.831292,41.328878],[19.831302,41.328882],[19.831486,41.328962],[19.831499,41.328968],[19.831708,41.329056],[19.831874,41.329126],[19.831917,41.329144],[19.831971,41.329167],[19.832126,41.329232],[19.832168,41.329249],[19.832307,41.329308],[19.832335,41.32932],[19.832544,41.329407],[19.832753,41.329495],[19.832962,41.329583],[19.833171,41.32967],[19.833381,41.329758],[19.833385,41.32976],[19.833588,41.329847],[19.833637,41.329868],[19.833796,41.329937],[19.834004,41.330026],[19.834028,41.330036],[19.834101,41.330067],[19.834169,41.330097],[19.834212,41.330115],[19.834232,41.330124],[19.834252,41.330132],[19.834398,41.330196],[19.83442,41.330205],[19.834481,41.330232],[19.834631,41.33029],[19.834632,41.330291],[19.834839,41.330379],[19.835047,41.330468],[19.835169,41.330521],[19.835255,41.330557],[19.835463,41.330646],[19.835672,41.330735],[19.835688,41.330742],[19.83588,41.330823],[19.836088,41.330912],[19.836297,41.331001],[19.836505,41.33109],[19.836637,41.331146],[19.836713,41.331178],[19.836922,41.331267],[19.836975,41.33129],[19.837128,41.331358],[19.837201,41.331391],[19.837272,41.331421],[19.837336,41.331448],[19.837359,41.331458],[19.837444,41.331495],[19.837544,41.331537],[19.837666,41.33159],[19.837752,41.331626],[19.837959,41.331715],[19.838167,41.331804],[19.838375,41.331893],[19.838534,41.331962],[19.838583,41.331982],[19.838793,41.332069],[19.839002,41.332157],[19.839211,41.332244],[19.839212,41.332245],[19.839421,41.332332],[19.83963,41.332419],[19.839633,41.33242],[19.839836,41.33251],[19.840042,41.332602],[19.840206,41.332674],[19.840253,41.332689],[19.840341,41.332717],[19.840475,41.332744],[19.84048,41.332745],[19.840608,41.332761],[19.840708,41.332762],[19.84072,41.332761],[19.84083,41.33275],[19.8409,41.332742],[19.840955,41.332736],[19.84101,41.33273],[19.841168,41.332712],[19.841192,41.332709],[19.841429,41.332683],[19.841666,41.332656],[19.841902,41.332629],[19.842139,41.332602],[19.842165,41.332599],[19.842377,41.33258],[19.842439,41.332575],[19.842615,41.33256],[19.842853,41.332541],[19.842931,41.332535],[19.843095,41.332531],[19.843102,41.332531],[19.843288,41.33255],[19.843331,41.332557],[19.843479,41.332582],[19.843563,41.332602],[19.843665,41.332626],[19.843789,41.332663],[19.843836,41.332677],[19.843985,41.332728],[19.844008,41.332737],[19.844027,41.332743],[19.844125,41.332787],[19.844196,41.332736],[19.844285,41.332672],[19.844345,41.332589],[19.844461,41.332432],[19.844478,41.332409],[19.844573,41.332273],[19.844681,41.332119],[19.844685,41.332114],[19.844708,41.332083],[19.844733,41.332049],[19.844801,41.331957],[19.844881,41.331849],[19.844918,41.3318],[19.844921,41.331797],[19.844967,41.331743],[19.844847,41.331669],[19.8448,41.331641],[19.844725,41.331595],[19.844661,41.331556],[19.844643,41.331545],[19.844519,41.331469],[19.844475,41.331443],[19.844417,41.331407],[19.844451,41.331366],[19.844482,41.331328],[19.844505,41.3313],[19.844633,41.331148],[19.84476,41.330996],[19.844844,41.330895],[19.844886,41.330843],[19.845008,41.330689],[19.845105,41.330567],[19.845111,41.330533],[19.845143,41.330355],[19.845175,41.330177],[19.845208,41.329998],[19.845222,41.329922],[19.845237,41.329838],[19.845241,41.32982],[19.845245,41.329799],[19.845297,41.329646],[19.845299,41.32964],[19.845376,41.329476],[19.845391,41.329444],[19.845453,41.32933],[19.845464,41.329308],[19.845554,41.329142],[19.845602,41.329054],[19.845652,41.328978],[19.845683,41.328931],[19.845696,41.328914],[19.845746,41.328888],[19.84582,41.328863],[19.846039,41.328789],[19.846169,41.328745],[19.846256,41.328713],[19.846471,41.328635],[19.846573,41.328598],[19.846689,41.328559],[19.846861,41.328502],[19.846909,41.328488],[19.846982,41.328468],[19.847035,41.328457],[19.847064,41.328451],[19.84712,41.328443],[19.847139,41.328439],[19.847328,41.328406],[19.847369,41.328391],[19.84737,41.328391],[19.847545,41.32827],[19.847722,41.328148],[19.847881,41.328037],[19.847898,41.328026],[19.848078,41.327907],[19.848097,41.327895],[19.848251,41.327813],[19.848274,41.327805],[19.848365,41.32777],[19.848496,41.32774],[19.848504,41.327738],[19.848612,41.327714],[19.848688,41.327692],[19.84872,41.327677],[19.848745,41.327665],[19.848788,41.32763],[19.848845,41.327564],[19.848864,41.32754],[19.848866,41.327536],[19.848984,41.327379],[19.849012,41.327341],[19.84909,41.327219],[19.849175,41.327085],[19.849192,41.327056],[19.849283,41.326889],[19.849298,41.326863],[19.84937,41.326722],[19.849403,41.326657],[19.849449,41.326552],[19.849464,41.326519],[19.849507,41.326388],[19.849509,41.326378],[19.849513,41.326355],[19.849519,41.326315],[19.849528,41.326198],[19.849534,41.32613],[19.849538,41.326019],[19.84954,41.325956],[19.849542,41.325895],[19.849546,41.325839],[19.849548,41.325803],[19.84956,41.325706],[19.849577,41.325661],[19.849603,41.325589],[19.849649,41.32549],[19.849726,41.325319],[19.84973,41.325311],[19.849799,41.325148],[19.849821,41.325099],[19.849842,41.325035],[19.849851,41.324985],[19.849851,41.324973],[19.849853,41.324932],[19.849847,41.324794],[19.84984,41.324614],[19.849832,41.324434]]},"properties":{"line":"10A","dir":"1","headsign":"Depo Ujit B","mode":"bus","color":"#0059a9"}},{"type":"Feature","geometry":{"type":"LineString","coordinates":[[19.854771,41.320644],[19.854543,41.320697],[19.854489,41.32071],[19.854334,41.320748],[19.854315,41.320752],[19.854089,41.320812],[19.853978,41.320841],[19.853866,41.320875],[19.853661,41.320937],[19.853645,41.320942],[19.853486,41.320996],[19.853427,41.321015],[19.853321,41.321051],[19.853251,41.321092],[19.853237,41.321102],[19.853199,41.321129],[19.853095,41.321213],[19.853077,41.32123],[19.853038,41.321269],[19.852981,41.321312],[19.852913,41.321349],[19.85289,41.321358],[19.852757,41.321412],[19.852678,41.321442],[19.852465,41.321524],[19.852332,41.321575],[19.852253,41.321607],[19.852121,41.321661],[19.852078,41.321678],[19.852042,41.321692],[19.852034,41.321695],[19.851992,41.321712],[19.85195,41.321727],[19.851899,41.321744],[19.85185,41.321759],[19.851823,41.321765],[19.851689,41.321797],[19.851595,41.321821],[19.851474,41.321853],[19.851368,41.321878],[19.851247,41.321906],[19.851141,41.321936],[19.851125,41.321941],[19.851007,41.321982],[19.850926,41.322015],[19.850791,41.322068],[19.850714,41.322098],[19.850516,41.322174],[19.8505,41.32218],[19.850302,41.32225],[19.850284,41.322256],[19.850222,41.322279],[19.850125,41.322307],[19.85008,41.322322],[19.850063,41.322328],[19.850043,41.322335],[19.849992,41.322362],[19.849823,41.322345],[19.849805,41.322344],[19.849586,41.322323],[19.849502,41.322314],[19.849348,41.322306],[19.84932,41.322304],[19.849111,41.322278],[19.849005,41.322265],[19.848875,41.322246],[19.84884,41.322241],[19.848777,41.322228],[19.848669,41.322206],[19.848643,41.3222],[19.848414,41.322148],[19.848185,41.322096],[19.848151,41.322088],[19.848005,41.32205],[19.847959,41.322037],[19.847735,41.321973],[19.847603,41.321935],[19.847509,41.321912],[19.84747,41.321902],[19.84728,41.321859],[19.847249,41.321852],[19.847051,41.321807],[19.846822,41.321755],[19.846593,41.321703],[19.846509,41.321683],[19.846478,41.321677],[19.846363,41.321651],[19.846258,41.321628],[19.846134,41.321599],[19.846044,41.321578],[19.845906,41.321544],[19.845851,41.32153],[19.84568,41.321485],[19.845543,41.321449],[19.845454,41.321425],[19.845326,41.321391],[19.845228,41.321365],[19.845052,41.321319],[19.845002,41.321306],[19.844931,41.321289],[19.844838,41.321265],[19.844774,41.321249],[19.844768,41.321248],[19.844676,41.321225],[19.844596,41.321209],[19.844544,41.321202],[19.844514,41.321198],[19.844438,41.321189],[19.844332,41.321183],[19.844306,41.321182],[19.844221,41.321179],[19.844134,41.321172],[19.844083,41.321164],[19.844068,41.321161],[19.84402,41.321151],[19.84397,41.321139],[19.84392,41.321125],[19.843869,41.321109],[19.843843,41.321099],[19.843787,41.32108],[19.843696,41.321039],[19.843654,41.321022],[19.843632,41.321014],[19.843569,41.320991],[19.843654,41.321022],[19.843696,41.321039],[19.843655,41.321105],[19.84365,41.321114],[19.843631,41.321135],[19.843608,41.321154],[19.843569,41.321177],[19.843514,41.321207],[19.843478,41.32122],[19.843475,41.32122],[19.843445,41.321226],[19.8434,41.321233],[19.843344,41.321243],[19.843286,41.321259],[19.843248,41.321274],[19.843231,41.32128],[19.843158,41.321319],[19.843066,41.321369],[19.84305,41.321375],[19.842982,41.321403],[19.842838,41.32146],[19.842809,41.321471],[19.842658,41.321521],[19.842619,41.321533],[19.842525,41.321561],[19.842483,41.321574],[19.84244,41.321584],[19.842396,41.321593],[19.842394,41.321593],[19.842344,41.321601],[19.842293,41.321604],[19.842233,41.321603],[19.842155,41.3216],[19.842142,41.321599],[19.84203,41.321594],[19.841933,41.321595],[19.841916,41.321597],[19.841871,41.321601],[19.841824,41.321607],[19.841784,41.321613],[19.841727,41.321623],[19.841681,41.321632],[19.841658,41.321637],[19.841501,41.32167],[19.84145,41.32168],[19.841391,41.321691],[19.841322,41.321706],[19.841219,41.321727],[19.841028,41.321766],[19.840988,41.321774],[19.840847,41.321802],[19.840758,41.321823],[19.840744,41.321827],[19.84069,41.321841],[19.84061,41.321863],[19.840533,41.321886],[19.840523,41.321889],[19.840393,41.321933],[19.840312,41.321956],[19.840281,41.321965],[19.84025,41.321973],[19.840213,41.32198],[19.840163,41.321989],[19.84011,41.321998],[19.840082,41.322003],[19.840069,41.322005],[19.840008,41.322018],[19.839974,41.322029],[19.839917,41.322048],[19.839881,41.322062],[19.83986,41.32207],[19.839821,41.322086],[19.839735,41.322128],[19.839657,41.322166],[19.839645,41.322172],[19.839555,41.322215],[19.839459,41.322259],[19.839453,41.322261],[19.839329,41.322313],[19.839244,41.322349],[19.839192,41.322371],[19.839035,41.322437],[19.839028,41.32244],[19.838877,41.322504],[19.838824,41.322522],[19.8388,41.32253],[19.838723,41.322554],[19.838639,41.322576],[19.838601,41.322587],[19.838554,41.3226],[19.838471,41.322626],[19.838397,41.322652],[19.838381,41.322659],[19.838268,41.322705],[19.838185,41.322741],[19.838172,41.322746],[19.838083,41.322783],[19.83803,41.322805],[19.83798,41.322826],[19.837963,41.322833],[19.837908,41.322856],[19.837816,41.322894],[19.837754,41.322921],[19.837725,41.322934],[19.837674,41.322954],[19.837633,41.32297],[19.837592,41.322987],[19.837546,41.32301],[19.837541,41.323012],[19.837503,41.323035],[19.83747,41.323057],[19.837453,41.323069],[19.837435,41.323083],[19.83741,41.32311],[19.837382,41.32314],[19.837374,41.323149],[19.837349,41.323181],[19.83733,41.323221],[19.837316,41.323254],[19.837307,41.323281],[19.837299,41.323309],[19.83729,41.323343],[19.837275,41.323382],[19.837261,41.323408],[19.837234,41.32346],[19.837221,41.323478],[19.837192,41.323516],[19.837082,41.323583],[19.837046,41.323598],[19.83698,41.323625],[19.836908,41.323653],[19.836844,41.323672],[19.83683,41.323676],[19.836786,41.323687],[19.836747,41.323693],[19.836724,41.323696],[19.836655,41.323705],[19.836596,41.32371],[19.836494,41.32372],[19.836392,41.32373],[19.836358,41.323734],[19.83628,41.323742],[19.836183,41.323753],[19.836122,41.323761],[19.836085,41.323766],[19.83601,41.32378],[19.835939,41.323794],[19.83589,41.323806],[19.835847,41.323817],[19.835769,41.323839],[19.835666,41.32387],[19.835641,41.323878],[19.835535,41.323916],[19.835449,41.323948],[19.835428,41.323955],[19.835386,41.323973],[19.835345,41.323993],[19.835306,41.324012],[19.835268,41.324034],[19.835248,41.324045],[19.835224,41.324059],[19.835165,41.324094],[19.835061,41.324157],[19.835039,41.324169],[19.83494,41.324253],[19.834899,41.324289],[19.834746,41.324427],[19.834656,41.324508],[19.834595,41.324567],[19.834471,41.324687],[19.834448,41.324709],[19.834359,41.324795],[19.834316,41.324837],[19.834301,41.324851],[19.834223,41.324929],[19.834158,41.32499],[19.834155,41.324993],[19.834092,41.325058],[19.834023,41.325114],[19.833995,41.325125],[19.833951,41.325142],[19.83391,41.325155],[19.833865,41.325169],[19.833837,41.325174],[19.833817,41.325178],[19.833773,41.325187],[19.833771,41.325187],[19.833753,41.325191],[19.833699,41.325201],[19.833651,41.325211],[19.833544,41.325244],[19.833497,41.325258],[19.833421,41.325289],[19.833357,41.325322],[19.83334,41.325332],[19.833275,41.32537],[19.833232,41.325397],[19.833202,41.325424],[19.833179,41.325461],[19.833176,41.325465],[19.833166,41.32549],[19.83316,41.325512],[19.833154,41.325559],[19.833155,41.325585],[19.833158,41.325623],[19.833162,41.325639],[19.833169,41.32567],[19.83318,41.325709],[19.833194,41.325753],[19.833118,41.32578],[19.833039,41.325808],[19.832987,41.325823],[19.832896,41.325847],[19.83287,41.325854],[19.832668,41.325904],[19.832649,41.325908],[19.83255,41.325933],[19.832442,41.325962],[19.832439,41.325963],[19.832392,41.325976],[19.832354,41.325987],[19.832225,41.326022],[19.832217,41.326024],[19.832106,41.326052],[19.832078,41.326058],[19.832043,41.326064],[19.832011,41.326068],[19.831986,41.32607],[19.831984,41.32607],[19.831951,41.32607],[19.831908,41.326068],[19.83187,41.326062],[19.831838,41.326057],[19.831801,41.32605],[19.83175,41.32604],[19.831733,41.326037],[19.831518,41.325996],[19.831495,41.325992],[19.831286,41.32595],[19.831205,41.325934],[19.831055,41.325904],[19.83105,41.325903],[19.830999,41.325892],[19.830826,41.325851],[19.830597,41.325797],[19.830465,41.325766],[19.830369,41.325743],[19.830262,41.325716],[19.830155,41.325691],[19.830141,41.325687],[19.830124,41.325683],[19.829971,41.325647],[19.829913,41.325633],[19.829887,41.325628],[19.829864,41.325622],[19.829798,41.325606],[19.829692,41.325583],[19.829684,41.325581],[19.829495,41.325543],[19.829452,41.325535],[19.829408,41.325527],[19.829323,41.325513],[19.829267,41.325503],[19.829218,41.325497],[19.829187,41.325493],[19.829062,41.325481],[19.82898,41.325474],[19.828975,41.325474],[19.828891,41.325468],[19.828742,41.325459],[19.828577,41.325449],[19.82854,41.325447],[19.828503,41.325445],[19.828489,41.325444],[19.828264,41.32543],[19.828167,41.325424],[19.828034,41.325417],[19.828025,41.325416],[19.827786,41.325403],[19.827658,41.325396],[19.827571,41.32539],[19.827548,41.325388],[19.827382,41.325378],[19.827317,41.325374],[19.827309,41.325374],[19.827219,41.325371],[19.827131,41.325372],[19.82707,41.325375],[19.827043,41.325376],[19.827004,41.32538],[19.826959,41.325385],[19.82691,41.325394],[19.826885,41.325351],[19.826877,41.325341],[19.826829,41.325276],[19.826779,41.325221],[19.826748,41.325189],[19.82673,41.32517],[19.826672,41.325116],[19.826642,41.325086],[19.826619,41.325063],[19.826603,41.325046],[19.826599,41.325042],[19.826574,41.325018],[19.826458,41.324928],[19.826437,41.324918],[19.826382,41.32489],[19.82623,41.324831],[19.826228,41.32483],[19.826154,41.3248],[19.826089,41.324773],[19.826018,41.324743],[19.82581,41.324654],[19.825713,41.324612],[19.825604,41.324562],[19.825579,41.324551],[19.82555,41.32454],[19.825523,41.324531],[19.825492,41.324524],[19.825433,41.324519],[19.825378,41.32453],[19.82529,41.324547],[19.825255,41.324555],[19.825187,41.324567],[19.825196,41.324598],[19.825237,41.324726],[19.825244,41.324749],[19.825251,41.324773],[19.825264,41.324814],[19.825286,41.324895],[19.825283,41.324947],[19.825283,41.32495],[19.825275,41.324992],[19.825252,41.325068],[19.825234,41.325126],[19.82518,41.325302],[19.825149,41.3254],[19.825141,41.325419],[19.825128,41.325464],[19.825124,41.325477],[19.825112,41.32552],[19.825071,41.325644],[19.825068,41.325651],[19.825008,41.325826],[19.824948,41.326],[19.824908,41.326117],[19.82489,41.326174],[19.824836,41.326349],[19.824816,41.326413],[19.824789,41.326481],[19.82478,41.326503],[19.824771,41.326522],[19.824767,41.326531],[19.824749,41.326563],[19.824735,41.326587],[19.824707,41.326623],[19.824686,41.326648],[19.824659,41.326671],[19.824652,41.326677],[19.824617,41.326705],[19.824575,41.326737],[19.824538,41.326763],[19.824487,41.326797],[19.824479,41.326801],[19.824445,41.326821],[19.82438,41.326856],[19.824345,41.326873],[19.824313,41.326889],[19.824281,41.326903],[19.824232,41.326924],[19.824069,41.326987],[19.823966,41.327028],[19.823845,41.327045],[19.823834,41.327046],[19.823748,41.327059],[19.823627,41.327112],[19.823609,41.32712],[19.823524,41.32716],[19.823422,41.327205],[19.823216,41.327297],[19.82303,41.32738],[19.823009,41.327388],[19.822864,41.32745],[19.8228,41.327476],[19.822706,41.327514],[19.822622,41.327568],[19.822604,41.327579],[19.822583,41.327591],[19.822526,41.327636],[19.822463,41.327685],[19.822439,41.327709],[19.82239,41.327759],[19.822331,41.327831],[19.822312,41.327861],[19.822247,41.327963],[19.822211,41.328025],[19.822116,41.32819],[19.822075,41.328261],[19.822023,41.328355],[19.821957,41.328476],[19.821932,41.328522],[19.821889,41.328603],[19.821769,41.328581],[19.821749,41.328578],[19.821538,41.328536],[19.821439,41.328517],[19.821305,41.328492],[19.821277,41.328487],[19.821073,41.328448],[19.821018,41.328437],[19.820842,41.328402],[19.820791,41.328392],[19.82061,41.328357],[19.82048,41.328331],[19.820455,41.328411],[19.820449,41.328431],[19.820403,41.328586],[19.820351,41.328762],[19.820331,41.328827],[19.820298,41.328937],[19.820244,41.329113],[19.82019,41.329288],[19.820176,41.329332],[19.82015,41.329424],[19.820137,41.329463],[19.820082,41.329638],[19.820026,41.329813],[19.819991,41.329923],[19.81997,41.329988],[19.819961,41.330015],[19.819921,41.330073],[19.82,41.330139],[19.820161,41.330272],[19.820313,41.330399],[19.820323,41.330406],[19.82037,41.330441],[19.820383,41.330451],[19.820443,41.330487],[19.820508,41.330525],[19.820536,41.330542],[19.820675,41.330617],[19.820644,41.330614],[19.820548,41.330604],[19.820481,41.3306],[19.820405,41.330599],[19.820379,41.330598],[19.820278,41.330605],[19.820166,41.330613],[19.820163,41.330613],[19.820037,41.330611],[19.819928,41.330598],[19.81985,41.330589],[19.819691,41.330568],[19.819553,41.330549],[19.819456,41.330536],[19.81922,41.330504],[19.819044,41.330481],[19.818984,41.330472],[19.818748,41.330441],[19.818513,41.330409],[19.818277,41.330378],[19.818071,41.33035],[19.818041,41.330346],[19.818029,41.330344],[19.817947,41.330332],[19.817807,41.330309],[19.81776,41.330302],[19.817643,41.330284],[19.817572,41.330273],[19.817337,41.330237],[19.817103,41.330201],[19.81692,41.330173],[19.816869,41.330161],[19.816851,41.330157],[19.816764,41.330132],[19.816703,41.330106],[19.816656,41.330081],[19.816622,41.330063],[19.816538,41.330011],[19.816477,41.329962],[19.816466,41.329954],[19.816393,41.329882],[19.81634,41.329815],[19.816329,41.3298],[19.816275,41.329711],[19.816246,41.329649],[19.816164,41.32948],[19.81613,41.32941],[19.816091,41.329309],[19.816024,41.329136],[19.816009,41.329097],[19.815978,41.328988],[19.815988,41.328956],[19.816039,41.328781],[19.816074,41.328662],[19.816088,41.328605],[19.816132,41.328428],[19.816163,41.328304],[19.816171,41.328269],[19.816176,41.328251],[19.816188,41.328199],[19.816202,41.328138],[19.816211,41.3281],[19.816218,41.328074],[19.81624,41.327989],[19.816263,41.327897],[19.816284,41.32781],[19.816309,41.327721]]},"properties":{"line":"10B","dir":"0","headsign":"Dollari B","mode":"bus","color":"#0059a9"}},{"type":"Feature","geometry":{"type":"LineString","coordinates":[[19.816318,41.327687],[19.816331,41.327641],[19.816365,41.327511],[19.816411,41.327335],[19.816419,41.327303],[19.81646,41.327159],[19.81651,41.326983],[19.816534,41.326899],[19.816555,41.326826],[19.81656,41.326807],[19.8166,41.326663],[19.816609,41.326631],[19.816659,41.326455],[19.816709,41.326279],[19.816759,41.326103],[19.81677,41.326068],[19.816809,41.325927],[19.816859,41.325751],[19.816865,41.325732],[19.81689,41.325642],[19.816902,41.325598],[19.816932,41.325603],[19.817038,41.325619],[19.817167,41.325639],[19.817346,41.325667],[19.817401,41.325676],[19.817636,41.325713],[19.81787,41.325749],[19.818105,41.325786],[19.818339,41.325823],[19.818574,41.32586],[19.818808,41.325897],[19.818888,41.325909],[19.818923,41.325915],[19.819015,41.325929],[19.819043,41.325933],[19.819105,41.325943],[19.81907,41.326072],[19.819023,41.326249],[19.818975,41.326425],[19.818958,41.326489],[19.818927,41.326601],[19.818911,41.326661],[19.818909,41.326713],[19.818925,41.326758],[19.818941,41.326775],[19.818944,41.326779],[19.818975,41.326804],[19.819047,41.326858],[19.819102,41.326909],[19.81911,41.326915],[19.819164,41.32697],[19.819201,41.327013],[19.819233,41.327059],[19.819236,41.327063],[19.819265,41.327099],[19.81928,41.327113],[19.819307,41.327132],[19.81934,41.327143],[19.819404,41.327158],[19.81942,41.327159],[19.819496,41.327166],[19.819632,41.327178],[19.819658,41.32718],[19.819896,41.327201],[19.820134,41.327222],[19.820177,41.327225],[19.820372,41.327242],[19.82061,41.327263],[19.820624,41.327264],[19.820848,41.327284],[19.821042,41.327301],[19.821085,41.327305],[19.821323,41.327326],[19.821371,41.32733],[19.821561,41.327346],[19.821799,41.327367],[19.821888,41.327375],[19.822037,41.327388],[19.822053,41.327389],[19.822275,41.327409],[19.822489,41.327427],[19.822512,41.327432],[19.822609,41.327452],[19.822671,41.327474],[19.822706,41.327514],[19.822739,41.327501],[19.822864,41.32745],[19.822945,41.327416],[19.82303,41.32738],[19.823152,41.327325],[19.823358,41.327234],[19.823524,41.32716],[19.823563,41.327141],[19.823609,41.32712],[19.823748,41.327059],[19.823766,41.327047],[19.823907,41.326958],[19.823956,41.326937],[19.824019,41.32691],[19.824164,41.326849],[19.824238,41.326818],[19.824332,41.326771],[19.824365,41.326753],[19.824366,41.326752],[19.824398,41.326732],[19.824438,41.326704],[19.824469,41.326682],[19.824498,41.326661],[19.824537,41.326626],[19.824543,41.326621],[19.824572,41.326592],[19.824604,41.326557],[19.824629,41.326524],[19.824651,41.326485],[19.824658,41.326471],[19.824674,41.326438],[19.824695,41.326384],[19.824724,41.326298],[19.824782,41.326123],[19.82484,41.325949],[19.824898,41.325774],[19.824956,41.3256],[19.824963,41.325578],[19.825008,41.32544],[19.825013,41.325425],[19.825026,41.325386],[19.825043,41.325339],[19.825073,41.325251],[19.825131,41.325077],[19.825155,41.325006],[19.825166,41.324973],[19.825175,41.324923],[19.825197,41.324938],[19.825275,41.324992],[19.825367,41.325065],[19.825427,41.325113],[19.825529,41.325197],[19.825691,41.32533],[19.825852,41.325463],[19.825992,41.325579],[19.826014,41.325596],[19.826161,41.325715],[19.826179,41.325705],[19.826209,41.325688],[19.826285,41.325646],[19.826313,41.325633],[19.826378,41.325604],[19.826401,41.325593],[19.826451,41.325573],[19.826588,41.325517],[19.826764,41.325446],[19.826798,41.325432],[19.826833,41.325418],[19.82691,41.325394],[19.826959,41.325385],[19.827004,41.32538],[19.827026,41.325378],[19.827043,41.325376],[19.827131,41.325372],[19.827219,41.325371],[19.827265,41.325373],[19.827317,41.325374],[19.827382,41.325378],[19.827504,41.325385],[19.827571,41.32539],[19.827658,41.325396],[19.827742,41.325401],[19.827981,41.325414],[19.828034,41.325417],[19.828167,41.325424],[19.82822,41.325428],[19.828459,41.325442],[19.828489,41.325444],[19.82854,41.325447],[19.828577,41.325449],[19.828698,41.325456],[19.828891,41.325468],[19.828936,41.325471],[19.828975,41.325474],[19.829062,41.325481],[19.829174,41.325492],[19.829187,41.325493],[19.829267,41.325503],[19.829323,41.325513],[19.829408,41.325527],[19.829409,41.325527],[19.829495,41.325543],[19.829641,41.325572],[19.829692,41.325583],[19.829798,41.325606],[19.829864,41.325622],[19.829871,41.325624],[19.829887,41.325628],[19.829971,41.325647],[19.830099,41.325677],[19.830124,41.325683],[19.830155,41.325691],[19.830262,41.325716],[19.830327,41.325732],[19.830465,41.325766],[19.830555,41.325788],[19.830784,41.325841],[19.830999,41.325892],[19.831013,41.325895],[19.83105,41.325903],[19.831205,41.325934],[19.831244,41.325942],[19.831475,41.325988],[19.831495,41.325992],[19.831707,41.326032],[19.831733,41.326037],[19.831801,41.32605],[19.831838,41.326057],[19.83187,41.326062],[19.831908,41.326068],[19.831942,41.32607],[19.831951,41.32607],[19.831984,41.32607],[19.832011,41.326068],[19.832043,41.326064],[19.832078,41.326058],[19.832106,41.326052],[19.832175,41.326035],[19.832225,41.326022],[19.832354,41.325987],[19.832392,41.325976],[19.8324,41.325974],[19.832439,41.325963],[19.83255,41.325933],[19.832626,41.325914],[19.832649,41.325908],[19.832854,41.325858],[19.83287,41.325854],[19.832987,41.325823],[19.833039,41.325808],[19.833078,41.325794],[19.833194,41.325753],[19.83318,41.32571],[19.83318,41.325709],[19.833169,41.32567],[19.833158,41.325623],[19.833155,41.325585],[19.833154,41.325559],[19.83316,41.325512],[19.833166,41.32549],[19.833176,41.325465],[19.833202,41.325424],[19.833206,41.32542],[19.833232,41.325397],[19.833275,41.32537],[19.833357,41.325322],[19.833389,41.325305],[19.833421,41.325289],[19.833497,41.325258],[19.8336,41.325226],[19.833651,41.325211],[19.833699,41.325201],[19.833753,41.325191],[19.833773,41.325187],[19.833817,41.325178],[19.83383,41.325176],[19.833837,41.325174],[19.833865,41.325169],[19.83391,41.325155],[19.833951,41.325142],[19.834023,41.325114],[19.834043,41.325098],[19.834092,41.325058],[19.834158,41.32499],[19.834192,41.324957],[19.834223,41.324929],[19.834316,41.324837],[19.834338,41.324815],[19.834359,41.324795],[19.834471,41.324687],[19.834485,41.324673],[19.834632,41.324531],[19.834656,41.324508],[19.834785,41.324392],[19.834938,41.324254],[19.83494,41.324253],[19.835039,41.324169],[19.835108,41.324128],[19.835165,41.324094],[19.835224,41.324059],[19.835268,41.324034],[19.835297,41.324017],[19.835306,41.324012],[19.835345,41.323993],[19.835386,41.323973],[19.835428,41.323955],[19.835504,41.323928],[19.835535,41.323916],[19.835641,41.323878],[19.835722,41.323853],[19.835769,41.323839],[19.835847,41.323817],[19.835939,41.323794],[19.835948,41.323792],[19.83601,41.32378],[19.836085,41.323766],[19.836182,41.323753],[19.836183,41.323753],[19.83628,41.323742],[19.836392,41.32373],[19.836419,41.323728],[19.836494,41.32372],[19.836655,41.323705],[19.836656,41.323705],[19.836724,41.323696],[19.836747,41.323693],[19.836786,41.323687],[19.836844,41.323672],[19.836887,41.323659],[19.836908,41.323653],[19.83698,41.323625],[19.837082,41.323583],[19.837099,41.323573],[19.837192,41.323516],[19.837234,41.32346],[19.837246,41.323436],[19.837261,41.323408],[19.837275,41.323382],[19.83729,41.323343],[19.837307,41.323281],[19.837312,41.323264],[19.837316,41.323254],[19.83733,41.323221],[19.837349,41.323181],[19.837374,41.323149],[19.83741,41.32311],[19.837417,41.323103],[19.837435,41.323083],[19.837453,41.323069],[19.83747,41.323057],[19.837503,41.323035],[19.837541,41.323012],[19.837592,41.322987],[19.837597,41.322985],[19.837633,41.32297],[19.837674,41.322954],[19.837725,41.322934],[19.837806,41.322898],[19.837816,41.322894],[19.837908,41.322856],[19.83798,41.322826],[19.838016,41.322811],[19.83803,41.322805],[19.838083,41.322783],[19.838185,41.322741],[19.838225,41.322724],[19.838268,41.322705],[19.838397,41.322652],[19.838436,41.322639],[19.838471,41.322626],[19.838554,41.3226],[19.838639,41.322576],[19.838658,41.322571],[19.838723,41.322554],[19.8388,41.32253],[19.838877,41.322504],[19.838879,41.322502],[19.839028,41.32244],[19.839088,41.322414],[19.839192,41.322371],[19.839297,41.322327],[19.839329,41.322313],[19.839459,41.322259],[19.839505,41.322237],[19.839555,41.322215],[19.839645,41.322172],[19.839708,41.322141],[19.839735,41.322128],[19.839821,41.322086],[19.839881,41.322062],[19.839914,41.322049],[19.839917,41.322048],[19.839974,41.322029],[19.840008,41.322018],[19.840069,41.322005],[19.84011,41.321998],[19.840141,41.321993],[19.840163,41.321989],[19.840213,41.32198],[19.84025,41.321973],[19.840281,41.321965],[19.840369,41.321939],[19.840393,41.321933],[19.840523,41.321889],[19.84059,41.321869],[19.84061,41.321863],[19.84069,41.321841],[19.840744,41.321827],[19.840816,41.32181],[19.840847,41.321802],[19.841028,41.321766],[19.841047,41.321762],[19.841278,41.321715],[19.841322,41.321706],[19.841391,41.321691],[19.841501,41.32167],[19.841509,41.321668],[19.841658,41.321637],[19.841727,41.321623],[19.84174,41.321621],[19.841784,41.321613],[19.841824,41.321607],[19.841871,41.321601],[19.841933,41.321595],[19.841977,41.321594],[19.84203,41.321594],[19.842142,41.321599],[19.842216,41.321602],[19.842233,41.321603],[19.842293,41.321604],[19.842344,41.321601],[19.842396,41.321593],[19.84244,41.321584],[19.842453,41.321581],[19.842483,41.321574],[19.842525,41.321561],[19.842658,41.321521],[19.842676,41.321515],[19.842809,41.321471],[19.842892,41.321439],[19.842982,41.321403],[19.843066,41.321369],[19.8431,41.32135],[19.843158,41.321319],[19.843231,41.32128],[19.843286,41.321259],[19.843303,41.321254],[19.843344,41.321243],[19.8434,41.321233],[19.843445,41.321226],[19.843478,41.32122],[19.843514,41.321207],[19.84353,41.321199],[19.843569,41.321177],[19.843608,41.321154],[19.843631,41.321135],[19.84365,41.321114],[19.84368,41.321063],[19.843696,41.321039],[19.843787,41.32108],[19.843869,41.321109],[19.843876,41.321111],[19.84392,41.321125],[19.84397,41.321139],[19.84402,41.321151],[19.844083,41.321164],[19.844103,41.321167],[19.844134,41.321172],[19.844221,41.321179],[19.844332,41.321183],[19.844342,41.321183],[19.844438,41.321189],[19.844514,41.321198],[19.844579,41.321207],[19.844596,41.321209],[19.844676,41.321225],[19.844768,41.321248],[19.844809,41.321257],[19.844838,41.321265],[19.844931,41.321289],[19.845036,41.321315],[19.845052,41.321319],[19.845262,41.321374],[19.845326,41.321391],[19.845488,41.321434],[19.845543,41.321449],[19.845714,41.321494],[19.845851,41.32153],[19.84594,41.321552],[19.846044,41.321578],[19.846168,41.321607],[19.846258,41.321628],[19.846398,41.321659],[19.846478,41.321677],[19.846509,41.321683],[19.846627,41.32171],[19.846856,41.321763],[19.847085,41.321815],[19.847249,41.321852],[19.847315,41.321867],[19.84747,41.321902],[19.847543,41.32192],[19.847603,41.321935],[19.847768,41.321982],[19.847992,41.322047],[19.848005,41.32205],[19.848151,41.322088],[19.84822,41.322104],[19.848449,41.322156],[19.848669,41.322206],[19.848678,41.322208],[19.848777,41.322228],[19.84884,41.322241],[19.84891,41.322251],[19.849005,41.322265],[19.849147,41.322283],[19.84932,41.322304],[19.849384,41.322308],[19.849502,41.322314],[19.849621,41.322326],[19.849805,41.322344],[19.849859,41.322349],[19.849992,41.322362],[19.850043,41.322335],[19.85008,41.322322],[19.850096,41.322317],[19.850125,41.322307],[19.850222,41.322279],[19.850302,41.32225],[19.850316,41.322245],[19.850516,41.322174],[19.850532,41.322168],[19.850746,41.322086],[19.850791,41.322068],[19.850958,41.322002],[19.851007,41.321982],[19.851125,41.321941],[19.851175,41.321927],[19.851247,41.321906],[19.851402,41.32187],[19.851474,41.321853],[19.851629,41.321812],[19.851689,41.321797],[19.85185,41.321759],[19.851857,41.321757],[19.851899,41.321744],[19.85195,41.321727],[19.851992,41.321712],[19.852034,41.321695],[19.852074,41.32168],[19.852078,41.321678],[19.852121,41.321661],[19.852284,41.321594],[19.852332,41.321575],[19.852497,41.321512],[19.85271,41.32143],[19.852757,41.321412],[19.852913,41.321349],[19.852925,41.321342],[19.852981,41.321312],[19.853038,41.321269],[19.853095,41.321213],[19.853199,41.321129],[19.853251,41.321092],[19.853261,41.321086],[19.853321,41.321051],[19.85346,41.321004],[19.853486,41.320996],[19.853661,41.320937],[19.853677,41.320932],[19.853899,41.320865],[19.853978,41.320841],[19.854123,41.320803],[19.854334,41.320748],[19.854349,41.320744],[19.854489,41.32071],[19.854577,41.320689],[19.854771,41.320644]]},"properties":{"line":"10B","dir":"1","headsign":"Çollakët","mode":"bus","color":"#0059a9"}},{"type":"Feature","geometry":{"type":"LineString","coordinates":[[19.848359,41.334355],[19.848359,41.334355],[19.848121,41.334336],[19.847883,41.334317],[19.847645,41.334297],[19.847554,41.33429],[19.847407,41.334276],[19.84717,41.334254],[19.846932,41.334231],[19.846694,41.334209],[19.846457,41.334186],[19.846305,41.334172],[19.84622,41.334161],[19.845984,41.33413],[19.845977,41.33413],[19.845754,41.33408],[19.845642,41.334054],[19.845529,41.334019],[19.845345,41.333961],[19.84531,41.333947],[19.845098,41.333863],[19.845062,41.333849],[19.844924,41.333779],[19.844897,41.333765],[19.844786,41.333708],[19.8447,41.333662],[19.844506,41.333557],[19.844312,41.333452],[19.844118,41.333346],[19.843926,41.333243],[19.843923,41.333241],[19.843728,41.333137],[19.84371,41.333127],[19.843589,41.333079],[19.843515,41.333055],[19.843462,41.333038],[19.843331,41.333008],[19.843288,41.333001],[19.84316,41.332981],[19.843051,41.332972],[19.843002,41.332968],[19.842813,41.332967],[19.842812,41.332967],[19.842612,41.332985],[19.842574,41.332989],[19.842338,41.333017],[19.842101,41.333045],[19.84204,41.333052],[19.841865,41.333074],[19.841629,41.333105],[19.841491,41.333123],[19.841393,41.333136],[19.841263,41.333152],[19.841156,41.333165],[19.84092,41.333193],[19.840785,41.33321],[19.840687,41.333217],[19.840682,41.333217],[19.840589,41.333217],[19.840486,41.333209],[19.840443,41.333203],[19.840371,41.333193],[19.840249,41.333166],[19.840213,41.333155],[19.840119,41.333128],[19.839994,41.333082],[19.839981,41.333078],[19.839785,41.332994],[19.839576,41.332906],[19.839368,41.332817],[19.83916,41.332728],[19.838951,41.33264],[19.83893,41.332631],[19.838743,41.332551],[19.838534,41.332462],[19.838326,41.332374],[19.838118,41.332285],[19.837909,41.332196],[19.837701,41.332108],[19.837523,41.332032],[19.837492,41.332019],[19.837284,41.331931],[19.837155,41.331877],[19.837127,41.331865],[19.837075,41.331843],[19.837069,41.33184],[19.836979,41.331803],[19.836903,41.331768],[19.836867,41.331753],[19.836828,41.331737],[19.836659,41.331665],[19.836451,41.331576],[19.836243,41.331487],[19.836035,41.331397],[19.836007,41.331385],[19.835827,41.331308],[19.835619,41.331219],[19.835418,41.331132],[19.835411,41.331129],[19.835204,41.331039],[19.834997,41.330949],[19.834852,41.330886],[19.83479,41.330859],[19.834582,41.330768],[19.834541,41.33075],[19.834524,41.330743],[19.83439,41.330687],[19.834373,41.33068],[19.834307,41.330653],[19.834164,41.330593],[19.834074,41.330554],[19.833957,41.330503],[19.833942,41.330497],[19.833808,41.330439],[19.833749,41.330414],[19.833541,41.330324],[19.833444,41.330282],[19.833334,41.330234],[19.833297,41.330218],[19.833127,41.330144],[19.832973,41.330077],[19.832925,41.330054],[19.83292,41.330052],[19.832712,41.329964],[19.832503,41.329876],[19.832426,41.329843],[19.832295,41.329787],[19.832087,41.329697],[19.831971,41.329647],[19.831898,41.329616],[19.83188,41.329608],[19.831694,41.329528],[19.831672,41.329518],[19.831592,41.329484],[19.831464,41.329429],[19.831256,41.329339],[19.831224,41.329325],[19.831049,41.329249],[19.830887,41.32918],[19.830841,41.32916],[19.830671,41.329087],[19.830633,41.32907],[19.830426,41.328981],[19.830218,41.328891],[19.83001,41.328802],[19.829998,41.328797],[19.829803,41.328714],[19.829802,41.328713],[19.829593,41.328625],[19.829384,41.328537],[19.829176,41.328448],[19.829133,41.32843],[19.828967,41.32836],[19.828758,41.328272],[19.828549,41.328184],[19.828468,41.328149],[19.828345,41.32809],[19.828283,41.32806],[19.82815,41.32799],[19.828147,41.327988],[19.828038,41.327925],[19.827974,41.327884],[19.827961,41.327875],[19.827959,41.327874],[19.827888,41.327824],[19.827804,41.327756],[19.827794,41.327746],[19.82769,41.327656],[19.827638,41.32761],[19.827481,41.327474],[19.827411,41.327413],[19.827324,41.327338],[19.827268,41.327291],[19.827165,41.327204],[19.827031,41.327089],[19.827007,41.327068],[19.826851,41.326932],[19.826694,41.326796],[19.826581,41.326698],[19.826536,41.326661],[19.826375,41.326528],[19.826304,41.32647],[19.826213,41.326395],[19.826166,41.326356],[19.826054,41.326261],[19.826031,41.326241],[19.825899,41.326135],[19.825891,41.326129],[19.825779,41.326038],[19.825728,41.325998],[19.825561,41.325868],[19.825557,41.325865],[19.825394,41.325739],[19.825227,41.32561],[19.825199,41.325589],[19.825112,41.32552],[19.825095,41.325573],[19.825071,41.325644],[19.825035,41.325747],[19.824975,41.325922],[19.824915,41.326096],[19.824908,41.326117],[19.82486,41.326271],[19.824816,41.326413],[19.824803,41.326445],[19.824789,41.326481],[19.82478,41.326503],[19.824767,41.326531],[19.824749,41.326563],[19.824735,41.326587],[19.824715,41.326612],[19.824707,41.326623],[19.824686,41.326648],[19.824659,41.326671],[19.824617,41.326705],[19.824575,41.326737],[19.82456,41.326748],[19.824538,41.326763],[19.824487,41.326797],[19.824445,41.326821],[19.82438,41.326856],[19.824372,41.32686],[19.824345,41.326873],[19.824313,41.326889],[19.824232,41.326924],[19.824165,41.32695],[19.823966,41.327028],[19.823951,41.32703],[19.823834,41.327046],[19.823748,41.327059],[19.823719,41.327071],[19.823609,41.32712],[19.823524,41.32716],[19.823514,41.327164],[19.823308,41.327256],[19.823102,41.327348],[19.82303,41.32738],[19.822894,41.327437],[19.822864,41.32745],[19.822706,41.327514],[19.822686,41.327527],[19.822622,41.327568],[19.822583,41.327591],[19.822526,41.327636],[19.82251,41.327649],[19.822463,41.327685],[19.82239,41.327759],[19.822364,41.327791],[19.822331,41.327831],[19.822255,41.327951],[19.822247,41.327963],[19.822159,41.328116],[19.822075,41.328261],[19.822064,41.328281],[19.821973,41.328447],[19.821957,41.328476],[19.821889,41.328603],[19.821874,41.3286],[19.821749,41.328578],[19.821642,41.328557],[19.821439,41.328517],[19.82141,41.328512],[19.821277,41.328487],[19.821177,41.328468],[19.821018,41.328437],[19.820945,41.328423],[19.820791,41.328392],[19.820714,41.328377],[19.820482,41.328332],[19.82048,41.328331],[19.820449,41.328431],[19.820427,41.328505],[19.820375,41.32868],[19.820331,41.328827],[19.820323,41.328856],[19.820269,41.329031],[19.820215,41.329206],[19.820176,41.329332],[19.820162,41.329382],[19.82015,41.329424],[19.820107,41.329557],[19.820052,41.329732],[19.819996,41.329907],[19.819991,41.329923],[19.819961,41.330015],[19.819921,41.330073],[19.819923,41.330075],[19.820084,41.330209],[19.820245,41.330342],[19.820313,41.330399],[19.82037,41.330441],[19.820383,41.330451],[19.820414,41.330469],[19.820443,41.330487],[19.820536,41.330542],[19.820604,41.330579],[19.820675,41.330617],[19.820548,41.330604],[19.820524,41.330602],[19.820481,41.3306],[19.820379,41.330598],[19.820285,41.330604],[19.820278,41.330605],[19.820163,41.330613],[19.820045,41.330611],[19.820037,41.330611],[19.81985,41.330589],[19.819809,41.330584],[19.819573,41.330552],[19.819553,41.330549],[19.819337,41.33052],[19.819101,41.330488],[19.819044,41.330481],[19.818866,41.330457],[19.81863,41.330425],[19.818394,41.330393],[19.818158,41.330362],[19.818071,41.33035],[19.818029,41.330344],[19.817947,41.330332],[19.817923,41.330328],[19.81776,41.330302],[19.817689,41.330291],[19.817643,41.330284],[19.817454,41.330255],[19.817219,41.330219],[19.816985,41.330183],[19.81692,41.330173],[19.816851,41.330157],[19.816764,41.330132],[19.816757,41.330129],[19.816703,41.330106],[19.816622,41.330063],[19.816562,41.330026],[19.816538,41.330011],[19.816466,41.329954],[19.816403,41.329891],[19.816393,41.329882],[19.816329,41.3298],[19.816289,41.329733],[19.816275,41.329711],[19.816205,41.329564],[19.81613,41.32941],[19.816124,41.329395],[19.816057,41.329222],[19.816009,41.329097],[19.815995,41.329049],[19.815978,41.328988],[19.816013,41.328868],[19.816065,41.328693],[19.816074,41.328662],[19.816068,41.328547],[19.816065,41.328514],[19.816056,41.32841],[19.816035,41.328336],[19.816032,41.328327],[19.816017,41.328311],[19.815997,41.328292],[19.815926,41.328261],[19.815853,41.32824],[19.815843,41.328239],[19.815685,41.32822],[19.815606,41.328224],[19.815366,41.328234],[19.815127,41.328245],[19.815061,41.328248],[19.814888,41.328255],[19.814736,41.328262],[19.814649,41.328266],[19.81441,41.328276],[19.814171,41.328287],[19.813932,41.328297],[19.813693,41.328308],[19.813666,41.328309],[19.813556,41.328314],[19.813454,41.328318],[19.813215,41.328329],[19.813142,41.328332],[19.813019,41.328337],[19.812975,41.328339],[19.812736,41.328348],[19.812497,41.328357],[19.81228,41.328366],[19.812258,41.328366],[19.812104,41.328367],[19.812018,41.328363],[19.811944,41.32836],[19.811781,41.328341],[19.811692,41.328332],[19.811603,41.328317],[19.811546,41.328305],[19.81149,41.328294],[19.81139,41.328269],[19.811359,41.328261],[19.811319,41.328249],[19.811212,41.328217],[19.811098,41.328179],[19.811074,41.328172],[19.810877,41.32811],[19.810704,41.328056],[19.810656,41.328041],[19.810434,41.327972],[19.810307,41.327932],[19.810213,41.327903],[19.809992,41.327835],[19.809958,41.327824],[19.80977,41.327766],[19.809719,41.327751],[19.809549,41.327698],[19.809327,41.327629],[19.809307,41.327623],[19.809106,41.327561],[19.808884,41.327492],[19.808717,41.32744],[19.808663,41.327424],[19.808544,41.327386],[19.808442,41.327355],[19.808395,41.32734],[19.80822,41.327287],[19.808191,41.327278],[19.807999,41.327217],[19.807839,41.327167],[19.807786,41.32715],[19.807778,41.327148],[19.807715,41.327128],[19.807648,41.327108],[19.807557,41.327079],[19.807396,41.327029],[19.807336,41.32701],[19.807114,41.326941],[19.806893,41.326872],[19.806776,41.326836],[19.806672,41.326804],[19.806618,41.326787],[19.80645,41.326735],[19.806382,41.326714],[19.806229,41.326666],[19.806008,41.326597],[19.805787,41.326528],[19.805565,41.326459],[19.805413,41.326412],[19.805344,41.326391],[19.805299,41.326377],[19.80523,41.326355],[19.805123,41.326321],[19.805059,41.326302],[19.804902,41.326253],[19.80468,41.326184],[19.804619,41.326165],[19.804459,41.326115],[19.804238,41.326046],[19.804016,41.325977],[19.804004,41.325974],[19.803855,41.325927],[19.803795,41.325909],[19.80379,41.325907],[19.80372,41.325905],[19.803651,41.325911],[19.803584,41.325927],[19.803561,41.325937],[19.803488,41.32597],[19.803412,41.326032],[19.803399,41.326062],[19.803326,41.326233],[19.803252,41.326404],[19.803178,41.326575],[19.803105,41.326746],[19.803031,41.326918],[19.802958,41.327089],[19.8029,41.327224],[19.802884,41.32726],[19.802809,41.327431],[19.802734,41.327601],[19.80271,41.327656],[19.802677,41.327743],[19.802666,41.327774],[19.802644,41.327839],[19.802616,41.327941],[19.802614,41.32795],[19.802609,41.327967],[19.802598,41.328041],[19.802502,41.328036],[19.802481,41.328036],[19.802422,41.328033],[19.802394,41.328034],[19.802242,41.32804],[19.80221,41.328041],[19.802075,41.328053],[19.802004,41.328058],[19.801816,41.328074],[19.801765,41.328078],[19.80156,41.328095],[19.801527,41.328098],[19.801469,41.328102],[19.801337,41.328113],[19.801289,41.328117],[19.801228,41.328122],[19.801165,41.328126],[19.801051,41.328134],[19.800812,41.328149],[19.800675,41.328159],[19.800574,41.328167],[19.80052,41.328172],[19.800447,41.328178],[19.800449,41.328238],[19.800451,41.328262],[19.800462,41.328442],[19.800473,41.328621],[19.800481,41.328752],[19.800483,41.328801],[19.80049,41.328981],[19.800498,41.329161],[19.800505,41.32934],[19.800506,41.329356],[19.80051,41.329443],[19.800515,41.329464],[19.80044,41.329467],[19.800437,41.329467],[19.800201,41.329473],[19.799971,41.32948],[19.799962,41.32948],[19.799802,41.329486],[19.799722,41.32949],[19.799484,41.329502],[19.799434,41.329504],[19.799245,41.329513],[19.799174,41.329517],[19.799005,41.32952],[19.798986,41.32952],[19.798766,41.329529],[19.798634,41.329534],[19.79862,41.329535],[19.798527,41.329541],[19.798509,41.329542],[19.798374,41.32957],[19.798298,41.329593],[19.798286,41.329596],[19.798164,41.329649],[19.798098,41.32969],[19.798085,41.329699],[19.798028,41.329735],[19.797916,41.329807],[19.797817,41.32987],[19.797751,41.329936],[19.79772,41.329966],[19.797634,41.330037],[19.797591,41.33007],[19.797422,41.330197],[19.797422,41.330198],[19.797245,41.330319],[19.797206,41.330346],[19.797092,41.330236],[19.796993,41.33014],[19.796917,41.330155],[19.796878,41.330163],[19.796787,41.330191],[19.796712,41.330224],[19.7967,41.33023],[19.796506,41.330336],[19.796312,41.330441],[19.796295,41.33045],[19.796119,41.330547],[19.795926,41.330654],[19.795899,41.330669],[19.795733,41.33076],[19.795592,41.330838],[19.79554,41.330867],[19.795347,41.330973],[19.795154,41.33108],[19.795033,41.331147],[19.794961,41.331186],[19.794827,41.33126],[19.794768,41.331292],[19.794635,41.331365],[19.794574,41.331399],[19.794545,41.331415],[19.794502,41.331439],[19.794395,41.3315],[19.794383,41.331506],[19.794189,41.331613],[19.794108,41.331658],[19.793998,41.331721],[19.793881,41.331789],[19.793808,41.331831],[19.793743,41.331869],[19.793618,41.33194],[19.79348,41.332017],[19.793426,41.332048],[19.7934,41.332063],[19.793329,41.332103],[19.793235,41.332156],[19.793101,41.332233],[19.793044,41.332265],[19.792896,41.332348],[19.792853,41.332373],[19.792661,41.332481],[19.792552,41.332543],[19.792469,41.332588],[19.7924,41.332626],[19.792276,41.332695],[19.792088,41.332798],[19.792083,41.332801],[19.791888,41.332906],[19.791886,41.332907],[19.791817,41.332945],[19.791696,41.333013],[19.791671,41.333027],[19.791545,41.333097],[19.791503,41.333119],[19.791415,41.333168],[19.79131,41.333226],[19.791231,41.33327],[19.791202,41.333287],[19.791175,41.333302],[19.791118,41.333334],[19.791077,41.333358],[19.790927,41.333442],[19.790735,41.333549],[19.790621,41.333613],[19.790542,41.333657],[19.790349,41.333763],[19.790156,41.33387],[19.790026,41.333942],[19.789963,41.333976],[19.78977,41.334082],[19.789631,41.334159],[19.789577,41.334189],[19.789385,41.334297],[19.789193,41.334404],[19.789027,41.334497],[19.789001,41.334512],[19.788822,41.334612],[19.788809,41.334619],[19.788616,41.334726],[19.788424,41.334833],[19.788352,41.334872],[19.788231,41.334939],[19.788171,41.334972],[19.788039,41.335047],[19.787863,41.335145],[19.787847,41.335155],[19.787659,41.335266],[19.787551,41.335329],[19.787602,41.335374]]},"properties":{"line":"10C","dir":"0","headsign":"Dhora Leka","mode":"bus","color":"#0059a9"}},{"type":"Feature","geometry":{"type":"LineString","coordinates":[[19.787651,41.335396],[19.787602,41.335374],[19.787551,41.335329],[19.787633,41.335281],[19.787821,41.33517],[19.787863,41.335145],[19.788012,41.335062],[19.788171,41.334972],[19.788204,41.334954],[19.788352,41.334872],[19.788397,41.334847],[19.78859,41.33474],[19.788782,41.334634],[19.788822,41.334612],[19.788975,41.334526],[19.789027,41.334497],[19.789167,41.334419],[19.789359,41.334311],[19.789551,41.334204],[19.789631,41.334159],[19.789743,41.334097],[19.789936,41.333991],[19.790026,41.333942],[19.79013,41.333884],[19.790323,41.333778],[19.790516,41.333671],[19.790621,41.333613],[19.790708,41.333564],[19.7909,41.333457],[19.791077,41.333358],[19.791092,41.333349],[19.791175,41.333302],[19.791202,41.333287],[19.791231,41.33327],[19.791283,41.333241],[19.791415,41.333168],[19.791476,41.333134],[19.791545,41.333097],[19.791669,41.333028],[19.791671,41.333027],[19.791817,41.332945],[19.791862,41.332921],[19.791886,41.332907],[19.792056,41.332815],[19.792088,41.332798],[19.792249,41.332709],[19.7924,41.332626],[19.792442,41.332603],[19.792552,41.332543],[19.792635,41.332496],[19.792826,41.332388],[19.792896,41.332348],[19.793018,41.33228],[19.793101,41.332233],[19.793209,41.332171],[19.793329,41.332103],[19.7934,41.332063],[19.7934,41.332063],[19.79348,41.332017],[19.793591,41.331954],[19.793743,41.331869],[19.793782,41.331846],[19.793881,41.331789],[19.793972,41.331736],[19.794108,41.331658],[19.794163,41.331627],[19.794356,41.331521],[19.794395,41.3315],[19.794502,41.331439],[19.794545,41.331415],[19.794547,41.331413],[19.794635,41.331365],[19.794741,41.331307],[19.794827,41.33126],[19.794934,41.331201],[19.795033,41.331147],[19.795127,41.331095],[19.79532,41.330988],[19.795513,41.330882],[19.795592,41.330838],[19.795706,41.330775],[19.795899,41.330669],[19.795899,41.330669],[19.796092,41.330562],[19.796285,41.330455],[19.796295,41.33045],[19.796479,41.33035],[19.796673,41.330245],[19.796712,41.330224],[19.796787,41.330191],[19.796878,41.330163],[19.796886,41.330162],[19.796993,41.33014],[19.797088,41.330121],[19.797117,41.330115],[19.797171,41.330103],[19.797269,41.330077],[19.79734,41.330051],[19.797386,41.330034],[19.797554,41.32997],[19.797768,41.329889],[19.797817,41.32987],[19.797916,41.329807],[19.797957,41.32978],[19.798028,41.329735],[19.798085,41.329699],[19.79814,41.329664],[19.798164,41.329649],[19.798286,41.329596],[19.798349,41.329578],[19.798374,41.32957],[19.798509,41.329542],[19.798581,41.329537],[19.79862,41.329535],[19.798634,41.329534],[19.79882,41.329527],[19.798986,41.32952],[19.79906,41.329519],[19.799174,41.329517],[19.799299,41.329511],[19.799434,41.329504],[19.799538,41.329499],[19.799777,41.329487],[19.799802,41.329486],[19.799971,41.32948],[19.800016,41.329478],[19.800255,41.329472],[19.800437,41.329467],[19.800495,41.329465],[19.800515,41.329464],[19.80051,41.329443],[19.800506,41.329356],[19.800503,41.329299],[19.800496,41.32912],[19.800489,41.32894],[19.800481,41.32876],[19.800481,41.328752],[19.80047,41.32858],[19.800459,41.328401],[19.800449,41.328238],[19.800449,41.328221],[19.800447,41.328178],[19.80052,41.328172],[19.800628,41.328163],[19.800675,41.328159],[19.800866,41.328146],[19.801105,41.32813],[19.801165,41.328126],[19.801228,41.328122],[19.801337,41.328113],[19.801343,41.328113],[19.801469,41.328102],[19.80156,41.328095],[19.801581,41.328093],[19.801816,41.328074],[19.80182,41.328074],[19.802058,41.328054],[19.802075,41.328053],[19.80221,41.328041],[19.802296,41.328038],[19.802394,41.328034],[19.802422,41.328033],[19.802502,41.328036],[19.802503,41.328011],[19.802507,41.327957],[19.80252,41.32789],[19.802537,41.327833],[19.802544,41.327813],[19.802607,41.327661],[19.802609,41.327656],[19.802679,41.327489],[19.802692,41.327461],[19.802752,41.327318],[19.802824,41.327146],[19.802896,41.326975],[19.80292,41.326918],[19.802968,41.326803],[19.80304,41.326632],[19.803112,41.32646],[19.803139,41.326395],[19.803183,41.326288],[19.803252,41.326116],[19.803297,41.326005],[19.803323,41.325945],[19.803354,41.325873],[19.803369,41.32584],[19.803393,41.325783],[19.803397,41.325773],[19.803433,41.325688],[19.803537,41.325721],[19.803544,41.325723],[19.803641,41.325753],[19.803765,41.325792],[19.803807,41.325806],[19.803986,41.325861],[19.804207,41.325931],[19.80425,41.325944],[19.804428,41.326],[19.804649,41.326069],[19.804665,41.326074],[19.80487,41.326138],[19.805092,41.326207],[19.80528,41.326266],[19.805313,41.326276],[19.805348,41.326286],[19.805429,41.326311],[19.805463,41.326322],[19.805535,41.326344],[19.805756,41.326412],[19.805978,41.32648],[19.8062,41.326548],[19.806312,41.326582],[19.806421,41.326616],[19.806642,41.326686],[19.806667,41.326694],[19.806864,41.326754],[19.806875,41.326757],[19.807085,41.326822],[19.807307,41.326891],[19.807528,41.32696],[19.807694,41.327011],[19.807749,41.327028],[19.807761,41.327032],[19.80779,41.327041],[19.807833,41.327054],[19.80789,41.327072],[19.807971,41.327097],[19.808119,41.327142],[19.808192,41.327165],[19.808414,41.327234],[19.808454,41.327246],[19.808598,41.327291],[19.808635,41.327302],[19.808857,41.32737],[19.808973,41.327406],[19.809079,41.327439],[19.809211,41.327479],[19.8093,41.327507],[19.809521,41.327577],[19.809624,41.327609],[19.809705,41.327635],[19.809742,41.327646],[19.809963,41.327715],[19.810009,41.327729],[19.810162,41.327775],[19.810185,41.327782],[19.810407,41.327851],[19.810628,41.327919],[19.81085,41.327987],[19.811072,41.328055],[19.811094,41.328062],[19.811263,41.328116],[19.811293,41.328124],[19.811386,41.32815],[19.811417,41.328159],[19.811514,41.328183],[19.811519,41.328184],[19.811721,41.328222],[19.811752,41.328225],[19.811967,41.328251],[19.811989,41.328252],[19.812133,41.32826],[19.812228,41.32826],[19.812283,41.32826],[19.812384,41.328256],[19.812467,41.328252],[19.812706,41.328242],[19.812905,41.328233],[19.812945,41.328231],[19.813011,41.328228],[19.813185,41.328221],[19.813424,41.32821],[19.813568,41.328204],[19.813659,41.328199],[19.813663,41.328199],[19.813902,41.328188],[19.814009,41.328183],[19.814141,41.328177],[19.81438,41.328167],[19.814619,41.328157],[19.814803,41.328149],[19.814858,41.328146],[19.815097,41.328136],[19.815236,41.32813],[19.815336,41.328125],[19.815575,41.328114],[19.815592,41.328113],[19.815815,41.328104],[19.81602,41.328095],[19.816054,41.328093],[19.816065,41.328093],[19.816211,41.3281],[19.81623,41.328028],[19.81624,41.327989],[19.816274,41.327851],[19.816284,41.32781],[19.816322,41.327675],[19.816331,41.327641],[19.816368,41.327499],[19.816414,41.327322],[19.816419,41.327303],[19.816464,41.327146],[19.816513,41.32697],[19.816534,41.326899],[19.816555,41.326826],[19.816564,41.326794],[19.8166,41.326663],[19.816613,41.326618],[19.816663,41.326443],[19.816713,41.326267],[19.816763,41.326091],[19.81677,41.326068],[19.816813,41.325915],[19.816863,41.325739],[19.816865,41.325732],[19.81689,41.325642],[19.816902,41.325598],[19.816949,41.325605],[19.817038,41.325619],[19.817183,41.325642],[19.817346,41.325667],[19.817418,41.325678],[19.817652,41.325715],[19.817887,41.325752],[19.818121,41.325789],[19.818356,41.325826],[19.81859,41.325862],[19.818824,41.325899],[19.818888,41.325909],[19.818923,41.325915],[19.819015,41.325929],[19.819059,41.325936],[19.819105,41.325943],[19.819067,41.326085],[19.819019,41.326261],[19.818971,41.326437],[19.818958,41.326489],[19.818924,41.326613],[19.818911,41.326661],[19.818909,41.326713],[19.818925,41.326758],[19.818944,41.326779],[19.818952,41.326785],[19.818975,41.326804],[19.819047,41.326858],[19.81911,41.326915],[19.819113,41.326918],[19.819164,41.32697],[19.819201,41.327013],[19.819236,41.327063],[19.819242,41.32707],[19.819265,41.327099],[19.81928,41.327113],[19.819307,41.327132],[19.81934,41.327143],[19.819404,41.327158],[19.819437,41.327161],[19.819496,41.327166],[19.819632,41.327178],[19.819675,41.327181],[19.819913,41.327202],[19.82015,41.327223],[19.820177,41.327225],[19.820388,41.327244],[19.820624,41.327264],[19.820626,41.327265],[19.820864,41.327285],[19.821042,41.327301],[19.821102,41.327306],[19.82134,41.327327],[19.821371,41.32733],[19.821578,41.327348],[19.821816,41.327369],[19.821888,41.327375],[19.822053,41.327389],[19.822054,41.327389],[19.822292,41.32741],[19.822489,41.327427],[19.822528,41.327435],[19.822609,41.327452],[19.822671,41.327474],[19.822706,41.327514],[19.82275,41.327497],[19.822864,41.32745],[19.822959,41.32741],[19.82303,41.32738],[19.823166,41.327319],[19.823372,41.327227],[19.823524,41.32716],[19.823578,41.327135],[19.823609,41.32712],[19.823748,41.327059],[19.823779,41.327039],[19.823907,41.326958],[19.82397,41.326931],[19.824019,41.32691],[19.824179,41.326843],[19.824238,41.326818],[19.824332,41.326771],[19.824365,41.326753],[19.824379,41.326744],[19.824398,41.326732],[19.824438,41.326704],[19.824469,41.326682],[19.824498,41.326661],[19.824543,41.326621],[19.824548,41.326616],[19.824572,41.326592],[19.824604,41.326557],[19.824629,41.326524],[19.824651,41.326485],[19.824664,41.326459],[19.824674,41.326438],[19.824695,41.326384],[19.824728,41.326286],[19.824786,41.326111],[19.824844,41.325937],[19.824902,41.325762],[19.82496,41.325588],[19.824963,41.325578],[19.825008,41.32544],[19.825017,41.325413],[19.825026,41.325386],[19.825043,41.325339],[19.825077,41.325239],[19.825136,41.325065],[19.825155,41.325006],[19.825166,41.324973],[19.825175,41.324923],[19.82521,41.324947],[19.825275,41.324992],[19.825378,41.325074],[19.825427,41.325113],[19.825541,41.325206],[19.825702,41.325339],[19.825863,41.325472],[19.825992,41.325579],[19.826025,41.325605],[19.826161,41.325715],[19.826187,41.325737],[19.826347,41.325871],[19.826506,41.326006],[19.826666,41.32614],[19.826782,41.326237],[19.826825,41.326274],[19.826981,41.326411],[19.827138,41.326547],[19.827294,41.326683],[19.827319,41.326704],[19.827452,41.326819],[19.827609,41.326954],[19.827766,41.32709],[19.827783,41.327104],[19.827924,41.327225],[19.828082,41.32736],[19.828176,41.327441],[19.828194,41.327457],[19.828239,41.327496],[19.828247,41.327502],[19.828277,41.327528],[19.828338,41.327571],[19.828404,41.327612],[19.828415,41.327618],[19.828471,41.327651],[19.828567,41.327696],[19.828614,41.327718],[19.828655,41.327737],[19.828819,41.32781],[19.828992,41.327887],[19.829026,41.327901],[19.829234,41.32799],[19.829329,41.32803],[19.829442,41.328079],[19.82965,41.328169],[19.829778,41.328224],[19.829857,41.328258],[19.830065,41.328348],[19.830273,41.328438],[19.83048,41.328527],[19.830632,41.328593],[19.830688,41.328617],[19.830896,41.328707],[19.831103,41.328796],[19.831302,41.328882],[19.831311,41.328886],[19.831486,41.328962],[19.831518,41.328976],[19.831727,41.329064],[19.831874,41.329126],[19.831936,41.329152],[19.831971,41.329167],[19.832145,41.32924],[19.832168,41.329249],[19.832307,41.329308],[19.832354,41.329327],[19.832563,41.329415],[19.832772,41.329503],[19.832981,41.329591],[19.83319,41.329678],[19.833385,41.32976],[19.833399,41.329766],[19.833607,41.329855],[19.833637,41.329868],[19.833815,41.329945],[19.834023,41.330034],[19.834028,41.330036],[19.834101,41.330067],[19.834169,41.330097],[19.834231,41.330123],[19.834232,41.330124],[19.834252,41.330132],[19.834398,41.330196],[19.834439,41.330213],[19.834481,41.330232],[19.834632,41.330291],[19.83465,41.330298],[19.834858,41.330387],[19.835066,41.330476],[19.835169,41.330521],[19.835274,41.330565],[19.835482,41.330654],[19.835688,41.330742],[19.835691,41.330743],[19.835899,41.330831],[19.836107,41.33092],[19.836316,41.331009],[19.836524,41.331098],[19.836637,41.331146],[19.836732,41.331186],[19.836941,41.331275],[19.836975,41.33129],[19.837147,41.331367],[19.837201,41.331391],[19.837272,41.331421],[19.837355,41.331456],[19.837359,41.331458],[19.837444,41.331495],[19.837563,41.331545],[19.837666,41.33159],[19.837771,41.331635],[19.837979,41.331724],[19.838187,41.331813],[19.838395,41.331902],[19.838534,41.331962],[19.838603,41.33199],[19.838813,41.332078],[19.839022,41.332165],[19.839212,41.332245],[19.839231,41.332253],[19.839441,41.33234],[19.839633,41.33242],[19.83965,41.332428],[19.839856,41.332519],[19.840062,41.33261],[19.840206,41.332674],[19.840273,41.332695],[19.840341,41.332717],[19.840475,41.332744],[19.840502,41.332747],[19.840608,41.332761],[19.840708,41.332762],[19.84074,41.332759],[19.84083,41.33275],[19.8409,41.332742],[19.840977,41.332734],[19.84101,41.33273],[19.841168,41.332712],[19.841214,41.332707],[19.841451,41.33268],[19.841688,41.332653],[19.841925,41.332627],[19.842162,41.3326],[19.842165,41.332599],[19.842399,41.332578],[19.842439,41.332575],[19.842637,41.332559],[19.842875,41.332539],[19.842931,41.332535],[19.843102,41.332531],[19.843115,41.332532],[19.843288,41.33255],[19.843351,41.33256],[19.843479,41.332582],[19.843583,41.332606],[19.843665,41.332626],[19.843807,41.332668],[19.843836,41.332677],[19.843985,41.332728],[19.844026,41.332743],[19.844027,41.332743],[19.844125,41.332787],[19.844205,41.332824],[19.84423,41.332837],[19.844324,41.332888],[19.844426,41.33294],[19.844624,41.333042],[19.844822,41.333143],[19.844824,41.333144],[19.845019,41.333245],[19.845091,41.333283],[19.845216,41.333348],[19.845303,41.333393],[19.845413,41.33345],[19.845538,41.333516],[19.845619,41.33354],[19.84584,41.333608],[19.845878,41.333619],[19.846069,41.333662],[19.846109,41.333671],[19.846301,41.333706],[19.846353,41.333716],[19.846537,41.333734],[19.846775,41.333758],[19.846973,41.333778],[19.847012,41.333782],[19.84725,41.333804],[19.847487,41.333827],[19.847725,41.333849],[19.847963,41.333871],[19.848166,41.33389],[19.8482,41.333893],[19.848438,41.333915],[19.848617,41.333932],[19.848676,41.333934],[19.848915,41.333943],[19.848975,41.333945],[19.849071,41.333939],[19.849153,41.333925],[19.849165,41.333923],[19.849209,41.33391],[19.849255,41.333896],[19.849371,41.333851],[19.849377,41.333849],[19.849411,41.333739],[19.849453,41.333689],[19.849456,41.333687],[19.849502,41.333645],[19.84956,41.333609],[19.849642,41.333578],[19.849696,41.333558],[19.849811,41.333554],[19.849867,41.333552],[19.849875,41.333553],[19.849946,41.333565],[19.85002,41.333589],[19.850086,41.333623],[19.850092,41.333627],[19.850144,41.333666],[19.85019,41.333716],[19.850222,41.333771],[19.850223,41.333775],[19.850244,41.333853],[19.850233,41.333931],[19.850225,41.333953],[19.850199,41.334021],[19.850163,41.334064],[19.850146,41.334083],[19.850111,41.334108],[19.850101,41.334116],[19.850071,41.334137],[19.849982,41.334176],[19.849904,41.334193],[19.849882,41.334198],[19.849778,41.334201],[19.849676,41.334186],[19.84967,41.334191],[19.84955,41.334286],[19.849486,41.334305],[19.849435,41.334319],[19.849285,41.334359],[19.849258,41.334363],[19.849175,41.334377],[19.849123,41.334383],[19.849022,41.334387],[19.84899,41.334388],[19.848891,41.334387],[19.848783,41.334381],[19.848706,41.334377],[19.848545,41.33437],[19.848543,41.33437],[19.848359,41.334355]]},"properties":{"line":"10C","dir":"1","headsign":"Shkozë","mode":"bus","color":"#0059a9"}},{"type":"Feature","geometry":{"type":"LineString","coordinates":[[19.867335,41.350506],[19.86729,41.350683],[19.867284,41.350706],[19.867271,41.350759],[19.867246,41.350859],[19.867202,41.351036],[19.867179,41.351126],[19.867156,41.351213],[19.867124,41.351335],[19.867106,41.351384],[19.867104,41.351388],[19.867077,41.351463],[19.867038,41.351516],[19.866987,41.351532],[19.866973,41.351537],[19.866896,41.351543],[19.866823,41.35154],[19.866749,41.351533],[19.866535,41.351513],[19.866511,41.351511],[19.866331,41.351493],[19.866288,41.351483],[19.866277,41.351479],[19.866183,41.351441],[19.866158,41.351415],[19.866108,41.35136],[19.866101,41.351352],[19.866045,41.351274],[19.865982,41.351207],[19.865979,41.351204],[19.865894,41.351141],[19.865801,41.351093],[19.865799,41.351092],[19.865707,41.351059],[19.865593,41.351027],[19.865578,41.351023],[19.865353,41.350961],[19.865344,41.350958],[19.865236,41.350925],[19.865142,41.35089],[19.865134,41.350887],[19.86502,41.350837],[19.86493,41.350793],[19.864897,41.350776],[19.864723,41.350702],[19.864719,41.3507],[19.864646,41.350679],[19.864499,41.350639],[19.864274,41.350577],[19.864246,41.35057],[19.864146,41.35055],[19.86404,41.350542],[19.864035,41.350541],[19.863913,41.350541],[19.8638,41.350548],[19.863799,41.350548],[19.863685,41.350559],[19.863593,41.350561],[19.863562,41.350558],[19.863513,41.350555],[19.863427,41.350546],[19.863339,41.350544],[19.863322,41.350544],[19.863269,41.350545],[19.863206,41.350543],[19.863142,41.350532],[19.863087,41.35052],[19.863062,41.350514],[19.862937,41.350488],[19.862855,41.350475],[19.862822,41.35047],[19.862708,41.350459],[19.862617,41.350453],[19.862596,41.350451],[19.862503,41.350447],[19.862427,41.350438],[19.862382,41.350427],[19.862347,41.350419],[19.862189,41.350366],[19.862161,41.350356],[19.861942,41.350284],[19.861867,41.350259],[19.861732,41.350214],[19.861722,41.350211],[19.861538,41.350154],[19.861502,41.350141],[19.861389,41.350099],[19.86129,41.350057],[19.861097,41.349975],[19.861081,41.349969],[19.860878,41.349889],[19.860869,41.349886],[19.860829,41.34987],[19.860771,41.349846],[19.860657,41.349802],[19.860559,41.349763],[19.860444,41.34972],[19.860229,41.349641],[19.860014,41.349561],[19.860009,41.349559],[19.859796,41.349488],[19.859576,41.349416],[19.85951,41.349394],[19.859432,41.349368],[19.859356,41.349347],[19.859141,41.349288],[19.859131,41.349285],[19.858977,41.349248],[19.858899,41.349242],[19.85889,41.349241],[19.858835,41.349244],[19.858801,41.349246],[19.858697,41.349257],[19.85866,41.349256],[19.858597,41.349255],[19.858429,41.349216],[19.85841,41.349212],[19.858385,41.349206],[19.858313,41.349189],[19.858252,41.34916],[19.858217,41.349139],[19.858184,41.349119],[19.858129,41.349068],[19.858074,41.349001],[19.858056,41.34898],[19.85801,41.348913],[19.85796,41.348843],[19.857954,41.348834],[19.857876,41.348723],[19.85785,41.348683],[19.857825,41.348643],[19.857771,41.348552],[19.857756,41.348517],[19.85774,41.348479],[19.85772,41.348403],[19.857704,41.348342],[19.857677,41.348236],[19.857666,41.348202],[19.857644,41.348174],[19.857637,41.34817],[19.857594,41.348146],[19.857534,41.348116],[19.857439,41.34807],[19.857286,41.347998],[19.857237,41.347973],[19.857037,41.347875],[19.856837,41.347776],[19.85667,41.347694],[19.856636,41.347678],[19.856477,41.347602],[19.856434,41.347581],[19.856296,41.347514],[19.856233,41.347484],[19.856213,41.347474],[19.856061,41.347401],[19.856031,41.347387],[19.855903,41.347325],[19.855841,41.347294],[19.855832,41.347287],[19.855793,41.347256],[19.855779,41.347232],[19.855754,41.347191],[19.85574,41.347132],[19.85574,41.347125],[19.855737,41.347059],[19.855742,41.346954],[19.855741,41.346945],[19.855738,41.346848],[19.855729,41.346769],[19.855728,41.346766],[19.855695,41.346659],[19.855668,41.346592],[19.855625,41.346485],[19.855603,41.346418],[19.855574,41.346327],[19.855549,41.346243],[19.855542,41.346221],[19.855451,41.346217],[19.855333,41.346212],[19.855281,41.34621],[19.855216,41.346206],[19.855094,41.346197],[19.855076,41.346196],[19.85493,41.346186],[19.854856,41.34618],[19.854816,41.346178],[19.854695,41.346168],[19.854618,41.346164],[19.854521,41.346158],[19.85438,41.346159],[19.854349,41.34616],[19.854164,41.346141],[19.854135,41.346131],[19.85399,41.346081],[19.854003,41.346135],[19.854014,41.346196],[19.854011,41.346269],[19.853973,41.346339],[19.853926,41.346385],[19.853872,41.346426],[19.853801,41.34646],[19.853731,41.346481],[19.853645,41.346492],[19.853586,41.346491],[19.853506,41.346477],[19.853426,41.346449],[19.853356,41.34641],[19.853296,41.346358],[19.853252,41.346304],[19.853231,41.346235],[19.853228,41.346167],[19.853252,41.346079],[19.853327,41.345984],[19.853425,41.345944],[19.853513,41.345916],[19.853606,41.345904],[19.853694,41.34591],[19.853734,41.34592],[19.853799,41.345936],[19.853872,41.345975],[19.853927,41.346016],[19.853956,41.346047],[19.85399,41.346081],[19.854003,41.346135],[19.854014,41.346196],[19.854011,41.346269],[19.853973,41.346339],[19.853926,41.346385],[19.853872,41.346426],[19.853801,41.34646],[19.853731,41.346481],[19.853645,41.346492],[19.853586,41.346491],[19.853506,41.346477],[19.853426,41.346449],[19.853356,41.34641],[19.853296,41.346358],[19.853252,41.346304],[19.853231,41.346235],[19.853228,41.346167],[19.853252,41.346079],[19.85332,41.345992],[19.853327,41.345984],[19.853198,41.345993],[19.853097,41.345973],[19.852981,41.345932],[19.852807,41.345871],[19.852764,41.345856],[19.852547,41.345781],[19.852329,41.345706],[19.852148,41.345643],[19.852111,41.34563],[19.852035,41.345604],[19.851893,41.345556],[19.851763,41.345512],[19.851676,41.345481],[19.851458,41.345406],[19.851326,41.34536],[19.851239,41.345332],[19.851106,41.345288],[19.851045,41.345267],[19.850997,41.34525],[19.850956,41.345229],[19.850965,41.345265],[19.850955,41.345301],[19.850934,41.345325],[19.850904,41.345343],[19.850867,41.345353],[19.850829,41.345354],[19.850814,41.34535],[19.850792,41.345345],[19.850761,41.345328],[19.850738,41.345305],[19.850726,41.345277],[19.850729,41.34524],[19.850678,41.345173],[19.8506,41.345073],[19.850541,41.345042],[19.850468,41.345005],[19.850372,41.344955],[19.850344,41.34494],[19.850218,41.344875],[19.850146,41.344839],[19.849947,41.344739],[19.849748,41.344638],[19.849664,41.344596],[19.849548,41.34454],[19.849459,41.344497],[19.849347,41.344442],[19.849332,41.344435],[19.849213,41.344373],[19.849154,41.344336],[19.849048,41.344271],[19.84897,41.344221],[19.848878,41.344162],[19.848787,41.344104],[19.848605,41.343988],[19.848563,41.343961],[19.848424,41.34387],[19.848244,41.343751],[19.848134,41.343679],[19.848066,41.343631],[19.848044,41.343615],[19.847936,41.343573],[19.847854,41.343549],[19.847823,41.343539],[19.847738,41.343511],[19.847648,41.343486],[19.847636,41.343485],[19.847631,41.343484],[19.847586,41.343476],[19.847541,41.343457],[19.847507,41.343428],[19.847485,41.343393],[19.84748,41.343378],[19.847471,41.343365],[19.847435,41.343309],[19.847386,41.343247],[19.84735,41.34321],[19.847235,41.343092],[19.847201,41.34307],[19.847152,41.343039],[19.84702,41.342953],[19.84699,41.342933],[19.846898,41.342873],[19.846839,41.342834],[19.846811,41.342816],[19.846658,41.342717],[19.846476,41.3426],[19.846439,41.342576],[19.8463,41.342478],[19.84627,41.342456],[19.846137,41.342346],[19.846128,41.342339],[19.845998,41.34223],[19.845977,41.342212],[19.845936,41.342175],[19.845822,41.342075],[19.845666,41.341939],[19.845634,41.341911],[19.845509,41.341803],[19.845353,41.341666],[19.845289,41.341611],[19.845196,41.34153],[19.845144,41.341485],[19.845061,41.341412],[19.845041,41.341394],[19.845009,41.341364],[19.844889,41.341255],[19.844825,41.341197],[19.844737,41.341115],[19.844585,41.340976],[19.844433,41.340837],[19.844419,41.340824],[19.844278,41.3407],[19.844153,41.34059],[19.844123,41.340563],[19.844066,41.340514],[19.843966,41.340427],[19.843887,41.340358],[19.843827,41.340307],[19.843809,41.340292],[19.84379,41.340276],[19.843653,41.340155],[19.84364,41.340143],[19.843496,41.340019],[19.843339,41.339883],[19.843287,41.339838],[19.843185,41.339746],[19.843091,41.33966],[19.843031,41.339608],[19.843022,41.339599],[19.842933,41.339521],[19.842876,41.339471],[19.842868,41.339464],[19.842813,41.339416],[19.842745,41.339358],[19.842719,41.339335],[19.842561,41.3392],[19.842537,41.339178],[19.842401,41.339066],[19.842267,41.338955],[19.842249,41.338938],[19.842242,41.338932],[19.842107,41.338807],[19.84209,41.338792],[19.841938,41.338653],[19.841786,41.338515],[19.841745,41.338478],[19.841646,41.338387],[19.841634,41.338376],[19.841481,41.338237],[19.841392,41.338155],[19.84133,41.338097],[19.841329,41.338096],[19.841316,41.338084],[19.841283,41.338054],[19.841179,41.337958],[19.841114,41.337897],[19.841029,41.337818],[19.841005,41.337795],[19.840989,41.337781],[19.840874,41.33768],[19.840844,41.337654],[19.840733,41.337562],[19.840715,41.337546],[19.840649,41.337492],[19.840555,41.337412],[19.840397,41.337277],[19.840347,41.337234],[19.840239,41.337142],[19.84008,41.337007],[19.840061,41.33699],[19.839916,41.336876],[19.839809,41.336791],[19.839747,41.336748],[19.839709,41.336722],[19.839567,41.336635],[19.839564,41.336633],[19.83948,41.336586],[19.839371,41.336526],[19.839178,41.336419],[19.839164,41.336411],[19.838986,41.336312],[19.83898,41.336309],[19.838937,41.336285],[19.838848,41.336235],[19.838827,41.336224],[19.838793,41.336206],[19.838737,41.336176],[19.838676,41.336142],[19.838609,41.336105],[19.8386,41.3361],[19.838406,41.335993],[19.838367,41.335972],[19.838215,41.335885],[19.8382,41.335876],[19.838079,41.335807],[19.838024,41.335776],[19.837904,41.335709],[19.83784,41.335673],[19.837832,41.335669],[19.837812,41.335659],[19.837666,41.335586],[19.837632,41.33557],[19.837548,41.33553],[19.83743,41.335474],[19.837227,41.335378],[19.837192,41.335361],[19.837025,41.335281],[19.836944,41.335242],[19.836822,41.335186],[19.836701,41.33513],[19.836653,41.335108],[19.836618,41.335092],[19.836414,41.334997],[19.836211,41.334902],[19.836201,41.334898],[19.836152,41.334876],[19.836046,41.334829],[19.836005,41.334811],[19.835838,41.334737],[19.835799,41.334719],[19.835593,41.334626],[19.835504,41.334586],[19.835388,41.334533],[19.835183,41.33444],[19.835058,41.334383],[19.835013,41.334362],[19.834979,41.334347],[19.834774,41.334253],[19.834764,41.334249],[19.834569,41.33416],[19.834561,41.334156],[19.834366,41.334065],[19.834241,41.334006],[19.834163,41.33397],[19.83396,41.333874],[19.833913,41.333852],[19.833756,41.333779],[19.833749,41.333776],[19.833652,41.333731],[19.833632,41.333721],[19.833553,41.333684],[19.83353,41.333673],[19.833451,41.333637],[19.83335,41.333589],[19.833317,41.333573],[19.833299,41.333565],[19.833187,41.333514],[19.833146,41.333494],[19.833125,41.333484],[19.833098,41.333471],[19.832944,41.333398],[19.832869,41.333362],[19.832779,41.333319],[19.832742,41.333302],[19.832614,41.333243],[19.832538,41.333207],[19.832339,41.333113],[19.832336,41.333111],[19.832227,41.333059],[19.832135,41.333013],[19.831936,41.332914],[19.831935,41.332913],[19.831736,41.332813],[19.831703,41.332797],[19.831687,41.332789],[19.831536,41.332715],[19.831433,41.332664],[19.831336,41.332615],[19.831243,41.332569],[19.831164,41.332528],[19.831138,41.332515],[19.830949,41.332418],[19.83094,41.332414],[19.830741,41.332313],[19.830689,41.332287],[19.830542,41.332213],[19.830456,41.332171],[19.830343,41.332113],[19.830145,41.332011],[19.830069,41.331972],[19.830029,41.331951],[19.829948,41.33191],[19.829837,41.331853],[19.829755,41.331811],[19.82975,41.331808],[19.829553,41.331706],[19.829431,41.331643],[19.829372,41.331615],[19.829354,41.331606],[19.829301,41.33158],[19.829258,41.331559],[19.829218,41.33154],[19.829154,41.331507],[19.828957,41.331404],[19.828761,41.331302],[19.828755,41.331299],[19.828564,41.331199],[19.828367,41.331097],[19.828324,41.331074],[19.828171,41.330998],[19.828168,41.330996],[19.82799,41.330906],[19.82797,41.330896],[19.827771,41.330796],[19.827572,41.330695],[19.827564,41.330691],[19.827468,41.330643],[19.827374,41.330594],[19.827176,41.330493],[19.827167,41.330488],[19.826978,41.330392],[19.82678,41.330291],[19.826582,41.33019],[19.826384,41.330089],[19.826289,41.33004],[19.82623,41.33001],[19.826185,41.329988],[19.825987,41.329887],[19.825799,41.329791],[19.825789,41.329786],[19.825648,41.329713],[19.825591,41.329684],[19.825438,41.329607],[19.825407,41.32958],[19.82537,41.329547],[19.82536,41.329506],[19.825328,41.329372],[19.82527,41.329312],[19.825176,41.329266],[19.825064,41.329235],[19.824986,41.329213],[19.824841,41.329177],[19.824734,41.329151],[19.824672,41.329143],[19.824541,41.329126],[19.824472,41.329116],[19.824308,41.329093],[19.824248,41.329081],[19.824017,41.329035],[19.823857,41.329003],[19.823786,41.328988],[19.823554,41.328942],[19.823323,41.328895],[19.823091,41.328849],[19.823006,41.328831],[19.822861,41.3288],[19.822762,41.328779],[19.82263,41.328753],[19.822399,41.328706],[19.822326,41.328691],[19.822167,41.328659],[19.822021,41.32863],[19.821936,41.328613],[19.821889,41.328603],[19.821749,41.328578],[19.821704,41.328569],[19.821472,41.328524],[19.821439,41.328517],[19.821277,41.328487],[19.82124,41.32848],[19.821018,41.328437],[19.821007,41.328435],[19.820926,41.328419]]},"properties":{"line":"11","dir":"0","headsign":"Biblioteka","mode":"bus","color":"#0059a9"}},{"type":"Feature","geometry":{"type":"LineString","coordinates":[[19.820926,41.328419],[19.821018,41.328437],[19.821156,41.328464],[19.821277,41.328487],[19.821388,41.328508],[19.821439,41.328517],[19.82162,41.328552],[19.821749,41.328578],[19.821852,41.328596],[19.821889,41.328603],[19.822021,41.32863],[19.822084,41.328642],[19.822315,41.328689],[19.822326,41.328691],[19.822546,41.328736],[19.822762,41.328779],[19.822777,41.328783],[19.823006,41.328831],[19.823008,41.328832],[19.823239,41.328878],[19.823471,41.328925],[19.823702,41.328971],[19.823857,41.329003],[19.823933,41.329018],[19.824165,41.329064],[19.824308,41.329093],[19.824397,41.329106],[19.824541,41.329126],[19.824632,41.329138],[19.824734,41.329151],[19.824863,41.329183],[19.824986,41.329213],[19.825085,41.32924],[19.825176,41.329266],[19.82527,41.329312],[19.825301,41.329344],[19.825328,41.329372],[19.825367,41.329536],[19.82537,41.329547],[19.825438,41.329607],[19.825532,41.329654],[19.825648,41.329713],[19.82573,41.329755],[19.825799,41.329791],[19.825928,41.329857],[19.826126,41.329957],[19.82623,41.33001],[19.826289,41.33004],[19.826324,41.330058],[19.826522,41.330159],[19.826721,41.330261],[19.826919,41.330362],[19.827117,41.330463],[19.827167,41.330488],[19.827315,41.330564],[19.827468,41.330643],[19.827513,41.330665],[19.827564,41.330691],[19.827711,41.330766],[19.82791,41.330866],[19.82799,41.330906],[19.828109,41.330966],[19.828171,41.330998],[19.828308,41.331066],[19.828324,41.331074],[19.828505,41.331169],[19.828702,41.331271],[19.828755,41.331299],[19.828899,41.331374],[19.829095,41.331476],[19.829218,41.33154],[19.829258,41.331559],[19.829294,41.331577],[19.829301,41.33158],[19.829372,41.331615],[19.829431,41.331643],[19.829494,41.331676],[19.829691,41.331778],[19.829755,41.331811],[19.829837,41.331853],[19.829889,41.33188],[19.830029,41.331951],[19.830069,41.331972],[19.830086,41.331981],[19.830284,41.332082],[19.830456,41.332171],[19.830482,41.332184],[19.830682,41.332283],[19.830689,41.332287],[19.83088,41.332384],[19.830949,41.332418],[19.831079,41.332485],[19.831164,41.332528],[19.831243,41.332569],[19.831277,41.332585],[19.831433,41.332664],[19.831476,41.332685],[19.831677,41.332784],[19.831687,41.332789],[19.831703,41.332797],[19.831876,41.332884],[19.831936,41.332914],[19.832075,41.332983],[19.832227,41.333059],[19.832275,41.333082],[19.832339,41.333113],[19.832478,41.333178],[19.832614,41.333243],[19.832681,41.333274],[19.832779,41.333319],[19.832869,41.333362],[19.832884,41.333369],[19.833086,41.333465],[19.833098,41.333471],[19.833125,41.333484],[19.833187,41.333514],[19.833289,41.333561],[19.833299,41.333565],[19.833317,41.333573],[19.833451,41.333637],[19.833492,41.333656],[19.83353,41.333673],[19.833632,41.333721],[19.833652,41.333731],[19.833696,41.333751],[19.833749,41.333776],[19.833899,41.333846],[19.833913,41.333852],[19.834102,41.333941],[19.834241,41.334006],[19.834305,41.334036],[19.834509,41.334132],[19.834561,41.334156],[19.834713,41.334225],[19.834764,41.334249],[19.834918,41.334319],[19.835013,41.334362],[19.835058,41.334383],[19.835122,41.334412],[19.835327,41.334505],[19.835504,41.334586],[19.835532,41.334598],[19.835737,41.334691],[19.835838,41.334737],[19.835943,41.334783],[19.836046,41.334829],[19.836149,41.334875],[19.836152,41.334876],[19.836201,41.334898],[19.836354,41.334969],[19.836557,41.335063],[19.836653,41.335108],[19.836701,41.33513],[19.836761,41.335158],[19.836944,41.335242],[19.836965,41.335252],[19.837167,41.335349],[19.837192,41.335361],[19.837369,41.335445],[19.837548,41.33553],[19.837572,41.335541],[19.837666,41.335586],[19.837772,41.33564],[19.837812,41.335659],[19.83784,41.335673],[19.837904,41.335709],[19.837967,41.335744],[19.838079,41.335807],[19.838158,41.335852],[19.8382,41.335876],[19.838349,41.335961],[19.838367,41.335972],[19.838542,41.336068],[19.838609,41.336105],[19.838676,41.336142],[19.838735,41.336175],[19.838737,41.336176],[19.838827,41.336224],[19.838848,41.336235],[19.838928,41.33628],[19.838937,41.336285],[19.83898,41.336309],[19.839121,41.336387],[19.839164,41.336411],[19.839313,41.336494],[19.83948,41.336586],[19.839506,41.336601],[19.839567,41.336635],[19.839694,41.336713],[19.839709,41.336722],[19.839809,41.336791],[19.839867,41.336837],[19.840032,41.336967],[19.840061,41.33699],[19.840191,41.337101],[19.840347,41.337234],[19.84035,41.337236],[19.840508,41.337371],[19.840649,41.337492],[19.840667,41.337506],[19.840733,41.337562],[19.840827,41.33764],[19.840844,41.337654],[19.840983,41.337776],[19.840989,41.337781],[19.841005,41.337795],[19.841114,41.337897],[19.841134,41.337916],[19.841283,41.338054],[19.841285,41.338056],[19.841316,41.338084],[19.841329,41.338096],[19.841392,41.338155],[19.841436,41.338195],[19.841588,41.338334],[19.841646,41.338387],[19.84174,41.338473],[19.841745,41.338478],[19.841892,41.338612],[19.842045,41.338751],[19.842107,41.338807],[19.842196,41.33889],[19.842249,41.338938],[19.842267,41.338955],[19.842353,41.339026],[19.842514,41.339159],[19.842537,41.339178],[19.842672,41.339295],[19.842745,41.339358],[19.842813,41.339416],[19.842829,41.33943],[19.842868,41.339464],[19.842933,41.339521],[19.842985,41.339567],[19.843022,41.339599],[19.843091,41.33966],[19.843139,41.339704],[19.843287,41.339838],[19.843292,41.339843],[19.843449,41.339978],[19.843606,41.340114],[19.84364,41.340143],[19.843762,41.340251],[19.84379,41.340276],[19.843827,41.340307],[19.843887,41.340358],[19.84392,41.340386],[19.844066,41.340514],[19.844076,41.340522],[19.844153,41.34059],[19.844232,41.340659],[19.844387,41.340796],[19.844419,41.340824],[19.844539,41.340935],[19.844691,41.341074],[19.844825,41.341197],[19.844843,41.341213],[19.844995,41.341352],[19.845009,41.341364],[19.845061,41.341412],[19.845144,41.341485],[19.845149,41.34149],[19.845289,41.341611],[19.845306,41.341626],[19.845462,41.341762],[19.845619,41.341898],[19.845634,41.341911],[19.845775,41.342034],[19.845931,41.342171],[19.845936,41.342175],[19.845998,41.34223],[19.846089,41.342306],[19.846128,41.342339],[19.84625,41.34244],[19.84627,41.342456],[19.846422,41.342564],[19.846439,41.342576],[19.846603,41.342682],[19.846785,41.342799],[19.846811,41.342816],[19.846898,41.342873],[19.846966,41.342917],[19.84699,41.342933],[19.847147,41.343035],[19.847152,41.343039],[19.847235,41.343092],[19.847329,41.343128],[19.847344,41.343135],[19.847463,41.343183],[19.847548,41.343205],[19.847562,41.343208],[19.847654,41.343227],[19.847702,41.343233],[19.847746,41.343249],[19.847781,41.343273],[19.847782,41.343274],[19.847808,41.343305],[19.847821,41.34334],[19.847861,41.343407],[19.847882,41.343436],[19.847907,41.34347],[19.848016,41.343585],[19.848044,41.343615],[19.848134,41.343679],[19.848185,41.343712],[19.848365,41.34383],[19.848545,41.343949],[19.848563,41.343961],[19.848727,41.344066],[19.848878,41.344162],[19.848909,41.344182],[19.849048,41.344271],[19.849092,41.344299],[19.849213,41.344373],[19.849282,41.344408],[19.849332,41.344435],[19.849459,41.344497],[19.849481,41.344508],[19.849664,41.344596],[19.849683,41.344605],[19.849881,41.344706],[19.85008,41.344806],[19.850218,41.344875],[19.850278,41.344907],[19.850372,41.344955],[19.850468,41.345005],[19.850476,41.345009],[19.8506,41.345073],[19.850677,41.345106],[19.850837,41.345174],[19.850886,41.345179],[19.850893,41.345183],[19.850928,41.345199],[19.850956,41.345229],[19.850997,41.34525],[19.851045,41.345267],[19.85108,41.345279],[19.851106,41.345288],[19.851299,41.345351],[19.851326,41.34536],[19.851517,41.345427],[19.851735,41.345502],[19.851763,41.345512],[19.851953,41.345576],[19.852035,41.345604],[19.852148,41.345643],[19.852171,41.345651],[19.852388,41.345726],[19.852606,41.345801],[19.852807,41.345871],[19.852823,41.345877],[19.853039,41.345952],[19.853097,41.345973],[19.853198,41.345993],[19.853259,41.345989],[19.853327,41.345984],[19.853425,41.345944],[19.853431,41.345942],[19.853513,41.345916],[19.853606,41.345904],[19.853694,41.34591],[19.853799,41.345936],[19.853844,41.34596],[19.853872,41.345975],[19.853927,41.346016],[19.853956,41.346047],[19.85399,41.346081],[19.854164,41.346141],[19.854203,41.346145],[19.854349,41.34616],[19.854444,41.346159],[19.854521,41.346158],[19.854682,41.346167],[19.854695,41.346168],[19.854816,41.346178],[19.854921,41.346185],[19.85493,41.346186],[19.855076,41.346196],[19.855159,41.346202],[19.855216,41.346206],[19.855281,41.34621],[19.855398,41.346215],[19.855451,41.346217],[19.855542,41.346221],[19.855627,41.346215],[19.855638,41.346212],[19.855717,41.346195],[19.855817,41.346153],[19.855851,41.346135],[19.855903,41.346108],[19.855972,41.346055],[19.856012,41.346014],[19.856017,41.346006],[19.856043,41.345973],[19.85614,41.345977],[19.856211,41.345977],[19.856231,41.345976],[19.856275,41.345973],[19.856344,41.345965],[19.856465,41.34594],[19.85647,41.345939],[19.856523,41.345932],[19.856565,41.34593],[19.856616,41.345935],[19.856692,41.345945],[19.856703,41.345947],[19.856792,41.345959],[19.856907,41.345981],[19.856936,41.345989],[19.857034,41.346015],[19.857159,41.346054],[19.8572,41.346068],[19.85738,41.346123],[19.857433,41.346139],[19.857599,41.346196],[19.857647,41.346213],[19.857775,41.346261],[19.857814,41.346275],[19.85785,41.346289],[19.857911,41.346309],[19.857992,41.346338],[19.858031,41.346352],[19.858162,41.346399],[19.858247,41.346429],[19.858465,41.346503],[19.858475,41.346507],[19.858532,41.346528],[19.858566,41.34655],[19.858586,41.346577],[19.858604,41.346614],[19.858613,41.346633],[19.858648,41.346709],[19.858699,41.346801],[19.858726,41.346848],[19.858753,41.346898],[19.858754,41.3469],[19.858776,41.346933],[19.858829,41.347004],[19.858872,41.347057],[19.858896,41.347086],[19.858954,41.347157],[19.859,41.347208],[19.859023,41.347232],[19.85911,41.347305],[19.859159,41.347343],[19.859173,41.347354],[19.859224,41.347385],[19.859305,41.347432],[19.859354,41.347446],[19.859378,41.347453],[19.859484,41.347487],[19.859577,41.347512],[19.859604,41.34752],[19.859805,41.347567],[19.860033,41.347621],[19.860262,41.347675],[19.8603,41.347684],[19.860406,41.347709],[19.860491,41.347727],[19.860605,41.34775],[19.860662,41.34777],[19.860699,41.347806],[19.860702,41.347809],[19.860849,41.347946],[19.860876,41.347971],[19.860998,41.348087],[19.861064,41.348149],[19.861154,41.348223],[19.861164,41.348231],[19.861267,41.348298],[19.861347,41.348328],[19.861365,41.348335],[19.861569,41.348395],[19.861764,41.348453],[19.861792,41.348461],[19.862015,41.348527],[19.862081,41.348547],[19.862232,41.348592],[19.862237,41.348594],[19.86246,41.348661],[19.862568,41.348693],[19.862679,41.348733],[19.862767,41.348765],[19.862895,41.34881],[19.863111,41.348888],[19.863156,41.348903],[19.863327,41.348965],[19.863543,41.349043],[19.863575,41.349055],[19.86376,41.34912],[19.863977,41.349196],[19.864005,41.349206],[19.864196,41.349264],[19.864198,41.349265],[19.864371,41.34931],[19.864425,41.349321],[19.864545,41.349346],[19.864659,41.349363],[19.864805,41.349385],[19.864889,41.349401],[19.864892,41.349402],[19.865117,41.349464],[19.865144,41.349471],[19.865196,41.349484],[19.865293,41.349512],[19.865342,41.349525],[19.865541,41.34958],[19.865567,41.349588],[19.865652,41.349616],[19.865784,41.349664],[19.865999,41.349744],[19.866056,41.349765],[19.866217,41.349817],[19.866425,41.349884],[19.866438,41.349886],[19.866639,41.349926],[19.866671,41.34993],[19.866897,41.349961],[19.866906,41.349962],[19.867036,41.34998],[19.867142,41.349995],[19.867326,41.350022],[19.867377,41.35003],[19.867458,41.350042],[19.867427,41.350157],[19.86738,41.350334],[19.867368,41.350379],[19.86735,41.350449],[19.867335,41.350506]]},"properties":{"line":"11","dir":"1","headsign":"Thesari","mode":"bus","color":"#0059a9"}},{"type":"Feature","geometry":{"type":"LineString","coordinates":[[19.806714,41.347405],[19.806839,41.347376],[19.806944,41.347355],[19.806985,41.347346],[19.806963,41.347383],[19.806951,41.347417],[19.806955,41.347451],[19.806967,41.347488],[19.806968,41.347491],[19.807065,41.347652],[19.807128,41.347757],[19.807166,41.347806],[19.807175,41.347811],[19.807208,41.34783],[19.80725,41.347841],[19.807274,41.347844],[19.807329,41.347845],[19.807405,41.347846],[19.807644,41.347846],[19.807884,41.347847],[19.808123,41.347848],[19.808363,41.347849],[19.808385,41.347849],[19.808484,41.347849],[19.808602,41.34785],[19.808842,41.347852],[19.808992,41.347854],[19.809081,41.347855],[19.809321,41.347857],[19.80956,41.347859],[19.809793,41.347861],[19.8098,41.347861],[19.810039,41.347864],[19.810041,41.347864],[19.810279,41.347857],[19.810304,41.347856],[19.810517,41.347836],[19.810536,41.347835],[19.810754,41.347808],[19.810787,41.347804],[19.810989,41.347775],[19.811025,41.347769],[19.811179,41.347751],[19.811226,41.347748],[19.811299,41.347744],[19.811449,41.347744],[19.811465,41.347746],[19.81158,41.347757],[19.8117,41.347779],[19.811891,41.347813],[19.811933,41.347821],[19.812165,41.347866],[19.812287,41.34789],[19.812397,41.347909],[19.812462,41.34792],[19.812549,41.34791],[19.812619,41.34791],[19.812635,41.347912],[19.812667,41.347916],[19.812712,41.347921],[19.812814,41.347934],[19.812871,41.347941],[19.812899,41.347944],[19.81293,41.347847],[19.812947,41.34779],[19.812996,41.347614],[19.813045,41.347438],[19.813095,41.347262],[19.813144,41.347086],[19.813194,41.34691],[19.813243,41.346734],[19.813292,41.346558],[19.813342,41.346382],[19.813344,41.346374],[19.813351,41.346349],[19.813362,41.346311],[19.813375,41.346265],[19.813454,41.346276],[19.813477,41.34628],[19.813582,41.346294],[19.813657,41.346304],[19.81369,41.346309],[19.813786,41.346323],[19.813878,41.346335],[19.813925,41.346342],[19.814029,41.346356],[19.814137,41.346371],[19.814149,41.346355],[19.814179,41.346318],[19.814247,41.346191],[19.814311,41.34607],[19.814337,41.346024],[19.814401,41.345911],[19.81443,41.345858],[19.814502,41.345724],[19.814521,41.345692],[19.81461,41.345541],[19.814617,41.345527],[19.814703,41.345359],[19.814783,41.345205],[19.814789,41.345192],[19.814872,41.345023],[19.814956,41.344854],[19.814972,41.344821],[19.814988,41.344788],[19.815003,41.344758],[19.815019,41.344724],[19.815032,41.344698],[19.815039,41.344686],[19.815112,41.344541],[19.815124,41.344517],[19.81515,41.344465],[19.815208,41.344349],[19.81529,41.344187],[19.815293,41.344181],[19.815381,41.344014],[19.815423,41.343935],[19.815471,41.343847],[19.815563,41.343681],[19.815655,41.343515],[19.815746,41.343349],[19.815749,41.343344],[19.815787,41.343276],[19.81584,41.343183],[19.815933,41.343017],[19.815969,41.342955],[19.816022,41.342863],[19.816028,41.342852],[19.816068,41.342776],[19.816118,41.342685],[19.816171,41.342589],[19.816208,41.342519],[19.816224,41.342491],[19.816247,41.342447],[19.816297,41.342352],[19.816331,41.342287],[19.816385,41.342184],[19.816473,41.342017],[19.816478,41.342007],[19.816574,41.341854],[19.816578,41.341848],[19.816686,41.341695],[19.816784,41.341556],[19.816799,41.341536],[19.816916,41.34138],[19.817034,41.341223],[19.817087,41.341153],[19.817151,41.341066],[19.817266,41.340909],[19.817356,41.340787],[19.817382,41.340751],[19.817418,41.340703],[19.817466,41.340636],[19.817496,41.340593],[19.817609,41.340434],[19.817614,41.340427],[19.817725,41.340277],[19.817761,41.340227],[19.81784,41.340119],[19.817955,41.339961],[19.818069,41.339803],[19.818184,41.339645],[19.818299,41.339487],[19.818311,41.33947],[19.818416,41.33933],[19.818533,41.339173],[19.818577,41.339113],[19.818628,41.339046],[19.818646,41.339015],[19.818723,41.338885],[19.818738,41.338849],[19.818809,41.338685],[19.818812,41.338678],[19.818813,41.338675],[19.818828,41.338636],[19.818876,41.338543],[19.818893,41.338509],[19.818947,41.338402],[19.818991,41.338345],[19.818995,41.33834],[19.819109,41.338189],[19.819115,41.33818],[19.819184,41.338104],[19.819242,41.338039],[19.819256,41.338023],[19.819378,41.337891],[19.819387,41.337882],[19.819438,41.337827],[19.819512,41.337742],[19.819539,41.337711],[19.819636,41.337595],[19.819639,41.33759],[19.819719,41.337494],[19.819765,41.337437],[19.819891,41.337284],[19.819964,41.337194],[19.81997,41.337186],[19.820008,41.337146],[19.819989,41.337137],[19.819875,41.337085],[19.819782,41.337047],[19.819571,41.336962],[19.819453,41.336914],[19.81936,41.336877],[19.819229,41.336824],[19.819148,41.336792],[19.818974,41.336724],[19.818936,41.336709],[19.818724,41.336626],[19.818511,41.336543],[19.818443,41.336516],[19.818299,41.33646],[19.818085,41.336378],[19.817953,41.336328],[19.817912,41.336312],[19.817872,41.336297],[19.81771,41.336238],[19.817675,41.336225],[19.817655,41.33622],[19.817566,41.336196],[19.817426,41.336168],[19.817384,41.336159],[19.81722,41.336132],[19.817193,41.336128],[19.816959,41.336088],[19.816874,41.336074],[19.816725,41.336049],[19.816521,41.336014],[19.816492,41.336009],[19.816478,41.336007],[19.816358,41.335988],[19.816258,41.335972],[19.816214,41.335965],[19.816232,41.335886],[19.816249,41.335821],[19.816254,41.335806],[19.816301,41.335645],[19.816302,41.335644],[19.816316,41.335597],[19.816353,41.33547],[19.816404,41.335294],[19.816417,41.335247],[19.816453,41.335118],[19.816502,41.334942],[19.816552,41.334766],[19.816601,41.33459],[19.816617,41.33453],[19.81665,41.334414],[19.816701,41.334238],[19.816733,41.334124],[19.81675,41.334062],[19.816797,41.333886],[19.816845,41.333709],[19.816892,41.333533],[19.81694,41.333357],[19.816956,41.333295],[19.816974,41.333179],[19.816981,41.333134],[19.817012,41.333025],[19.817018,41.333002],[19.817066,41.332826],[19.817114,41.33265],[19.817127,41.332604],[19.817163,41.332474],[19.817196,41.332351],[19.817211,41.332298],[19.817259,41.332121],[19.8173,41.331972],[19.817308,41.331945],[19.817317,41.331912],[19.817356,41.331769],[19.817405,41.331593],[19.817453,41.331417],[19.817501,41.331241],[19.817515,41.331192],[19.81755,41.331064],[19.817598,41.330888],[19.817647,41.330712],[19.817696,41.330536],[19.817725,41.330431],[19.817733,41.330402],[19.817744,41.33036],[19.81776,41.330302],[19.817643,41.330284],[19.817603,41.330278],[19.817368,41.330242],[19.817133,41.330206],[19.81692,41.330173],[19.816899,41.330168],[19.816851,41.330157],[19.816764,41.330132],[19.816703,41.330106],[19.816682,41.330094],[19.816622,41.330063],[19.816538,41.330011],[19.816498,41.329979],[19.816466,41.329954],[19.816393,41.329882],[19.816356,41.329835],[19.816329,41.3298],[19.816275,41.329711],[19.816256,41.329671],[19.816175,41.329502],[19.81613,41.32941],[19.8161,41.329332],[19.816033,41.329159],[19.816009,41.329097],[19.815978,41.328988],[19.81598,41.328984],[19.816031,41.328808],[19.816074,41.328662],[19.816072,41.328632],[19.816068,41.328547],[19.81606,41.328452],[19.816056,41.32841],[19.816032,41.328327],[19.816017,41.328311],[19.815997,41.328292],[19.815987,41.328288],[19.815926,41.328261],[19.815853,41.32824],[19.815762,41.328229],[19.815685,41.32822],[19.815524,41.328227],[19.815285,41.328238],[19.815061,41.328248],[19.815046,41.328248],[19.814807,41.328259],[19.814736,41.328262],[19.814568,41.328269],[19.814328,41.32828],[19.814089,41.32829],[19.81385,41.328301],[19.813666,41.328309],[19.813611,41.328311],[19.813556,41.328314],[19.813372,41.328322],[19.813142,41.328332],[19.813133,41.328332],[19.813019,41.328337],[19.812894,41.328342],[19.812655,41.328351],[19.812415,41.328361],[19.81228,41.328366],[19.812176,41.328366],[19.812104,41.328367],[19.811944,41.32836],[19.811937,41.328359],[19.8117,41.328332],[19.811692,41.328332],[19.811603,41.328317],[19.81149,41.328294],[19.811467,41.328288],[19.81139,41.328269],[19.811359,41.328261],[19.811243,41.328226],[19.811212,41.328217],[19.811074,41.328172],[19.811022,41.328155],[19.810801,41.328086],[19.810704,41.328056],[19.81058,41.328017],[19.810359,41.327948],[19.810307,41.327932],[19.810138,41.32788],[19.809958,41.327824],[19.809916,41.327811],[19.809719,41.327751],[19.809695,41.327743],[19.809473,41.327675],[19.809307,41.327623],[19.809252,41.327606],[19.80903,41.327537],[19.808809,41.327469],[19.808717,41.32744],[19.808587,41.3274],[19.808544,41.327386],[19.808395,41.32734],[19.808366,41.327331],[19.808191,41.327278],[19.808144,41.327263],[19.807923,41.327194],[19.807839,41.327167],[19.807786,41.32715],[19.807715,41.327128],[19.807702,41.327125],[19.807648,41.327108],[19.807481,41.327056],[19.807396,41.327029],[19.80726,41.326987],[19.807039,41.326918],[19.806817,41.326849],[19.806776,41.326836],[19.806618,41.326787],[19.806596,41.32678],[19.806382,41.326714],[19.806375,41.326711],[19.806154,41.326642],[19.805932,41.326574],[19.805711,41.326505],[19.80549,41.326436],[19.805413,41.326412],[19.805299,41.326377],[19.805269,41.326367],[19.80523,41.326355],[19.805059,41.326302],[19.805047,41.326298],[19.804826,41.326229],[19.804619,41.326165],[19.804605,41.326161],[19.804383,41.326092],[19.804162,41.326023],[19.804004,41.325974],[19.803941,41.325954],[19.803855,41.325927],[19.80379,41.325907],[19.80372,41.325885],[19.803645,41.325862],[19.803597,41.325847],[19.803499,41.325816],[19.803393,41.325783],[19.803307,41.325756],[19.803277,41.325747],[19.80313,41.325701],[19.803056,41.325678],[19.803001,41.325661],[19.802834,41.32561],[19.802613,41.325542],[19.802391,41.325474],[19.802169,41.325407],[19.801947,41.325339],[19.801725,41.325271],[19.801503,41.325203],[19.801282,41.325135],[19.80106,41.325068],[19.800838,41.325],[19.800616,41.324932],[19.80053,41.324906],[19.800408,41.324869],[19.800394,41.324865],[19.800172,41.324797],[19.79995,41.32473],[19.799727,41.324663],[19.799505,41.324596],[19.799283,41.324529],[19.79906,41.324462],[19.798838,41.324395],[19.798616,41.324328],[19.798522,41.3243],[19.798393,41.324262],[19.79817,41.324197],[19.798017,41.324152],[19.797947,41.324132],[19.797723,41.324068],[19.797513,41.324009],[19.797498,41.324005],[19.797393,41.323975],[19.797274,41.323942],[19.79708,41.323888],[19.79705,41.323879],[19.796966,41.323855],[19.796838,41.323819],[19.796826,41.323815],[19.796681,41.323774],[19.796602,41.323752],[19.796378,41.323688],[19.796154,41.323625],[19.79593,41.323561],[19.795706,41.323497],[19.795482,41.323434],[19.795309,41.323385],[19.795257,41.323371],[19.795033,41.323308],[19.794809,41.323245],[19.794584,41.323182],[19.794532,41.323167],[19.794406,41.323131],[19.79436,41.323118],[19.794137,41.323054],[19.793913,41.322989],[19.793689,41.322925],[19.793466,41.32286],[19.793367,41.322832],[19.793241,41.322798],[19.793016,41.322737],[19.792951,41.32272],[19.79279,41.322677],[19.79267,41.322644],[19.792565,41.322616],[19.79234,41.322555],[19.792311,41.322547],[19.792286,41.32254],[19.792114,41.322495],[19.792039,41.322476],[19.791994,41.322464],[19.791888,41.322434],[19.791664,41.322371],[19.791527,41.322333],[19.791449,41.322314],[19.791438,41.322311],[19.791391,41.322298],[19.79129,41.322272],[19.791212,41.322252],[19.790986,41.322193],[19.790759,41.322135],[19.790615,41.322097],[19.790585,41.322089],[19.790533,41.322075],[19.790485,41.322063],[19.790307,41.322015],[19.790164,41.321977],[19.790079,41.321963],[19.790067,41.321961],[19.789851,41.321938],[19.789841,41.321937],[19.789702,41.321914],[19.789612,41.321887],[19.789592,41.321881],[19.789558,41.32189],[19.789475,41.321901],[19.789392,41.321896],[19.789377,41.321892],[19.789312,41.321875],[19.789243,41.32184],[19.789187,41.321793],[19.789185,41.32179],[19.789166,41.321764],[19.789145,41.321736],[19.789067,41.321682],[19.789027,41.321658],[19.788996,41.321639],[19.788914,41.321587],[19.788842,41.321549],[19.788838,41.321548],[19.788764,41.321511],[19.788711,41.321487],[19.788639,41.321454],[19.788635,41.321453],[19.788536,41.321411],[19.78842,41.321373],[19.788385,41.321361],[19.788303,41.321332],[19.788204,41.321296],[19.788163,41.321282],[19.787987,41.321219],[19.787886,41.321183],[19.787777,41.321136],[19.787775,41.321135],[19.787698,41.321104],[19.787648,41.321083],[19.787582,41.321061],[19.787562,41.321054],[19.787343,41.320981],[19.787126,41.320909],[19.787125,41.320908],[19.786907,41.320834],[19.786688,41.320759],[19.786496,41.320694],[19.78647,41.320685],[19.786252,41.320611],[19.786033,41.320537],[19.785815,41.320464],[19.785597,41.32039],[19.785378,41.320316],[19.78516,41.320242],[19.784941,41.320169],[19.784791,41.320118],[19.784723,41.320095],[19.784504,41.320021],[19.784286,41.319948],[19.784207,41.319921],[19.784182,41.319913],[19.784069,41.319871],[19.78396,41.319831],[19.783854,41.319793],[19.783755,41.319757],[19.783634,41.31972],[19.783413,41.319651],[19.783218,41.319591],[19.783192,41.319582],[19.78297,41.319514],[19.782882,41.319486],[19.782749,41.319445],[19.782574,41.319391],[19.782527,41.319376],[19.782309,41.319309],[19.782306,41.319308],[19.782086,41.319237],[19.781866,41.319166],[19.781706,41.319115],[19.781646,41.319095],[19.781425,41.319026],[19.78134,41.318999],[19.781204,41.318957],[19.780982,41.318888],[19.780761,41.31882],[19.780563,41.318759],[19.780539,41.318751],[19.780317,41.318685],[19.780306,41.318682],[19.780095,41.318616],[19.779874,41.318547],[19.779864,41.318543],[19.779794,41.31852],[19.779716,41.318497],[19.77971,41.318495],[19.779653,41.318478],[19.779431,41.31841],[19.77921,41.318342],[19.778988,41.318274],[19.778766,41.318206],[19.778544,41.318138],[19.778323,41.31807],[19.778147,41.318016],[19.778101,41.318002],[19.777877,41.317938],[19.777653,41.317874],[19.777599,41.317859],[19.777431,41.317807],[19.77724,41.317749],[19.777209,41.317739],[19.776989,41.317669],[19.776768,41.317598],[19.776548,41.317527],[19.776351,41.317464],[19.776328,41.317456],[19.77625,41.317431],[19.776108,41.317385],[19.776081,41.317376],[19.775889,41.317313],[19.77581,41.317288],[19.775668,41.317243],[19.775447,41.317175],[19.775225,41.317106],[19.775199,41.317097],[19.775071,41.317057],[19.775004,41.317037],[19.774836,41.316984],[19.774783,41.316968],[19.774768,41.316963],[19.774563,41.316897],[19.774343,41.316826],[19.774123,41.316754],[19.773903,41.316683],[19.77377,41.31664],[19.773684,41.31661],[19.773466,41.316535],[19.773302,41.316479],[19.77325,41.316458],[19.77304,41.316372],[19.772829,41.316286],[19.772619,41.3162],[19.772546,41.316171],[19.772449,41.31611],[19.772429,41.316102],[19.772422,41.316099],[19.772324,41.31606],[19.772212,41.316014],[19.772001,41.315928],[19.771791,41.315841],[19.771727,41.315815],[19.771581,41.315756],[19.771511,41.315728],[19.771369,41.315671],[19.771158,41.315586],[19.770947,41.315502],[19.770776,41.315433],[19.770735,41.315417],[19.770524,41.315332],[19.770314,41.315246],[19.770161,41.315184],[19.770103,41.315161],[19.769893,41.315074],[19.769848,41.315056],[19.769696,41.314997],[19.769681,41.31499],[19.769569,41.314945],[19.76947,41.314905],[19.769276,41.314827],[19.769259,41.31482],[19.769107,41.314758],[19.769049,41.314734],[19.768838,41.314649],[19.768672,41.314582],[19.768627,41.314564],[19.768416,41.314478],[19.768277,41.314422],[19.768205,41.314393],[19.768002,41.314311],[19.767994,41.314308],[19.767783,41.314223],[19.767724,41.314199],[19.767649,41.314168],[19.767573,41.314137],[19.767362,41.314052],[19.767292,41.314024],[19.767256,41.314009],[19.76715,41.313968],[19.767135,41.313963],[19.766938,41.313884],[19.766932,41.313882],[19.766841,41.313846],[19.76676,41.313814],[19.766726,41.3138],[19.766515,41.313715],[19.766455,41.313691],[19.766374,41.313659],[19.766304,41.31363],[19.766294,41.313626],[19.766193,41.313586],[19.766093,41.313545],[19.766052,41.313528],[19.765883,41.313459],[19.76578,41.313416],[19.76573,41.313395],[19.765673,41.313372],[19.765544,41.31332],[19.765462,41.313287],[19.765369,41.313249],[19.765324,41.31323],[19.765252,41.313201],[19.765041,41.313116],[19.764972,41.313088],[19.764896,41.313057],[19.76483,41.31303],[19.764636,41.312951],[19.76462,41.312944],[19.764409,41.312859],[19.764355,41.312837],[19.764198,41.312773],[19.763988,41.312688],[19.763825,41.312622],[19.763777,41.312602],[19.763566,41.312517],[19.763355,41.312431],[19.763145,41.312346],[19.763073,41.312316],[19.762934,41.31226],[19.762915,41.312252],[19.762724,41.312174],[19.762533,41.312097],[19.762513,41.312089],[19.762303,41.312002],[19.762286,41.311995],[19.762121,41.311927],[19.762093,41.311916],[19.762017,41.311884],[19.761945,41.311854],[19.761883,41.311829],[19.761738,41.31177],[19.761673,41.311743],[19.761462,41.311657],[19.761425,41.311642],[19.761252,41.311571],[19.761041,41.311485],[19.761031,41.311481],[19.760842,41.311404],[19.760832,41.311399],[19.760694,41.311331],[19.760633,41.311298],[19.760543,41.311248],[19.760445,41.311187],[19.760402,41.311159],[19.760274,41.311067],[19.76027,41.311064],[19.760143,41.310961],[19.76011,41.31093],[19.760039,41.310864],[19.759961,41.310789],[19.759811,41.310649],[19.759722,41.310564],[19.759686,41.31053],[19.759663,41.310507],[19.759648,41.310493],[19.759623,41.310467],[19.759599,41.310444],[19.75951,41.310356],[19.759479,41.310323],[19.7594,41.310237],[19.759369,41.310195],[19.759353,41.31017],[19.759335,41.310144],[19.759248,41.310009],[19.759233,41.309987],[19.759156,41.309842],[19.759144,41.30982],[19.759096,41.30973],[19.759067,41.309676],[19.758978,41.309509],[19.758888,41.309342],[19.758799,41.309175],[19.75871,41.309008],[19.75867,41.308933],[19.758641,41.308882],[19.758619,41.308841],[19.758541,41.308691],[19.758531,41.308674],[19.758456,41.308538],[19.75844,41.308508],[19.75835,41.308341],[19.758322,41.308288],[19.758308,41.308262],[19.758261,41.308174],[19.758172,41.308007],[19.758111,41.307894],[19.758099,41.307871],[19.758082,41.30784],[19.757993,41.307674],[19.757904,41.307507],[19.757867,41.307439],[19.757814,41.30734],[19.757813,41.307339],[19.757725,41.307173],[19.757681,41.307091],[19.757657,41.307043],[19.757637,41.307006],[19.757612,41.306959],[19.75757,41.306892],[19.757534,41.306843],[19.757529,41.306836],[19.757488,41.306791],[19.75741,41.306714],[19.757392,41.306698],[19.757344,41.306656],[19.757267,41.306601],[19.757229,41.30658],[19.757219,41.306575],[19.757124,41.306525],[19.757078,41.306505],[19.757015,41.30648],[19.756997,41.306474],[19.756884,41.306435],[19.756797,41.306406],[19.756729,41.306383],[19.756697,41.306372],[19.756579,41.306331],[19.756361,41.306256],[19.756342,41.306249],[19.756231,41.306211],[19.756144,41.30618],[19.756088,41.306161],[19.755927,41.306105],[19.755876,41.306088],[19.755709,41.30603],[19.755492,41.305954],[19.755474,41.305948],[19.755274,41.305879],[19.755191,41.30585],[19.755057,41.305803],[19.755052,41.305802],[19.754954,41.305768],[19.754901,41.305749],[19.754839,41.305728],[19.754748,41.305698],[19.754651,41.305668],[19.754619,41.305658],[19.754478,41.305615],[19.754405,41.305593],[19.754397,41.30559],[19.754251,41.305551],[19.75417,41.305532],[19.754091,41.305513],[19.75394,41.305483],[19.753708,41.305436],[19.753591,41.305413],[19.753477,41.30539],[19.753245,41.305344],[19.753016,41.305299],[19.753014,41.305298],[19.752782,41.305254],[19.752549,41.30521],[19.752317,41.305166],[19.752085,41.305122],[19.751853,41.305078],[19.751621,41.305034],[19.75161,41.305032],[19.751537,41.305018],[19.751389,41.304989],[19.75126,41.304965],[19.751174,41.304948],[19.751157,41.304945],[19.751084,41.30493],[19.750945,41.304903],[19.750925,41.304899],[19.750777,41.304869],[19.750694,41.304852],[19.750462,41.304806],[19.750445,41.304802],[19.750231,41.304759],[19.750088,41.30473],[19.75,41.304712],[19.749768,41.304666],[19.749645,41.304641],[19.749537,41.304619],[19.749305,41.304574],[19.749093,41.304532],[19.749074,41.304528],[19.748842,41.304482],[19.748786,41.304471],[19.748742,41.304462],[19.748611,41.304436],[19.748379,41.304389],[19.74819,41.304351],[19.748148,41.304342],[19.748028,41.304316],[19.747919,41.304289],[19.747869,41.304277],[19.74771,41.304233],[19.747693,41.304228],[19.747472,41.30416],[19.7473,41.304108],[19.74725,41.304092],[19.747124,41.304053],[19.747029,41.304024],[19.746807,41.303955],[19.746586,41.303887],[19.746574,41.303883],[19.746466,41.30385],[19.746365,41.303817],[19.746226,41.303772],[19.746146,41.303743],[19.746094,41.303725],[19.745961,41.30367],[19.745935,41.303658],[19.745829,41.303611],[19.745733,41.303561],[19.745691,41.30354],[19.745541,41.303454],[19.74535,41.303346]]},"properties":{"line":"12A","dir":"0","headsign":"Karburanti","mode":"bus","color":"#0059a9"}},{"type":"Feature","geometry":{"type":"LineString","coordinates":[[19.745329,41.303334],[19.745341,41.303341],[19.745514,41.303439],[19.745691,41.30354],[19.745706,41.303547],[19.745829,41.303611],[19.745907,41.303645],[19.745961,41.30367],[19.746094,41.303725],[19.746116,41.303733],[19.746226,41.303772],[19.746335,41.303807],[19.746466,41.30385],[19.746555,41.303877],[19.746574,41.303883],[19.746776,41.303946],[19.746998,41.304014],[19.747124,41.304053],[19.747219,41.304083],[19.7473,41.304108],[19.747441,41.304151],[19.747663,41.304219],[19.74771,41.304233],[19.747869,41.304277],[19.747888,41.304281],[19.748028,41.304316],[19.748116,41.304335],[19.74819,41.304351],[19.748347,41.304383],[19.748578,41.304429],[19.748742,41.304462],[19.748786,41.304471],[19.74881,41.304476],[19.749041,41.304521],[19.749093,41.304532],[19.749273,41.304567],[19.749505,41.304613],[19.749645,41.304641],[19.749736,41.304659],[19.749968,41.304706],[19.750088,41.30473],[19.750199,41.304752],[19.75043,41.304799],[19.750445,41.304802],[19.750661,41.304846],[19.750777,41.304869],[19.750893,41.304892],[19.750945,41.304903],[19.751084,41.30493],[19.751124,41.304938],[19.751174,41.304948],[19.75126,41.304965],[19.751356,41.304983],[19.751537,41.305018],[19.751588,41.305027],[19.75161,41.305032],[19.751821,41.305072],[19.752053,41.305116],[19.752285,41.30516],[19.752517,41.305204],[19.752749,41.305248],[19.752982,41.305292],[19.753016,41.305299],[19.753213,41.305338],[19.753445,41.305384],[19.753591,41.305413],[19.753676,41.30543],[19.753908,41.305476],[19.754091,41.305513],[19.754138,41.305525],[19.754251,41.305551],[19.754365,41.305582],[19.754405,41.305593],[19.754478,41.305615],[19.754588,41.305649],[19.754651,41.305668],[19.754748,41.305698],[19.754809,41.305718],[19.754901,41.305749],[19.754954,41.305768],[19.755027,41.305793],[19.755052,41.305802],[19.755191,41.30585],[19.755244,41.305868],[19.755462,41.305944],[19.755474,41.305948],[19.755679,41.306019],[19.755876,41.306088],[19.755896,41.306095],[19.756088,41.306161],[19.756114,41.30617],[19.756231,41.306211],[19.756331,41.306245],[19.756342,41.306249],[19.756549,41.306321],[19.756697,41.306372],[19.756729,41.306383],[19.756766,41.306396],[19.756884,41.306435],[19.756985,41.306469],[19.756997,41.306474],[19.757078,41.306505],[19.757124,41.306525],[19.757192,41.306561],[19.757229,41.30658],[19.757267,41.306601],[19.757344,41.306656],[19.75737,41.306679],[19.75741,41.306714],[19.757488,41.306791],[19.757516,41.306822],[19.757529,41.306836],[19.75757,41.306892],[19.757612,41.306959],[19.757625,41.306982],[19.757657,41.307043],[19.757681,41.307091],[19.757713,41.30715],[19.757802,41.307317],[19.757813,41.307339],[19.757867,41.307439],[19.757891,41.307484],[19.757981,41.30765],[19.75807,41.307817],[19.758099,41.307871],[19.758111,41.307894],[19.758159,41.307984],[19.758249,41.308151],[19.758308,41.308262],[19.758322,41.308288],[19.758338,41.308318],[19.758427,41.308485],[19.758456,41.308538],[19.758519,41.308651],[19.758541,41.308691],[19.758607,41.308818],[19.758641,41.308882],[19.75867,41.308933],[19.758698,41.308985],[19.758787,41.309152],[19.758876,41.309319],[19.758965,41.309486],[19.759054,41.309652],[19.759096,41.30973],[19.759144,41.309819],[19.759144,41.30982],[19.759233,41.309986],[19.759233,41.309987],[19.759335,41.310144],[19.759338,41.310148],[19.759369,41.310195],[19.7594,41.310237],[19.75946,41.310302],[19.75951,41.310356],[19.759599,41.310444],[19.759602,41.310447],[19.759648,41.310493],[19.759686,41.31053],[19.759722,41.310564],[19.759749,41.31059],[19.759898,41.31073],[19.760039,41.310864],[19.760047,41.310871],[19.760143,41.310961],[19.760202,41.311009],[19.760274,41.311067],[19.76037,41.311136],[19.760402,41.311159],[19.760543,41.311248],[19.760552,41.311253],[19.760694,41.311331],[19.760748,41.311357],[19.760842,41.311404],[19.760953,41.311449],[19.761031,41.311481],[19.761164,41.311535],[19.761374,41.311621],[19.761425,41.311642],[19.761584,41.311707],[19.761738,41.31177],[19.761795,41.311793],[19.761945,41.311854],[19.762005,41.311879],[19.762017,41.311884],[19.762121,41.311927],[19.762215,41.311966],[19.762286,41.311995],[19.762425,41.312052],[19.762533,41.312097],[19.762635,41.312138],[19.762846,41.312224],[19.762915,41.312252],[19.763056,41.31231],[19.763073,41.312316],[19.763267,41.312395],[19.763478,41.312481],[19.763688,41.312566],[19.763825,41.312622],[19.763899,41.312652],[19.76411,41.312737],[19.764321,41.312823],[19.764355,41.312837],[19.764531,41.312908],[19.764636,41.312951],[19.764742,41.312994],[19.764896,41.313057],[19.764952,41.31308],[19.764972,41.313088],[19.765163,41.313165],[19.765324,41.31323],[19.765369,41.313249],[19.765374,41.313251],[19.765544,41.31332],[19.765584,41.313337],[19.76573,41.313395],[19.76578,41.313416],[19.765795,41.313422],[19.766005,41.313509],[19.766052,41.313528],[19.766193,41.313586],[19.766215,41.313595],[19.766294,41.313626],[19.766374,41.313659],[19.766426,41.31368],[19.766455,41.313691],[19.766638,41.313765],[19.76676,41.313814],[19.766841,41.313846],[19.766849,41.313849],[19.766932,41.313882],[19.767061,41.313933],[19.767135,41.313963],[19.767256,41.314009],[19.767273,41.314016],[19.767292,41.314024],[19.767484,41.314102],[19.767649,41.314168],[19.767695,41.314187],[19.767724,41.314199],[19.767906,41.314272],[19.768002,41.314311],[19.768117,41.314357],[19.768277,41.314422],[19.768328,41.314443],[19.768538,41.314528],[19.768672,41.314582],[19.768749,41.314613],[19.76896,41.314699],[19.769107,41.314758],[19.769171,41.314784],[19.769276,41.314827],[19.769382,41.31487],[19.769569,41.314945],[19.769593,41.314955],[19.769696,41.314997],[19.769804,41.315039],[19.769848,41.315056],[19.770015,41.315124],[19.770161,41.315184],[19.770225,41.315211],[19.770436,41.315296],[19.770647,41.315381],[19.770776,41.315433],[19.770858,41.315466],[19.771069,41.315551],[19.771281,41.315635],[19.771492,41.31572],[19.771511,41.315728],[19.771703,41.315805],[19.771727,41.315815],[19.771913,41.315891],[19.772123,41.315978],[19.772324,41.31606],[19.772334,41.316064],[19.772429,41.316102],[19.772449,41.31611],[19.772554,41.316131],[19.77257,41.316134],[19.772681,41.316177],[19.772769,41.31621],[19.772982,41.316292],[19.772986,41.316293],[19.773198,41.31637],[19.773337,41.316421],[19.773415,41.316446],[19.773633,41.31652],[19.773804,41.316577],[19.773852,41.316593],[19.774073,41.316663],[19.774293,41.316733],[19.774514,41.316803],[19.774525,41.316807],[19.774734,41.316874],[19.774798,41.316894],[19.774867,41.316916],[19.774955,41.316944],[19.775054,41.316977],[19.775175,41.317015],[19.775283,41.317049],[19.775395,41.317086],[19.775615,41.317158],[19.775834,41.317229],[19.775839,41.317231],[19.776053,41.317302],[19.776078,41.31731],[19.776111,41.317321],[19.776273,41.317374],[19.776283,41.317378],[19.776425,41.317425],[19.776492,41.317446],[19.776714,41.317514],[19.776935,41.317582],[19.777157,41.317651],[19.777379,41.317719],[19.777594,41.317785],[19.7776,41.317787],[19.777784,41.317843],[19.777822,41.317855],[19.778043,41.317925],[19.778263,41.317995],[19.778283,41.318002],[19.778459,41.318057],[19.778484,41.318065],[19.778705,41.318134],[19.778927,41.318202],[19.779148,41.31827],[19.77937,41.318339],[19.779591,41.318407],[19.779694,41.318439],[19.779738,41.318453],[19.779813,41.318475],[19.779815,41.318476],[19.780035,41.318543],[19.780256,41.318612],[19.780328,41.318634],[19.780478,41.318679],[19.780597,41.318715],[19.7807,41.318748],[19.780919,41.31882],[19.781139,41.318891],[19.781359,41.318962],[19.781399,41.318976],[19.781537,41.31902],[19.781578,41.319033],[19.781799,41.319102],[19.781955,41.319151],[19.782021,41.319171],[19.782243,41.319238],[19.782354,41.319272],[19.782465,41.319306],[19.782686,41.319374],[19.782908,41.319443],[19.782974,41.319463],[19.783129,41.319511],[19.783351,41.31958],[19.783572,41.319648],[19.783781,41.319713],[19.783794,41.319717],[19.783828,41.319729],[19.784011,41.319793],[19.784043,41.319804],[19.784212,41.319864],[19.784228,41.319869],[19.784428,41.319932],[19.784449,41.319939],[19.784667,41.320013],[19.784779,41.320051],[19.784886,41.320086],[19.785106,41.320158],[19.785325,41.320229],[19.785545,41.320301],[19.78556,41.320306],[19.785628,41.32033],[19.785763,41.320376],[19.785981,41.32045],[19.786115,41.320496],[19.786199,41.320524],[19.786417,41.320599],[19.786534,41.320639],[19.786585,41.320656],[19.786635,41.320673],[19.786696,41.320694],[19.786853,41.320748],[19.78707,41.320824],[19.78727,41.320893],[19.787288,41.320899],[19.787372,41.320929],[19.787505,41.320974],[19.787621,41.321013],[19.787687,41.321033],[19.787725,41.321045],[19.787796,41.321068],[19.787862,41.321089],[19.787946,41.321116],[19.788007,41.321135],[19.788165,41.321189],[19.788358,41.321254],[19.788383,41.321262],[19.788497,41.321299],[19.788603,41.321334],[19.78865,41.321349],[19.788806,41.321385],[19.788831,41.321388],[19.788917,41.321398],[19.78907,41.321405],[19.789099,41.321406],[19.789218,41.32141],[19.789309,41.321415],[19.789349,41.321417],[19.789373,41.321411],[19.78946,41.321402],[19.789547,41.321411],[19.789548,41.321411],[19.789629,41.321437],[19.789698,41.321478],[19.789737,41.321516],[19.789751,41.321531],[19.789769,41.321558],[19.789855,41.321615],[19.789898,41.321646],[19.789938,41.321675],[19.790008,41.321725],[19.790079,41.321765],[19.79014,41.3218],[19.790252,41.321849],[19.790284,41.321858],[19.79041,41.321895],[19.790506,41.321925],[19.790647,41.321968],[19.790729,41.321991],[19.790855,41.322027],[19.790953,41.322055],[19.791177,41.322118],[19.791296,41.322152],[19.791401,41.322181],[19.791494,41.322208],[19.791591,41.322234],[19.791626,41.322243],[19.791851,41.322306],[19.792068,41.322367],[19.792075,41.322369],[19.792097,41.322376],[19.792126,41.322385],[19.792298,41.322435],[19.792337,41.322446],[19.792521,41.3225],[19.79273,41.322561],[19.792744,41.322565],[19.792968,41.322629],[19.793049,41.322652],[19.793193,41.322691],[19.793377,41.322741],[19.793418,41.322753],[19.793642,41.322816],[19.793866,41.32288],[19.793893,41.322888],[19.79409,41.322943],[19.794315,41.323006],[19.794539,41.323069],[19.794574,41.323079],[19.794763,41.323132],[19.794988,41.323195],[19.795212,41.323258],[19.795436,41.323322],[19.795444,41.323324],[19.79554,41.323351],[19.79566,41.323385],[19.795885,41.323448],[19.796022,41.323487],[19.796109,41.323511],[19.796118,41.323514],[19.796333,41.323574],[19.796557,41.323637],[19.796782,41.323701],[19.796886,41.32373],[19.797006,41.323764],[19.797012,41.323766],[19.79723,41.323827],[19.797344,41.323859],[19.797439,41.323886],[19.797454,41.32389],[19.797556,41.32392],[19.797678,41.323955],[19.797901,41.32402],[19.798125,41.324084],[19.798178,41.3241],[19.798348,41.324149],[19.798572,41.324214],[19.798788,41.324276],[19.798795,41.324278],[19.799018,41.324344],[19.799241,41.32441],[19.799464,41.324476],[19.799466,41.324477],[19.799687,41.324542],[19.799909,41.324608],[19.800132,41.324675],[19.800323,41.324732],[19.800354,41.324741],[19.800576,41.324808],[19.800584,41.324811],[19.800798,41.324877],[19.80102,41.324945],[19.801241,41.325013],[19.801463,41.325082],[19.801684,41.32515],[19.801906,41.325218],[19.802128,41.325286],[19.802349,41.325355],[19.802571,41.325423],[19.802763,41.325482],[19.802792,41.325491],[19.803014,41.325559],[19.803186,41.325611],[19.803236,41.325627],[19.803308,41.325649],[19.80335,41.325663],[19.803433,41.325688],[19.803457,41.325696],[19.803537,41.325721],[19.803641,41.325753],[19.803678,41.325765],[19.803807,41.325806],[19.803899,41.325834],[19.80412,41.325904],[19.80425,41.325944],[19.804341,41.325973],[19.804563,41.326042],[19.804665,41.326074],[19.804784,41.326111],[19.805005,41.32618],[19.805226,41.326249],[19.80528,41.326266],[19.805348,41.326286],[19.805429,41.326311],[19.805448,41.326317],[19.805463,41.326322],[19.805669,41.326385],[19.805891,41.326453],[19.806113,41.326521],[19.806312,41.326582],[19.806335,41.326589],[19.806555,41.326659],[19.806667,41.326694],[19.806777,41.326727],[19.806875,41.326757],[19.806998,41.326795],[19.80722,41.326864],[19.807441,41.326933],[19.807663,41.327001],[19.807694,41.327011],[19.807761,41.327032],[19.80779,41.327041],[19.807833,41.327054],[19.807884,41.32707],[19.80789,41.327072],[19.808106,41.327138],[19.808119,41.327142],[19.808327,41.327207],[19.808454,41.327246],[19.808549,41.327275],[19.808598,41.327291],[19.80877,41.327344],[19.808973,41.327406],[19.808992,41.327412],[19.809211,41.327479],[19.809213,41.32748],[19.809434,41.32755],[19.809624,41.327609],[19.809655,41.327619],[19.809705,41.327635],[19.809876,41.327688],[19.810009,41.327729],[19.810098,41.327756],[19.810162,41.327775],[19.81032,41.327824],[19.810541,41.327892],[19.810763,41.32796],[19.810985,41.328028],[19.811094,41.328062],[19.811206,41.328097],[19.811263,41.328116],[19.811386,41.32815],[19.811417,41.328159],[19.811429,41.328162],[19.811514,41.328183],[19.81166,41.32821],[19.811721,41.328222],[19.811896,41.328242],[19.811967,41.328251],[19.812133,41.32826],[19.812134,41.32826],[19.812283,41.32826],[19.812374,41.328256],[19.812384,41.328256],[19.812613,41.328246],[19.812852,41.328235],[19.812905,41.328233],[19.813011,41.328228],[19.813091,41.328225],[19.81333,41.328214],[19.813568,41.328204],[19.813569,41.328204],[19.813659,41.328199],[19.813808,41.328192],[19.814009,41.328183],[19.814047,41.328181],[19.814286,41.328171],[19.814525,41.328161],[19.814764,41.32815],[19.814803,41.328149],[19.815004,41.32814],[19.815236,41.32813],[19.815243,41.32813],[19.815482,41.328118],[19.815592,41.328113],[19.815721,41.328108],[19.81596,41.328097],[19.81602,41.328095],[19.816065,41.328093],[19.816211,41.3281],[19.816214,41.328088],[19.81624,41.327989],[19.816257,41.327921],[19.816284,41.32781],[19.816302,41.327744],[19.816331,41.327641],[19.81635,41.327568],[19.816396,41.327391],[19.816419,41.327303],[19.816444,41.327215],[19.816494,41.327039],[19.816534,41.326899],[19.816544,41.326863],[19.816555,41.326826],[19.816593,41.326687],[19.8166,41.326663],[19.816643,41.326512],[19.816693,41.326336],[19.816743,41.32616],[19.81677,41.326068],[19.816793,41.325984],[19.816843,41.325808],[19.816865,41.325732],[19.81689,41.325642],[19.816893,41.325632],[19.816902,41.325598],[19.817038,41.325619],[19.817091,41.325627],[19.817326,41.325664],[19.817346,41.325667],[19.81756,41.325701],[19.817795,41.325738],[19.818029,41.325774],[19.818264,41.325811],[19.818498,41.325848],[19.818733,41.325885],[19.818888,41.325909],[19.818923,41.325915],[19.818967,41.325922],[19.819015,41.325929],[19.819105,41.325943],[19.819086,41.326016],[19.819038,41.326192],[19.81899,41.326368],[19.818958,41.326489],[19.818942,41.326544],[19.818911,41.326661],[19.818909,41.326713],[19.818913,41.326723],[19.818925,41.326758],[19.818944,41.326779],[19.818975,41.326804],[19.819047,41.326858],[19.819053,41.326864],[19.81911,41.326915],[19.819164,41.32697],[19.819197,41.327008],[19.819201,41.327013],[19.819236,41.327063],[19.819265,41.327099],[19.81928,41.327113],[19.819307,41.327132],[19.81934,41.327143],[19.819346,41.327145],[19.819404,41.327158],[19.819496,41.327166],[19.819581,41.327173],[19.819632,41.327178],[19.819819,41.327194],[19.820057,41.327215],[19.820177,41.327225],[19.820295,41.327236],[19.820533,41.327256],[19.820624,41.327264],[19.820771,41.327277],[19.821009,41.327298],[19.821042,41.327301],[19.821247,41.327319],[19.821371,41.32733],[19.821485,41.32734],[19.821723,41.32736],[19.821888,41.327375],[19.82196,41.327381],[19.822053,41.327389],[19.822198,41.327402],[19.822436,41.327423],[19.822489,41.327427],[19.822609,41.327452],[19.822666,41.327472],[19.822671,41.327474],[19.822706,41.327514],[19.822622,41.327568],[19.822583,41.327591],[19.822576,41.327597],[19.822526,41.327636],[19.822463,41.327685],[19.822418,41.327731],[19.82239,41.327759],[19.822331,41.327831],[19.822296,41.327886],[19.822247,41.327963],[19.822197,41.328049],[19.822102,41.328214],[19.822075,41.328261],[19.82201,41.32838],[19.821957,41.328476],[19.821919,41.328547],[19.821889,41.328603],[19.821825,41.328712],[19.821772,41.3288],[19.821729,41.328877],[19.821636,41.329043],[19.821542,41.329208],[19.821449,41.329374],[19.821428,41.329411],[19.821354,41.329539],[19.821258,41.329704],[19.821163,41.329869],[19.821092,41.32999],[19.821067,41.330034],[19.820973,41.330199],[19.820878,41.330364],[19.820834,41.330441],[19.82082,41.330465],[19.820766,41.330522],[19.820675,41.330617],[19.820592,41.330608],[19.820548,41.330604],[19.820481,41.3306],[19.820379,41.330598],[19.820353,41.3306],[19.820278,41.330605],[19.820163,41.330613],[19.820113,41.330612],[19.820037,41.330611],[19.819876,41.330592],[19.81985,41.330589],[19.81964,41.330561],[19.819553,41.330549],[19.819404,41.330529],[19.819169,41.330497],[19.819044,41.330481],[19.818933,41.330466],[19.818697,41.330434],[19.818461,41.330402],[19.818226,41.330371],[19.818071,41.33035],[19.818029,41.330344],[19.81799,41.330338],[19.817947,41.330332],[19.817919,41.330432],[19.817907,41.330476],[19.817858,41.330652],[19.817809,41.330828],[19.81776,41.331004],[19.81774,41.331077],[19.817712,41.33118],[19.817698,41.331231],[19.817663,41.331356],[19.817614,41.331532],[19.81759,41.331621],[19.817565,41.331709],[19.817517,41.331885],[19.817493,41.331973],[19.817485,41.332],[19.817468,41.332061],[19.81742,41.332237],[19.817392,41.332337],[19.817371,41.332413],[19.817323,41.332589],[19.817274,41.332765],[19.817226,41.332942],[19.817196,41.333051],[19.817176,41.333117],[19.817157,41.333181],[19.817126,41.333293],[19.817119,41.333319],[19.817107,41.33336],[19.817076,41.333469],[19.817025,41.333645],[19.816975,41.333821],[19.816924,41.333997],[19.816874,41.334172],[19.816823,41.334348],[19.816773,41.334524],[19.816747,41.334615],[19.816726,41.334701],[19.816721,41.334721],[19.816679,41.334877],[19.816632,41.335053],[19.816587,41.335224],[19.816585,41.33523],[19.816536,41.335406],[19.816486,41.335582],[19.816465,41.335657],[19.816439,41.335758],[19.816429,41.335799],[19.81642,41.335833],[19.816387,41.335911],[19.816416,41.335915],[19.8165,41.33593],[19.81665,41.335954],[19.816831,41.335984],[19.816884,41.335992],[19.817023,41.336016],[19.817117,41.336033],[19.817196,41.336047],[19.817244,41.336055],[19.817324,41.33607],[19.81735,41.336074],[19.817437,41.33609],[19.817581,41.336121],[19.817603,41.336126],[19.817709,41.336163],[19.817799,41.336196],[19.818013,41.336276],[19.818228,41.336356],[19.818345,41.3364],[19.818441,41.336438],[19.8186,41.3365],[19.818654,41.336521],[19.818867,41.336603],[19.819069,41.336681],[19.81908,41.336685],[19.819144,41.336711],[19.819292,41.336768],[19.819505,41.336851],[19.819661,41.336911],[19.819717,41.336934],[19.819896,41.337009],[19.819925,41.337021],[19.819926,41.337022],[19.820067,41.337083],[19.820022,41.33713],[19.820008,41.337146],[19.81997,41.337186],[19.819964,41.337194],[19.819893,41.337281],[19.819767,41.337434],[19.819719,41.337494],[19.819641,41.337588],[19.819636,41.337595],[19.819539,41.337711],[19.819514,41.33774],[19.819438,41.337827],[19.819387,41.337882],[19.81938,41.337889],[19.819256,41.338023],[19.819244,41.338037],[19.819184,41.338104],[19.819115,41.33818],[19.819111,41.338186],[19.818995,41.33834],[19.818992,41.338343],[19.818947,41.338402],[19.818894,41.338506],[19.818876,41.338543],[19.818828,41.338636],[19.818813,41.338675],[19.818813,41.338675],[19.818809,41.338685],[19.81874,41.338847],[19.818723,41.338885],[19.818648,41.339012],[19.818628,41.339046],[19.818577,41.339113],[19.818534,41.339171],[19.818417,41.339328],[19.818311,41.33947],[19.818301,41.339485],[19.818186,41.339643],[19.818071,41.339801],[19.817956,41.339959],[19.817842,41.340117],[19.817761,41.340227],[19.817727,41.340274],[19.817614,41.340427],[19.817611,41.340432],[19.817498,41.34059],[19.817466,41.340636],[19.817418,41.340703],[19.817384,41.340749],[19.817356,41.340787],[19.817268,41.340906],[19.817152,41.341064],[19.817087,41.341153],[19.817036,41.341221],[19.816918,41.341377],[19.8168,41.341534],[19.816784,41.341556],[19.816688,41.341693],[19.816578,41.341848],[19.816576,41.341852],[19.816478,41.342007],[19.816474,41.342015],[19.816386,41.342182],[19.816331,41.342287],[19.816298,41.342349],[19.816247,41.342447],[19.816224,41.342491],[19.81621,41.342516],[19.816171,41.342589],[19.816119,41.342683],[19.816068,41.342776],[19.816029,41.34285],[19.816022,41.342863],[19.815969,41.342955],[19.815935,41.343015],[19.815841,41.34318],[19.815787,41.343276],[19.815749,41.343344],[19.815748,41.343346],[19.815656,41.343512],[19.815564,41.343678],[19.815473,41.343845],[19.815423,41.343935],[19.815383,41.344011],[19.815295,41.344178],[19.81529,41.344187],[19.81521,41.344347],[19.81515,41.344465],[19.815125,41.344515],[19.815112,41.344541],[19.81504,41.344683],[19.815032,41.344698],[19.815019,41.344724],[19.815003,41.344758],[19.814988,41.344788],[19.814972,41.344821],[19.814957,41.344852],[19.814874,41.34502],[19.814791,41.345189],[19.814783,41.345205],[19.814704,41.345357],[19.814618,41.345525],[19.81461,41.345541],[19.814522,41.34569],[19.814502,41.345724],[19.814431,41.345856],[19.814401,41.345911],[19.814339,41.346022],[19.814311,41.34607],[19.814248,41.346188],[19.814179,41.346318],[19.814151,41.346353],[19.814137,41.346371],[19.814029,41.346356],[19.813929,41.346342],[19.813878,41.346335],[19.813786,41.346323],[19.813693,41.34631],[19.813657,41.346304],[19.813582,41.346294],[19.813477,41.34628],[19.813458,41.346277],[19.813375,41.346265],[19.813284,41.346253],[19.813222,41.346244],[19.81316,41.346235],[19.81308,41.346225],[19.812988,41.346209],[19.812926,41.346199],[19.812821,41.346177],[19.812756,41.346162],[19.812734,41.346157],[19.812609,41.346123],[19.812532,41.346099],[19.812311,41.346029],[19.812115,41.345968],[19.81209,41.34596],[19.811869,41.345891],[19.811648,41.345821],[19.811427,41.345752],[19.811206,41.345682],[19.810985,41.345613],[19.810764,41.345543],[19.810718,41.345529],[19.810621,41.345497],[19.810544,41.345472],[19.810325,41.3454],[19.810183,41.345354],[19.810105,41.345328],[19.810054,41.345312],[19.810015,41.3453],[19.809884,41.345259],[19.809869,41.345255],[19.809662,41.345191],[19.809647,41.345187],[19.809441,41.345123],[19.809283,41.345075],[19.809219,41.345055],[19.809157,41.345036],[19.808998,41.344986],[19.808807,41.344926],[19.808779,41.344917],[19.808777,41.344916],[19.808682,41.344888],[19.808554,41.34485],[19.808332,41.344784],[19.808275,41.344767],[19.808195,41.344742],[19.808168,41.344808],[19.808096,41.34498],[19.808077,41.345025],[19.808022,41.345151],[19.807947,41.345321],[19.807897,41.345435],[19.807873,41.345493],[19.807853,41.345541],[19.807803,41.345665],[19.807786,41.345706],[19.807735,41.345837],[19.807667,41.346009],[19.807599,41.346182],[19.807572,41.346249],[19.807529,41.346354],[19.807458,41.346526],[19.807387,41.346697],[19.807316,41.346869],[19.807278,41.346961],[19.807234,41.347039],[19.80723,41.347046],[19.807207,41.347083],[19.807175,41.347136],[19.80715,41.34717],[19.807125,41.347198],[19.807118,41.347207],[19.806987,41.347345],[19.806985,41.347346],[19.806963,41.347383],[19.806951,41.347417],[19.806955,41.347451],[19.806968,41.347491],[19.806931,41.347487],[19.806804,41.347473],[19.806693,41.347467],[19.806578,41.34746],[19.806649,41.34742]]},"properties":{"line":"12A","dir":"1","headsign":"Uzina Dinamo","mode":"bus","color":"#0059a9"}},{"type":"Feature","geometry":{"type":"LineString","coordinates":[[19.82382,41.348999],[19.823869,41.348854],[19.823879,41.348825],[19.823938,41.34865],[19.823997,41.348476],[19.82404,41.348348],[19.824055,41.348302],[19.824092,41.348189],[19.824112,41.348127],[19.824115,41.348119],[19.824174,41.347953],[19.824236,41.347779],[19.824297,41.347606],[19.824331,41.347512],[19.824359,41.347432],[19.824397,41.347324],[19.82442,41.347258],[19.824481,41.347084],[19.824536,41.346925],[19.824542,41.34691],[19.824603,41.346736],[19.824659,41.346578],[19.824664,41.346562],[19.824678,41.346517],[19.824709,41.346436],[19.824725,41.346388],[19.82477,41.346261],[19.824787,41.346214],[19.824832,41.346086],[19.824842,41.346056],[19.824848,41.34604],[19.824881,41.345951],[19.824912,41.345867],[19.824962,41.345733],[19.824973,41.345702],[19.824976,41.345694],[19.825038,41.34552],[19.825084,41.345389],[19.825097,41.345346],[19.825138,41.34521],[19.825151,41.345171],[19.825191,41.345055],[19.825211,41.344999],[19.825211,41.344996],[19.825237,41.344909],[19.825256,41.344839],[19.825262,41.344821],[19.825311,41.344645],[19.825313,41.344637],[19.825358,41.344468],[19.825377,41.344393],[19.825403,41.344292],[19.825435,41.344169],[19.825447,41.344115],[19.825489,41.343938],[19.825525,41.343788],[19.825531,41.343761],[19.825534,41.343749],[19.825572,41.343583],[19.825613,41.343406],[19.825654,41.343229],[19.825669,41.343161],[19.8257,41.343052],[19.825704,41.343037],[19.825751,41.342877],[19.825756,41.342861],[19.825799,41.3427],[19.825813,41.342651],[19.825839,41.342561],[19.82585,41.342525],[19.82589,41.342387],[19.825901,41.342349],[19.825953,41.342173],[19.82597,41.342116],[19.825984,41.342071],[19.826005,41.341998],[19.826009,41.341984],[19.826057,41.341823],[19.826057,41.341822],[19.82611,41.341647],[19.826151,41.341508],[19.826162,41.341471],[19.826214,41.341296],[19.826242,41.341204],[19.826261,41.341126],[19.826262,41.341119],[19.82627,41.341051],[19.826273,41.341027],[19.826284,41.34094],[19.826285,41.340933],[19.826308,41.340761],[19.826324,41.34065],[19.826333,41.340582],[19.82634,41.34053],[19.82635,41.340429],[19.826351,41.340403],[19.826355,41.340342],[19.826355,41.340286],[19.826354,41.340274],[19.826354,41.340242],[19.826351,41.340223],[19.826339,41.340149],[19.826201,41.340132],[19.82617,41.340129],[19.825965,41.340099],[19.825793,41.340074],[19.82573,41.340063],[19.825497,41.340023],[19.825478,41.34002],[19.825265,41.339977],[19.825215,41.339967],[19.825036,41.339924],[19.824921,41.339896],[19.82481,41.339865],[19.824652,41.33982],[19.824586,41.339801],[19.824418,41.339752],[19.824364,41.339734],[19.824266,41.339702],[19.824148,41.339656],[19.824033,41.339612],[19.823938,41.33957],[19.823808,41.339515],[19.823731,41.339479],[19.823634,41.339435],[19.823527,41.339386],[19.823498,41.339373],[19.823331,41.339282],[19.823297,41.339264],[19.823141,41.339173],[19.82311,41.339155],[19.822959,41.339055],[19.822926,41.339034],[19.822785,41.338932],[19.822687,41.338861],[19.822615,41.338805],[19.822448,41.338676],[19.822344,41.338596],[19.822281,41.338547],[19.822119,41.338425],[19.822112,41.338419],[19.82194,41.338294],[19.821896,41.338262],[19.821766,41.338171],[19.821672,41.338105],[19.821587,41.338051],[19.82142,41.337945],[19.821404,41.337935],[19.821322,41.33788],[19.821225,41.337816],[19.821199,41.337799],[19.821034,41.337707],[19.820841,41.337599],[19.820765,41.337557],[19.82065,41.337491],[19.820549,41.337434],[19.820458,41.337384],[19.820264,41.337279],[19.820121,41.337201],[19.820107,41.337194],[19.820068,41.337175],[19.820008,41.337146],[19.819875,41.337085],[19.819864,41.33708],[19.819653,41.336995],[19.819453,41.336914],[19.819442,41.33691],[19.819231,41.336825],[19.819229,41.336824],[19.819019,41.336741],[19.818974,41.336724],[19.818806,41.336658],[19.818594,41.336575],[19.818443,41.336516],[19.818382,41.336492],[19.818168,41.33641],[19.817955,41.336328],[19.817953,41.336328],[19.817912,41.336312],[19.81774,41.336249],[19.81771,41.336238],[19.817675,41.336225],[19.817566,41.336196],[19.817516,41.336186],[19.817384,41.336159],[19.817284,41.336143],[19.81722,41.336132],[19.81705,41.336104],[19.816874,41.336074],[19.816816,41.336064],[19.816583,41.336025],[19.816521,41.336014],[19.816478,41.336007],[19.816358,41.335988],[19.816349,41.335986],[19.816214,41.335965],[19.816231,41.33589],[19.816232,41.335886],[19.816254,41.335806],[19.816281,41.335714],[19.816302,41.335644],[19.816316,41.335597],[19.816333,41.335538],[19.816384,41.335362],[19.816417,41.335247],[19.816434,41.335186],[19.816483,41.33501],[19.816532,41.334834],[19.816581,41.334658],[19.816617,41.33453],[19.816631,41.334482],[19.816681,41.334306],[19.816731,41.334131],[19.816733,41.334124],[19.816779,41.333954],[19.816826,41.333778],[19.816874,41.333602],[19.816921,41.333425],[19.816956,41.333295],[19.816964,41.333248],[19.816981,41.333134],[19.816999,41.333071],[19.817012,41.333025],[19.817047,41.332895],[19.817096,41.332718],[19.817127,41.332604],[19.817144,41.332542],[19.817192,41.332366],[19.817196,41.332351],[19.817241,41.33219],[19.817289,41.332014],[19.8173,41.331972],[19.817317,41.331912],[19.817337,41.331838],[19.817386,41.331661],[19.817434,41.331485],[19.817482,41.331309],[19.817515,41.331192],[19.817531,41.331133],[19.817579,41.330957],[19.817628,41.330781],[19.817677,41.330605],[19.817725,41.330431],[19.817725,41.330429],[19.817733,41.330402],[19.81776,41.330302],[19.817694,41.330292],[19.817643,41.330284],[19.817459,41.330256],[19.817225,41.33022],[19.81699,41.330184],[19.81692,41.330173],[19.816851,41.330157],[19.816764,41.330132],[19.816761,41.330131],[19.816703,41.330106],[19.816622,41.330063],[19.816566,41.330028],[19.816538,41.330011],[19.816466,41.329954],[19.816406,41.329895],[19.816393,41.329882],[19.816329,41.3298],[19.816291,41.329737],[19.816275,41.329711],[19.816206,41.329568],[19.81613,41.32941],[19.816126,41.329399],[19.816059,41.329226],[19.816009,41.329097],[19.815996,41.329052],[19.815978,41.328988],[19.816011,41.328877],[19.816062,41.328701],[19.816074,41.328662],[19.816068,41.328547],[19.816066,41.328522],[19.816056,41.32841],[19.816037,41.328344],[19.816032,41.328327],[19.816017,41.328311],[19.815997,41.328292],[19.815926,41.328261],[19.815856,41.328241],[19.815853,41.32824],[19.815685,41.32822],[19.815617,41.328223],[19.815378,41.328234],[19.815139,41.328244],[19.815061,41.328248],[19.8149,41.328255],[19.814736,41.328262],[19.814661,41.328265],[19.814422,41.328276],[19.814182,41.328286],[19.813943,41.328297],[19.813704,41.328307],[19.813666,41.328309],[19.813556,41.328314],[19.813465,41.328318],[19.813226,41.328328],[19.813142,41.328332],[19.813019,41.328337],[19.812987,41.328338],[19.812748,41.328348],[19.812509,41.328357],[19.81228,41.328366],[19.812269,41.328366],[19.812104,41.328367],[19.81203,41.328363],[19.811944,41.32836],[19.811792,41.328343],[19.811692,41.328332],[19.811603,41.328317],[19.811557,41.328307],[19.81149,41.328294],[19.81139,41.328269],[19.811359,41.328261],[19.811329,41.328252],[19.811212,41.328217],[19.811108,41.328183],[19.811074,41.328172],[19.810887,41.328113],[19.810704,41.328056],[19.810666,41.328044],[19.810445,41.327975],[19.810307,41.327932],[19.810224,41.327906],[19.810002,41.327838],[19.809958,41.327824],[19.809781,41.327769],[19.809719,41.327751],[19.809559,41.327701],[19.809338,41.327633],[19.809307,41.327623],[19.809116,41.327564],[19.808895,41.327495],[19.808717,41.32744],[19.808674,41.327427],[19.808544,41.327386],[19.808452,41.327358],[19.808395,41.32734],[19.808231,41.32729],[19.808191,41.327278],[19.808009,41.327221],[19.807839,41.327167],[19.807789,41.327151],[19.807786,41.32715],[19.807715,41.327128],[19.807648,41.327108],[19.807567,41.327082],[19.807396,41.327029],[19.807346,41.327013],[19.807125,41.326945],[19.806904,41.326876],[19.806776,41.326836],[19.806682,41.326807],[19.806618,41.326787],[19.806461,41.326738],[19.806382,41.326714],[19.80624,41.326669],[19.806019,41.3266],[19.805797,41.326531],[19.805576,41.326463],[19.805413,41.326412],[19.805355,41.326394],[19.805299,41.326377],[19.80523,41.326355],[19.805134,41.326325],[19.805059,41.326302],[19.804912,41.326256],[19.804691,41.326188],[19.804619,41.326165],[19.804469,41.326119],[19.804248,41.32605],[19.804027,41.325981],[19.804004,41.325974],[19.803855,41.325927],[19.803806,41.325912],[19.80379,41.325907],[19.803645,41.325862],[19.803597,41.325847],[19.803585,41.325843],[19.803499,41.325816],[19.803393,41.325783],[19.803363,41.325774],[19.803307,41.325756],[19.803142,41.325705],[19.80313,41.325701],[19.803001,41.325661],[19.802921,41.325636],[19.802699,41.325569],[19.802477,41.325501],[19.802255,41.325433],[19.802033,41.325365],[19.801812,41.325297],[19.80159,41.32523],[19.801368,41.325162],[19.801146,41.325094],[19.800924,41.325026],[19.800702,41.324958],[19.80053,41.324906],[19.80048,41.324891],[19.800408,41.324869],[19.800258,41.324824],[19.800036,41.324757],[19.799814,41.32469],[19.799592,41.324623],[19.799369,41.324555],[19.799147,41.324488],[19.798925,41.324421],[19.798702,41.324354],[19.798522,41.3243],[19.79848,41.324288],[19.798257,41.324222],[19.798034,41.324156],[19.798017,41.324152],[19.79781,41.324093],[19.797586,41.32403],[19.797513,41.324009],[19.797393,41.323975],[19.797361,41.323967],[19.797137,41.323904],[19.79708,41.323888],[19.796966,41.323855],[19.796913,41.32384],[19.796838,41.323819],[19.796689,41.323776],[19.796681,41.323774],[19.796465,41.323713],[19.796241,41.323649],[19.796017,41.323586],[19.795793,41.323522],[19.795569,41.323459],[19.795345,41.323395],[19.795309,41.323385],[19.79512,41.323332],[19.794896,41.323269],[19.794672,41.323206],[19.794532,41.323167],[19.794447,41.323143],[19.794406,41.323131],[19.794224,41.323079],[19.794,41.323014],[19.793776,41.32295],[19.793553,41.322885],[19.793367,41.322832],[19.793329,41.322822],[19.793103,41.322761],[19.792951,41.32272],[19.792878,41.3227],[19.79267,41.322644],[19.792653,41.32264],[19.792427,41.322578],[19.792311,41.322547],[19.792286,41.32254],[19.792202,41.322518],[19.792039,41.322476],[19.791994,41.322464],[19.791976,41.322459],[19.791751,41.322396],[19.791527,41.322333],[19.791527,41.322333],[19.791449,41.322314],[19.791391,41.322298],[19.7913,41.322275],[19.79129,41.322272],[19.791074,41.322216],[19.790847,41.322157],[19.790621,41.322099],[19.790615,41.322097],[19.790585,41.322089],[19.790485,41.322063],[19.790395,41.322039],[19.790169,41.321979],[19.790164,41.321977],[19.790067,41.321961],[19.789934,41.321947],[19.789851,41.321938],[19.789702,41.321914],[19.789699,41.321913],[19.789592,41.321881],[19.789558,41.32189],[19.789475,41.321901],[19.789469,41.321901],[19.789392,41.321896],[19.789312,41.321875],[19.789248,41.321843],[19.789243,41.32184],[19.789187,41.321793],[19.789166,41.321764],[19.789145,41.321736],[19.789098,41.321703],[19.789067,41.321682],[19.788996,41.321639],[19.788915,41.321587],[19.788914,41.321587],[19.788842,41.321549],[19.788764,41.321511],[19.788715,41.321489],[19.788711,41.321487],[19.788639,41.321454],[19.788536,41.321411],[19.788506,41.321401],[19.788385,41.321361],[19.788303,41.321332],[19.788288,41.321326],[19.788163,41.321282],[19.788071,41.321249],[19.787886,41.321183],[19.787856,41.32117],[19.787777,41.321136],[19.787698,41.321104],[19.787648,41.321083],[19.787647,41.321082],[19.787582,41.321061],[19.787428,41.321009],[19.787209,41.320936],[19.787126,41.320909],[19.786991,41.320863],[19.786773,41.320788],[19.786555,41.320714],[19.786496,41.320694],[19.786337,41.32064],[19.786119,41.320566],[19.7859,41.320492],[19.785682,41.320419],[19.785463,41.320345],[19.785245,41.320271],[19.785026,41.320197],[19.784808,41.320124],[19.784791,41.320118],[19.784589,41.32005],[19.784371,41.319977],[19.784207,41.319921],[19.784182,41.319913],[19.784152,41.319902],[19.78396,41.319831],[19.783938,41.319823],[19.783755,41.319757],[19.78372,41.319746],[19.783499,41.319678],[19.783278,41.319609],[19.783218,41.319591],[19.783056,41.31954],[19.782882,41.319486],[19.782835,41.319472],[19.782614,41.319403],[19.782574,41.319391],[19.782392,41.319335],[19.782309,41.319309],[19.782172,41.319264],[19.781952,41.319194],[19.781731,41.319123],[19.781706,41.319115],[19.781511,41.319053],[19.78134,41.318999],[19.78129,41.318983],[19.781068,41.318915],[19.780847,41.318846],[19.780625,41.318778],[19.780563,41.318759],[19.780403,41.318711],[19.780306,41.318682],[19.780181,41.318643],[19.77996,41.318573],[19.779864,41.318543],[19.779794,41.31852],[19.779739,41.318504],[19.779716,41.318497],[19.77971,41.318495],[19.779518,41.318436],[19.779296,41.318368],[19.779074,41.3183],[19.778852,41.318232],[19.778631,41.318164],[19.778409,41.318096],[19.778187,41.318028],[19.778147,41.318016],[19.777964,41.317963],[19.77774,41.317899],[19.777599,41.317859],[19.777517,41.317834],[19.777295,41.317766],[19.77724,41.317749],[19.777074,41.317696],[19.776854,41.317625],[19.776634,41.317555],[19.776414,41.317484],[19.776351,41.317464],[19.77625,41.317431],[19.776194,41.317413],[19.776081,41.317376],[19.775974,41.317341],[19.77581,41.317288],[19.775754,41.31727],[19.775533,41.317201],[19.775311,41.317132],[19.775199,41.317097],[19.77509,41.317064],[19.775071,41.317057],[19.774869,41.316994],[19.774836,41.316984],[19.774768,41.316963],[19.774649,41.316924],[19.774429,41.316853],[19.774209,41.316782],[19.773989,41.316711],[19.77377,41.31664],[19.773769,41.31664],[19.773551,41.316565],[19.773333,41.31649],[19.773302,41.316479],[19.773122,41.316405],[19.772911,41.316319],[19.772701,41.316234],[19.772546,41.316171],[19.772497,41.31614],[19.772449,41.31611],[19.772429,41.316102],[19.772324,41.31606],[19.772293,41.316047],[19.772083,41.315961],[19.771873,41.315875],[19.771727,41.315815],[19.771663,41.315789],[19.771511,41.315728],[19.771452,41.315704],[19.77124,41.315619],[19.771029,41.315535],[19.770818,41.31545],[19.770776,41.315433],[19.770607,41.315365],[19.770396,41.31528],[19.770185,41.315194],[19.770161,41.315184],[19.769975,41.315108],[19.769848,41.315056],[19.769764,41.315023],[19.769696,41.314997],[19.769569,41.314945],[19.769552,41.314938],[19.769341,41.314853],[19.769276,41.314827],[19.769131,41.314768],[19.769107,41.314758],[19.76892,41.314682],[19.768709,41.314597],[19.768672,41.314582],[19.768498,41.314512],[19.768287,41.314426],[19.768277,41.314422],[19.768076,41.314341],[19.768002,41.314311],[19.767866,41.314256],[19.767724,41.314199],[19.767655,41.31417],[19.767649,41.314168],[19.767444,41.314085],[19.767292,41.314024],[19.767256,41.314009],[19.767233,41.314],[19.767135,41.313963],[19.76702,41.313917],[19.766932,41.313882],[19.766841,41.313846],[19.766809,41.313833],[19.76676,41.313814],[19.766597,41.313748],[19.766455,41.313691],[19.766386,41.313664],[19.766374,41.313659],[19.766294,41.313626],[19.766193,41.313586],[19.766175,41.313578],[19.766052,41.313528],[19.765965,41.313492],[19.76578,41.313416],[19.765755,41.313406],[19.76573,41.313395],[19.765544,41.31332],[19.765544,41.31332],[19.765369,41.313249],[19.765334,41.313234],[19.765324,41.31323],[19.765123,41.313149],[19.764972,41.313088],[19.764912,41.313064],[19.764896,41.313057],[19.764702,41.312978],[19.764636,41.312951],[19.764491,41.312892],[19.764355,41.312837],[19.76428,41.312806],[19.76407,41.312721],[19.763859,41.312636],[19.763825,41.312622],[19.763648,41.31255],[19.763437,41.312464],[19.763227,41.312379],[19.763073,41.312316],[19.763016,41.312293],[19.762915,41.312252],[19.762806,41.312208],[19.762595,41.312122],[19.762533,41.312097],[19.762385,41.312036],[19.762286,41.311995],[19.762175,41.311949],[19.762121,41.311927],[19.762017,41.311884],[19.761965,41.311862],[19.761945,41.311854],[19.761755,41.311776],[19.761738,41.31177],[19.761544,41.311691],[19.761425,41.311642],[19.761334,41.311605],[19.761123,41.311519],[19.761031,41.311481],[19.760913,41.311433],[19.760842,41.311404],[19.760709,41.311339],[19.760694,41.311331],[19.760543,41.311248],[19.760516,41.311232],[19.760402,41.311159],[19.760337,41.311112],[19.760274,41.311067],[19.76017,41.310983],[19.760143,41.310961],[19.760039,41.310864],[19.760019,41.310844],[19.759869,41.310703],[19.759722,41.310564],[19.75972,41.310563],[19.759686,41.31053],[19.759648,41.310493],[19.759643,41.310487],[19.759599,41.310444],[19.759534,41.31038],[19.75951,41.310356],[19.7594,41.310237],[19.759397,41.310232],[19.759369,41.310195],[19.759335,41.310144],[19.759289,41.310072],[19.759233,41.309987],[19.759191,41.309907],[19.759144,41.30982],[19.759101,41.309741],[19.759096,41.30973],[19.759012,41.309574],[19.758923,41.309407],[19.758834,41.30924],[19.758745,41.309073],[19.75867,41.308933],[19.758655,41.308906],[19.758641,41.308882],[19.758566,41.308739],[19.758541,41.308691],[19.758475,41.308573],[19.758456,41.308538],[19.758385,41.308406],[19.758322,41.308288],[19.758308,41.308262],[19.758296,41.308239],[19.758207,41.308072],[19.758117,41.307905],[19.758111,41.307894],[19.758099,41.307871],[19.758028,41.307738],[19.757938,41.307572],[19.757867,41.307439],[19.757849,41.307405],[19.757813,41.307339],[19.75776,41.307238],[19.757681,41.307091],[19.757671,41.307071],[19.757657,41.307043],[19.757612,41.306959],[19.757578,41.306905],[19.75757,41.306892],[19.757529,41.306836],[19.757488,41.306791],[19.75745,41.306753],[19.75741,41.306714],[19.757344,41.306656],[19.757292,41.306619],[19.757267,41.306601],[19.757229,41.30658],[19.757124,41.306525],[19.757097,41.306514],[19.757078,41.306505],[19.756997,41.306474],[19.756884,41.306435],[19.756882,41.306435],[19.756729,41.306383],[19.756697,41.306372],[19.756663,41.306361],[19.756446,41.306285],[19.756342,41.306249],[19.756231,41.306211],[19.756229,41.30621],[19.756088,41.306161],[19.756011,41.306134],[19.755876,41.306088],[19.755794,41.306059],[19.755576,41.305984],[19.755474,41.305948],[19.755359,41.305908],[19.755191,41.30585],[19.755141,41.305833],[19.755052,41.305802],[19.754954,41.305768],[19.754924,41.305757],[19.754901,41.305749],[19.754748,41.305698],[19.754705,41.305684],[19.754651,41.305668],[19.754483,41.305617],[19.754478,41.305615],[19.754405,41.305593],[19.754259,41.305553],[19.754251,41.305551],[19.754091,41.305513],[19.75403,41.305501],[19.753798,41.305454],[19.753591,41.305413],[19.753567,41.305408],[19.753336,41.305362],[19.753104,41.305316],[19.753016,41.305299],[19.752872,41.305271],[19.75264,41.305227],[19.752408,41.305183],[19.752175,41.305139],[19.751943,41.305095],[19.751711,41.305051],[19.75161,41.305032],[19.751537,41.305018],[19.751479,41.305006],[19.75126,41.304965],[19.751247,41.304962],[19.751174,41.304948],[19.751084,41.30493],[19.751015,41.304916],[19.750945,41.304903],[19.750784,41.30487],[19.750777,41.304869],[19.750552,41.304824],[19.750445,41.304802],[19.750321,41.304777],[19.75009,41.30473],[19.750088,41.30473],[19.749858,41.304684],[19.749645,41.304641],[19.749627,41.304637],[19.749395,41.304591],[19.749164,41.304546],[19.749093,41.304532],[19.748932,41.3045],[19.748786,41.304471],[19.748742,41.304462],[19.748701,41.304454],[19.748469,41.304407],[19.748238,41.304361],[19.74819,41.304351],[19.748028,41.304316],[19.748008,41.304311],[19.747869,41.304277],[19.747781,41.304253],[19.74771,41.304233],[19.747558,41.304187],[19.747336,41.304119],[19.7473,41.304108],[19.747124,41.304053],[19.747115,41.30405],[19.746893,41.303982],[19.746672,41.303913],[19.746574,41.303883],[19.746466,41.30385],[19.746451,41.303845],[19.746231,41.303773],[19.746226,41.303772],[19.746094,41.303725],[19.746016,41.303692],[19.745961,41.30367],[19.745829,41.303611],[19.74581,41.303601],[19.745691,41.30354],[19.745615,41.303497],[19.745424,41.303388],[19.745341,41.303341],[19.745329,41.303334]]},"properties":{"line":"12B","dir":"0","headsign":"Karburanti","mode":"bus","color":"#0059a9"}},{"type":"Feature","geometry":{"type":"LineString","coordinates":[[19.745329,41.303334],[19.745341,41.303341],[19.745514,41.303439],[19.745691,41.30354],[19.745706,41.303547],[19.745829,41.303611],[19.745907,41.303645],[19.745961,41.30367],[19.746094,41.303725],[19.746116,41.303733],[19.746226,41.303772],[19.746335,41.303807],[19.746466,41.30385],[19.746555,41.303877],[19.746574,41.303883],[19.746776,41.303946],[19.746998,41.304014],[19.747124,41.304053],[19.747219,41.304083],[19.7473,41.304108],[19.747441,41.304151],[19.747663,41.304219],[19.74771,41.304233],[19.747869,41.304277],[19.747888,41.304281],[19.748028,41.304316],[19.748116,41.304335],[19.74819,41.304351],[19.748347,41.304383],[19.748578,41.304429],[19.748742,41.304462],[19.748786,41.304471],[19.74881,41.304476],[19.749041,41.304521],[19.749093,41.304532],[19.749273,41.304567],[19.749505,41.304613],[19.749645,41.304641],[19.749736,41.304659],[19.749968,41.304706],[19.750088,41.30473],[19.750199,41.304752],[19.75043,41.304799],[19.750445,41.304802],[19.750661,41.304846],[19.750777,41.304869],[19.750893,41.304892],[19.750945,41.304903],[19.751084,41.30493],[19.751124,41.304938],[19.751174,41.304948],[19.75126,41.304965],[19.751356,41.304983],[19.751537,41.305018],[19.751588,41.305027],[19.75161,41.305032],[19.751821,41.305072],[19.752053,41.305116],[19.752285,41.30516],[19.752517,41.305204],[19.752749,41.305248],[19.752982,41.305292],[19.753016,41.305299],[19.753213,41.305338],[19.753445,41.305384],[19.753591,41.305413],[19.753676,41.30543],[19.753908,41.305476],[19.754091,41.305513],[19.754138,41.305525],[19.754251,41.305551],[19.754365,41.305582],[19.754405,41.305593],[19.754478,41.305615],[19.754588,41.305649],[19.754651,41.305668],[19.754748,41.305698],[19.754809,41.305718],[19.754901,41.305749],[19.754954,41.305768],[19.755027,41.305793],[19.755052,41.305802],[19.755191,41.30585],[19.755244,41.305868],[19.755462,41.305944],[19.755474,41.305948],[19.755679,41.306019],[19.755876,41.306088],[19.755896,41.306095],[19.756088,41.306161],[19.756114,41.30617],[19.756231,41.306211],[19.756331,41.306245],[19.756342,41.306249],[19.756549,41.306321],[19.756697,41.306372],[19.756729,41.306383],[19.756766,41.306396],[19.756884,41.306435],[19.756985,41.306469],[19.756997,41.306474],[19.757078,41.306505],[19.757124,41.306525],[19.757192,41.306561],[19.757229,41.30658],[19.757267,41.306601],[19.757344,41.306656],[19.75737,41.306679],[19.75741,41.306714],[19.757488,41.306791],[19.757516,41.306822],[19.757529,41.306836],[19.75757,41.306892],[19.757612,41.306959],[19.757625,41.306982],[19.757657,41.307043],[19.757681,41.307091],[19.757713,41.30715],[19.757802,41.307317],[19.757813,41.307339],[19.757867,41.307439],[19.757891,41.307484],[19.757981,41.30765],[19.75807,41.307817],[19.758099,41.307871],[19.758111,41.307894],[19.758159,41.307984],[19.758249,41.308151],[19.758308,41.308262],[19.758322,41.308288],[19.758338,41.308318],[19.758427,41.308485],[19.758456,41.308538],[19.758519,41.308651],[19.758541,41.308691],[19.758607,41.308818],[19.758641,41.308882],[19.75867,41.308933],[19.758698,41.308985],[19.758787,41.309152],[19.758876,41.309319],[19.758965,41.309486],[19.759054,41.309652],[19.759096,41.30973],[19.759144,41.309819],[19.759144,41.30982],[19.759233,41.309986],[19.759233,41.309987],[19.759335,41.310144],[19.759338,41.310148],[19.759369,41.310195],[19.7594,41.310237],[19.75946,41.310302],[19.75951,41.310356],[19.759599,41.310444],[19.759602,41.310447],[19.759648,41.310493],[19.759686,41.31053],[19.759722,41.310564],[19.759749,41.31059],[19.759898,41.31073],[19.760039,41.310864],[19.760047,41.310871],[19.760143,41.310961],[19.760202,41.311009],[19.760274,41.311067],[19.76037,41.311136],[19.760402,41.311159],[19.760543,41.311248],[19.760552,41.311253],[19.760694,41.311331],[19.760748,41.311357],[19.760842,41.311404],[19.760953,41.311449],[19.761031,41.311481],[19.761164,41.311535],[19.761374,41.311621],[19.761425,41.311642],[19.761584,41.311707],[19.761738,41.31177],[19.761795,41.311793],[19.761945,41.311854],[19.762005,41.311879],[19.762017,41.311884],[19.762121,41.311927],[19.762215,41.311966],[19.762286,41.311995],[19.762425,41.312052],[19.762533,41.312097],[19.762635,41.312138],[19.762846,41.312224],[19.762915,41.312252],[19.763056,41.31231],[19.763073,41.312316],[19.763267,41.312395],[19.763478,41.312481],[19.763688,41.312566],[19.763825,41.312622],[19.763899,41.312652],[19.76411,41.312737],[19.764321,41.312823],[19.764355,41.312837],[19.764531,41.312908],[19.764636,41.312951],[19.764742,41.312994],[19.764896,41.313057],[19.764952,41.31308],[19.764972,41.313088],[19.765163,41.313165],[19.765324,41.31323],[19.765369,41.313249],[19.765374,41.313251],[19.765544,41.31332],[19.765584,41.313337],[19.76573,41.313395],[19.76578,41.313416],[19.765795,41.313422],[19.766005,41.313509],[19.766052,41.313528],[19.766193,41.313586],[19.766215,41.313595],[19.766294,41.313626],[19.766374,41.313659],[19.766426,41.31368],[19.766455,41.313691],[19.766638,41.313765],[19.76676,41.313814],[19.766841,41.313846],[19.766849,41.313849],[19.766932,41.313882],[19.767061,41.313933],[19.767135,41.313963],[19.767256,41.314009],[19.767273,41.314016],[19.767292,41.314024],[19.767484,41.314102],[19.767649,41.314168],[19.767695,41.314187],[19.767724,41.314199],[19.767906,41.314272],[19.768002,41.314311],[19.768117,41.314357],[19.768277,41.314422],[19.768328,41.314443],[19.768538,41.314528],[19.768672,41.314582],[19.768749,41.314613],[19.76896,41.314699],[19.769107,41.314758],[19.769171,41.314784],[19.769276,41.314827],[19.769382,41.31487],[19.769569,41.314945],[19.769593,41.314955],[19.769696,41.314997],[19.769804,41.315039],[19.769848,41.315056],[19.770015,41.315124],[19.770161,41.315184],[19.770225,41.315211],[19.770436,41.315296],[19.770647,41.315381],[19.770776,41.315433],[19.770858,41.315466],[19.771069,41.315551],[19.771281,41.315635],[19.771492,41.31572],[19.771511,41.315728],[19.771703,41.315805],[19.771727,41.315815],[19.771913,41.315891],[19.772123,41.315978],[19.772324,41.31606],[19.772334,41.316064],[19.772429,41.316102],[19.772449,41.31611],[19.772554,41.316131],[19.77257,41.316134],[19.772681,41.316177],[19.772769,41.31621],[19.772982,41.316292],[19.772986,41.316293],[19.773198,41.31637],[19.773337,41.316421],[19.773415,41.316446],[19.773633,41.31652],[19.773804,41.316577],[19.773852,41.316593],[19.774073,41.316663],[19.774293,41.316733],[19.774514,41.316803],[19.774525,41.316807],[19.774734,41.316874],[19.774798,41.316894],[19.774867,41.316916],[19.774955,41.316944],[19.775054,41.316977],[19.775175,41.317015],[19.775283,41.317049],[19.775395,41.317086],[19.775615,41.317158],[19.775834,41.317229],[19.775839,41.317231],[19.776053,41.317302],[19.776078,41.31731],[19.776111,41.317321],[19.776273,41.317374],[19.776283,41.317378],[19.776425,41.317425],[19.776492,41.317446],[19.776714,41.317514],[19.776935,41.317582],[19.777157,41.317651],[19.777379,41.317719],[19.777594,41.317785],[19.7776,41.317787],[19.777784,41.317843],[19.777822,41.317855],[19.778043,41.317925],[19.778263,41.317995],[19.778283,41.318002],[19.778459,41.318057],[19.778484,41.318065],[19.778705,41.318134],[19.778927,41.318202],[19.779148,41.31827],[19.77937,41.318339],[19.779591,41.318407],[19.779694,41.318439],[19.779738,41.318453],[19.779813,41.318475],[19.779815,41.318476],[19.780035,41.318543],[19.780256,41.318612],[19.780328,41.318634],[19.780478,41.318679],[19.780597,41.318715],[19.7807,41.318748],[19.780919,41.31882],[19.781139,41.318891],[19.781359,41.318962],[19.781399,41.318976],[19.781537,41.31902],[19.781578,41.319033],[19.781799,41.319102],[19.781955,41.319151],[19.782021,41.319171],[19.782243,41.319238],[19.782354,41.319272],[19.782465,41.319306],[19.782686,41.319374],[19.782908,41.319443],[19.782974,41.319463],[19.783129,41.319511],[19.783351,41.31958],[19.783572,41.319648],[19.783781,41.319713],[19.783794,41.319717],[19.783828,41.319729],[19.784011,41.319793],[19.784043,41.319804],[19.784212,41.319864],[19.784228,41.319869],[19.784428,41.319932],[19.784449,41.319939],[19.784667,41.320013],[19.784779,41.320051],[19.784886,41.320086],[19.785106,41.320158],[19.785325,41.320229],[19.785545,41.320301],[19.78556,41.320306],[19.785628,41.32033],[19.785763,41.320376],[19.785981,41.32045],[19.786115,41.320496],[19.786199,41.320524],[19.786417,41.320599],[19.786534,41.320639],[19.786585,41.320656],[19.786635,41.320673],[19.786696,41.320694],[19.786853,41.320748],[19.78707,41.320824],[19.78727,41.320893],[19.787288,41.320899],[19.787372,41.320929],[19.787505,41.320974],[19.787621,41.321013],[19.787687,41.321033],[19.787725,41.321045],[19.787796,41.321068],[19.787862,41.321089],[19.787946,41.321116],[19.788007,41.321135],[19.788165,41.321189],[19.788358,41.321254],[19.788383,41.321262],[19.788497,41.321299],[19.788603,41.321334],[19.78865,41.321349],[19.788806,41.321385],[19.788831,41.321388],[19.788917,41.321398],[19.78907,41.321405],[19.789099,41.321406],[19.789218,41.32141],[19.789309,41.321415],[19.789349,41.321417],[19.789373,41.321411],[19.78946,41.321402],[19.789547,41.321411],[19.789548,41.321411],[19.789629,41.321437],[19.789698,41.321478],[19.789737,41.321516],[19.789751,41.321531],[19.789769,41.321558],[19.789855,41.321615],[19.789898,41.321646],[19.789938,41.321675],[19.790008,41.321725],[19.790079,41.321765],[19.79014,41.3218],[19.790252,41.321849],[19.790284,41.321858],[19.79041,41.321895],[19.790506,41.321925],[19.790647,41.321968],[19.790729,41.321991],[19.790855,41.322027],[19.790953,41.322055],[19.791177,41.322118],[19.791296,41.322152],[19.791401,41.322181],[19.791494,41.322208],[19.791591,41.322234],[19.791626,41.322243],[19.791851,41.322306],[19.792068,41.322367],[19.792075,41.322369],[19.792097,41.322376],[19.792126,41.322385],[19.792298,41.322435],[19.792337,41.322446],[19.792521,41.3225],[19.79273,41.322561],[19.792744,41.322565],[19.792968,41.322629],[19.793049,41.322652],[19.793193,41.322691],[19.793377,41.322741],[19.793418,41.322753],[19.793642,41.322816],[19.793866,41.32288],[19.793893,41.322888],[19.79409,41.322943],[19.794315,41.323006],[19.794539,41.323069],[19.794574,41.323079],[19.794763,41.323132],[19.794988,41.323195],[19.795212,41.323258],[19.795436,41.323322],[19.795444,41.323324],[19.79554,41.323351],[19.79566,41.323385],[19.795885,41.323448],[19.796022,41.323487],[19.796109,41.323511],[19.796118,41.323514],[19.796333,41.323574],[19.796557,41.323637],[19.796782,41.323701],[19.796886,41.32373],[19.797006,41.323764],[19.797012,41.323766],[19.79723,41.323827],[19.797344,41.323859],[19.797439,41.323886],[19.797454,41.32389],[19.797556,41.32392],[19.797678,41.323955],[19.797901,41.32402],[19.798125,41.324084],[19.798178,41.3241],[19.798348,41.324149],[19.798572,41.324214],[19.798788,41.324276],[19.798795,41.324278],[19.799018,41.324344],[19.799241,41.32441],[19.799464,41.324476],[19.799466,41.324477],[19.799687,41.324542],[19.799909,41.324608],[19.800132,41.324675],[19.800323,41.324732],[19.800354,41.324741],[19.800576,41.324808],[19.800584,41.324811],[19.800798,41.324877],[19.80102,41.324945],[19.801241,41.325013],[19.801463,41.325082],[19.801684,41.32515],[19.801906,41.325218],[19.802128,41.325286],[19.802349,41.325355],[19.802571,41.325423],[19.802763,41.325482],[19.802792,41.325491],[19.803014,41.325559],[19.803186,41.325611],[19.803236,41.325627],[19.803308,41.325649],[19.80335,41.325663],[19.803433,41.325688],[19.803457,41.325696],[19.803537,41.325721],[19.803641,41.325753],[19.803678,41.325765],[19.803807,41.325806],[19.803899,41.325834],[19.80412,41.325904],[19.80425,41.325944],[19.804341,41.325973],[19.804563,41.326042],[19.804665,41.326074],[19.804784,41.326111],[19.805005,41.32618],[19.805226,41.326249],[19.80528,41.326266],[19.805348,41.326286],[19.805429,41.326311],[19.805448,41.326317],[19.805463,41.326322],[19.805669,41.326385],[19.805891,41.326453],[19.806113,41.326521],[19.806312,41.326582],[19.806335,41.326589],[19.806555,41.326659],[19.806667,41.326694],[19.806777,41.326727],[19.806875,41.326757],[19.806998,41.326795],[19.80722,41.326864],[19.807441,41.326933],[19.807663,41.327001],[19.807694,41.327011],[19.807761,41.327032],[19.80779,41.327041],[19.807833,41.327054],[19.807884,41.32707],[19.80789,41.327072],[19.808106,41.327138],[19.808119,41.327142],[19.808327,41.327207],[19.808454,41.327246],[19.808549,41.327275],[19.808598,41.327291],[19.80877,41.327344],[19.808973,41.327406],[19.808992,41.327412],[19.809211,41.327479],[19.809213,41.32748],[19.809434,41.32755],[19.809624,41.327609],[19.809655,41.327619],[19.809705,41.327635],[19.809876,41.327688],[19.810009,41.327729],[19.810098,41.327756],[19.810162,41.327775],[19.81032,41.327824],[19.810541,41.327892],[19.810763,41.32796],[19.810985,41.328028],[19.811094,41.328062],[19.811206,41.328097],[19.811263,41.328116],[19.811386,41.32815],[19.811417,41.328159],[19.811429,41.328162],[19.811514,41.328183],[19.81166,41.32821],[19.811721,41.328222],[19.811896,41.328242],[19.811967,41.328251],[19.812133,41.32826],[19.812134,41.32826],[19.812283,41.32826],[19.812374,41.328256],[19.812384,41.328256],[19.812613,41.328246],[19.812852,41.328235],[19.812905,41.328233],[19.813011,41.328228],[19.813091,41.328225],[19.81333,41.328214],[19.813568,41.328204],[19.813569,41.328204],[19.813659,41.328199],[19.813808,41.328192],[19.814009,41.328183],[19.814047,41.328181],[19.814286,41.328171],[19.814525,41.328161],[19.814764,41.32815],[19.814803,41.328149],[19.815004,41.32814],[19.815236,41.32813],[19.815243,41.32813],[19.815482,41.328118],[19.815592,41.328113],[19.815721,41.328108],[19.81596,41.328097],[19.81602,41.328095],[19.816065,41.328093],[19.816211,41.3281],[19.816214,41.328088],[19.81624,41.327989],[19.816257,41.327921],[19.816284,41.32781],[19.816302,41.327744],[19.816331,41.327641],[19.81635,41.327568],[19.816396,41.327391],[19.816419,41.327303],[19.816444,41.327215],[19.816494,41.327039],[19.816534,41.326899],[19.816544,41.326863],[19.816555,41.326826],[19.816593,41.326687],[19.8166,41.326663],[19.816643,41.326512],[19.816693,41.326336],[19.816743,41.32616],[19.81677,41.326068],[19.816793,41.325984],[19.816843,41.325808],[19.816865,41.325732],[19.81689,41.325642],[19.816893,41.325632],[19.816902,41.325598],[19.817038,41.325619],[19.817091,41.325627],[19.817326,41.325664],[19.817346,41.325667],[19.81756,41.325701],[19.817795,41.325738],[19.818029,41.325774],[19.818264,41.325811],[19.818498,41.325848],[19.818733,41.325885],[19.818888,41.325909],[19.818923,41.325915],[19.818967,41.325922],[19.819015,41.325929],[19.819105,41.325943],[19.819086,41.326016],[19.819038,41.326192],[19.81899,41.326368],[19.818958,41.326489],[19.818942,41.326544],[19.818911,41.326661],[19.818909,41.326713],[19.818913,41.326723],[19.818925,41.326758],[19.818944,41.326779],[19.818975,41.326804],[19.819047,41.326858],[19.819053,41.326864],[19.81911,41.326915],[19.819164,41.32697],[19.819197,41.327008],[19.819201,41.327013],[19.819236,41.327063],[19.819265,41.327099],[19.81928,41.327113],[19.819307,41.327132],[19.81934,41.327143],[19.819346,41.327145],[19.819404,41.327158],[19.819496,41.327166],[19.819581,41.327173],[19.819632,41.327178],[19.819819,41.327194],[19.820057,41.327215],[19.820177,41.327225],[19.820295,41.327236],[19.820533,41.327256],[19.820624,41.327264],[19.820771,41.327277],[19.821009,41.327298],[19.821042,41.327301],[19.821247,41.327319],[19.821371,41.32733],[19.821485,41.32734],[19.821723,41.32736],[19.821888,41.327375],[19.82196,41.327381],[19.822053,41.327389],[19.822198,41.327402],[19.822436,41.327423],[19.822489,41.327427],[19.822609,41.327452],[19.822666,41.327472],[19.822671,41.327474],[19.822706,41.327514],[19.822622,41.327568],[19.822583,41.327591],[19.822576,41.327597],[19.822526,41.327636],[19.822463,41.327685],[19.822418,41.327731],[19.82239,41.327759],[19.822331,41.327831],[19.822296,41.327886],[19.822247,41.327963],[19.822197,41.328049],[19.822102,41.328214],[19.822075,41.328261],[19.82201,41.32838],[19.821957,41.328476],[19.821919,41.328547],[19.821889,41.328603],[19.821825,41.328712],[19.821772,41.3288],[19.821729,41.328877],[19.821636,41.329043],[19.821542,41.329208],[19.821449,41.329374],[19.821428,41.329411],[19.821354,41.329539],[19.821258,41.329704],[19.821163,41.329869],[19.821092,41.32999],[19.821067,41.330034],[19.820973,41.330199],[19.820878,41.330364],[19.820834,41.330441],[19.82082,41.330465],[19.820766,41.330522],[19.820675,41.330617],[19.820592,41.330608],[19.820548,41.330604],[19.820481,41.3306],[19.820379,41.330598],[19.820353,41.3306],[19.820278,41.330605],[19.820163,41.330613],[19.820113,41.330612],[19.820037,41.330611],[19.819876,41.330592],[19.81985,41.330589],[19.81964,41.330561],[19.819553,41.330549],[19.819404,41.330529],[19.819169,41.330497],[19.819044,41.330481],[19.818933,41.330466],[19.818697,41.330434],[19.818461,41.330402],[19.818226,41.330371],[19.818071,41.33035],[19.818029,41.330344],[19.81799,41.330338],[19.817947,41.330332],[19.817919,41.330432],[19.817907,41.330476],[19.817858,41.330652],[19.817809,41.330828],[19.81776,41.331004],[19.81774,41.331077],[19.817712,41.33118],[19.817698,41.331231],[19.817663,41.331356],[19.817614,41.331532],[19.81759,41.331621],[19.817565,41.331709],[19.817517,41.331885],[19.817493,41.331973],[19.817485,41.332],[19.817468,41.332061],[19.81742,41.332237],[19.817392,41.332337],[19.817371,41.332413],[19.817323,41.332589],[19.817274,41.332765],[19.817226,41.332942],[19.817196,41.333051],[19.817176,41.333117],[19.817157,41.333181],[19.817126,41.333293],[19.817119,41.333319],[19.817107,41.33336],[19.817076,41.333469],[19.817025,41.333645],[19.816975,41.333821],[19.816924,41.333997],[19.816874,41.334172],[19.816823,41.334348],[19.816773,41.334524],[19.816747,41.334615],[19.816726,41.334701],[19.816721,41.334721],[19.816679,41.334877],[19.816632,41.335053],[19.816587,41.335224],[19.816585,41.33523],[19.816536,41.335406],[19.816486,41.335582],[19.816465,41.335657],[19.816439,41.335758],[19.816429,41.335799],[19.81642,41.335833],[19.816387,41.335911],[19.816416,41.335915],[19.8165,41.33593],[19.81665,41.335954],[19.816831,41.335984],[19.816884,41.335992],[19.817023,41.336016],[19.817117,41.336033],[19.817196,41.336047],[19.817244,41.336055],[19.817324,41.33607],[19.81735,41.336074],[19.817437,41.33609],[19.817581,41.336121],[19.817603,41.336126],[19.817709,41.336163],[19.817799,41.336196],[19.818013,41.336276],[19.818228,41.336356],[19.818345,41.3364],[19.818441,41.336438],[19.8186,41.3365],[19.818654,41.336521],[19.818867,41.336603],[19.819069,41.336681],[19.81908,41.336685],[19.819144,41.336711],[19.819292,41.336768],[19.819505,41.336851],[19.819661,41.336911],[19.819717,41.336934],[19.819896,41.337009],[19.819925,41.337021],[19.819926,41.337022],[19.820067,41.337083],[19.820132,41.337114],[19.820162,41.337129],[19.820326,41.337219],[19.820519,41.337326],[19.820585,41.337362],[19.820712,41.337433],[19.820904,41.33754],[19.820968,41.337575],[19.821097,41.337647],[19.821187,41.337697],[19.821269,41.337746],[19.821286,41.337757],[19.821372,41.337816],[19.821464,41.337877],[19.821551,41.337936],[19.821642,41.337997],[19.821671,41.338016],[19.821821,41.338117],[19.821829,41.338123],[19.821924,41.338186],[19.821966,41.338214],[19.821998,41.338238],[19.822002,41.338241],[19.822091,41.338305],[19.822171,41.338363],[19.822187,41.338375],[19.822338,41.338492],[19.822504,41.338621],[19.822671,41.33875],[19.822749,41.338811],[19.82284,41.338878],[19.82299,41.338987],[19.823013,41.339002],[19.82317,41.339103],[19.823196,41.339118],[19.823356,41.339213],[19.823385,41.339229],[19.823552,41.339318],[19.823581,41.339332],[19.823677,41.339377],[19.823785,41.339427],[19.82385,41.339458],[19.823991,41.339518],[19.824016,41.339529],[19.824177,41.339591],[19.824205,41.339601],[19.824372,41.33966],[19.824423,41.339675],[19.824645,41.339742],[19.824679,41.339752],[19.824777,41.33978],[19.82487,41.339804],[19.825005,41.33984],[19.825097,41.339862],[19.825229,41.339894],[19.825326,41.339914],[19.825432,41.339936],[19.825558,41.339957],[19.825656,41.339974],[19.825722,41.339985],[19.825792,41.339995],[19.826027,41.34003],[19.826139,41.340046],[19.826184,41.340053],[19.826263,41.340063],[19.826322,41.340071],[19.826339,41.340149],[19.826348,41.340204],[19.826354,41.340242],[19.826354,41.340274],[19.826355,41.340286],[19.826355,41.340342],[19.826352,41.340384],[19.82635,41.340429],[19.82634,41.34053],[19.826335,41.340564],[19.826324,41.34065],[19.826311,41.340742],[19.826287,41.340921],[19.826285,41.340933],[19.826273,41.341027],[19.82627,41.341051],[19.826264,41.3411],[19.826261,41.341126],[19.826242,41.341204],[19.82622,41.341277],[19.826168,41.341453],[19.826151,41.341508],[19.826115,41.341628],[19.826063,41.341804],[19.826057,41.341823],[19.826011,41.341979],[19.826009,41.341984],[19.825984,41.342071],[19.82597,41.342116],[19.825959,41.342155],[19.825907,41.342331],[19.82589,41.342387],[19.825855,41.342506],[19.825839,41.342561],[19.825813,41.342651],[19.825804,41.342682],[19.825757,41.342858],[19.825756,41.342861],[19.825705,41.343034],[19.825704,41.343037],[19.825669,41.343161],[19.825658,41.34321],[19.825617,41.343388],[19.825576,41.343565],[19.825535,41.343742],[19.825534,41.343749],[19.825525,41.343788],[19.825494,41.343919],[19.825452,41.344096],[19.825435,41.344169],[19.825408,41.344273],[19.825377,41.344393],[19.825363,41.34445],[19.825316,41.344626],[19.825313,41.344637],[19.825267,41.344802],[19.825256,41.344839],[19.825237,41.344909],[19.825217,41.344978],[19.825211,41.344999],[19.825191,41.345055],[19.825158,41.345152],[19.825138,41.34521],[19.825103,41.345327],[19.825084,41.345389],[19.825044,41.345502],[19.824983,41.345676],[19.824973,41.345702],[19.824962,41.345733],[19.824919,41.345849],[19.824881,41.345951],[19.824855,41.346022],[19.824842,41.346056],[19.824832,41.346086],[19.824793,41.346196],[19.82477,41.346261],[19.824732,41.34637],[19.824709,41.346436],[19.824678,41.346517],[19.82467,41.346544],[19.824659,41.346578],[19.824609,41.346718],[19.824548,41.346892],[19.824536,41.346925],[19.824487,41.347066],[19.824426,41.347239],[19.824397,41.347324],[19.824365,41.347413],[19.824331,41.347512],[19.824304,41.347587],[19.824242,41.347761],[19.82418,41.347935],[19.824118,41.348109],[19.824115,41.348119],[19.824092,41.348189],[19.824061,41.348283],[19.82404,41.348348],[19.824003,41.348458],[19.823944,41.348632],[19.823885,41.348806],[19.823869,41.348854],[19.823826,41.348981]]},"properties":{"line":"12B","dir":"1","headsign":"5 Maji","mode":"bus","color":"#0059a9"}},{"type":"Feature","geometry":{"type":"LineString","coordinates":[[19.783778,41.332575],[19.783752,41.332624],[19.78369,41.332743],[19.783603,41.33291],[19.783516,41.333078],[19.783464,41.33318],[19.783434,41.333247],[19.783414,41.333293],[19.783375,41.333382],[19.783364,41.333419],[19.78331,41.333594],[19.783289,41.333662],[19.783268,41.33377],[19.783242,41.3339],[19.783237,41.333948],[19.783223,41.334093],[19.783222,41.334126],[19.783215,41.334306],[19.783211,41.334419],[19.783215,41.334485],[19.783223,41.334624],[19.783229,41.334664],[19.783257,41.334834],[19.783259,41.334842],[19.783299,41.335019],[19.783307,41.335053],[19.783342,41.335189],[19.783344,41.335195],[19.783378,41.335299],[19.783409,41.335368],[19.783435,41.335424],[19.783485,41.335539],[19.783534,41.335649],[19.783567,41.335708],[19.783657,41.33587],[19.78366,41.335874],[19.78377,41.336033],[19.783831,41.336122],[19.783886,41.336192],[19.784007,41.336347],[19.784072,41.33643],[19.784134,41.3365],[19.784267,41.33665],[19.7844,41.336799],[19.784533,41.336949],[19.784555,41.336974],[19.784669,41.337097],[19.784807,41.337244],[19.784944,41.337392],[19.785042,41.337497],[19.785083,41.337539],[19.785227,41.337683],[19.78537,41.337827],[19.785475,41.337933],[19.785514,41.337971],[19.785659,41.338114],[19.785706,41.338161],[19.785805,41.338255],[19.785954,41.338397],[19.786102,41.338538],[19.786117,41.338552],[19.786234,41.33869],[19.786362,41.338842],[19.786417,41.338907],[19.786464,41.338962],[19.78649,41.338993],[19.786577,41.339096],[19.786666,41.339072],[19.786718,41.339059],[19.786888,41.339005],[19.786979,41.338976],[19.787109,41.338936],[19.787321,41.33887],[19.78733,41.338867],[19.787551,41.338797],[19.787699,41.33875],[19.787772,41.338727],[19.787992,41.338658],[19.78802,41.338649],[19.788213,41.338588],[19.788292,41.338563],[19.788399,41.338526],[19.788432,41.338514],[19.788649,41.338439],[19.788726,41.338412],[19.788864,41.33836],[19.788871,41.338358],[19.789083,41.338286],[19.789291,41.338216],[19.789301,41.338213],[19.789519,41.338137],[19.78954,41.338129],[19.789571,41.338119],[19.789737,41.338063],[19.789859,41.338021],[19.789954,41.337987],[19.789992,41.337974],[19.790077,41.337944],[19.790171,41.337911],[19.790345,41.337851],[19.790389,41.337836],[19.790606,41.33776],[19.790824,41.337685],[19.790986,41.337628],[19.791041,41.33761],[19.79126,41.337537],[19.791479,41.337464],[19.791698,41.337391],[19.791832,41.337347],[19.791916,41.337315],[19.79213,41.337235],[19.792281,41.337179],[19.792346,41.337157],[19.79252,41.337097],[19.792563,41.337082],[19.792649,41.337052],[19.792781,41.337006],[19.792998,41.336931],[19.793215,41.336855],[19.793433,41.33678],[19.79348,41.336763],[19.79365,41.336704],[19.793868,41.336629],[19.794058,41.336563],[19.794085,41.336553],[19.794302,41.336477],[19.794465,41.336419],[19.794519,41.3364],[19.794736,41.336325],[19.794954,41.33625],[19.795013,41.336229],[19.795171,41.336175],[19.795389,41.336101],[19.795551,41.336045],[19.795607,41.336026],[19.795824,41.33595],[19.795891,41.335927],[19.796042,41.335874],[19.796154,41.335835],[19.796259,41.335799],[19.796262,41.335798],[19.796363,41.335763],[19.796477,41.335724],[19.796524,41.335708],[19.796695,41.335649],[19.796913,41.335575],[19.796994,41.335547],[19.797075,41.335519],[19.797131,41.3355],[19.797348,41.335425],[19.797566,41.33535],[19.79769,41.335307],[19.797783,41.335274],[19.797932,41.335223],[19.798,41.335198],[19.798104,41.335162],[19.798218,41.335123],[19.798436,41.335049],[19.798477,41.335035],[19.798653,41.334973],[19.79887,41.334897],[19.799088,41.334821],[19.799197,41.334783],[19.799305,41.334746],[19.799523,41.334671],[19.799544,41.334664],[19.79974,41.334595],[19.799957,41.334519],[19.80016,41.334447],[19.800174,41.334442],[19.800259,41.334413],[19.800391,41.334366],[19.800524,41.33432],[19.800608,41.33429],[19.800825,41.334215],[19.800901,41.334189],[19.80093,41.334178],[19.801043,41.334139],[19.80126,41.334064],[19.801293,41.334053],[19.801347,41.334034],[19.801379,41.334023],[19.801398,41.334016],[19.801478,41.333989],[19.801695,41.333913],[19.80188,41.333848],[19.801881,41.333848],[19.801999,41.333807],[19.802217,41.333732],[19.802298,41.333704],[19.802434,41.333656],[19.802468,41.333644],[19.802651,41.333581],[19.802869,41.333505],[19.803086,41.33343],[19.803304,41.333354],[19.803521,41.333279],[19.803564,41.333264],[19.803722,41.333182],[19.803778,41.333153],[19.803815,41.333122],[19.80389,41.333054],[19.803924,41.333023],[19.804006,41.332948],[19.804028,41.332909],[19.804046,41.332875],[19.804105,41.332817],[19.804176,41.332772],[19.80418,41.33277],[19.804268,41.332739],[19.804363,41.332725],[19.804407,41.332726],[19.80446,41.332728],[19.804553,41.332748],[19.804592,41.332763],[19.804629,41.332781],[19.80463,41.332781],[19.804699,41.332829],[19.804752,41.332888],[19.80477,41.332924],[19.804785,41.332955],[19.804796,41.333025],[19.804793,41.333062],[19.804785,41.333098],[19.804786,41.3331],[19.804837,41.333204],[19.804869,41.333269],[19.804873,41.333276],[19.804903,41.333326],[19.804979,41.333421],[19.804985,41.333426],[19.80511,41.333535],[19.805146,41.333559],[19.805278,41.333647],[19.805325,41.333679],[19.805503,41.333799],[19.805566,41.333841],[19.805684,41.333916],[19.805737,41.33395],[19.80587,41.334029],[19.805909,41.334053],[19.805922,41.334061],[19.806032,41.334117],[19.806067,41.334133],[19.806105,41.33415],[19.806134,41.334163],[19.806241,41.334209],[19.806275,41.334221],[19.806345,41.334247],[19.806391,41.334261],[19.80648,41.334289],[19.806495,41.334293],[19.806603,41.334318],[19.806726,41.33434],[19.806738,41.334342],[19.80696,41.334379],[19.807193,41.334418],[19.807389,41.334451],[19.807427,41.334457],[19.807509,41.33447],[19.807661,41.334494],[19.807818,41.33452],[19.807896,41.334533],[19.808129,41.334571],[19.808262,41.334593],[19.808363,41.334609],[19.808597,41.334648],[19.808715,41.334667],[19.808832,41.334686],[19.809066,41.334724],[19.809108,41.334731],[19.809299,41.334763],[19.809417,41.334782],[19.809533,41.334802],[19.809686,41.334828],[19.809767,41.334841],[19.810001,41.334879],[19.810217,41.334915],[19.810235,41.334918],[19.810469,41.334956],[19.810655,41.334986],[19.810703,41.334994],[19.810937,41.335034],[19.81108,41.335058],[19.811107,41.335063],[19.81117,41.335073],[19.811212,41.33508],[19.811333,41.335099],[19.811405,41.335111],[19.811639,41.335148],[19.811841,41.33518],[19.811873,41.335186],[19.812107,41.335226],[19.812221,41.335245],[19.812252,41.33525],[19.812341,41.335264],[19.812436,41.335279],[19.812575,41.335302],[19.812586,41.335304],[19.812809,41.335341],[19.813042,41.33538],[19.813276,41.335419],[19.81351,41.335458],[19.813744,41.335497],[19.81382,41.335509],[19.813978,41.335535],[19.814212,41.335572],[19.814447,41.335609],[19.814681,41.335646],[19.814915,41.335684],[19.815008,41.335698],[19.81515,41.33572],[19.815384,41.335757],[19.815497,41.335774],[19.815619,41.335794],[19.815767,41.335817],[19.815854,41.335807],[19.815963,41.335794],[19.816023,41.335776],[19.816079,41.335752],[19.816082,41.335751],[19.81628,41.335654],[19.816302,41.335644],[19.816316,41.335597],[19.816349,41.335481],[19.816401,41.335305],[19.816417,41.335247],[19.81645,41.335129],[19.816499,41.334953],[19.816548,41.334777],[19.816598,41.334601],[19.816617,41.33453],[19.816647,41.334425],[19.816697,41.334249],[19.816733,41.334124],[19.816747,41.334073],[19.816794,41.333897],[19.816842,41.33372],[19.816889,41.333544],[19.816937,41.333368],[19.816956,41.333295],[19.816973,41.333189],[19.816981,41.333134],[19.817012,41.333025],[19.817015,41.333013],[19.817063,41.332836],[19.817112,41.33266],[19.817127,41.332604],[19.81716,41.332484],[19.817196,41.332351],[19.817208,41.332308],[19.817257,41.332132],[19.8173,41.331972],[19.817305,41.331956],[19.817317,41.331912],[19.817353,41.331779],[19.817402,41.331603],[19.81745,41.331427],[19.817498,41.331251],[19.817515,41.331192],[19.817547,41.331075],[19.817596,41.330899],[19.817644,41.330723],[19.817693,41.330546],[19.817725,41.330431],[19.817733,41.330402],[19.817741,41.33037],[19.81776,41.330302],[19.817643,41.330284],[19.817616,41.33028],[19.817382,41.330244],[19.817147,41.330208],[19.81692,41.330173],[19.816913,41.330171],[19.816851,41.330157],[19.816764,41.330132],[19.816703,41.330106],[19.816693,41.3301],[19.816622,41.330063],[19.816538,41.330011],[19.816508,41.329987],[19.816466,41.329954],[19.816393,41.329882],[19.816363,41.329844],[19.816329,41.3298],[19.816275,41.329711],[19.816261,41.329682],[19.81618,41.329512],[19.81613,41.32941],[19.816104,41.329342],[19.816036,41.329169],[19.816009,41.329097],[19.81598,41.328995],[19.815978,41.328988],[19.816029,41.328814],[19.816074,41.328662],[19.816079,41.328639],[19.816123,41.328462],[19.816163,41.328304],[19.816168,41.328285],[19.816171,41.328269],[19.816188,41.328199],[19.816202,41.328138],[19.816209,41.328108],[19.816211,41.3281],[19.81624,41.327989],[19.816254,41.327931],[19.816284,41.32781],[19.8163,41.327755],[19.816331,41.327641],[19.816347,41.327578],[19.816393,41.327402],[19.816419,41.327303],[19.816441,41.327226],[19.816491,41.32705],[19.816534,41.326899],[19.816541,41.326874],[19.816555,41.326826],[19.816591,41.326698],[19.8166,41.326663],[19.81664,41.326522],[19.81669,41.326346],[19.81674,41.32617],[19.81677,41.326068],[19.81679,41.325994],[19.81684,41.325818],[19.816865,41.325732],[19.81689,41.325642],[19.81689,41.325642],[19.816902,41.325598],[19.817038,41.325619],[19.817078,41.325625],[19.817312,41.325662],[19.817346,41.325667],[19.817547,41.325699],[19.817781,41.325735],[19.818015,41.325772],[19.81825,41.325809],[19.818484,41.325846],[19.818719,41.325883],[19.818888,41.325909],[19.818923,41.325915],[19.818953,41.325919],[19.819015,41.325929],[19.819035,41.325853],[19.819049,41.325799],[19.819095,41.325623],[19.819104,41.32559],[19.819124,41.325513],[19.819142,41.325446],[19.819151,41.325413],[19.81919,41.32527],[19.819238,41.325094],[19.819286,41.324917],[19.819334,41.324741],[19.819381,41.324565],[19.819429,41.324389],[19.819477,41.324213],[19.819497,41.324139],[19.819504,41.324115],[19.81951,41.32409],[19.819525,41.324036],[19.819537,41.323996],[19.819551,41.323947],[19.81956,41.323915],[19.819575,41.32386],[19.819624,41.323684],[19.819629,41.323669],[19.819639,41.323629],[19.819657,41.323562],[19.819672,41.323508],[19.819683,41.323468],[19.819692,41.323437],[19.819721,41.323332],[19.819769,41.323156],[19.819816,41.322988],[19.819818,41.32298],[19.819866,41.322804],[19.819915,41.322628],[19.819963,41.322451],[19.820012,41.322275],[19.820061,41.322099],[19.820081,41.322024],[19.82011,41.321923],[19.820159,41.321747],[19.820209,41.321571],[19.820258,41.321395],[19.820294,41.321268],[19.820308,41.321219],[19.820322,41.321173],[19.820342,41.321099],[19.820357,41.321043],[19.820406,41.320867],[19.820454,41.320691],[19.820502,41.320515],[19.82055,41.320338],[19.820598,41.320162],[19.820647,41.319986],[19.820653,41.319963],[19.820695,41.31981],[19.820739,41.319651],[19.820744,41.319634],[19.820763,41.319563],[19.82067,41.319551],[19.820622,41.319545],[19.820386,41.319513],[19.82015,41.319482],[19.819914,41.319451],[19.819816,41.319438],[19.819679,41.319419],[19.819485,41.319393],[19.819443,41.319388],[19.819207,41.319357],[19.818971,41.319327],[19.818756,41.319299],[19.818738,41.319296],[19.818735,41.319296],[19.818647,41.319282],[19.818604,41.319276],[19.81854,41.319266],[19.818514,41.319262],[19.8185,41.31926],[19.818265,41.319225],[19.818241,41.319221],[19.818214,41.319217],[19.81803,41.31919],[19.817813,41.319157],[19.817795,41.319155],[19.817768,41.319151],[19.81756,41.31912],[19.817507,41.319112],[19.817325,41.319084],[19.817098,41.31905],[19.817091,41.319049],[19.816881,41.319018],[19.816856,41.319014],[19.816623,41.318979],[19.816621,41.318979],[19.816542,41.318967],[19.816432,41.31895],[19.816386,41.318942],[19.816152,41.318905],[19.816093,41.318896],[19.815918,41.318868],[19.815751,41.318841],[19.815683,41.318831],[19.815449,41.318793],[19.815346,41.318777],[19.815215,41.318756],[19.815151,41.318746],[19.815046,41.318729],[19.814979,41.318731],[19.814913,41.318733],[19.81483,41.318728],[19.814743,41.31871],[19.814544,41.318668],[19.814511,41.318666],[19.814464,41.318663],[19.814406,41.318642],[19.81436,41.318609],[19.81433,41.318566],[19.81433,41.318565],[19.81432,41.318519],[19.814331,41.318471],[19.814308,41.318445],[19.814289,41.318423],[19.814277,41.318413],[19.814263,41.318403],[19.81426,41.318401],[19.814242,41.318389],[19.814207,41.318375],[19.81418,41.318369],[19.81404,41.318346],[19.813806,41.318309],[19.813572,41.318272],[19.813501,41.318261],[19.813337,41.318234],[19.813103,41.318196],[19.812966,41.318174],[19.812881,41.31816],[19.812726,41.318135],[19.812492,41.318097],[19.812258,41.318058],[19.812251,41.318057],[19.812023,41.318022],[19.811811,41.317989],[19.811789,41.317985],[19.811554,41.317948],[19.81132,41.31791],[19.811086,41.317873],[19.81087,41.317839],[19.810851,41.317838],[19.810784,41.317833],[19.81069,41.317838],[19.810615,41.317852],[19.810532,41.317868],[19.810396,41.317922],[19.810333,41.317947],[19.810302,41.317962],[19.810192,41.318016],[19.809992,41.318115],[19.809794,41.318213],[19.809792,41.318214],[19.809593,41.318313],[19.809393,41.318413],[19.809193,41.318512],[19.808994,41.318612],[19.808794,41.318711],[19.808773,41.318722],[19.808594,41.31881],[19.808508,41.318852],[19.808395,41.318909],[19.808285,41.318965],[19.808199,41.319013],[19.80812,41.319057],[19.808003,41.319115],[19.80797,41.319132],[19.807805,41.319217],[19.807646,41.3193],[19.807608,41.319318],[19.807406,41.319416],[19.807205,41.319513],[19.807004,41.319611],[19.806803,41.319709],[19.806693,41.319762],[19.806601,41.319806],[19.806485,41.319861],[19.8064,41.319904],[19.806276,41.319967],[19.806203,41.320005],[19.806182,41.320017],[19.806103,41.320071],[19.806036,41.320133],[19.806023,41.320145],[19.805955,41.320233],[19.805923,41.320292],[19.805895,41.320344],[19.805851,41.320446],[19.805844,41.320461],[19.805769,41.320632],[19.805693,41.320803],[19.805618,41.320974],[19.805609,41.320996],[19.805544,41.321145],[19.805508,41.321228],[19.805468,41.321315],[19.805464,41.321324],[19.805436,41.321388],[19.805432,41.321396],[19.805421,41.321421],[19.805393,41.321486],[19.805318,41.321657],[19.805316,41.32166],[19.805303,41.321688],[19.805276,41.32175],[19.805175,41.321734],[19.80517,41.321733],[19.805096,41.321722],[19.804954,41.3217],[19.804935,41.321697],[19.804741,41.321667],[19.804701,41.32166],[19.804548,41.321637],[19.804466,41.321624],[19.804293,41.321597],[19.804232,41.321586],[19.80423,41.321586],[19.803997,41.321549],[19.803763,41.321513],[19.803565,41.321482],[19.803528,41.321477],[19.80334,41.321449],[19.803293,41.321442],[19.803059,41.321405],[19.802825,41.321368],[19.80259,41.32133],[19.802356,41.321293],[19.802234,41.321274],[19.802171,41.321264],[19.802122,41.321256],[19.801887,41.321219],[19.801653,41.321183],[19.801607,41.321176],[19.801418,41.321146],[19.801184,41.32111],[19.800949,41.321073],[19.800714,41.321037],[19.80071,41.321036],[19.80048,41.321002],[19.800245,41.320967],[19.80001,41.320932],[19.799775,41.320897],[19.79954,41.320862],[19.799318,41.320829],[19.799305,41.320827],[19.79918,41.320807],[19.799071,41.320787],[19.799,41.320775],[19.798839,41.320743],[19.798808,41.320737],[19.798674,41.320708],[19.798608,41.320696],[19.798402,41.320656],[19.798376,41.320652],[19.798245,41.320627],[19.798144,41.320608],[19.798091,41.320598],[19.797932,41.320574],[19.797909,41.320572],[19.797723,41.320552],[19.797671,41.320549],[19.797472,41.320539],[19.797432,41.320538],[19.797261,41.320536],[19.797193,41.320539],[19.79711,41.320543],[19.796954,41.32055],[19.796897,41.320553],[19.796715,41.320566],[19.796574,41.320577],[19.796545,41.32058],[19.796478,41.320587],[19.796369,41.3206],[19.796241,41.320618],[19.796196,41.320624],[19.796009,41.320661],[19.795912,41.32068],[19.79578,41.320713],[19.795587,41.32076],[19.795552,41.320769],[19.795418,41.320806],[19.795327,41.32083],[19.795187,41.320868],[19.795104,41.320895],[19.795071,41.320906],[19.794885,41.320968],[19.794756,41.32101],[19.794665,41.32104],[19.794446,41.321112],[19.794297,41.321161],[19.794228,41.321186],[19.794162,41.321209],[19.794069,41.321242],[19.79401,41.321262],[19.793793,41.321336],[19.793671,41.321378],[19.793575,41.321412],[19.793359,41.321489],[19.793208,41.321542],[19.793144,41.321569],[19.793095,41.32159],[19.792991,41.32164],[19.792948,41.321671],[19.792886,41.321717],[19.792785,41.321803],[19.792782,41.321806],[19.792656,41.32192],[19.792632,41.321941],[19.792519,41.322044],[19.792478,41.322079],[19.792321,41.322215],[19.792213,41.32231],[19.792165,41.322351],[19.792126,41.322385],[19.792039,41.322476],[19.79201,41.322468],[19.791994,41.322464],[19.791785,41.322405],[19.791561,41.322343],[19.791527,41.322333],[19.791449,41.322314],[19.791391,41.322298],[19.791335,41.322284],[19.79129,41.322272],[19.791108,41.322225],[19.790882,41.322166],[19.790655,41.322108],[19.790615,41.322097],[19.790585,41.322089],[19.790485,41.322063],[19.790429,41.322072],[19.790343,41.322086],[19.790193,41.322081],[19.790045,41.3221],[19.789979,41.322123],[19.789881,41.322158],[19.789793,41.322209],[19.789727,41.322247],[19.789638,41.322324],[19.789619,41.322341],[19.789527,41.322463],[19.789511,41.322484],[19.789438,41.322616],[19.78941,41.322668],[19.789342,41.322783],[19.789309,41.322839],[19.789253,41.322943],[19.789182,41.323073],[19.789168,41.323103],[19.789108,41.323231],[19.78909,41.32327],[19.789013,41.323441],[19.788959,41.323562],[19.788935,41.323611],[19.788871,41.32374],[19.788847,41.323778],[19.788779,41.323885],[19.788736,41.323938],[19.788667,41.324023],[19.788608,41.32409],[19.788601,41.324098],[19.788484,41.324244],[19.788361,41.324398],[19.788275,41.324506],[19.788243,41.324554],[19.788138,41.324716],[19.788121,41.324742],[19.788021,41.324873],[19.787902,41.325029],[19.787859,41.325087],[19.787789,41.325188],[19.78768,41.325348],[19.787581,41.325494],[19.787571,41.325508],[19.78756,41.325525],[19.787469,41.325671],[19.787463,41.325681],[19.787373,41.325836],[19.787324,41.325921],[19.787277,41.326001],[19.787181,41.326165],[19.787144,41.32623],[19.787101,41.326312],[19.78709,41.326332],[19.787002,41.326499],[19.786914,41.326666],[19.786826,41.326833],[19.786738,41.327],[19.786649,41.327168],[19.786641,41.327184],[19.786565,41.327336],[19.78648,41.327504],[19.786396,41.327672],[19.786311,41.32784],[19.786248,41.327966],[19.786227,41.328009],[19.786144,41.328177],[19.786096,41.328274],[19.786056,41.328346],[19.785963,41.328511],[19.78587,41.328677],[19.785777,41.328843],[19.785684,41.329009],[19.785592,41.329174],[19.78557,41.329213],[19.785536,41.329277],[19.785502,41.329341],[19.785413,41.329508],[19.785368,41.329595],[19.785353,41.329622],[19.785325,41.329675],[19.785313,41.329697],[19.785261,41.329796],[19.785236,41.329842],[19.785223,41.329867],[19.785147,41.330009],[19.785069,41.330157],[19.785058,41.330176],[19.784965,41.330342],[19.784952,41.330367],[19.784873,41.330508],[19.78478,41.330674],[19.784691,41.330833],[19.784687,41.33084],[19.784604,41.331009],[19.78452,41.331177],[19.784436,41.331346],[19.784357,41.331506],[19.784353,41.331514],[19.784327,41.331567],[19.784278,41.331686],[19.784227,41.331812],[19.784206,41.331857],[19.784148,41.331981],[19.784116,41.332025],[19.784004,41.332184],[19.783987,41.332208],[19.783905,41.332347],[19.783863,41.332418],[19.783812,41.332513],[19.783778,41.332575]]},"properties":{"line":"13A","dir":"Muzeu Kombëtar A","headsign":"Muzeu Kombëtar A","mode":"bus","color":"#0059a9"}},{"type":"Feature","geometry":{"type":"LineString","coordinates":[[19.784473,41.330388],[19.784559,41.33022],[19.784564,41.330211],[19.784639,41.33005],[19.784647,41.330034],[19.78473,41.329884],[19.784798,41.329763],[19.784811,41.329739],[19.784819,41.329725],[19.784823,41.329718],[19.784847,41.329674],[19.784902,41.329576],[19.784915,41.329552],[19.784947,41.329496],[19.784954,41.329482],[19.785008,41.329386],[19.7851,41.32922],[19.785124,41.329177],[19.785191,41.329054],[19.785282,41.328888],[19.785373,41.328721],[19.78541,41.328654],[19.785459,41.328553],[19.78554,41.328384],[19.785621,41.328215],[19.785703,41.328046],[19.785784,41.327877],[19.785823,41.327795],[19.785871,41.327708],[19.785963,41.327542],[19.786055,41.327376],[19.786147,41.32721],[19.786239,41.327044],[19.786302,41.326931],[19.786331,41.326878],[19.786421,41.326711],[19.786511,41.326545],[19.786601,41.326378],[19.786691,41.326211],[19.786724,41.326151],[19.78678,41.326044],[19.786828,41.325955],[19.786865,41.325876],[19.786945,41.325707],[19.786967,41.325659],[19.787019,41.325537],[19.78709,41.325368],[19.787135,41.325263],[19.78725,41.325199],[19.78733,41.325053],[19.78742,41.324886],[19.787435,41.324858],[19.787514,41.32472],[19.787608,41.324554],[19.787625,41.324524],[19.787706,41.324389],[19.787733,41.324346],[19.787809,41.324226],[19.787911,41.324063],[19.788014,41.323901],[19.7881,41.323765],[19.788118,41.323739],[19.788164,41.32367],[19.788222,41.323577],[19.788324,41.323415],[19.788426,41.323252],[19.788527,41.323089],[19.788542,41.323066],[19.788536,41.32297],[19.7886,41.322903],[19.788626,41.322876],[19.78874,41.322767],[19.788742,41.322765],[19.788785,41.322713],[19.788844,41.322606],[19.788933,41.322443],[19.788935,41.322439],[19.788984,41.322326],[19.789008,41.322268],[19.789026,41.322226],[19.789073,41.322095],[19.789128,41.321944],[19.789137,41.321922],[19.789155,41.321876],[19.789187,41.321793],[19.789166,41.321764],[19.789158,41.321753],[19.789145,41.321736],[19.789132,41.321706],[19.78913,41.321674],[19.78913,41.321628],[19.789147,41.321577],[19.789153,41.321558],[19.789202,41.321496],[19.789272,41.321447],[19.789291,41.321438],[19.789309,41.32143],[19.789349,41.321417],[19.789373,41.321411],[19.78946,41.321402],[19.78952,41.321408],[19.789548,41.321411],[19.789629,41.321437],[19.789698,41.321478],[19.789721,41.3215],[19.789751,41.321531],[19.789769,41.321558],[19.789855,41.321615],[19.789879,41.321632],[19.789938,41.321675],[19.790008,41.321725],[19.790057,41.321753],[19.79014,41.3218],[19.790252,41.321849],[19.790258,41.32185],[19.79041,41.321895],[19.790481,41.321917],[19.790647,41.321968],[19.790703,41.321984],[19.790855,41.322027],[19.790927,41.322047],[19.791151,41.322111],[19.791296,41.322152],[19.791375,41.322174],[19.791494,41.322208],[19.791575,41.322148],[19.791622,41.322113],[19.791746,41.322022],[19.791765,41.322008],[19.791915,41.321894],[19.792009,41.321823],[19.792081,41.321765],[19.792171,41.321692],[19.792244,41.321633],[19.792302,41.321587],[19.792412,41.321505],[19.792519,41.321426],[19.792586,41.321381],[19.792715,41.321295],[19.79277,41.321267],[19.79297,41.321167],[19.792978,41.321163],[19.793105,41.321111],[19.793155,41.321091],[19.79318,41.321081],[19.793203,41.321071],[19.793397,41.321005],[19.793588,41.320941],[19.793615,41.320931],[19.793825,41.32086],[19.793834,41.320857],[19.793905,41.320833],[19.794052,41.320784],[19.794271,41.32071],[19.794489,41.320636],[19.794707,41.320562],[19.794926,41.320489],[19.794931,41.320487],[19.795149,41.320423],[19.795225,41.320401],[19.795373,41.32036],[19.795419,41.320348],[19.795601,41.320305],[19.79561,41.320303],[19.795833,41.32026],[19.795945,41.320238],[19.796067,41.32022],[19.796298,41.320187],[19.796302,41.320186],[19.79654,41.320165],[19.796658,41.320155],[19.796778,41.320149],[19.796891,41.320144],[19.797017,41.320142],[19.797217,41.320137],[19.797257,41.320138],[19.797496,41.320144],[19.79752,41.320144],[19.797735,41.320157],[19.797839,41.320163],[19.797973,41.320177],[19.798159,41.320195],[19.79821,41.320201],[19.798446,41.320232],[19.798481,41.320237],[19.798682,41.320264],[19.798898,41.320294],[19.798918,41.320297],[19.799014,41.32031],[19.799154,41.320327],[19.799211,41.320335],[19.799369,41.320358],[19.799389,41.320361],[19.799482,41.320373],[19.799624,41.320394],[19.799684,41.320404],[19.799859,41.320432],[19.800093,41.320469],[19.800327,41.320507],[19.800561,41.320544],[19.800594,41.320549],[19.800796,41.320581],[19.80103,41.320618],[19.801264,41.320656],[19.801499,41.320693],[19.801733,41.32073],[19.801967,41.320767],[19.80211,41.32079],[19.802202,41.320805],[19.802371,41.320832],[19.802436,41.320842],[19.80267,41.320879],[19.802905,41.320916],[19.802944,41.320923],[19.80304,41.320938],[19.803139,41.320955],[19.803372,41.320994],[19.803474,41.321011],[19.803606,41.321033],[19.803621,41.321035],[19.803841,41.32107],[19.804075,41.321107],[19.804195,41.321126],[19.804309,41.321143],[19.804329,41.321146],[19.804544,41.32118],[19.804759,41.321214],[19.804778,41.321217],[19.804907,41.321237],[19.805014,41.321225],[19.805147,41.321209],[19.805213,41.32119],[19.805243,41.321176],[19.805282,41.321159],[19.805364,41.321112],[19.805428,41.321063],[19.805445,41.32105],[19.80551,41.320971],[19.805536,41.320905],[19.805582,41.320793],[19.805608,41.320734],[19.805681,41.320562],[19.805741,41.320424],[19.805756,41.320392],[19.805797,41.320307],[19.805843,41.320224],[19.805859,41.320194],[19.805926,41.320113],[19.805969,41.320072],[19.806013,41.32003],[19.806077,41.31998],[19.806136,41.319944],[19.806189,41.319911],[19.806332,41.319841],[19.806432,41.319793],[19.806533,41.319744],[19.806734,41.319646],[19.806935,41.319548],[19.806963,41.319535],[19.807137,41.319451],[19.807338,41.319353],[19.807418,41.319315],[19.807538,41.319254],[19.807737,41.319154],[19.807915,41.319064],[19.807934,41.319053],[19.808057,41.318985],[19.808124,41.318944],[19.808205,41.318893],[19.808219,41.318886],[19.808316,41.318838],[19.808393,41.3188],[19.808518,41.31874],[19.80872,41.318644],[19.808877,41.318569],[19.808922,41.318547],[19.809122,41.318449],[19.809323,41.31835],[19.809523,41.318252],[19.809724,41.318153],[19.809924,41.318055],[19.810124,41.317956],[19.810269,41.317885],[19.810329,41.317863],[19.810478,41.317807],[19.810547,41.317789],[19.810592,41.317778],[19.81071,41.31776],[19.810781,41.317762],[19.810891,41.317766],[19.811017,41.317785],[19.811251,41.317822],[19.811486,41.317858],[19.81172,41.317895],[19.811955,41.317931],[19.811975,41.317934],[19.812189,41.317968],[19.812424,41.318005],[19.812658,41.318042],[19.812892,41.31808],[19.813127,41.318117],[19.813361,41.318154],[19.813381,41.318157],[19.813469,41.318171],[19.813518,41.318179],[19.813647,41.318199],[19.813691,41.318206],[19.813752,41.318216],[19.813987,41.318253],[19.814201,41.318287],[19.814221,41.31829],[19.814297,41.318303],[19.814409,41.318323],[19.814439,41.318331],[19.814452,41.318336],[19.814454,41.318337],[19.814463,41.318342],[19.814478,41.318352],[19.814503,41.318369],[19.814541,41.31837],[19.814566,41.318373],[19.814606,41.318383],[19.814643,41.3184],[19.81466,41.318413],[19.814673,41.318423],[19.814697,41.318449],[19.814713,41.318479],[19.814719,41.318511],[19.814717,41.318543],[19.814706,41.318574],[19.814713,41.31858],[19.814756,41.318617],[19.814851,41.318666],[19.814904,41.318685],[19.81494,41.318698],[19.815046,41.318729],[19.81513,41.318743],[19.815151,41.318746],[19.815346,41.318777],[19.815364,41.31878],[19.815599,41.318817],[19.815751,41.318841],[19.815833,41.318854],[19.816067,41.318892],[19.816093,41.318896],[19.816302,41.318929],[19.816432,41.31895],[19.816536,41.318966],[19.816542,41.318967],[19.816623,41.318979],[19.816771,41.319001],[19.816881,41.319018],[19.817006,41.319036],[19.817098,41.31905],[19.817241,41.319072],[19.817475,41.319107],[19.817507,41.319112],[19.81771,41.319143],[19.817768,41.319151],[19.817813,41.319157],[19.817945,41.319177],[19.81818,41.319212],[19.818214,41.319217],[19.818241,41.319221],[19.818415,41.319247],[19.818514,41.319262],[19.81854,41.319266],[19.818604,41.319276],[19.818647,41.319282],[19.81865,41.319282],[19.818738,41.319296],[19.818756,41.319299],[19.818885,41.319316],[19.819121,41.319346],[19.819357,41.319377],[19.819485,41.319393],[19.819593,41.319408],[19.819816,41.319438],[19.819829,41.319439],[19.820065,41.319471],[19.820301,41.319502],[19.820537,41.319533],[19.82067,41.319551],[19.820763,41.319563],[19.820765,41.319556],[19.820786,41.31948],[19.820793,41.319454],[19.820814,41.31938],[19.820863,41.319204],[19.820869,41.319182],[19.82091,41.319027],[19.820935,41.318937],[19.820958,41.318851],[19.821006,41.318675],[19.821053,41.318499],[19.821086,41.318375],[19.821099,41.318322],[19.8211,41.318317],[19.821097,41.318269],[19.821092,41.318248],[19.820983,41.31819],[19.820919,41.318128],[19.820878,41.318055],[19.820872,41.318021],[19.820864,41.317977],[19.820894,41.317834],[19.820898,41.317824],[19.820954,41.317694],[19.821003,41.317646],[19.821018,41.317631],[19.821102,41.317583],[19.8212,41.317554],[19.821262,41.317548],[19.821304,41.317544],[19.821408,41.317555],[19.821497,41.317583],[19.821538,41.317606],[19.821574,41.317626],[19.821636,41.317682],[19.821678,41.317747],[19.821689,41.317784],[19.821698,41.317817],[19.821673,41.317977],[19.821671,41.317983],[19.821667,41.317995],[19.821627,41.318097],[19.821577,41.318159],[19.821573,41.318164],[19.821489,41.318234],[19.821373,41.318279],[19.821264,41.318277],[19.821256,41.318291],[19.821238,41.318334],[19.821223,41.318375],[19.821217,41.318391],[19.821167,41.31855],[19.82113,41.318669],[19.821114,41.318725],[19.821066,41.318901],[19.821017,41.319077],[19.820968,41.319254],[19.82092,41.31943],[19.8209,41.3195],[19.820878,41.31958],[19.82087,41.319606],[19.820851,41.319667],[19.82082,41.319782],[19.820774,41.319958],[19.820727,41.320134],[19.82068,41.320311],[19.82064,41.320464],[19.820632,41.320487],[19.820594,41.320612],[19.820581,41.320663],[19.820566,41.32072],[19.820533,41.320839],[19.820484,41.321015],[19.820459,41.321106],[19.820457,41.321115],[19.820436,41.321191],[19.820436,41.321191],[19.82041,41.321288],[19.820388,41.321367],[19.820339,41.321543],[19.82029,41.321719],[19.820241,41.321896],[19.820207,41.322018],[19.820192,41.322072],[19.820143,41.322248],[19.820094,41.322424],[19.820046,41.3226],[19.819997,41.322776],[19.819992,41.322794],[19.819983,41.322827],[19.819972,41.322864],[19.819948,41.322952],[19.819899,41.323128],[19.81985,41.323304],[19.819842,41.323333],[19.819802,41.32348],[19.8198,41.323486],[19.819773,41.32358],[19.819751,41.323656],[19.819741,41.323692],[19.819702,41.323832],[19.819673,41.323934],[19.819669,41.323951],[19.819665,41.323966],[19.819652,41.324008],[19.81965,41.324014],[19.819625,41.324104],[19.819618,41.324133],[19.819604,41.324184],[19.819586,41.32425],[19.819554,41.32436],[19.819527,41.324455],[19.819505,41.324536],[19.819455,41.324712],[19.819406,41.324888],[19.819367,41.325028],[19.819357,41.325064],[19.819308,41.32524],[19.819258,41.325416],[19.819227,41.325529],[19.819209,41.325592],[19.819206,41.325603],[19.819157,41.325768],[19.81913,41.325859],[19.819128,41.325867],[19.819105,41.325943],[19.819105,41.325943],[19.819058,41.32612],[19.81901,41.326296],[19.818962,41.326472],[19.818958,41.326489],[19.818914,41.326648],[19.818911,41.326661],[19.818909,41.326713],[19.818925,41.326758],[19.818944,41.326779],[19.818975,41.326804],[19.818983,41.326811],[19.819047,41.326858],[19.81911,41.326915],[19.81914,41.326946],[19.819164,41.32697],[19.819201,41.327013],[19.819236,41.327063],[19.819265,41.327099],[19.819266,41.327099],[19.81928,41.327113],[19.819307,41.327132],[19.81934,41.327143],[19.819404,41.327158],[19.81948,41.327164],[19.819496,41.327166],[19.819632,41.327178],[19.819718,41.327185],[19.819956,41.327206],[19.820177,41.327225],[19.820194,41.327227],[19.820432,41.327248],[19.820624,41.327264],[19.82067,41.327268],[19.820908,41.327289],[19.821042,41.327301],[19.821146,41.32731],[19.821371,41.32733],[19.821383,41.327331],[19.821621,41.327352],[19.821859,41.327372],[19.821888,41.327375],[19.822053,41.327389],[19.822097,41.327393],[19.822335,41.327414],[19.822489,41.327427],[19.822571,41.327444],[19.822609,41.327452],[19.822671,41.327474],[19.822706,41.327514],[19.822706,41.327514],[19.822622,41.327568],[19.822583,41.327591],[19.822528,41.327634],[19.822526,41.327636],[19.822463,41.327685],[19.82239,41.327759],[19.822378,41.327774],[19.822331,41.327831],[19.822266,41.327933],[19.822247,41.327963],[19.82217,41.328097],[19.822075,41.328261],[19.822075,41.328262],[19.821983,41.328429],[19.821957,41.328476],[19.821893,41.328595],[19.821889,41.328603],[19.821796,41.32876],[19.821772,41.3288],[19.821702,41.328925],[19.821609,41.329091],[19.821515,41.329256],[19.821428,41.329411],[19.821422,41.329422],[19.821326,41.329587],[19.821231,41.329752],[19.821135,41.329917],[19.821092,41.32999],[19.82104,41.330082],[19.820945,41.330247],[19.82085,41.330412],[19.820834,41.330441],[19.82082,41.330465],[19.820727,41.330562],[19.820675,41.330617],[19.820596,41.330609],[19.820548,41.330604],[19.820481,41.3306],[19.820379,41.330598],[19.820356,41.3306],[19.820278,41.330605],[19.820163,41.330613],[19.820117,41.330612],[19.820037,41.330611],[19.819879,41.330593],[19.81985,41.330589],[19.819643,41.330561],[19.819553,41.330549],[19.819408,41.33053],[19.819172,41.330498],[19.819044,41.330481],[19.818936,41.330466],[19.8187,41.330434],[19.818465,41.330403],[19.818229,41.330371],[19.818071,41.33035],[19.818029,41.330344],[19.817993,41.330339],[19.817947,41.330332],[19.817919,41.330432],[19.817907,41.330473],[19.817859,41.330649],[19.81781,41.330826],[19.817761,41.331002],[19.81774,41.331077],[19.817712,41.331178],[19.817698,41.331231],[19.817664,41.331354],[19.817615,41.33153],[19.81759,41.331621],[19.817566,41.331706],[19.817518,41.331882],[19.817493,41.331973],[19.817485,41.332],[19.817469,41.332058],[19.817421,41.332234],[19.817392,41.332337],[19.817372,41.332411],[19.817324,41.332587],[19.817275,41.332763],[19.817227,41.332939],[19.817196,41.333051],[19.817177,41.333115],[19.817157,41.333181],[19.817127,41.333291],[19.817119,41.333319],[19.817107,41.33336],[19.817076,41.333467],[19.817026,41.333642],[19.816975,41.333818],[19.816925,41.333994],[19.816875,41.33417],[19.816824,41.334346],[19.816774,41.334522],[19.816747,41.334615],[19.816727,41.334698],[19.816721,41.334721],[19.81668,41.334875],[19.816633,41.335051],[19.816587,41.335224],[19.816586,41.335227],[19.816536,41.335403],[19.816487,41.335579],[19.816465,41.335657],[19.81644,41.335755],[19.816429,41.335799],[19.81642,41.335833],[19.816387,41.335911],[19.81638,41.335929],[19.816358,41.335988],[19.816214,41.335965],[19.816203,41.335963],[19.816065,41.335942],[19.815968,41.335926],[19.815747,41.335889],[19.815734,41.335887],[19.8155,41.33585],[19.815266,41.335813],[19.815031,41.335776],[19.814797,41.335739],[19.814761,41.335733],[19.814563,41.335702],[19.814496,41.335691],[19.814328,41.335665],[19.814094,41.335628],[19.813859,41.335591],[19.813799,41.335581],[19.813766,41.335575],[19.813625,41.335552],[19.813391,41.335514],[19.813157,41.335475],[19.812923,41.335437],[19.812689,41.335399],[19.812586,41.335382],[19.812565,41.335378],[19.812455,41.33536],[19.812408,41.335352],[19.812302,41.335335],[19.81223,41.335323],[19.812222,41.335322],[19.811988,41.335283],[19.811754,41.335244],[19.81152,41.335206],[19.811342,41.335177],[19.811312,41.335172],[19.811286,41.335167],[19.811191,41.335152],[19.811087,41.335134],[19.811052,41.335128],[19.810835,41.335092],[19.810818,41.335089],[19.810584,41.33505],[19.81035,41.335012],[19.810292,41.335002],[19.810117,41.334973],[19.809883,41.334934],[19.809666,41.334898],[19.809649,41.334895],[19.809415,41.334856],[19.809181,41.334817],[19.80908,41.3348],[19.808947,41.334778],[19.808714,41.334739],[19.80848,41.3347],[19.808246,41.334661],[19.808012,41.334623],[19.807829,41.334592],[19.807778,41.334584],[19.807544,41.334547],[19.807309,41.33451],[19.807075,41.334473],[19.806841,41.334436],[19.806717,41.334417],[19.806606,41.334399],[19.806583,41.334395],[19.806482,41.334377],[19.806389,41.334353],[19.806376,41.334349],[19.806323,41.334333],[19.806299,41.334325],[19.80616,41.334272],[19.806085,41.334244],[19.806001,41.334208],[19.805953,41.334183],[19.805916,41.334163],[19.805847,41.334123],[19.805764,41.334072],[19.805722,41.334046],[19.805583,41.333954],[19.805529,41.333919],[19.805404,41.333834],[19.805226,41.333714],[19.805176,41.33368],[19.805018,41.33363],[19.804964,41.333613],[19.804837,41.33357],[19.804798,41.333558],[19.80471,41.33353],[19.804677,41.333522],[19.804574,41.333495],[19.804535,41.333485],[19.804419,41.333464],[19.804349,41.333454],[19.804341,41.333453],[19.804214,41.333443],[19.804103,41.333434],[19.804059,41.333431],[19.803995,41.333429],[19.803941,41.333427],[19.803864,41.333432],[19.803813,41.333435],[19.803716,41.33345],[19.803629,41.333469],[19.803555,41.333485],[19.803427,41.333526],[19.803406,41.333534],[19.803327,41.333563],[19.803189,41.333611],[19.802972,41.333687],[19.802855,41.333728],[19.802812,41.333742],[19.802751,41.333753],[19.802736,41.333755],[19.802664,41.333756],[19.802574,41.333747],[19.802513,41.333741],[19.802512,41.333741],[19.802294,41.333817],[19.802233,41.333838],[19.802077,41.333893],[19.80186,41.333969],[19.801643,41.334045],[19.801508,41.334092],[19.801426,41.33412],[19.801343,41.334148],[19.801313,41.334158],[19.801208,41.334195],[19.800991,41.334271],[19.800893,41.334305],[19.800774,41.334346],[19.800556,41.334422],[19.800339,41.334498],[19.800122,41.334574],[19.800026,41.334607],[19.799905,41.33465],[19.799687,41.334725],[19.79947,41.334801],[19.799253,41.334876],[19.79911,41.334926],[19.799035,41.334952],[19.798818,41.335027],[19.798601,41.335103],[19.798383,41.335179],[19.798166,41.335254],[19.797968,41.335323],[19.797949,41.33533],[19.797732,41.335406],[19.797515,41.335482],[19.797325,41.335549],[19.797298,41.335559],[19.797196,41.335594],[19.797081,41.335635],[19.796864,41.335711],[19.796714,41.335763],[19.796647,41.335786],[19.796585,41.335808],[19.79643,41.335862],[19.796429,41.335862],[19.796212,41.335937],[19.795994,41.336013],[19.795777,41.336088],[19.795559,41.336163],[19.795538,41.336171],[19.795342,41.336239],[19.795124,41.336314],[19.794907,41.33639],[19.79469,41.336465],[19.794678,41.336469],[19.794472,41.336541],[19.794255,41.336616],[19.794038,41.336692],[19.79382,41.336767],[19.793603,41.336843],[19.793539,41.336865],[19.793386,41.336919],[19.793168,41.336994],[19.793082,41.337024],[19.792951,41.33707],[19.792895,41.33709],[19.792734,41.337146],[19.79271,41.337154],[19.792576,41.337201],[19.792517,41.337222],[19.792307,41.337295],[19.792299,41.337297],[19.792082,41.337373],[19.791865,41.337449],[19.791648,41.337524],[19.79143,41.3376],[19.791213,41.337676],[19.790996,41.337751],[19.790779,41.337827],[19.790561,41.337903],[19.790382,41.337965],[19.790344,41.337979],[19.790127,41.338055],[19.790059,41.338079],[19.78991,41.33813],[19.789706,41.338201],[19.789692,41.338206],[19.789476,41.338283],[19.78926,41.338361],[19.789044,41.338439],[19.788828,41.338517],[19.788612,41.338594],[19.788406,41.338669],[19.788396,41.338672],[19.788224,41.338732],[19.788179,41.338747],[19.787961,41.338822],[19.787743,41.338897],[19.787532,41.33897],[19.787525,41.338972],[19.78731,41.33905],[19.78731,41.33905],[19.787093,41.339126],[19.786936,41.339181],[19.786877,41.339203],[19.786842,41.339216],[19.786717,41.339262],[19.786663,41.339283],[19.786449,41.339363],[19.786234,41.339444],[19.786163,41.33947],[19.786027,41.339521],[19.78602,41.339524],[19.785808,41.339608],[19.785744,41.339633],[19.785602,41.339699],[19.785527,41.339734],[19.785408,41.339803],[19.785286,41.339875],[19.785217,41.339912],[19.78503,41.340012],[19.785021,41.340015],[19.784804,41.340087],[19.784758,41.340103],[19.784583,41.340151],[19.784359,41.340214],[19.784156,41.34027],[19.784132,41.340278],[19.783912,41.340348],[19.783723,41.340409],[19.783692,41.340419],[19.783672,41.340425],[19.783472,41.340491],[19.783361,41.340529],[19.78329,41.340551],[19.783252,41.340563],[19.783084,41.340621],[19.783041,41.340622],[19.7828,41.340627],[19.782774,41.340636],[19.782572,41.340703],[19.782476,41.340735],[19.782369,41.340774],[19.782354,41.340779],[19.782137,41.340854],[19.78192,41.34093],[19.781819,41.340966],[19.78175,41.340991],[19.781704,41.341007],[19.781488,41.341085],[19.781478,41.341088],[19.781272,41.341163],[19.781116,41.341219],[19.7811,41.341251],[19.78108,41.341287],[19.780902,41.341367],[19.78089,41.341373],[19.780685,41.341464],[19.780575,41.341513],[19.78048,41.341556],[19.780345,41.341618],[19.780273,41.341647],[19.780193,41.341679],[19.78006,41.341728],[19.779845,41.341808],[19.779796,41.341825],[19.77963,41.341887],[19.779415,41.341966],[19.7792,41.342045],[19.778985,41.342125],[19.7789,41.342156],[19.778769,41.342203],[19.778553,41.342281],[19.778337,41.342359],[19.778121,41.342437],[19.778001,41.34248],[19.777922,41.342532],[19.777835,41.342589],[19.777759,41.34266],[19.777743,41.342675],[19.777625,41.342789],[19.777598,41.3428],[19.777488,41.342842],[19.777408,41.342902],[19.777267,41.343006],[19.777231,41.343026],[19.777039,41.343133],[19.776966,41.343174],[19.776843,41.343239],[19.776648,41.343342],[19.776452,41.343445],[19.77632,41.343515],[19.776251,41.343538],[19.776187,41.34356],[19.776102,41.343584],[19.776019,41.343585],[19.775988,41.343585],[19.77586,41.343565],[19.775787,41.343526],[19.775752,41.343509],[19.775668,41.343447],[19.775619,41.343396],[19.775613,41.34339],[19.775565,41.343333],[19.775519,41.343252],[19.77551,41.343229],[19.77548,41.343146],[19.775459,41.343064],[19.775458,41.343052],[19.775447,41.342962],[19.775458,41.342897],[19.775467,41.342875],[19.775475,41.342857],[19.775493,41.342829],[19.775526,41.342788],[19.775608,41.342737],[19.775614,41.342734],[19.775728,41.342678],[19.775821,41.342645],[19.776038,41.342569],[19.776255,41.342493],[19.776383,41.342448],[19.776472,41.342417],[19.776689,41.342341],[19.776713,41.342332],[19.776886,41.342272],[19.776907,41.342266],[19.77697,41.342248],[19.777043,41.342239],[19.777106,41.342239],[19.77714,41.342238],[19.777152,41.342238],[19.777266,41.342253],[19.777373,41.342223],[19.777479,41.342193],[19.777559,41.342168],[19.777595,41.342155],[19.777812,41.342079],[19.778029,41.342003],[19.778117,41.341972],[19.778246,41.341928],[19.778464,41.341853],[19.778682,41.341778],[19.778813,41.341733],[19.778899,41.341703],[19.779117,41.341628],[19.779334,41.341552],[19.77936,41.341544],[19.779553,41.341479],[19.779772,41.341407],[19.779968,41.341342],[19.779992,41.341336],[19.780185,41.341288],[19.78022,41.341279],[19.780447,41.341224],[19.780457,41.341222],[19.780494,41.341222],[19.780677,41.341226],[19.780738,41.341227],[19.780923,41.341164],[19.781141,41.34109],[19.781195,41.341072],[19.781358,41.341013],[19.781574,41.340936],[19.781791,41.340859],[19.782007,41.340782],[19.782223,41.340705],[19.782435,41.34063],[19.782482,41.340584],[19.782572,41.340497],[19.782601,41.340469],[19.782813,41.340392],[19.782919,41.340354],[19.783023,41.340314],[19.783166,41.340258],[19.783235,41.340231],[19.783448,41.340148],[19.783524,41.340119],[19.783608,41.340088],[19.783662,41.340067],[19.783875,41.339986],[19.784089,41.339904],[19.784279,41.339831],[19.784302,41.339822],[19.784517,41.339742],[19.784731,41.339662],[19.784754,41.339653],[19.784956,41.339596],[19.78518,41.339532],[19.785404,41.339468],[19.785628,41.339405],[19.78571,41.339382],[19.78585,41.339337],[19.78585,41.339337],[19.785864,41.339333],[19.785992,41.339285],[19.785947,41.339236],[19.785883,41.339167],[19.785809,41.33909],[19.785669,41.338944],[19.78553,41.338798],[19.78539,41.338653],[19.785338,41.338598],[19.785251,41.338506],[19.785179,41.338431],[19.785117,41.338356],[19.78499,41.338203],[19.784863,41.338051],[19.784736,41.337898],[19.784609,41.337746],[19.784598,41.337732],[19.78449,41.337589],[19.784372,41.337433],[19.784253,41.337276],[19.784177,41.337175],[19.784133,41.337121],[19.78401,41.336967],[19.783886,41.336813],[19.783763,41.336659],[19.783639,41.336505],[19.783624,41.336486],[19.783522,41.336348],[19.783406,41.336192],[19.783342,41.336106],[19.783294,41.336033],[19.783278,41.336008],[19.783198,41.335869],[19.783146,41.335778],[19.783108,41.335702],[19.783107,41.335701],[19.783033,41.335532],[19.783016,41.335493],[19.782965,41.335359],[19.782937,41.335283],[19.782921,41.335212],[19.782913,41.335183],[19.782897,41.335131],[19.782872,41.335006],[19.782835,41.334828],[19.78283,41.334803],[19.782805,41.334649],[19.782798,41.334602],[19.782792,41.33447],[19.782791,41.334458],[19.782794,41.33429],[19.782798,41.33411],[19.782799,41.334051],[19.78281,41.333931],[19.782816,41.33387],[19.782839,41.333752],[19.782855,41.333672],[19.782883,41.333576],[19.782921,41.33345],[19.782939,41.333401],[19.782941,41.333396],[19.783003,41.333228],[19.783046,41.333112],[19.783072,41.333055],[19.783151,41.332888],[19.783152,41.332886],[19.783232,41.332716],[19.783282,41.332609],[19.783317,41.332548],[19.783411,41.332383],[19.783504,41.332217],[19.783512,41.332203],[19.783553,41.332132],[19.783595,41.332051],[19.783683,41.331883],[19.783771,41.331716],[19.783821,41.331619],[19.783859,41.331549],[19.783948,41.331382],[19.783975,41.331331],[19.784037,41.331215],[19.784127,41.331048],[19.784216,41.330881],[19.784218,41.330877],[19.784264,41.330789],[19.784303,41.330714],[19.78439,41.330546],[19.784473,41.330388]]},"properties":{"line":"13B","dir":"9 Katëshet A","headsign":"9 Katëshet A","mode":"bus","color":"#0059a9"}},{"type":"Feature","geometry":{"type":"LineString","coordinates":[[19.768009,41.314314],[19.76822,41.314399],[19.768277,41.314422],[19.768431,41.314484],[19.768642,41.31457],[19.768672,41.314582],[19.768853,41.314655],[19.769063,41.31474],[19.769107,41.314758],[19.769274,41.314826],[19.769276,41.314827],[19.769485,41.314911],[19.769569,41.314945],[19.769696,41.314996],[19.769696,41.314997],[19.769848,41.315056],[19.769908,41.31508],[19.770118,41.315167],[19.770161,41.315184],[19.770328,41.315252],[19.770539,41.315338],[19.77075,41.315423],[19.770776,41.315433],[19.770961,41.315508],[19.771173,41.315592],[19.771384,41.315677],[19.771511,41.315728],[19.771595,41.315762],[19.771727,41.315815],[19.771806,41.315848],[19.772016,41.315934],[19.772226,41.31602],[19.772324,41.31606],[19.772429,41.316102],[19.772437,41.316105],[19.772449,41.31611],[19.77257,41.316134],[19.77266,41.316168],[19.772681,41.316177],[19.772873,41.31625],[19.772986,41.316293],[19.773088,41.31633],[19.773304,41.316408],[19.773337,41.316421],[19.773522,41.316482],[19.77374,41.316556],[19.773804,41.316577],[19.77396,41.316627],[19.774181,41.316697],[19.774401,41.316767],[19.774525,41.316807],[19.774622,41.316838],[19.774798,41.316894],[19.774842,41.316908],[19.774867,41.316916],[19.775054,41.316977],[19.775062,41.316979],[19.775283,41.317049],[19.775283,41.317049],[19.775502,41.317121],[19.775722,41.317193],[19.775839,41.317231],[19.775942,41.317265],[19.776078,41.31731],[19.776111,41.317321],[19.776161,41.317337],[19.776283,41.317378],[19.77638,41.31741],[19.776425,41.317425],[19.776601,41.317479],[19.776822,41.317548],[19.777044,41.317616],[19.777266,41.317684],[19.777487,41.317752],[19.777594,41.317785],[19.777709,41.31782],[19.777784,41.317843],[19.77793,41.31789],[19.778151,41.31796],[19.778283,41.318002],[19.778371,41.31803],[19.778459,41.318057],[19.778592,41.318099],[19.778814,41.318167],[19.779035,41.318236],[19.779257,41.318304],[19.779478,41.318372],[19.779694,41.318439],[19.7797,41.318441],[19.779738,41.318453],[19.779815,41.318476],[19.779922,41.318509],[19.780143,41.318577],[19.780328,41.318634],[19.780365,41.318645],[19.780587,41.318712],[19.780597,41.318715],[19.780807,41.318783],[19.781027,41.318855],[19.781247,41.318926],[19.781399,41.318976],[19.781466,41.318997],[19.781537,41.31902],[19.781687,41.319067],[19.781908,41.319136],[19.781955,41.319151],[19.78213,41.319204],[19.782352,41.319271],[19.782354,41.319272],[19.782573,41.319339],[19.782795,41.319408],[19.782974,41.319463],[19.783016,41.319476],[19.783238,41.319545],[19.783459,41.319613],[19.783681,41.319682],[19.783781,41.319713],[19.783828,41.319729],[19.7839,41.319754],[19.784043,41.319804],[19.784117,41.31983],[19.784212,41.319864],[19.784336,41.319903],[19.784428,41.319932],[19.784556,41.319975],[19.784774,41.320049],[19.784779,41.320051],[19.784993,41.320121],[19.785213,41.320193],[19.785433,41.320265],[19.78556,41.320306],[19.785628,41.32033],[19.785652,41.320338],[19.78587,41.320412],[19.786088,41.320486],[19.786115,41.320496],[19.786306,41.320561],[19.786524,41.320635],[19.786534,41.320639],[19.786585,41.320656],[19.786696,41.320694],[19.786742,41.32071],[19.786959,41.320785],[19.787177,41.320861],[19.78727,41.320893],[19.787372,41.320929],[19.787394,41.320937],[19.787613,41.32101],[19.787621,41.321013],[19.787687,41.321033],[19.787796,41.321068],[19.787833,41.32108],[19.787862,41.321089],[19.788007,41.321135],[19.788053,41.321151],[19.788271,41.321225],[19.788358,41.321254],[19.788491,41.321297],[19.788497,41.321299],[19.78865,41.321349],[19.788714,41.321364],[19.788806,41.321385],[19.788917,41.321398],[19.788948,41.3214],[19.789099,41.321406],[19.789187,41.321409],[19.789218,41.32141],[19.789349,41.321417],[19.789373,41.321411],[19.789424,41.321406],[19.78946,41.321402],[19.789548,41.321411],[19.789629,41.321437],[19.789653,41.321451],[19.789698,41.321478],[19.789751,41.321531],[19.789769,41.321558],[19.789808,41.321584],[19.789855,41.321615],[19.789938,41.321675],[19.789983,41.321707],[19.790008,41.321725],[19.79014,41.3218],[19.790175,41.321815],[19.790252,41.321849],[19.790393,41.32189],[19.79041,41.321895],[19.790615,41.321958],[19.790647,41.321968],[19.790839,41.322022],[19.790855,41.322027],[19.791063,41.322086],[19.791287,41.322149],[19.791296,41.322152],[19.791494,41.322208],[19.791511,41.322212],[19.791591,41.322234],[19.791736,41.322274],[19.79196,41.322337],[19.792068,41.322367],[19.792097,41.322376],[19.792126,41.322385],[19.792184,41.322402],[19.792337,41.322446],[19.792407,41.322467],[19.79263,41.322532],[19.79273,41.322561],[19.792854,41.322596],[19.793049,41.322652],[19.793078,41.32266],[19.793303,41.322721],[19.793377,41.322741],[19.793528,41.322784],[19.793752,41.322847],[19.793893,41.322888],[19.793976,41.322911],[19.7942,41.322974],[19.794424,41.323037],[19.794574,41.323079],[19.794649,41.3231],[19.794873,41.323163],[19.795097,41.323226],[19.795322,41.323289],[19.795444,41.323324],[19.79554,41.323351],[19.795546,41.323353],[19.79577,41.323416],[19.795994,41.323479],[19.796022,41.323487],[19.796118,41.323514],[19.796219,41.323542],[19.796443,41.323605],[19.796667,41.323668],[19.796886,41.32373],[19.796891,41.323731],[19.797012,41.323766],[19.797116,41.323795],[19.79734,41.323858],[19.797344,41.323859],[19.797439,41.323886],[19.797556,41.32392],[19.797564,41.323922],[19.797787,41.323987],[19.798011,41.324051],[19.798178,41.3241],[19.798234,41.324116],[19.798458,41.324181],[19.798681,41.324245],[19.798788,41.324276],[19.798904,41.324311],[19.799127,41.324376],[19.79935,41.324442],[19.799466,41.324477],[19.799573,41.324508],[19.799796,41.324575],[19.800018,41.324641],[19.800241,41.324707],[19.800323,41.324732],[19.800463,41.324774],[19.800584,41.324811],[19.800685,41.324842],[19.800907,41.32491],[19.801128,41.324978],[19.80135,41.325047],[19.801571,41.325115],[19.801793,41.325183],[19.802014,41.325252],[19.802236,41.32532],[19.802458,41.325388],[19.802679,41.325456],[19.802763,41.325482],[19.802901,41.325524],[19.803123,41.325592],[19.803186,41.325611],[19.803308,41.325649],[19.803344,41.325661],[19.80335,41.325663],[19.803433,41.325688],[19.803537,41.325721],[19.803565,41.32573],[19.803641,41.325753],[19.803786,41.325799],[19.803807,41.325806],[19.804007,41.325868],[19.804229,41.325937],[19.80425,41.325944],[19.80445,41.326007],[19.804665,41.326074],[19.804671,41.326076],[19.804892,41.326145],[19.805113,41.326214],[19.80528,41.326266],[19.805335,41.326282],[19.805348,41.326286],[19.805429,41.326311],[19.805463,41.326322],[19.805556,41.326351],[19.805778,41.326418],[19.806,41.326486],[19.806221,41.326554],[19.806312,41.326582],[19.806443,41.326623],[19.806664,41.326693],[19.806667,41.326694],[19.806875,41.326757],[19.806886,41.32676],[19.807107,41.326829],[19.807328,41.326898],[19.80755,41.326966],[19.807694,41.327011],[19.807761,41.327032],[19.807771,41.327035],[19.80779,41.327041],[19.807833,41.327054],[19.80789,41.327072],[19.807993,41.327103],[19.808119,41.327142],[19.808214,41.327172],[19.808436,41.32724],[19.808454,41.327246],[19.808598,41.327291],[19.808657,41.327309],[19.808879,41.327377],[19.808973,41.327406],[19.8091,41.327445],[19.809211,41.327479],[19.809321,41.327514],[19.809542,41.327584],[19.809624,41.327609],[19.809705,41.327635],[19.809763,41.327653],[19.809985,41.327721],[19.810009,41.327729],[19.810162,41.327775],[19.810207,41.327789],[19.810428,41.327857],[19.81065,41.327925],[19.810872,41.327993],[19.811093,41.328061],[19.811094,41.328062],[19.811263,41.328116],[19.811315,41.32813],[19.811386,41.32815],[19.811417,41.328159],[19.811514,41.328183],[19.811541,41.328188],[19.811721,41.328222],[19.811775,41.328228],[19.811967,41.328251],[19.812012,41.328253],[19.812133,41.32826],[19.812251,41.32826],[19.812283,41.32826],[19.812384,41.328256],[19.812491,41.328251],[19.81273,41.328241],[19.812905,41.328233],[19.812969,41.32823],[19.813011,41.328228],[19.813208,41.32822],[19.813447,41.328209],[19.813568,41.328204],[19.813659,41.328199],[19.813686,41.328198],[19.813925,41.328187],[19.814009,41.328183],[19.814164,41.328176],[19.814403,41.328166],[19.814642,41.328156],[19.814803,41.328149],[19.814882,41.328145],[19.815121,41.328135],[19.815236,41.32813],[19.81536,41.328124],[19.815592,41.328113],[19.815599,41.328113],[19.815838,41.328103],[19.81602,41.328095],[19.816065,41.328093],[19.816077,41.328093],[19.816211,41.3281],[19.816234,41.328011],[19.81624,41.327989],[19.816278,41.327834],[19.816284,41.32781],[19.816326,41.327658],[19.816331,41.327641],[19.816373,41.327482],[19.816419,41.327305],[19.816419,41.327303],[19.816468,41.327129],[19.816518,41.326953],[19.816534,41.326899],[19.816555,41.326826],[19.816568,41.326777],[19.8166,41.326663],[19.816618,41.326601],[19.816668,41.326425],[19.816718,41.32625],[19.816768,41.326074],[19.81677,41.326068],[19.816818,41.325898],[19.816865,41.325732],[19.816867,41.325722],[19.81689,41.325642],[19.816902,41.325598],[19.816972,41.325609],[19.817038,41.325619],[19.817206,41.325645],[19.817346,41.325667],[19.817441,41.325682],[19.817675,41.325719],[19.81791,41.325756],[19.818144,41.325792],[19.818378,41.325829],[19.818613,41.325866],[19.818847,41.325903],[19.818888,41.325909],[19.818923,41.325915],[19.819015,41.325929],[19.819082,41.325939],[19.819105,41.325943],[19.819062,41.326102],[19.819015,41.326278],[19.818967,41.326454],[19.818958,41.326489],[19.818919,41.326631],[19.818911,41.326661],[19.818909,41.326713],[19.818925,41.326758],[19.818944,41.326779],[19.818968,41.326798],[19.818975,41.326804],[19.819047,41.326858],[19.81911,41.326915],[19.819127,41.326933],[19.819164,41.32697],[19.819201,41.327013],[19.819236,41.327063],[19.819254,41.327085],[19.819265,41.327099],[19.81928,41.327113],[19.819307,41.327132],[19.81934,41.327143],[19.819404,41.327158],[19.81946,41.327163],[19.819496,41.327166],[19.819632,41.327178],[19.819698,41.327183],[19.819936,41.327204],[19.820174,41.327225],[19.820177,41.327225],[19.820412,41.327246],[19.820624,41.327264],[19.820649,41.327267],[19.820887,41.327287],[19.821042,41.327301],[19.821125,41.327308],[19.821363,41.327329],[19.821371,41.32733],[19.821601,41.32735],[19.821839,41.327371],[19.821888,41.327375],[19.822053,41.327389],[19.822077,41.327391],[19.822315,41.327412],[19.822489,41.327427],[19.822551,41.32744],[19.822609,41.327452],[19.822671,41.327474],[19.822706,41.327514],[19.822724,41.327507],[19.822706,41.327514],[19.822622,41.327568],[19.822583,41.327591],[19.822541,41.327624],[19.822526,41.327636],[19.822463,41.327685],[19.82239,41.327759],[19.822388,41.327762],[19.822331,41.327831],[19.822275,41.32792],[19.822247,41.327963],[19.822177,41.328084],[19.822082,41.328249],[19.822075,41.328261],[19.82199,41.328415],[19.821957,41.328476],[19.8219,41.328582],[19.821889,41.328603],[19.821804,41.328747],[19.821772,41.3288],[19.821709,41.328912],[19.821616,41.329078],[19.821523,41.329243],[19.821429,41.329409],[19.821428,41.329411],[19.821334,41.329574],[19.821238,41.329739],[19.821142,41.329904],[19.821092,41.32999],[19.821047,41.330069],[19.820953,41.330234],[19.820858,41.330399],[19.820834,41.330441],[19.82082,41.330465],[19.820736,41.330553],[19.820675,41.330617],[19.820752,41.3307],[19.820778,41.330727],[19.820789,41.330738],[19.820897,41.330843],[19.821037,41.330978],[19.821044,41.330985],[19.821146,41.33108],[19.821194,41.331125],[19.821345,41.331265],[19.82141,41.331325],[19.821494,41.331406],[19.821642,41.331547],[19.821647,41.331552],[19.821783,41.331692],[19.821833,41.331743],[19.821913,41.331825],[19.821925,41.331837],[19.822044,41.331963],[19.822062,41.331985],[19.822166,41.33211],[19.822187,41.332138],[19.822305,41.332295],[19.822392,41.33241],[19.822421,41.332452],[19.822529,41.332613],[19.822627,41.332759],[19.822636,41.332774],[19.822729,41.332939],[19.822783,41.333035],[19.822804,41.333072],[19.822822,41.333105],[19.822871,41.333196],[19.822914,41.333271],[19.822946,41.333327],[19.823006,41.333437],[19.823018,41.333461],[19.823098,41.333603],[19.82319,41.333769],[19.823202,41.333791],[19.823281,41.333936],[19.823372,41.334102],[19.823424,41.334198],[19.823465,41.334268],[19.823481,41.334297],[19.823557,41.334434],[19.82357,41.334458],[19.823629,41.334568],[19.823647,41.334601],[19.823737,41.334767],[19.823771,41.334832],[19.823829,41.334933],[19.823922,41.335099],[19.824016,41.335265],[19.824107,41.335428],[19.824109,41.33543],[19.824153,41.335513],[19.824198,41.335597],[19.824286,41.335764],[19.824375,41.335932],[19.824464,41.336099],[19.824552,41.336266],[19.824594,41.336344],[19.824643,41.336432],[19.824735,41.336598],[19.824778,41.336677],[19.82483,41.336763],[19.824858,41.336811],[19.824932,41.336926],[19.82499,41.337015],[19.825038,41.337088],[19.825104,41.337187],[19.82515,41.337246],[19.825269,41.337402],[19.825389,41.337558],[19.825486,41.337684],[19.82551,41.337713],[19.825524,41.337729],[19.825542,41.33775],[19.825562,41.337775],[19.825636,41.337866],[19.825761,41.33802],[19.825779,41.338042],[19.825813,41.338085],[19.825863,41.338141],[19.82589,41.338171],[19.825923,41.338208],[19.826014,41.338263],[19.826065,41.338291],[19.826159,41.338343],[19.826191,41.338312],[19.826159,41.338343],[19.826302,41.338426],[19.826492,41.338535],[19.826547,41.338567],[19.826627,41.338614],[19.826681,41.338645],[19.826871,41.338755],[19.827045,41.338855],[19.827061,41.338865],[19.82709,41.338882],[19.827251,41.338974],[19.827442,41.339082],[19.827547,41.339142],[19.827634,41.33919],[19.827827,41.339296],[19.82802,41.339403],[19.828155,41.339477],[19.828213,41.33951],[19.828393,41.339612],[19.828404,41.339618],[19.828594,41.339728],[19.828784,41.339838],[19.828912,41.339912],[19.828931,41.339923],[19.828954,41.339937],[19.828976,41.339945],[19.829117,41.339997],[19.829184,41.340032],[19.829217,41.34005],[19.829291,41.340088],[19.829379,41.340137],[19.829428,41.340164],[19.829562,41.340234],[19.829575,41.34024],[19.829775,41.340339],[19.829975,41.340438],[19.830175,41.340537],[19.830375,41.340636],[19.830462,41.34068],[19.830546,41.340721],[19.830575,41.340735],[19.830667,41.340778],[19.830777,41.340832],[19.830778,41.340833],[19.830977,41.34093],[19.831178,41.341028],[19.831216,41.341047],[19.831377,41.341128],[19.831575,41.341229],[19.831774,41.34133],[19.831899,41.341394],[19.831972,41.341431],[19.83217,41.341532],[19.832369,41.341632],[19.832542,41.341721],[19.832567,41.341733],[19.832765,41.341835],[19.832946,41.341927],[19.832963,41.341936],[19.832975,41.341942],[19.833034,41.341972],[19.833162,41.342036],[19.83321,41.342061],[19.833255,41.342084],[19.83336,41.342137],[19.833403,41.342158],[19.833557,41.342239],[19.83372,41.342325],[19.833754,41.342342],[19.833816,41.342373],[19.833874,41.342403],[19.833952,41.342442],[19.834143,41.342539],[19.834151,41.342543],[19.834349,41.342644],[19.834374,41.342656],[19.834548,41.342745],[19.834554,41.342748],[19.834747,41.342844],[19.834833,41.342888],[19.834944,41.342947],[19.834996,41.342975],[19.835133,41.343058],[19.835139,41.343062],[19.835314,41.343175],[19.835319,41.343178],[19.83549,41.343298],[19.835626,41.343393],[19.835665,41.34342],[19.83584,41.343543],[19.836016,41.343665],[19.836191,41.343788],[19.836311,41.343871],[19.836367,41.34391],[19.836464,41.343977],[19.836542,41.344032],[19.836718,41.344155],[19.836893,41.344278],[19.837068,41.3444],[19.837243,41.344523],[19.837334,41.344586],[19.837419,41.344645],[19.837595,41.344767],[19.83762,41.344784],[19.837771,41.344889],[19.837809,41.344916],[19.837946,41.345012],[19.83804,41.345078],[19.838118,41.345137],[19.838125,41.345142],[19.838156,41.345166],[19.838206,41.345199],[19.838245,41.34522],[19.838279,41.345235],[19.838308,41.345246],[19.838319,41.34525],[19.838399,41.345269],[19.838427,41.345274],[19.838536,41.345301],[19.8387,41.34534],[19.838764,41.345356],[19.838992,41.345411],[19.839153,41.34545],[19.83922,41.345466],[19.839448,41.345521],[19.839543,41.345544],[19.839676,41.345577],[19.839904,41.345632],[19.840002,41.345656],[19.840132,41.345687],[19.840359,41.345743],[19.840429,41.34576],[19.840587,41.345798],[19.840738,41.345835],[19.840815,41.345854],[19.840954,41.345888],[19.841041,41.345913],[19.841047,41.345915],[19.841133,41.345944],[19.841241,41.346006],[19.841244,41.346007],[19.841458,41.346074],[19.841465,41.346076],[19.841541,41.346101],[19.841672,41.346165],[19.84174,41.346198],[19.841873,41.346262],[19.842045,41.346345],[19.842075,41.346359],[19.842277,41.346456],[19.842312,41.346473],[19.842479,41.346553],[19.84268,41.346651],[19.842881,41.346749],[19.842938,41.346777],[19.843078,41.346845],[19.843082,41.346847],[19.843283,41.346944],[19.843329,41.346966],[19.84344,41.347015],[19.843492,41.347032],[19.843547,41.34705],[19.843642,41.347075],[19.843716,41.347093],[19.843764,41.347104],[19.84394,41.347135],[19.843947,41.347136],[19.844009,41.347146],[19.844097,41.347155],[19.844147,41.347161],[19.844178,41.347164],[19.844272,41.347189],[19.844414,41.347207],[19.844435,41.34721],[19.844623,41.347233],[19.844646,41.347234],[19.844829,41.347246],[19.844876,41.347244],[19.845048,41.347236],[19.845111,41.34723],[19.845199,41.347222],[19.845316,41.347198],[19.845338,41.347192],[19.845395,41.347177],[19.845562,41.347129],[19.845643,41.347106],[19.845783,41.347061],[19.845874,41.347031],[19.846003,41.346989],[19.846128,41.346949],[19.846222,41.346916],[19.846341,41.346875],[19.846416,41.346849],[19.846439,41.346841],[19.846657,41.346766],[19.846771,41.346727],[19.846874,41.34669],[19.847034,41.346632],[19.84709,41.346612],[19.847274,41.346547],[19.847307,41.346535],[19.847524,41.34646],[19.847646,41.346418],[19.847708,41.346396],[19.847741,41.346384],[19.847958,41.346308],[19.848175,41.346231],[19.84819,41.346226],[19.848392,41.346156],[19.84861,41.34608],[19.848827,41.346005],[19.848836,41.346002],[19.849045,41.34593],[19.849263,41.345855],[19.849481,41.345781],[19.849698,41.345706],[19.849708,41.345703],[19.849762,41.345684],[19.849916,41.345631],[19.850134,41.345556],[19.850352,41.345481],[19.850396,41.345466],[19.850533,41.34542]]},"properties":{"line":"15A","dir":"0","headsign":"Aleksandër Moisiu","mode":"bus","color":"#0059a9"}},{"type":"Feature","geometry":{"type":"LineString","coordinates":[[19.850533,41.34542],[19.850396,41.345466],[19.850352,41.345481],[19.85032,41.345492],[19.850102,41.345567],[19.849884,41.345642],[19.849762,41.345684],[19.849708,41.345703],[19.849667,41.345717],[19.849449,41.345792],[19.849231,41.345866],[19.849013,41.345941],[19.848836,41.346002],[19.848795,41.346016],[19.848578,41.346091],[19.84836,41.346167],[19.84819,41.346226],[19.848143,41.346243],[19.847926,41.346319],[19.84771,41.346396],[19.847708,41.346396],[19.847646,41.346418],[19.847492,41.346471],[19.847275,41.346546],[19.847274,41.346547],[19.847058,41.346623],[19.847034,41.346632],[19.846842,41.346701],[19.846771,41.346727],[19.846625,41.346777],[19.846416,41.346849],[19.846407,41.346852],[19.846341,41.346875],[19.84619,41.346927],[19.846128,41.346949],[19.845971,41.347],[19.845874,41.347031],[19.845751,41.347071],[19.845643,41.347106],[19.845529,41.347139],[19.845395,41.347177],[19.845316,41.347198],[19.845306,41.3472],[19.845199,41.347222],[19.845077,41.347233],[19.845048,41.347236],[19.844841,41.347246],[19.844829,41.347246],[19.844623,41.347233],[19.844615,41.347232],[19.844435,41.34721],[19.844379,41.347203],[19.844272,41.347189],[19.844178,41.347164],[19.844147,41.347161],[19.844097,41.347155],[19.844009,41.347146],[19.84394,41.347135],[19.843913,41.34713],[19.843764,41.347104],[19.843683,41.347085],[19.843642,41.347075],[19.843547,41.34705],[19.84346,41.347021],[19.84344,41.347015],[19.843329,41.346966],[19.843254,41.34693],[19.843078,41.346845],[19.843052,41.346832],[19.842938,41.346777],[19.842851,41.346735],[19.84265,41.346637],[19.842449,41.346539],[19.842312,41.346473],[19.842248,41.346442],[19.842046,41.346345],[19.842045,41.346345],[19.841844,41.346248],[19.84174,41.346198],[19.841643,41.346151],[19.841541,41.346101],[19.841458,41.346074],[19.841433,41.346066],[19.841241,41.346006],[19.841209,41.346002],[19.841104,41.345991],[19.841064,41.345981],[19.841031,41.345972],[19.840978,41.345959],[19.840751,41.345903],[19.840707,41.345892],[19.840523,41.345847],[19.840295,41.345792],[19.840067,41.345737],[19.839839,41.345682],[19.839611,41.345627],[19.839383,41.345572],[19.839155,41.345517],[19.838953,41.345468],[19.838926,41.345462],[19.838698,41.345408],[19.838469,41.345355],[19.838436,41.345347],[19.838406,41.34534],[19.838298,41.345314],[19.838242,41.345298],[19.838234,41.345296],[19.838198,41.34528],[19.838148,41.34525],[19.838095,41.345212],[19.838056,41.345185],[19.838026,41.345164],[19.838003,41.345147],[19.837881,41.345062],[19.837705,41.34494],[19.837529,41.344818],[19.837353,41.344696],[19.837177,41.344574],[19.837129,41.344541],[19.837003,41.344451],[19.836829,41.344327],[19.836716,41.344247],[19.836655,41.344204],[19.836585,41.344154],[19.83648,41.344081],[19.836304,41.343959],[19.836209,41.343893],[19.836128,41.343837],[19.835953,41.343714],[19.835782,41.343594],[19.835778,41.343591],[19.835603,41.343469],[19.835427,41.343346],[19.835252,41.343224],[19.835174,41.343169],[19.835085,41.343111],[19.835073,41.343104],[19.834943,41.343027],[19.834881,41.342996],[19.834785,41.342948],[19.834683,41.342895],[19.834485,41.342795],[19.834286,41.342694],[19.834158,41.342628],[19.834088,41.342593],[19.833891,41.342491],[19.833693,41.34239],[19.83367,41.342378],[19.833516,41.342299],[19.833495,41.342288],[19.83344,41.342261],[19.833296,41.342188],[19.833235,41.342157],[19.833204,41.342141],[19.833158,41.342118],[19.833098,41.342088],[19.832982,41.342029],[19.832922,41.342],[19.832899,41.341987],[19.832751,41.341909],[19.832702,41.341884],[19.832504,41.341783],[19.832501,41.341782],[19.832325,41.341691],[19.832307,41.341681],[19.832109,41.341579],[19.831912,41.341478],[19.831849,41.341445],[19.831715,41.341376],[19.83154,41.341285],[19.831517,41.341274],[19.831316,41.341176],[19.831233,41.341136],[19.831115,41.341079],[19.830952,41.340999],[19.830914,41.34098],[19.830807,41.340928],[19.830713,41.340883],[19.830617,41.340838],[19.830543,41.340802],[19.830511,41.340786],[19.830496,41.340779],[19.830414,41.340738],[19.830311,41.340687],[19.830245,41.340655],[19.830111,41.340588],[19.829911,41.340489],[19.829711,41.34039],[19.829511,41.340291],[19.829467,41.340269],[19.829317,41.340186],[19.829268,41.340158],[19.829242,41.340144],[19.829172,41.340107],[19.829123,41.340081],[19.829072,41.340054],[19.829004,41.33998],[19.828966,41.339947],[19.828954,41.339937],[19.828931,41.339923],[19.828912,41.339912],[19.828779,41.339835],[19.828589,41.339725],[19.8284,41.339616],[19.828393,41.339612],[19.828208,41.339507],[19.828155,41.339477],[19.828016,41.3394],[19.827823,41.339294],[19.82763,41.339188],[19.827547,41.339142],[19.827438,41.33908],[19.827247,41.338971],[19.82709,41.338882],[19.827056,41.338862],[19.827045,41.338855],[19.826867,41.338753],[19.826677,41.338643],[19.826627,41.338614],[19.826547,41.338567],[19.826488,41.338533],[19.826298,41.338423],[19.826159,41.338343],[19.826107,41.338314],[19.826014,41.338263],[19.825923,41.338208],[19.825919,41.338204],[19.825863,41.338141],[19.825813,41.338085],[19.825788,41.338053],[19.825779,41.338042],[19.825663,41.337899],[19.825562,41.337775],[19.825542,41.33775],[19.825538,41.337746],[19.825524,41.337729],[19.825486,41.337684],[19.825415,41.337592],[19.825295,41.337436],[19.825175,41.33728],[19.825104,41.337187],[19.825061,41.337122],[19.82499,41.337015],[19.824955,41.336961],[19.824858,41.336811],[19.824851,41.336799],[19.824778,41.336677],[19.824755,41.336634],[19.824663,41.336468],[19.824594,41.336344],[19.824571,41.336302],[19.824483,41.336135],[19.824394,41.335968],[19.824306,41.335801],[19.824217,41.335633],[19.824153,41.335513],[19.824128,41.335466],[19.824107,41.335428],[19.824036,41.3353],[19.823942,41.335135],[19.823849,41.334969],[19.823771,41.334832],[19.823756,41.334803],[19.823666,41.334637],[19.823629,41.334568],[19.823576,41.33447],[19.82357,41.334458],[19.823485,41.334304],[19.823481,41.334297],[19.823424,41.334198],[19.823391,41.334138],[19.823301,41.333972],[19.82321,41.333805],[19.823202,41.333791],[19.823118,41.333639],[19.823025,41.333473],[19.823018,41.333461],[19.822946,41.333327],[19.822934,41.333307],[19.822871,41.333196],[19.822841,41.333141],[19.822804,41.333072],[19.822783,41.333035],[19.822749,41.332975],[19.822656,41.332809],[19.822627,41.332759],[19.822552,41.332647],[19.822444,41.332487],[19.822392,41.33241],[19.822331,41.332329],[19.822213,41.332172],[19.822166,41.33211],[19.82209,41.332018],[19.822044,41.331963],[19.821955,41.331869],[19.821913,41.331825],[19.821833,41.331743],[19.821814,41.331724],[19.821672,41.331578],[19.821647,41.331552],[19.821526,41.331436],[19.82141,41.331325],[19.821377,41.331295],[19.821227,41.331155],[19.821146,41.33108],[19.821076,41.331015],[19.821037,41.330978],[19.820929,41.330873],[19.820789,41.330738],[19.820782,41.330731],[19.820778,41.330727],[19.820675,41.330617],[19.820622,41.330612],[19.820548,41.330604],[19.820481,41.3306],[19.820383,41.330598],[19.820379,41.330598],[19.820278,41.330605],[19.820163,41.330613],[19.820144,41.330613],[19.820037,41.330611],[19.819906,41.330596],[19.81985,41.330589],[19.81967,41.330565],[19.819553,41.330549],[19.819434,41.330533],[19.819199,41.330501],[19.819044,41.330481],[19.818963,41.33047],[19.818727,41.330438],[19.818491,41.330406],[19.818256,41.330375],[19.818071,41.33035],[19.818029,41.330344],[19.81802,41.330343],[19.817947,41.330332],[19.817785,41.330306],[19.81776,41.330302],[19.817643,41.330284],[19.817551,41.33027],[19.817316,41.330234],[19.817082,41.330198],[19.81692,41.330173],[19.816851,41.330157],[19.816849,41.330156],[19.816764,41.330132],[19.816703,41.330106],[19.816639,41.330072],[19.816622,41.330063],[19.816538,41.330011],[19.816466,41.329954],[19.816462,41.32995],[19.816393,41.329882],[19.816329,41.329801],[19.816329,41.3298],[19.816275,41.329711],[19.816238,41.329634],[19.816157,41.329465],[19.81613,41.32941],[19.816085,41.329293],[19.816018,41.329121],[19.816009,41.329097],[19.815978,41.328988],[19.815992,41.328941],[19.816043,41.328765],[19.816074,41.328662],[19.81607,41.328588],[19.816068,41.328547],[19.816056,41.32841],[19.816056,41.328408],[19.816032,41.328327],[19.816017,41.328311],[19.815997,41.328292],[19.815936,41.328265],[19.815926,41.328261],[19.815853,41.32824],[19.815704,41.328223],[19.815685,41.32822],[19.815465,41.32823],[19.815226,41.32824],[19.815061,41.328248],[19.814987,41.328251],[19.814748,41.328261],[19.814736,41.328262],[19.814509,41.328272],[19.81427,41.328282],[19.814031,41.328293],[19.813791,41.328303],[19.813666,41.328309],[19.813556,41.328314],[19.813552,41.328314],[19.813313,41.328324],[19.813142,41.328332],[19.813074,41.328335],[19.813019,41.328337],[19.812835,41.328344],[19.812596,41.328354],[19.812357,41.328363],[19.81228,41.328366],[19.812117,41.328367],[19.812104,41.328367],[19.811944,41.32836],[19.811879,41.328352],[19.811692,41.328332],[19.811642,41.328323],[19.811603,41.328317],[19.81149,41.328294],[19.811411,41.328274],[19.81139,41.328269],[19.811359,41.328261],[19.811212,41.328217],[19.811188,41.328209],[19.811074,41.328172],[19.810968,41.328138],[19.810747,41.328069],[19.810704,41.328056],[19.810526,41.328],[19.810307,41.327932],[19.810304,41.327931],[19.810083,41.327863],[19.809958,41.327824],[19.809862,41.327794],[19.809719,41.327751],[19.80964,41.327726],[19.809418,41.327658],[19.809307,41.327623],[19.809197,41.327589],[19.808976,41.327521],[19.808754,41.327452],[19.808717,41.32744],[19.808544,41.327386],[19.808533,41.327383],[19.808395,41.32734],[19.808311,41.327315],[19.808191,41.327278],[19.80809,41.327246],[19.807869,41.327177],[19.807839,41.327167],[19.807786,41.32715],[19.807715,41.327128],[19.807648,41.327108],[19.807648,41.327108],[19.807427,41.327039],[19.807396,41.327029],[19.807206,41.32697],[19.806984,41.326901],[19.806776,41.326836],[19.806763,41.326832],[19.806618,41.326787],[19.806542,41.326763],[19.806382,41.326714],[19.80632,41.326694],[19.806099,41.326625],[19.805878,41.326557],[19.805657,41.326488],[19.805435,41.326419],[19.805413,41.326412],[19.805299,41.326377],[19.80523,41.326355],[19.805214,41.32635],[19.805059,41.326302],[19.804993,41.326281],[19.804772,41.326213],[19.804619,41.326165],[19.80455,41.326144],[19.804329,41.326075],[19.804108,41.326006],[19.804004,41.325974],[19.803887,41.325937],[19.803855,41.325927],[19.80379,41.325907],[19.803665,41.325868],[19.803645,41.325862],[19.803597,41.325847],[19.803499,41.325816],[19.803444,41.325799],[19.803393,41.325783],[19.803307,41.325756],[19.803223,41.32573],[19.80313,41.325701],[19.803002,41.325661],[19.803001,41.325661],[19.80278,41.325593],[19.802558,41.325526],[19.802336,41.325458],[19.802114,41.32539],[19.801892,41.325322],[19.801671,41.325254],[19.801449,41.325187],[19.801227,41.325119],[19.801005,41.325051],[19.800783,41.324983],[19.800561,41.324915],[19.80053,41.324906],[19.800408,41.324869],[19.800339,41.324848],[19.800117,41.324781],[19.799895,41.324714],[19.799673,41.324647],[19.79945,41.32458],[19.799228,41.324513],[19.799006,41.324446],[19.798784,41.324379],[19.798561,41.324312],[19.798522,41.3243],[19.798338,41.324246],[19.798115,41.32418],[19.798017,41.324152],[19.797892,41.324116],[19.797667,41.324053],[19.797513,41.324009],[19.797443,41.32399],[19.797393,41.323975],[19.797219,41.323927],[19.79708,41.323888],[19.796995,41.323863],[19.796966,41.323855],[19.796838,41.323819],[19.796771,41.3238],[19.796681,41.323774],[19.796547,41.323736],[19.796323,41.323672],[19.796099,41.323609],[19.795875,41.323545],[19.79565,41.323482],[19.795426,41.323418],[19.795309,41.323385],[19.795202,41.323355],[19.794978,41.323292],[19.794754,41.323229],[19.794532,41.323167],[19.794529,41.323166],[19.794406,41.323131],[19.794305,41.323102],[19.794082,41.323038],[19.793858,41.322973],[19.793634,41.322909],[19.793411,41.322844],[19.793367,41.322832],[19.793186,41.322783],[19.79296,41.322722],[19.792951,41.32272],[19.792735,41.322662],[19.79267,41.322644],[19.792509,41.322601],[19.792311,41.322547],[19.792286,41.32254],[19.792284,41.322539],[19.792058,41.322481],[19.792039,41.322476],[19.791994,41.322464],[19.791833,41.322419],[19.791609,41.322356],[19.791527,41.322333],[19.791449,41.322314],[19.791391,41.322298],[19.791383,41.322296],[19.79129,41.322272],[19.791156,41.322237],[19.79093,41.322179],[19.790704,41.32212],[19.790615,41.322097],[19.790585,41.322089],[19.790485,41.322063],[19.790477,41.322061],[19.790252,41.322001],[19.790164,41.321977],[19.790067,41.321961],[19.79002,41.321956],[19.789851,41.321938],[19.789784,41.321927],[19.789702,41.321914],[19.789592,41.321881],[19.789558,41.32189],[19.789557,41.32189],[19.789475,41.321901],[19.789392,41.321896],[19.789322,41.321878],[19.789312,41.321875],[19.789243,41.32184],[19.789187,41.321793],[19.789166,41.321764],[19.789157,41.321751],[19.789145,41.321736],[19.789067,41.321682],[19.788996,41.321639],[19.788982,41.321629],[19.788914,41.321587],[19.788842,41.321549],[19.788789,41.321523],[19.788764,41.321511],[19.788711,41.321487],[19.788639,41.321454],[19.788583,41.321431],[19.788536,41.321411],[19.788385,41.321361],[19.788367,41.321355],[19.788303,41.321332],[19.788163,41.321282],[19.78815,41.321277],[19.787934,41.3212],[19.787886,41.321183],[19.787777,41.321136],[19.787724,41.321114],[19.787698,41.321104],[19.787648,41.321083],[19.787582,41.321061],[19.787508,41.321036],[19.787289,41.320963],[19.787126,41.320909],[19.787071,41.32089],[19.786853,41.320815],[19.786635,41.320741],[19.786496,41.320694],[19.786417,41.320667],[19.786198,41.320593],[19.78598,41.320519],[19.785761,41.320445],[19.785543,41.320372],[19.785324,41.320298],[19.785106,41.320224],[19.784888,41.32015],[19.784791,41.320118],[19.784669,41.320077],[19.78445,41.320003],[19.784232,41.31993],[19.784207,41.319921],[19.784182,41.319913],[19.784016,41.319851],[19.78396,41.319831],[19.7838,41.319773],[19.783755,41.319757],[19.78358,41.319703],[19.783358,41.319634],[19.783218,41.319591],[19.783137,41.319566],[19.782916,41.319497],[19.782882,41.319486],[19.782694,41.319428],[19.782574,41.319391],[19.782473,41.31936],[19.782309,41.319309],[19.782252,41.31929],[19.782032,41.319219],[19.781812,41.319148],[19.781706,41.319115],[19.781591,41.319078],[19.78137,41.319008],[19.78134,41.318999],[19.781149,41.31894],[19.780928,41.318871],[19.780706,41.318803],[19.780563,41.318759],[19.780484,41.318735],[19.780306,41.318682],[19.780262,41.318668],[19.780041,41.318599],[19.779864,41.318543],[19.77982,41.318529],[19.779794,41.31852],[19.779716,41.318497],[19.77971,41.318495],[19.779599,41.318461],[19.779377,41.318393],[19.779155,41.318325],[19.778933,41.318257],[19.778712,41.318189],[19.77849,41.318121],[19.778268,41.318053],[19.778147,41.318016],[19.778045,41.317987],[19.777822,41.317923],[19.777599,41.317859],[19.777598,41.317858],[19.777376,41.317791],[19.77724,41.317749],[19.777155,41.317722],[19.776934,41.317651],[19.776714,41.31758],[19.776494,41.31751],[19.776351,41.317464],[19.776274,41.317439],[19.77625,41.317431],[19.776081,41.317376],[19.776054,41.317367],[19.775834,41.317296],[19.77581,41.317288],[19.775613,41.317227],[19.775392,41.317158],[19.775199,41.317097],[19.775171,41.317089],[19.775071,41.317057],[19.77495,41.31702],[19.774836,41.316984],[19.774768,41.316963],[19.774729,41.31695],[19.774509,41.316879],[19.774289,41.316808],[19.774069,41.316737],[19.773849,41.316666],[19.77377,41.31664],[19.77363,41.316592],[19.773413,41.316517],[19.773302,41.316479],[19.773199,41.316437],[19.772988,41.316351],[19.772778,41.316265],[19.772567,41.316179],[19.772546,41.316171],[19.772449,41.31611],[19.772429,41.316102],[19.77237,41.316078],[19.772324,41.31606],[19.77216,41.315993],[19.77195,41.315906],[19.771739,41.31582],[19.771727,41.315815],[19.771529,41.315735],[19.771511,41.315728],[19.771317,41.31565],[19.771106,41.315565],[19.770895,41.315481],[19.770776,41.315433],[19.770683,41.315396],[19.770473,41.315311],[19.770262,41.315225],[19.770161,41.315184],[19.770051,41.315139],[19.769848,41.315056],[19.769841,41.315053],[19.769696,41.314997],[19.769629,41.314969],[19.769569,41.314945],[19.769418,41.314884],[19.769276,41.314827],[19.769207,41.314799],[19.769107,41.314758],[19.768997,41.314713],[19.768786,41.314628],[19.768672,41.314582],[19.768575,41.314543],[19.768364,41.314457],[19.768277,41.314422],[19.768153,41.314372],[19.768002,41.314311],[19.767942,41.314287],[19.767732,41.314202],[19.767724,41.314199],[19.767649,41.314168],[19.767521,41.314116],[19.76731,41.314031],[19.767292,41.314024],[19.767256,41.314009],[19.767135,41.313963],[19.767115,41.313991],[19.767089,41.314029],[19.767003,41.31415],[19.766999,41.314155],[19.766933,41.314249],[19.76689,41.314309],[19.766777,41.314468],[19.766706,41.314569],[19.766631,41.314536],[19.766424,41.314446],[19.766216,41.314356],[19.766049,41.314283],[19.766016,41.314262],[19.766014,41.31426],[19.765993,41.314231],[19.765989,41.314199],[19.765999,41.314163],[19.766038,41.314108],[19.76605,41.314092],[19.766167,41.313936],[19.766242,41.313836],[19.766285,41.313779],[19.766329,41.313721],[19.766374,41.313659],[19.766424,41.313679],[19.766455,41.313691],[19.766635,41.313764],[19.76676,41.313814],[19.766841,41.313846],[19.766847,41.313848],[19.766932,41.313882],[19.767059,41.313932],[19.767135,41.313963],[19.767256,41.314009],[19.767271,41.314015],[19.767292,41.314024],[19.767482,41.314101],[19.767649,41.314168],[19.767693,41.314186],[19.767724,41.314199],[19.767904,41.314271],[19.768002,41.314311],[19.768009,41.314314]]},"properties":{"line":"15A","dir":"1","headsign":"Kombinat","mode":"bus","color":"#0059a9"}},{"type":"Feature","geometry":{"type":"LineString","coordinates":[[19.768009,41.314314],[19.76822,41.314399],[19.768277,41.314422],[19.768431,41.314484],[19.768642,41.31457],[19.768672,41.314582],[19.768853,41.314655],[19.769063,41.31474],[19.769107,41.314758],[19.769274,41.314826],[19.769276,41.314827],[19.769485,41.314911],[19.769569,41.314945],[19.769696,41.314996],[19.769696,41.314997],[19.769848,41.315056],[19.769908,41.31508],[19.770118,41.315167],[19.770161,41.315184],[19.770328,41.315252],[19.770539,41.315338],[19.77075,41.315423],[19.770776,41.315433],[19.770961,41.315508],[19.771173,41.315592],[19.771384,41.315677],[19.771511,41.315728],[19.771595,41.315762],[19.771727,41.315815],[19.771806,41.315848],[19.772016,41.315934],[19.772226,41.31602],[19.772324,41.31606],[19.772429,41.316102],[19.772437,41.316105],[19.772449,41.31611],[19.77257,41.316134],[19.77266,41.316168],[19.772681,41.316177],[19.772873,41.31625],[19.772986,41.316293],[19.773088,41.31633],[19.773304,41.316408],[19.773337,41.316421],[19.773522,41.316482],[19.77374,41.316556],[19.773804,41.316577],[19.77396,41.316627],[19.774181,41.316697],[19.774401,41.316767],[19.774525,41.316807],[19.774622,41.316838],[19.774798,41.316894],[19.774842,41.316908],[19.774867,41.316916],[19.775054,41.316977],[19.775062,41.316979],[19.775283,41.317049],[19.775283,41.317049],[19.775502,41.317121],[19.775722,41.317193],[19.775839,41.317231],[19.775942,41.317265],[19.776078,41.31731],[19.776111,41.317321],[19.776161,41.317337],[19.776283,41.317378],[19.77638,41.31741],[19.776425,41.317425],[19.776601,41.317479],[19.776822,41.317548],[19.777044,41.317616],[19.777266,41.317684],[19.777487,41.317752],[19.777594,41.317785],[19.777709,41.31782],[19.777784,41.317843],[19.77793,41.31789],[19.778151,41.31796],[19.778283,41.318002],[19.778371,41.31803],[19.778459,41.318057],[19.778592,41.318099],[19.778814,41.318167],[19.779035,41.318236],[19.779257,41.318304],[19.779478,41.318372],[19.779694,41.318439],[19.7797,41.318441],[19.779738,41.318453],[19.779815,41.318476],[19.779922,41.318509],[19.780143,41.318577],[19.780328,41.318634],[19.780365,41.318645],[19.780587,41.318712],[19.780597,41.318715],[19.780807,41.318783],[19.781027,41.318855],[19.781247,41.318926],[19.781399,41.318976],[19.781466,41.318997],[19.781537,41.31902],[19.781687,41.319067],[19.781908,41.319136],[19.781955,41.319151],[19.78213,41.319204],[19.782352,41.319271],[19.782354,41.319272],[19.782573,41.319339],[19.782795,41.319408],[19.782974,41.319463],[19.783016,41.319476],[19.783238,41.319545],[19.783459,41.319613],[19.783681,41.319682],[19.783781,41.319713],[19.783828,41.319729],[19.7839,41.319754],[19.784043,41.319804],[19.784117,41.31983],[19.784212,41.319864],[19.784336,41.319903],[19.784428,41.319932],[19.784556,41.319975],[19.784774,41.320049],[19.784779,41.320051],[19.784993,41.320121],[19.785213,41.320193],[19.785433,41.320265],[19.78556,41.320306],[19.785628,41.32033],[19.785652,41.320338],[19.78587,41.320412],[19.786088,41.320486],[19.786115,41.320496],[19.786306,41.320561],[19.786524,41.320635],[19.786534,41.320639],[19.786585,41.320656],[19.786696,41.320694],[19.786742,41.32071],[19.786959,41.320785],[19.787177,41.320861],[19.78727,41.320893],[19.787372,41.320929],[19.787394,41.320937],[19.787613,41.32101],[19.787621,41.321013],[19.787687,41.321033],[19.787796,41.321068],[19.787833,41.32108],[19.787862,41.321089],[19.788007,41.321135],[19.788053,41.321151],[19.788271,41.321225],[19.788358,41.321254],[19.788491,41.321297],[19.788497,41.321299],[19.78865,41.321349],[19.788714,41.321364],[19.788806,41.321385],[19.788917,41.321398],[19.788948,41.3214],[19.789099,41.321406],[19.789187,41.321409],[19.789218,41.32141],[19.789349,41.321417],[19.789373,41.321411],[19.789424,41.321406],[19.78946,41.321402],[19.789548,41.321411],[19.789629,41.321437],[19.789653,41.321451],[19.789698,41.321478],[19.789751,41.321531],[19.789769,41.321558],[19.789808,41.321584],[19.789855,41.321615],[19.789938,41.321675],[19.789983,41.321707],[19.790008,41.321725],[19.79014,41.3218],[19.790175,41.321815],[19.790252,41.321849],[19.790393,41.32189],[19.79041,41.321895],[19.790615,41.321958],[19.790647,41.321968],[19.790839,41.322022],[19.790855,41.322027],[19.791063,41.322086],[19.791287,41.322149],[19.791296,41.322152],[19.791494,41.322208],[19.791511,41.322212],[19.791591,41.322234],[19.791736,41.322274],[19.79196,41.322337],[19.792068,41.322367],[19.792097,41.322376],[19.792126,41.322385],[19.792184,41.322402],[19.792337,41.322446],[19.792407,41.322467],[19.79263,41.322532],[19.79273,41.322561],[19.792854,41.322596],[19.793049,41.322652],[19.793078,41.32266],[19.793303,41.322721],[19.793377,41.322741],[19.793528,41.322784],[19.793752,41.322847],[19.793893,41.322888],[19.793976,41.322911],[19.7942,41.322974],[19.794424,41.323037],[19.794574,41.323079],[19.794649,41.3231],[19.794873,41.323163],[19.795097,41.323226],[19.795322,41.323289],[19.795444,41.323324],[19.79554,41.323351],[19.795546,41.323353],[19.79577,41.323416],[19.795994,41.323479],[19.796022,41.323487],[19.796118,41.323514],[19.796219,41.323542],[19.796443,41.323605],[19.796667,41.323668],[19.796886,41.32373],[19.796891,41.323731],[19.797012,41.323766],[19.797116,41.323795],[19.79734,41.323858],[19.797344,41.323859],[19.797439,41.323886],[19.797556,41.32392],[19.797564,41.323922],[19.797787,41.323987],[19.798011,41.324051],[19.798178,41.3241],[19.798234,41.324116],[19.798458,41.324181],[19.798681,41.324245],[19.798788,41.324276],[19.798904,41.324311],[19.799127,41.324376],[19.79935,41.324442],[19.799466,41.324477],[19.799573,41.324508],[19.799796,41.324575],[19.800018,41.324641],[19.800241,41.324707],[19.800323,41.324732],[19.800463,41.324774],[19.800584,41.324811],[19.800685,41.324842],[19.800907,41.32491],[19.801128,41.324978],[19.80135,41.325047],[19.801571,41.325115],[19.801793,41.325183],[19.802014,41.325252],[19.802236,41.32532],[19.802458,41.325388],[19.802679,41.325456],[19.802763,41.325482],[19.802901,41.325524],[19.803123,41.325592],[19.803186,41.325611],[19.803308,41.325649],[19.803344,41.325661],[19.80335,41.325663],[19.803433,41.325688],[19.803537,41.325721],[19.803565,41.32573],[19.803641,41.325753],[19.803786,41.325799],[19.803807,41.325806],[19.804007,41.325868],[19.804229,41.325937],[19.80425,41.325944],[19.80445,41.326007],[19.804665,41.326074],[19.804671,41.326076],[19.804892,41.326145],[19.805113,41.326214],[19.80528,41.326266],[19.805335,41.326282],[19.805348,41.326286],[19.805429,41.326311],[19.805463,41.326322],[19.805556,41.326351],[19.805778,41.326418],[19.806,41.326486],[19.806221,41.326554],[19.806312,41.326582],[19.806443,41.326623],[19.806664,41.326693],[19.806667,41.326694],[19.806875,41.326757],[19.806886,41.32676],[19.807107,41.326829],[19.807328,41.326898],[19.80755,41.326966],[19.807694,41.327011],[19.807761,41.327032],[19.807771,41.327035],[19.80779,41.327041],[19.807833,41.327054],[19.80789,41.327072],[19.807993,41.327103],[19.808119,41.327142],[19.808214,41.327172],[19.808436,41.32724],[19.808454,41.327246],[19.808598,41.327291],[19.808657,41.327309],[19.808879,41.327377],[19.808973,41.327406],[19.8091,41.327445],[19.809211,41.327479],[19.809321,41.327514],[19.809542,41.327584],[19.809624,41.327609],[19.809705,41.327635],[19.809763,41.327653],[19.809985,41.327721],[19.810009,41.327729],[19.810162,41.327775],[19.810207,41.327789],[19.810428,41.327857],[19.81065,41.327925],[19.810872,41.327993],[19.811093,41.328061],[19.811094,41.328062],[19.811263,41.328116],[19.811315,41.32813],[19.811386,41.32815],[19.811417,41.328159],[19.811514,41.328183],[19.811541,41.328188],[19.811721,41.328222],[19.811775,41.328228],[19.811967,41.328251],[19.812012,41.328253],[19.812133,41.32826],[19.812251,41.32826],[19.812283,41.32826],[19.812384,41.328256],[19.812491,41.328251],[19.81273,41.328241],[19.812905,41.328233],[19.812969,41.32823],[19.813011,41.328228],[19.813208,41.32822],[19.813447,41.328209],[19.813568,41.328204],[19.813659,41.328199],[19.813686,41.328198],[19.813925,41.328187],[19.814009,41.328183],[19.814164,41.328176],[19.814403,41.328166],[19.814642,41.328156],[19.814803,41.328149],[19.814882,41.328145],[19.815121,41.328135],[19.815236,41.32813],[19.81536,41.328124],[19.815592,41.328113],[19.815599,41.328113],[19.815838,41.328103],[19.81602,41.328095],[19.816065,41.328093],[19.816077,41.328093],[19.816211,41.3281],[19.816234,41.328011],[19.81624,41.327989],[19.816278,41.327834],[19.816284,41.32781],[19.816326,41.327658],[19.816331,41.327641],[19.816373,41.327482],[19.816419,41.327305],[19.816419,41.327303],[19.816468,41.327129],[19.816518,41.326953],[19.816534,41.326899],[19.816555,41.326826],[19.816568,41.326777],[19.8166,41.326663],[19.816618,41.326601],[19.816668,41.326425],[19.816718,41.32625],[19.816768,41.326074],[19.81677,41.326068],[19.816818,41.325898],[19.816865,41.325732],[19.816867,41.325722],[19.81689,41.325642],[19.816902,41.325598],[19.816972,41.325609],[19.817038,41.325619],[19.817206,41.325645],[19.817346,41.325667],[19.817441,41.325682],[19.817675,41.325719],[19.81791,41.325756],[19.818144,41.325792],[19.818378,41.325829],[19.818613,41.325866],[19.818847,41.325903],[19.818888,41.325909],[19.818923,41.325915],[19.819015,41.325929],[19.819082,41.325939],[19.819105,41.325943],[19.819062,41.326102],[19.819015,41.326278],[19.818967,41.326454],[19.818958,41.326489],[19.818919,41.326631],[19.818911,41.326661],[19.818909,41.326713],[19.818925,41.326758],[19.818944,41.326779],[19.818968,41.326798],[19.818975,41.326804],[19.819047,41.326858],[19.81911,41.326915],[19.819127,41.326933],[19.819164,41.32697],[19.819201,41.327013],[19.819236,41.327063],[19.819254,41.327085],[19.819265,41.327099],[19.81928,41.327113],[19.819307,41.327132],[19.81934,41.327143],[19.819404,41.327158],[19.81946,41.327163],[19.819496,41.327166],[19.819632,41.327178],[19.819698,41.327183],[19.819936,41.327204],[19.820174,41.327225],[19.820177,41.327225],[19.820412,41.327246],[19.820624,41.327264],[19.820649,41.327267],[19.820887,41.327287],[19.821042,41.327301],[19.821125,41.327308],[19.821363,41.327329],[19.821371,41.32733],[19.821601,41.32735],[19.821839,41.327371],[19.821888,41.327375],[19.822053,41.327389],[19.822077,41.327391],[19.822315,41.327412],[19.822489,41.327427],[19.822551,41.32744],[19.822609,41.327452],[19.822671,41.327474],[19.822706,41.327514],[19.822724,41.327507],[19.822706,41.327514],[19.822622,41.327568],[19.822583,41.327591],[19.822541,41.327624],[19.822526,41.327636],[19.822463,41.327685],[19.82239,41.327759],[19.822388,41.327762],[19.822331,41.327831],[19.822275,41.32792],[19.822247,41.327963],[19.822177,41.328084],[19.822082,41.328249],[19.822075,41.328261],[19.82199,41.328415],[19.821957,41.328476],[19.8219,41.328582],[19.821889,41.328603],[19.821804,41.328747],[19.821772,41.3288],[19.821709,41.328912],[19.821616,41.329078],[19.821523,41.329243],[19.821429,41.329409],[19.821428,41.329411],[19.821334,41.329574],[19.821238,41.329739],[19.821142,41.329904],[19.821092,41.32999],[19.821047,41.330069],[19.820953,41.330234],[19.820858,41.330399],[19.820834,41.330441],[19.82082,41.330465],[19.820736,41.330553],[19.820675,41.330617],[19.820752,41.3307],[19.820778,41.330727],[19.820789,41.330738],[19.820897,41.330843],[19.821037,41.330978],[19.821044,41.330985],[19.821146,41.33108],[19.821194,41.331125],[19.821345,41.331265],[19.82141,41.331325],[19.821494,41.331406],[19.821642,41.331547],[19.821647,41.331552],[19.821783,41.331692],[19.821833,41.331743],[19.821913,41.331825],[19.821925,41.331837],[19.822044,41.331963],[19.822062,41.331985],[19.822166,41.33211],[19.822187,41.332138],[19.822305,41.332295],[19.822392,41.33241],[19.822421,41.332452],[19.822529,41.332613],[19.822627,41.332759],[19.822636,41.332774],[19.822729,41.332939],[19.822783,41.333035],[19.822804,41.333072],[19.822822,41.333105],[19.822871,41.333196],[19.822914,41.333271],[19.822946,41.333327],[19.823006,41.333437],[19.823018,41.333461],[19.823098,41.333603],[19.82319,41.333769],[19.823202,41.333791],[19.823281,41.333936],[19.823372,41.334102],[19.823424,41.334198],[19.823465,41.334268],[19.823481,41.334297],[19.823557,41.334434],[19.82357,41.334458],[19.823629,41.334568],[19.823647,41.334601],[19.823737,41.334767],[19.823771,41.334832],[19.823829,41.334933],[19.823922,41.335099],[19.824016,41.335265],[19.824107,41.335428],[19.824109,41.33543],[19.824153,41.335513],[19.824198,41.335597],[19.824286,41.335764],[19.824375,41.335932],[19.824464,41.336099],[19.824552,41.336266],[19.824594,41.336344],[19.824643,41.336432],[19.824735,41.336598],[19.824778,41.336677],[19.82483,41.336763],[19.824858,41.336811],[19.824932,41.336926],[19.82499,41.337015],[19.825038,41.337088],[19.825104,41.337187],[19.82515,41.337246],[19.825269,41.337402],[19.825389,41.337558],[19.825486,41.337684],[19.82551,41.337713],[19.825524,41.337729],[19.825542,41.33775],[19.825562,41.337775],[19.825636,41.337866],[19.825761,41.33802],[19.825779,41.338042],[19.825813,41.338085],[19.825863,41.338141],[19.82589,41.338171],[19.825923,41.338208],[19.826014,41.338263],[19.826065,41.338291],[19.826159,41.338343],[19.826191,41.338312],[19.826159,41.338343],[19.826302,41.338426],[19.826492,41.338535],[19.826547,41.338567],[19.826627,41.338614],[19.826681,41.338645],[19.826871,41.338755],[19.827045,41.338855],[19.827061,41.338865],[19.82709,41.338882],[19.827251,41.338974],[19.827442,41.339082],[19.827547,41.339142],[19.827634,41.33919],[19.827827,41.339296],[19.82802,41.339403],[19.828155,41.339477],[19.828213,41.33951],[19.828393,41.339612],[19.828404,41.339618],[19.828594,41.339728],[19.828784,41.339838],[19.828912,41.339912],[19.828931,41.339923],[19.828954,41.339937],[19.828976,41.339945],[19.829117,41.339997],[19.829184,41.340032],[19.829217,41.34005],[19.829291,41.340088],[19.829379,41.340137],[19.829428,41.340164],[19.829562,41.340234],[19.829575,41.34024],[19.829775,41.340339],[19.829975,41.340438],[19.830175,41.340537],[19.830375,41.340636],[19.830462,41.34068],[19.830546,41.340721],[19.830575,41.340735],[19.830667,41.340778],[19.830777,41.340832],[19.830778,41.340833],[19.830977,41.34093],[19.831178,41.341028],[19.831216,41.341047],[19.831377,41.341128],[19.831575,41.341229],[19.831774,41.34133],[19.831899,41.341394],[19.831972,41.341431],[19.83217,41.341532],[19.832369,41.341632],[19.832542,41.341721],[19.832567,41.341733],[19.832765,41.341835],[19.832946,41.341927],[19.832963,41.341936],[19.832975,41.341942],[19.833034,41.341972],[19.833162,41.342036],[19.83321,41.342061],[19.833255,41.342084],[19.83336,41.342137],[19.833403,41.342158],[19.833557,41.342239],[19.83372,41.342325],[19.833754,41.342342],[19.833816,41.342373],[19.833874,41.342403],[19.833952,41.342442],[19.834143,41.342539],[19.834151,41.342543],[19.834349,41.342644],[19.834374,41.342656],[19.834548,41.342745],[19.834554,41.342748],[19.834747,41.342844],[19.834833,41.342888],[19.834944,41.342947],[19.834996,41.342975],[19.835133,41.343058],[19.835139,41.343062],[19.835314,41.343175],[19.835319,41.343178],[19.83549,41.343298],[19.835626,41.343393],[19.835665,41.34342],[19.83584,41.343543],[19.836016,41.343665],[19.836191,41.343788],[19.836311,41.343871],[19.836367,41.34391],[19.836464,41.343977],[19.836542,41.344032],[19.836718,41.344155],[19.836893,41.344278],[19.837068,41.3444],[19.837243,41.344523],[19.837334,41.344586],[19.837419,41.344645],[19.837595,41.344767],[19.83762,41.344784],[19.837771,41.344889],[19.837809,41.344916],[19.837946,41.345012],[19.83804,41.345078],[19.838118,41.345137],[19.838125,41.345142],[19.838156,41.345166],[19.838206,41.345199],[19.838245,41.34522],[19.838279,41.345235],[19.838308,41.345246],[19.838319,41.34525],[19.838399,41.345269],[19.838427,41.345274],[19.838536,41.345301],[19.8387,41.34534],[19.838764,41.345356],[19.838992,41.345411],[19.839153,41.34545],[19.83922,41.345466],[19.839448,41.345521],[19.839543,41.345544],[19.839676,41.345577],[19.839904,41.345632],[19.840002,41.345656],[19.840132,41.345687],[19.840359,41.345743],[19.840429,41.34576],[19.840587,41.345798],[19.840738,41.345835],[19.840815,41.345854],[19.840954,41.345888],[19.841041,41.345913],[19.841047,41.345915],[19.841133,41.345944],[19.841241,41.346006],[19.841243,41.346008],[19.841387,41.346144],[19.841392,41.346149],[19.841426,41.346178],[19.841464,41.346206],[19.841566,41.34627],[19.841568,41.346271],[19.841638,41.346315],[19.841755,41.346382],[19.841945,41.346492],[19.841961,41.346501],[19.842011,41.346536],[19.842108,41.346606],[19.842119,41.346616],[19.842173,41.346665],[19.842219,41.346708],[19.842267,41.346757],[19.842304,41.346795],[19.842382,41.346899],[19.842389,41.346912],[19.842485,41.347076],[19.842581,41.347241],[19.84265,41.347358],[19.842676,41.347406],[19.84268,41.347414],[19.842763,41.347574],[19.84285,41.347741],[19.842894,41.347827],[19.84294,41.347908],[19.843034,41.348073],[19.843041,41.348087],[19.843128,41.348239],[19.843221,41.348404],[19.843315,41.34857],[19.843338,41.348611],[19.843408,41.348734],[19.843409,41.348735],[19.843507,41.3489],[19.843587,41.349035],[19.843602,41.349065],[19.843648,41.349157],[19.843683,41.349234],[19.8437,41.34927],[19.843734,41.349378],[19.84374,41.349409],[19.843755,41.349491],[19.843769,41.349587],[19.843775,41.34963],[19.843785,41.349767],[19.843792,41.349865],[19.843803,41.349946],[19.84381,41.349993],[19.843841,41.350123],[19.843842,41.350127],[19.843854,41.350194],[19.843865,41.350248],[19.84387,41.350298],[19.843873,41.350324],[19.84388,41.3504],[19.843882,41.350422],[19.843876,41.350487],[19.84387,41.350519],[19.843841,41.35058],[19.843879,41.350534],[19.843927,41.350495],[19.843988,41.350465],[19.844033,41.350443],[19.844086,41.350429],[19.844141,41.350421],[19.844197,41.350418],[19.844214,41.350419],[19.844253,41.350422],[19.844308,41.350431],[19.84436,41.350446],[19.844435,41.350484],[19.844435,41.350485],[19.84449,41.35052],[19.844531,41.350563],[19.844561,41.35061],[19.844568,41.350629],[19.844582,41.350669],[19.844586,41.350728],[19.84458,41.350764],[19.844567,41.350805],[19.844546,41.350844],[19.844513,41.350884],[19.844496,41.35095],[19.844489,41.351035],[19.844491,41.351049],[19.844494,41.351081],[19.844497,41.351113],[19.844515,41.35118],[19.844534,41.351244],[19.844544,41.351279],[19.84463,41.351407],[19.844738,41.351567],[19.84476,41.351601],[19.844849,41.351727],[19.844947,41.351864],[19.844962,41.351885],[19.844979,41.351909],[19.845042,41.351994],[19.845077,41.352043],[19.845125,41.352111],[19.845185,41.352203],[19.845185,41.352203],[19.845291,41.352365],[19.845293,41.352368],[19.845387,41.352507],[19.845398,41.352526],[19.845499,41.352689],[19.845539,41.352754],[19.845601,41.352851],[19.845705,41.353014],[19.845808,41.353176],[19.845912,41.353338],[19.845984,41.353451],[19.846012,41.353501],[19.846015,41.353506],[19.846075,41.353624],[19.846095,41.35367],[19.846167,41.353842],[19.846239,41.354013],[19.846276,41.354102],[19.846311,41.354185],[19.846384,41.354356],[19.846439,41.354485],[19.846456,41.354528],[19.846527,41.354693],[19.846529,41.354699],[19.846582,41.354823],[19.846602,41.35487],[19.846655,41.354994],[19.846672,41.355037],[19.846674,41.355042],[19.846747,41.355213],[19.84682,41.355384],[19.846848,41.355449],[19.846893,41.355556],[19.846957,41.355708],[19.846964,41.355727],[19.847033,41.3559],[19.847051,41.355945],[19.847104,41.356072],[19.847176,41.356243],[19.847183,41.35626],[19.847246,41.356415],[19.847258,41.356445],[19.847317,41.356587],[19.847332,41.356624],[19.847387,41.356759],[19.847439,41.356884],[19.847458,41.356931],[19.847528,41.357103],[19.847599,41.357274],[19.847612,41.357307],[19.84765,41.357399],[19.847656,41.357414],[19.847672,41.35745],[19.847722,41.35755],[19.847731,41.357568],[19.847819,41.357735],[19.847829,41.357754],[19.847909,41.357902],[19.84795,41.357978],[19.848001,41.358068],[19.848026,41.358113],[19.848088,41.358205],[19.848108,41.358229],[19.84817,41.3583],[19.848245,41.358376],[19.848277,41.358408],[19.848402,41.358512],[19.848408,41.358517],[19.848582,41.358631],[19.848762,41.358749],[19.848943,41.358867],[19.849025,41.358921],[19.849126,41.358983],[19.849312,41.359096],[19.849498,41.359209],[19.849684,41.359322],[19.849826,41.359408],[19.84987,41.359436],[19.850056,41.359549],[19.850242,41.359663],[19.850254,41.35967],[19.850288,41.359691],[19.850291,41.359693],[19.850382,41.359747],[19.850445,41.359785],[19.850459,41.359793],[19.850646,41.359904],[19.850818,41.360007],[19.850833,41.360016],[19.85094,41.360082],[19.851013,41.360135],[19.851064,41.360172],[19.851182,41.360263],[19.851212,41.360285],[19.851342,41.360397],[19.851345,41.360399],[19.851453,41.360504],[19.85148,41.360543],[19.85151,41.360586],[19.85155,41.360669],[19.851566,41.360711],[19.851631,41.360884],[19.851652,41.360939],[19.851694,41.361057],[19.851756,41.361231],[19.851819,41.361405],[19.851854,41.361504],[19.851879,41.361579],[19.851892,41.361614],[19.851925,41.361726],[19.851933,41.361754],[19.851984,41.361929],[19.851986,41.361933],[19.852024,41.362059],[19.852039,41.362105],[19.852098,41.362279],[19.852156,41.362453],[19.852168,41.362489],[19.852215,41.362628],[19.85226,41.362763],[19.852273,41.362802],[19.852328,41.362977],[19.852334,41.362995],[19.852386,41.363152],[19.852445,41.363326],[19.852503,41.363501],[19.85255,41.363642],[19.852561,41.363675],[19.852618,41.36385],[19.852675,41.364024],[19.852732,41.364199],[19.85279,41.364374],[19.852847,41.364548],[19.852851,41.36456],[19.852911,41.364722],[19.852975,41.364896],[19.85304,41.365069],[19.853066,41.36514],[19.853092,41.365207],[19.853105,41.365242],[19.853125,41.365295],[19.85317,41.365415],[19.853176,41.36543],[19.853218,41.365521],[19.853246,41.365586],[19.853271,41.365644],[19.853316,41.365758],[19.853383,41.36593],[19.853407,41.36599],[19.853452,41.366103],[19.853521,41.366275],[19.85359,41.366447],[19.853659,41.366619],[19.853728,41.366792],[19.853783,41.366927],[19.853797,41.366964],[19.853867,41.367136],[19.853937,41.367308],[19.854006,41.36748],[19.854076,41.367652],[19.854146,41.367824],[19.854198,41.367953],[19.854217,41.367996],[19.854292,41.368167],[19.854367,41.368338],[19.85443,41.36848],[19.854439,41.368509],[19.854494,41.368684],[19.854542,41.368835],[19.854552,41.368859],[19.854619,41.369032],[19.854686,41.369205],[19.854753,41.369377],[19.854785,41.36946],[19.854821,41.36955],[19.85489,41.369722],[19.854952,41.36988]]},"properties":{"line":"15B","dir":"0","headsign":"Rruga Arbërit","mode":"bus","color":"#0059a9"}},{"type":"Feature","geometry":{"type":"LineString","coordinates":[[19.854952,41.36988],[19.854884,41.369708],[19.854815,41.369535],[19.854785,41.36946],[19.854748,41.369363],[19.854681,41.36919],[19.854613,41.369017],[19.854546,41.368845],[19.854542,41.368835],[19.85449,41.368669],[19.854434,41.368495],[19.85443,41.36848],[19.854361,41.368323],[19.854286,41.368153],[19.854211,41.367982],[19.854198,41.367953],[19.85414,41.36781],[19.85407,41.367638],[19.854001,41.367466],[19.853931,41.367294],[19.853861,41.367122],[19.853792,41.366949],[19.853783,41.366927],[19.853722,41.366777],[19.853653,41.366605],[19.853584,41.366433],[19.853515,41.366261],[19.853446,41.366088],[19.853407,41.36599],[19.853378,41.365916],[19.85331,41.365743],[19.853271,41.365644],[19.85324,41.365572],[19.853218,41.365521],[19.853176,41.36543],[19.853164,41.3654],[19.853125,41.365295],[19.8531,41.365227],[19.853092,41.365207],[19.853066,41.36514],[19.853035,41.365054],[19.85297,41.364881],[19.852906,41.364708],[19.852851,41.36456],[19.852842,41.364534],[19.852785,41.364359],[19.852728,41.364184],[19.852671,41.36401],[19.852614,41.363835],[19.852556,41.36366],[19.85255,41.363642],[19.852498,41.363486],[19.85244,41.363312],[19.852381,41.363137],[19.852334,41.362995],[19.852323,41.362963],[19.852268,41.362788],[19.85226,41.362763],[19.85221,41.362613],[19.852168,41.362489],[19.852151,41.362439],[19.852093,41.362264],[19.852034,41.36209],[19.852024,41.362059],[19.851986,41.361933],[19.85198,41.361915],[19.851928,41.361739],[19.851925,41.361726],[19.851892,41.361614],[19.851875,41.361564],[19.851854,41.361504],[19.851797,41.361519],[19.851854,41.361504],[19.851808,41.361374],[19.851745,41.3612],[19.851683,41.361026],[19.851652,41.360939],[19.85162,41.360853],[19.851555,41.36068],[19.85155,41.360669],[19.85151,41.360586],[19.85146,41.360515],[19.851453,41.360504],[19.851345,41.360399],[19.851314,41.360373],[19.851212,41.360285],[19.851153,41.36024],[19.851064,41.360172],[19.850983,41.360113],[19.85094,41.360082],[19.850818,41.360007],[19.850801,41.359996],[19.850613,41.359885],[19.850445,41.359785],[19.850425,41.359773],[19.850382,41.359747],[19.850291,41.359693],[19.850254,41.35967],[19.850238,41.359661],[19.850052,41.359547],[19.849867,41.359434],[19.849826,41.359408],[19.849681,41.35932],[19.849495,41.359207],[19.849309,41.359094],[19.849122,41.35898],[19.849025,41.358921],[19.848939,41.358865],[19.848758,41.358747],[19.848578,41.358628],[19.848408,41.358517],[19.848399,41.358509],[19.848277,41.358408],[19.848242,41.358373],[19.84817,41.3583],[19.848105,41.358226],[19.848088,41.358205],[19.848026,41.358113],[19.847999,41.358065],[19.84795,41.357978],[19.847907,41.357899],[19.847829,41.357754],[19.847817,41.357732],[19.84773,41.357564],[19.847722,41.35755],[19.847672,41.35745],[19.847656,41.357414],[19.847649,41.357395],[19.847612,41.357307],[19.847578,41.357223],[19.847507,41.357052],[19.847439,41.356884],[19.847437,41.35688],[19.847366,41.356708],[19.847332,41.356624],[19.847296,41.356536],[19.847258,41.356445],[19.847225,41.356364],[19.847183,41.35626],[19.847154,41.356192],[19.847082,41.356021],[19.847051,41.355945],[19.847012,41.355849],[19.846957,41.355708],[19.846943,41.355676],[19.846871,41.355505],[19.846848,41.355449],[19.846798,41.355334],[19.846726,41.355162],[19.846672,41.355037],[19.846655,41.354994],[19.846654,41.354991],[19.846582,41.354823],[19.84658,41.354819],[19.846527,41.354693],[19.846508,41.354648],[19.846439,41.354485],[19.846435,41.354477],[19.846362,41.354305],[19.84629,41.354134],[19.846276,41.354102],[19.846217,41.353962],[19.846145,41.353791],[19.846075,41.353624],[19.846073,41.353619],[19.846015,41.353506],[19.845984,41.353452],[19.845984,41.353451],[19.845881,41.35329],[19.845777,41.353128],[19.845674,41.352965],[19.84557,41.352803],[19.845539,41.352754],[19.845469,41.35264],[19.845387,41.352507],[19.845367,41.352478],[19.845293,41.352368],[19.845259,41.352317],[19.845259,41.352316],[19.845185,41.352203],[19.845153,41.352154],[19.845125,41.352111],[19.845043,41.351995],[19.845042,41.351994],[19.844979,41.351909],[19.844947,41.351864],[19.844927,41.351837],[19.844815,41.351678],[19.84476,41.351601],[19.844705,41.351518],[19.844597,41.351358],[19.844544,41.351279],[19.844476,41.35121],[19.844475,41.351209],[19.844408,41.351155],[19.844345,41.351112],[19.844331,41.351102],[19.844322,41.351096],[19.844245,41.35105],[19.844172,41.351019],[19.844145,41.351007],[19.844088,41.350999],[19.844032,41.350984],[19.843999,41.350972],[19.843971,41.350957],[19.843945,41.350944],[19.843899,41.350912],[19.843859,41.350872],[19.843827,41.350823],[19.84382,41.350812],[19.843805,41.350752],[19.843799,41.350693],[19.843811,41.350645],[19.843815,41.350629],[19.843841,41.35058],[19.84387,41.350519],[19.843876,41.35049],[19.843876,41.350487],[19.843882,41.350422],[19.84388,41.3504],[19.843874,41.350339],[19.843873,41.350324],[19.843865,41.350248],[19.843854,41.350194],[19.843848,41.350164],[19.843842,41.350127],[19.84381,41.349993],[19.843809,41.349986],[19.843792,41.349865],[19.843787,41.349807],[19.843775,41.34963],[19.843774,41.349628],[19.843755,41.349491],[19.843747,41.349449],[19.843734,41.349378],[19.8437,41.349271],[19.8437,41.34927],[19.843648,41.349157],[19.84362,41.349101],[19.843587,41.349035],[19.843528,41.348935],[19.84343,41.348771],[19.843484,41.348861],[19.843581,41.349025],[19.843587,41.349035],[19.843648,41.349157],[19.843665,41.349194],[19.8437,41.34927],[19.843731,41.349367],[19.843734,41.349378],[19.843755,41.349491],[19.843763,41.349545],[19.843775,41.34963],[19.843781,41.349725],[19.843792,41.349865],[19.843797,41.349904],[19.84381,41.349993],[19.843831,41.350082],[19.843842,41.350127],[19.843854,41.350194],[19.843865,41.350248],[19.843865,41.350257],[19.84387,41.350295],[19.843865,41.350248],[19.843854,41.350194],[19.843842,41.350127],[19.843841,41.35012],[19.84381,41.349993],[19.843803,41.349943],[19.843792,41.349865],[19.843784,41.349764],[19.843775,41.34963],[19.843768,41.349584],[19.843755,41.349491],[19.843739,41.349406],[19.843734,41.349378],[19.8437,41.34927],[19.843682,41.349231],[19.843648,41.349157],[19.8436,41.349062],[19.843587,41.349035],[19.843505,41.348897],[19.843408,41.348734],[19.843407,41.348733],[19.843338,41.348611],[19.843314,41.348567],[19.84322,41.348402],[19.843126,41.348236],[19.843041,41.348087],[19.843032,41.348071],[19.842938,41.347905],[19.842894,41.347827],[19.842848,41.347739],[19.842762,41.347571],[19.84268,41.347414],[19.842675,41.347403],[19.84265,41.347358],[19.84258,41.347238],[19.842483,41.347073],[19.842387,41.346909],[19.842382,41.346899],[19.842304,41.346795],[19.842265,41.346755],[19.842219,41.346708],[19.842173,41.346665],[19.842116,41.346613],[19.842108,41.346606],[19.842011,41.346536],[19.841961,41.346501],[19.841942,41.34649],[19.841752,41.34638],[19.841638,41.346315],[19.841566,41.34627],[19.841564,41.346269],[19.841464,41.346206],[19.841426,41.346178],[19.841389,41.346147],[19.841387,41.346144],[19.841241,41.346006],[19.84124,41.346006],[19.841104,41.345991],[19.841064,41.345981],[19.841031,41.345972],[19.841007,41.345966],[19.84078,41.34591],[19.840707,41.345892],[19.840552,41.345854],[19.840324,41.345799],[19.840096,41.345744],[19.839868,41.345689],[19.83964,41.345634],[19.839412,41.345579],[19.839184,41.345524],[19.838956,41.345469],[19.838953,41.345468],[19.838727,41.345415],[19.838499,41.345362],[19.838436,41.345347],[19.838406,41.34534],[19.838298,41.345314],[19.838271,41.345307],[19.838234,41.345296],[19.838198,41.34528],[19.838148,41.34525],[19.838095,41.345212],[19.838079,41.345201],[19.838026,41.345164],[19.838003,41.345147],[19.837904,41.345078],[19.837728,41.344956],[19.837552,41.344834],[19.837376,41.344712],[19.8372,41.34459],[19.837129,41.344541],[19.837025,41.344467],[19.836851,41.344343],[19.836716,41.344247],[19.836677,41.34422],[19.836585,41.344154],[19.836503,41.344097],[19.836327,41.343975],[19.836209,41.343893],[19.836151,41.343852],[19.835976,41.34373],[19.835801,41.343607],[19.835782,41.343594],[19.835625,41.343485],[19.83545,41.343362],[19.835275,41.34324],[19.835174,41.343169],[19.835097,41.343119],[19.835085,41.343111],[19.834943,41.343027],[19.834907,41.343009],[19.834785,41.342948],[19.834709,41.342909],[19.83451,41.342808],[19.834312,41.342707],[19.834158,41.342628],[19.834114,41.342606],[19.833916,41.342504],[19.833718,41.342403],[19.83367,41.342378],[19.833521,41.342301],[19.833516,41.342299],[19.83344,41.342261],[19.833322,41.342201],[19.833235,41.342157],[19.833204,41.342141],[19.833158,41.342118],[19.833123,41.342101],[19.832982,41.342029],[19.832924,41.342001],[19.832922,41.342],[19.832751,41.341909],[19.832728,41.341897],[19.83253,41.341796],[19.832501,41.341782],[19.832332,41.341695],[19.832325,41.341691],[19.832135,41.341593],[19.831938,41.341491],[19.831849,41.341445],[19.83174,41.341389],[19.831543,41.341287],[19.83154,41.341285],[19.831342,41.341189],[19.831233,41.341136],[19.831141,41.341091],[19.830952,41.340999],[19.83094,41.340993],[19.830807,41.340928],[19.830739,41.340896],[19.830617,41.340838],[19.830543,41.340802],[19.830537,41.340799],[19.830496,41.340779],[19.830414,41.340738],[19.830337,41.3407],[19.830245,41.340655],[19.830137,41.340601],[19.829937,41.340502],[19.829737,41.340403],[19.829537,41.340304],[19.829467,41.340269],[19.829342,41.3402],[19.829268,41.340158],[19.829242,41.340144],[19.829172,41.340107],[19.829148,41.340094],[19.829072,41.340054],[19.829004,41.33998],[19.828987,41.339965],[19.828954,41.339937],[19.828931,41.339923],[19.828912,41.339912],[19.828804,41.339849],[19.828614,41.33974],[19.828424,41.33963],[19.828393,41.339612],[19.828233,41.339521],[19.828155,41.339477],[19.828041,41.339414],[19.827848,41.339308],[19.827655,41.339201],[19.827547,41.339142],[19.827463,41.339094],[19.827272,41.338985],[19.82709,41.338882],[19.827081,41.338877],[19.827045,41.338855],[19.826891,41.338767],[19.826701,41.338657],[19.826627,41.338614],[19.826547,41.338567],[19.826512,41.338547],[19.826322,41.338437],[19.826159,41.338343],[19.826132,41.338328],[19.826014,41.338263],[19.825941,41.338219],[19.825923,41.338208],[19.825863,41.338141],[19.825813,41.338085],[19.825804,41.338073],[19.825779,41.338042],[19.825679,41.337919],[19.825562,41.337775],[19.825554,41.337766],[19.825542,41.33775],[19.825524,41.337729],[19.825486,41.337684],[19.825431,41.337612],[19.825311,41.337456],[19.825191,41.3373],[19.825104,41.337187],[19.825075,41.337143],[19.82499,41.337015],[19.824968,41.336982],[19.824864,41.33682],[19.824858,41.336811],[19.824778,41.336677],[19.824767,41.336656],[19.824675,41.33649],[19.824594,41.336344],[19.824583,41.336323],[19.824494,41.336156],[19.824406,41.335989],[19.824317,41.335822],[19.824228,41.335655],[19.824153,41.335513],[19.82414,41.335488],[19.824107,41.335428],[19.824048,41.335322],[19.823954,41.335156],[19.823861,41.334991],[19.823771,41.334832],[19.823768,41.334825],[19.823678,41.334658],[19.823629,41.334568],[19.823588,41.334492],[19.82357,41.334458],[19.823497,41.334325],[19.823481,41.334297],[19.823424,41.334198],[19.823403,41.33416],[19.823312,41.333993],[19.823222,41.333827],[19.823202,41.333791],[19.82313,41.333661],[19.823037,41.333495],[19.823018,41.333461],[19.822946,41.333328],[19.822946,41.333327],[19.822871,41.333196],[19.822853,41.333163],[19.822804,41.333072],[19.822783,41.333035],[19.822761,41.332997],[19.822668,41.332831],[19.822627,41.332759],[19.822566,41.332668],[19.822458,41.332508],[19.822392,41.33241],[19.822346,41.332349],[19.822228,41.332192],[19.822166,41.33211],[19.822106,41.332038],[19.822044,41.331963],[19.821973,41.331888],[19.821913,41.331825],[19.821833,41.331743],[19.821832,41.331742],[19.821691,41.331597],[19.821647,41.331552],[19.821545,41.331455],[19.82141,41.331325],[19.821397,41.331313],[19.821246,41.331173],[19.821146,41.33108],[19.821096,41.331033],[19.821037,41.330978],[19.820948,41.330892],[19.820801,41.33075],[19.820789,41.330738],[19.820778,41.330727],[19.820675,41.330617],[19.820653,41.330615],[19.820548,41.330604],[19.820481,41.3306],[19.820414,41.330599],[19.820379,41.330598],[19.820278,41.330605],[19.820176,41.330612],[19.820163,41.330613],[19.820037,41.330611],[19.819937,41.330599],[19.81985,41.330589],[19.819701,41.330569],[19.819553,41.330549],[19.819465,41.330537],[19.819229,41.330505],[19.819044,41.330481],[19.818994,41.330474],[19.818758,41.330442],[19.818522,41.330411],[19.818286,41.330379],[19.818071,41.33035],[19.81805,41.330347],[19.818029,41.330344],[19.817947,41.330332],[19.817816,41.330311],[19.81776,41.330302],[19.817643,41.330284],[19.817581,41.330275],[19.817347,41.330239],[19.817112,41.330203],[19.81692,41.330173],[19.816878,41.330163],[19.816851,41.330157],[19.816764,41.330132],[19.816703,41.330106],[19.816664,41.330085],[19.816622,41.330063],[19.816538,41.330011],[19.816483,41.329967],[19.816466,41.329954],[19.816393,41.329882],[19.816345,41.329821],[19.816329,41.3298],[19.816275,41.329711],[19.816249,41.329656],[19.816167,41.329487],[19.81613,41.32941],[19.816093,41.329316],[19.816026,41.329143],[19.816009,41.329097],[19.815978,41.328988],[19.815986,41.328963],[19.816037,41.328788],[19.816074,41.328662],[19.816071,41.328611],[19.816068,41.328547],[19.816058,41.328431],[19.816056,41.32841],[19.816032,41.328327],[19.816017,41.328311],[19.815997,41.328292],[19.815963,41.328277],[19.815926,41.328261],[19.815853,41.32824],[19.815734,41.328226],[19.815685,41.32822],[19.815496,41.328228],[19.815257,41.328239],[19.815061,41.328248],[19.815018,41.328249],[19.814779,41.32826],[19.814736,41.328262],[19.81454,41.32827],[19.814301,41.328281],[19.814061,41.328291],[19.813822,41.328302],[19.813666,41.328309],[19.813583,41.328312],[19.813556,41.328314],[19.813344,41.328323],[19.813142,41.328332],[19.813105,41.328333],[19.813019,41.328337],[19.812866,41.328343],[19.812627,41.328352],[19.812388,41.328362],[19.81228,41.328366],[19.812148,41.328367],[19.812104,41.328367],[19.811944,41.32836],[19.811909,41.328356],[19.811692,41.328332],[19.811672,41.328328],[19.811603,41.328317],[19.81149,41.328294],[19.811441,41.328282],[19.81139,41.328269],[19.811359,41.328261],[19.811217,41.328218],[19.811212,41.328217],[19.811074,41.328172],[19.810997,41.328147],[19.810776,41.328078],[19.810704,41.328056],[19.810554,41.328009],[19.810333,41.32794],[19.810307,41.327932],[19.810112,41.327872],[19.809958,41.327824],[19.80989,41.327803],[19.809719,41.327751],[19.809669,41.327735],[19.809447,41.327667],[19.809307,41.327623],[19.809226,41.327598],[19.809004,41.327529],[19.808783,41.327461],[19.808717,41.32744],[19.808562,41.327392],[19.808544,41.327386],[19.808395,41.32734],[19.80834,41.327323],[19.808191,41.327278],[19.808119,41.327255],[19.807898,41.327186],[19.807839,41.327167],[19.807786,41.32715],[19.807715,41.327128],[19.807677,41.327116],[19.807648,41.327108],[19.807455,41.327048],[19.807396,41.327029],[19.807234,41.326979],[19.807013,41.32691],[19.806792,41.326841],[19.806776,41.326836],[19.806618,41.326787],[19.80657,41.326772],[19.806382,41.326714],[19.806349,41.326703],[19.806128,41.326634],[19.805907,41.326565],[19.805685,41.326497],[19.805464,41.326428],[19.805413,41.326412],[19.805299,41.326377],[19.805243,41.326359],[19.80523,41.326355],[19.805059,41.326302],[19.805022,41.32629],[19.8048,41.326221],[19.804619,41.326165],[19.804579,41.326153],[19.804358,41.326084],[19.804136,41.326015],[19.804004,41.325974],[19.803915,41.325946],[19.803855,41.325927],[19.80379,41.325907],[19.803694,41.325877],[19.803645,41.325862],[19.803597,41.325847],[19.803499,41.325816],[19.803473,41.325808],[19.803393,41.325783],[19.803307,41.325756],[19.803251,41.325739],[19.80313,41.325701],[19.80303,41.32567],[19.803001,41.325661],[19.802809,41.325602],[19.802587,41.325534],[19.802365,41.325467],[19.802143,41.325399],[19.801921,41.325331],[19.801699,41.325263],[19.801478,41.325195],[19.801256,41.325128],[19.801034,41.32506],[19.800812,41.324992],[19.80059,41.324924],[19.80053,41.324906],[19.800408,41.324869],[19.800368,41.324857],[19.800146,41.32479],[19.799924,41.324723],[19.799701,41.324656],[19.799479,41.324589],[19.799257,41.324522],[19.799035,41.324455],[19.798812,41.324388],[19.79859,41.324321],[19.798522,41.3243],[19.798367,41.324254],[19.798144,41.324189],[19.798017,41.324152],[19.797921,41.324124],[19.797697,41.324061],[19.797513,41.324009],[19.797472,41.323998],[19.797393,41.323975],[19.797248,41.323935],[19.79708,41.323888],[19.797024,41.323872],[19.796966,41.323855],[19.796838,41.323819],[19.7968,41.323808],[19.796681,41.323774],[19.796576,41.323744],[19.796352,41.323681],[19.796128,41.323617],[19.795904,41.323554],[19.795679,41.32349],[19.795455,41.323427],[19.795309,41.323385],[19.795231,41.323363],[19.795007,41.3233],[19.794783,41.323237],[19.794558,41.323174],[19.794532,41.323167],[19.794406,41.323131],[19.794334,41.323111],[19.794111,41.323046],[19.793887,41.322982],[19.793663,41.322917],[19.79344,41.322853],[19.793367,41.322832],[19.793215,41.322791],[19.792989,41.32273],[19.792951,41.32272],[19.792764,41.32267],[19.79267,41.322644],[19.792539,41.322609],[19.792313,41.322547],[19.792311,41.322547],[19.792286,41.32254],[19.792087,41.322488],[19.792039,41.322476],[19.791994,41.322464],[19.791862,41.322427],[19.791638,41.322364],[19.791527,41.322333],[19.791449,41.322314],[19.791412,41.322304],[19.791391,41.322298],[19.79129,41.322272],[19.791186,41.322245],[19.790959,41.322186],[19.790733,41.322128],[19.790615,41.322097],[19.790585,41.322089],[19.790507,41.322068],[19.790485,41.322063],[19.790281,41.322008],[19.790164,41.321977],[19.790067,41.321961],[19.790051,41.321959],[19.789851,41.321938],[19.789814,41.321932],[19.789702,41.321914],[19.789592,41.321881],[19.789586,41.321883],[19.789558,41.32189],[19.789475,41.321901],[19.789392,41.321896],[19.789351,41.321885],[19.789312,41.321875],[19.789243,41.32184],[19.789187,41.321793],[19.789171,41.321772],[19.789166,41.321764],[19.789145,41.321736],[19.789067,41.321682],[19.789006,41.321644],[19.788996,41.321639],[19.788914,41.321587],[19.788842,41.321549],[19.788815,41.321536],[19.788764,41.321511],[19.788711,41.321487],[19.788639,41.321454],[19.78861,41.321442],[19.788536,41.321411],[19.788395,41.321364],[19.788385,41.321361],[19.788303,41.321332],[19.788178,41.321287],[19.788163,41.321282],[19.787962,41.32121],[19.787886,41.321183],[19.787777,41.321136],[19.787751,41.321125],[19.787698,41.321104],[19.787648,41.321083],[19.787582,41.321061],[19.787536,41.321045],[19.787317,41.320972],[19.787126,41.320909],[19.787099,41.320899],[19.786881,41.320825],[19.786663,41.320751],[19.786496,41.320694],[19.786445,41.320676],[19.786226,41.320603],[19.786008,41.320529],[19.78579,41.320455],[19.785571,41.320381],[19.785353,41.320308],[19.785134,41.320234],[19.784916,41.32016],[19.784791,41.320118],[19.784697,41.320086],[19.784479,41.320013],[19.78426,41.319939],[19.784207,41.319921],[19.784182,41.319913],[19.784044,41.319862],[19.78396,41.319831],[19.783828,41.319783],[19.783755,41.319757],[19.783608,41.319712],[19.783387,41.319643],[19.783218,41.319591],[19.783166,41.319574],[19.782944,41.319506],[19.782882,41.319486],[19.782723,41.319437],[19.782574,41.319391],[19.782502,41.319368],[19.782309,41.319309],[19.78228,41.319299],[19.78206,41.319229],[19.78184,41.319158],[19.781706,41.319115],[19.78162,41.319087],[19.781399,41.319017],[19.78134,41.318999],[19.781178,41.318949],[19.780956,41.31888],[19.780735,41.318812],[19.780563,41.318759],[19.780513,41.318744],[19.780306,41.318682],[19.780291,41.318677],[19.78007,41.318608],[19.779864,41.318543],[19.779849,41.318538],[19.779794,41.31852],[19.779716,41.318497],[19.77971,41.318495],[19.779627,41.31847],[19.779406,41.318402],[19.779184,41.318334],[19.778962,41.318266],[19.77874,41.318198],[19.778519,41.31813],[19.778297,41.318062],[19.778147,41.318016],[19.778074,41.317995],[19.777851,41.317931],[19.777627,41.317867],[19.777599,41.317859],[19.777405,41.3178],[19.77724,41.317749],[19.777183,41.317731],[19.776963,41.31766],[19.776743,41.31759],[19.776523,41.317519],[19.776351,41.317464],[19.776302,41.317448],[19.77625,41.317431],[19.776083,41.317376],[19.776081,41.317376],[19.775863,41.317305],[19.77581,41.317288],[19.775642,41.317235],[19.775421,41.317167],[19.7752,41.317098],[19.775199,41.317097],[19.775071,41.317057],[19.774978,41.317029],[19.774836,41.316984],[19.774768,41.316963],[19.774757,41.31696],[19.774537,41.316888],[19.774317,41.316817],[19.774097,41.316746],[19.773877,41.316675],[19.77377,41.31664],[19.773659,41.316602],[19.773441,41.316527],[19.773302,41.316479],[19.773226,41.316448],[19.773015,41.316362],[19.772805,41.316276],[19.772594,41.31619],[19.772546,41.316171],[19.772449,41.31611],[19.772429,41.316102],[19.772398,41.316089],[19.772324,41.31606],[19.772187,41.316004],[19.771977,41.315918],[19.771767,41.315831],[19.771727,41.315815],[19.771556,41.315746],[19.771511,41.315728],[19.771345,41.315661],[19.771133,41.315576],[19.770922,41.315492],[19.770776,41.315433],[19.770711,41.315407],[19.7705,41.315322],[19.770289,41.315236],[19.770161,41.315184],[19.770079,41.315151],[19.769868,41.315064],[19.769848,41.315056],[19.769696,41.314997],[19.769656,41.31498],[19.769569,41.314945],[19.769446,41.314895],[19.769276,41.314827],[19.769235,41.31481],[19.769107,41.314758],[19.769024,41.314724],[19.768813,41.314639],[19.768672,41.314582],[19.768602,41.314554],[19.768391,41.314468],[19.768277,41.314422],[19.768181,41.314383],[19.768002,41.314311],[19.76797,41.314298],[19.767759,41.314213],[19.767724,41.314199],[19.767649,41.314168],[19.767548,41.314127],[19.767337,41.314042],[19.767292,41.314024],[19.767256,41.314009],[19.767135,41.313963],[19.76713,41.313971],[19.767089,41.314029],[19.767017,41.31413],[19.766999,41.314155],[19.766933,41.314249],[19.766904,41.314288],[19.766792,41.314447],[19.766706,41.314569],[19.766658,41.314548],[19.76645,41.314458],[19.766243,41.314368],[19.766049,41.314283],[19.766037,41.314275],[19.766016,41.314262],[19.765993,41.314231],[19.765989,41.314199],[19.765999,41.314163],[19.766035,41.314113],[19.766038,41.314108],[19.766152,41.313956],[19.766242,41.313836],[19.76627,41.313799],[19.766329,41.313721],[19.766374,41.313659],[19.766396,41.313668],[19.766455,41.313691],[19.766608,41.313753],[19.76676,41.313814],[19.766819,41.313837],[19.766841,41.313846],[19.766932,41.313882],[19.767031,41.313921],[19.767135,41.313963],[19.767243,41.314005],[19.767256,41.314009],[19.767292,41.314024],[19.767454,41.31409],[19.767649,41.314168],[19.767665,41.314175],[19.767724,41.314199],[19.767876,41.31426],[19.768002,41.314311],[19.768009,41.314314]]},"properties":{"line":"15B","dir":"1","headsign":"Kombinat","mode":"bus","color":"#0059a9"}},{"type":"Feature","geometry":{"type":"LineString","coordinates":[[19.829328,41.339686],[19.829332,41.33968],[19.829402,41.339576],[19.829437,41.339526],[19.829546,41.339366],[19.82964,41.339227],[19.829655,41.339206],[19.829764,41.339045],[19.829806,41.338984],[19.829872,41.338887],[19.829873,41.338885],[19.829958,41.338761],[19.829982,41.338725],[19.830092,41.338565],[19.83016,41.338465],[19.830201,41.338405],[19.830257,41.338322],[19.830265,41.338312],[19.83031,41.338245],[19.830419,41.338085],[19.830423,41.338079],[19.830528,41.337925],[19.830637,41.337765],[19.830719,41.337644],[19.830746,41.337604],[19.83078,41.337554],[19.830855,41.337444],[19.830964,41.337284],[19.831065,41.337137],[19.831073,41.337124],[19.83108,41.337115],[19.831129,41.337042],[19.831182,41.336964],[19.831252,41.336861],[19.831291,41.336804],[19.831294,41.3368],[19.831372,41.336686],[19.831401,41.336644],[19.831473,41.336539],[19.83151,41.336484],[19.831619,41.336323],[19.831689,41.33622],[19.831727,41.336163],[19.831836,41.336003],[19.831931,41.335863],[19.831944,41.335842],[19.832054,41.335682],[19.832164,41.335523],[19.832222,41.335437],[19.832273,41.335363],[19.832342,41.335262],[19.832382,41.335202],[19.832401,41.335175],[19.832491,41.335042],[19.8326,41.334882],[19.83271,41.334722],[19.832796,41.334595],[19.832819,41.334562],[19.832928,41.334402],[19.832968,41.334344],[19.833014,41.334277],[19.833038,41.334242],[19.833117,41.334126],[19.833146,41.334082],[19.833255,41.333921],[19.833257,41.333919],[19.833365,41.333762],[19.833368,41.333758],[19.833379,41.333742],[19.833451,41.333637],[19.833476,41.333602],[19.833518,41.333543],[19.833586,41.333443],[19.833649,41.33335],[19.833693,41.333282],[19.83375,41.333193],[19.833786,41.333116],[19.833787,41.333114],[19.833821,41.333028],[19.833846,41.332942],[19.833855,41.332912],[19.833881,41.332789],[19.833886,41.332765],[19.833921,41.332587],[19.833956,41.332409],[19.833984,41.332265],[19.833991,41.332231],[19.834027,41.332053],[19.834062,41.331875],[19.83407,41.331836],[19.834098,41.331697],[19.834133,41.331519],[19.834169,41.331341],[19.834204,41.331164],[19.834211,41.331133],[19.834242,41.330986],[19.834277,41.330821],[19.83428,41.330808],[19.834281,41.330802],[19.834307,41.330653],[19.83428,41.330642],[19.834074,41.330554],[19.834072,41.330553],[19.833942,41.330497],[19.833864,41.330463],[19.833808,41.330439],[19.833656,41.330374],[19.833449,41.330284],[19.833444,41.330282],[19.833297,41.330218],[19.833241,41.330194],[19.833034,41.330104],[19.832973,41.330077],[19.832925,41.330054],[19.832827,41.330013],[19.832619,41.329925],[19.832426,41.329843],[19.83241,41.329836],[19.832202,41.329747],[19.831995,41.329657],[19.831971,41.329647],[19.831898,41.329616],[19.831787,41.329568],[19.831694,41.329528],[19.831592,41.329484],[19.831579,41.329478],[19.831371,41.329389],[19.831224,41.329325],[19.831164,41.329299],[19.830956,41.32921],[19.830887,41.32918],[19.830748,41.32912],[19.830671,41.329087],[19.830541,41.32903],[19.830333,41.328941],[19.830125,41.328851],[19.829998,41.328797],[19.829917,41.328762],[19.829803,41.328714],[19.829709,41.328674],[19.8295,41.328586],[19.829291,41.328497],[19.829133,41.32843],[19.829083,41.328409],[19.828874,41.328321],[19.828665,41.328232],[19.828468,41.328149],[19.828457,41.328144],[19.828283,41.32806],[19.828256,41.328046],[19.82815,41.32799],[19.828063,41.32794],[19.828038,41.327925],[19.827974,41.327884],[19.827959,41.327874],[19.827888,41.327824],[19.827884,41.32782],[19.827804,41.327756],[19.827724,41.327686],[19.82769,41.327656],[19.827568,41.327549],[19.827412,41.327413],[19.827411,41.327413],[19.827268,41.327291],[19.827253,41.327278],[19.827095,41.327143],[19.827031,41.327089],[19.826938,41.327008],[19.826781,41.326872],[19.826624,41.326736],[19.826581,41.326698],[19.826464,41.326602],[19.826304,41.32647],[19.826303,41.326469],[19.826166,41.326356],[19.826142,41.326336],[19.826031,41.326241],[19.825982,41.326202],[19.825899,41.326135],[19.825819,41.32607],[19.825779,41.326038],[19.825653,41.32594],[19.825557,41.325865],[19.825487,41.325811],[19.82532,41.325682],[19.825199,41.325589],[19.825153,41.325553],[19.825112,41.32552],[19.825008,41.32544],[19.824986,41.325424],[19.824853,41.325327],[19.824813,41.325299],[19.824733,41.325245],[19.824632,41.325181],[19.824624,41.325176],[19.824547,41.325128],[19.824448,41.325076],[19.824442,41.325073],[19.82435,41.325028],[19.824237,41.324979],[19.82421,41.324966],[19.82414,41.324939],[19.824053,41.324905],[19.824025,41.324895],[19.823869,41.324837],[19.82381,41.324817],[19.823667,41.324767],[19.823591,41.324743],[19.823415,41.324686],[19.82337,41.324674],[19.823209,41.32463],[19.823144,41.324614],[19.823072,41.324596],[19.823013,41.324581],[19.822916,41.324559],[19.822719,41.324517],[19.822686,41.324509],[19.822673,41.324507],[19.822454,41.324465],[19.822405,41.324456],[19.82222,41.324426],[19.822117,41.32441],[19.821985,41.324389],[19.821751,41.324351],[19.821517,41.324313],[19.821309,41.32428],[19.821283,41.324276],[19.821151,41.324255],[19.821049,41.324238],[19.820814,41.324201],[19.82058,41.324163],[19.820466,41.324145],[19.820346,41.324125],[19.820112,41.324088],[19.819878,41.32405],[19.819781,41.324035],[19.819734,41.324027],[19.81965,41.324014],[19.819643,41.324013],[19.819537,41.323996],[19.819462,41.323985],[19.819409,41.323976],[19.819393,41.323974],[19.819174,41.323939],[19.81894,41.323902],[19.818706,41.323865],[19.818471,41.323828],[19.818237,41.323791],[19.818002,41.323754],[19.817871,41.323734],[19.817768,41.323717],[19.817602,41.323691],[19.817569,41.323686],[19.817534,41.32368],[19.817447,41.323667],[19.817332,41.323649],[19.817299,41.323643],[19.817065,41.323606],[19.81683,41.323569],[19.816596,41.323532],[19.816362,41.323496],[19.816127,41.323459],[19.815893,41.323422],[19.815658,41.323385],[19.815424,41.323348],[19.815333,41.323333],[19.815189,41.323312],[19.814954,41.323277],[19.814884,41.323266],[19.81472,41.323239],[19.814486,41.323201],[19.814367,41.323182],[19.814252,41.323164],[19.814017,41.323128],[19.813821,41.323097],[19.813783,41.323091],[19.813549,41.323053],[19.813484,41.323042],[19.813441,41.323035],[19.813315,41.323014],[19.813265,41.323005],[19.813091,41.322979],[19.81308,41.322977],[19.812846,41.32294],[19.812643,41.322909],[19.812611,41.322904],[19.812377,41.322867],[19.812143,41.32283],[19.812064,41.322818],[19.811908,41.322793],[19.811674,41.322756],[19.81165,41.322752],[19.811439,41.322719],[19.811205,41.322682],[19.811173,41.322677],[19.811115,41.322668],[19.811021,41.322653],[19.810971,41.322645],[19.810736,41.322608],[19.810502,41.322571],[19.810489,41.322569],[19.810267,41.322534],[19.810033,41.322497],[19.809799,41.32246],[19.809564,41.322423],[19.809487,41.322411],[19.80933,41.322387],[19.809095,41.32235],[19.808861,41.322313],[19.808627,41.322276],[19.808392,41.322239],[19.808158,41.322202],[19.80811,41.322194],[19.807982,41.322174],[19.807923,41.322165],[19.80774,41.322136],[19.807689,41.322128],[19.807455,41.322091],[19.807282,41.322063],[19.80722,41.322054],[19.806986,41.322017],[19.806854,41.321997],[19.806751,41.321981],[19.806724,41.321976],[19.806517,41.321943],[19.806283,41.321906],[19.806162,41.321887],[19.806048,41.321869],[19.805814,41.321832],[19.805668,41.321809],[19.805579,41.321796],[19.805491,41.321783],[19.805407,41.321809],[19.805358,41.321835],[19.805322,41.321853],[19.805251,41.321893],[19.805191,41.321944],[19.805186,41.321957],[19.805111,41.322128],[19.805093,41.322168],[19.805036,41.322298],[19.80496,41.322469],[19.804894,41.322619],[19.804885,41.32264],[19.804861,41.322694],[19.804809,41.32281],[19.804734,41.322981],[19.804706,41.323045],[19.804659,41.323152],[19.804584,41.323323],[19.804559,41.323379],[19.804517,41.323474],[19.804509,41.323494],[19.804434,41.323664],[19.804358,41.323835],[19.804283,41.324006],[19.804208,41.324177],[19.804133,41.324347],[19.804058,41.324518],[19.803982,41.324689],[19.803945,41.324774],[19.803919,41.324833],[19.803907,41.32486],[19.80385,41.32499],[19.803832,41.32503],[19.803757,41.325201],[19.803699,41.325334],[19.803682,41.325372],[19.803614,41.325527],[19.803608,41.325543],[19.803571,41.325634],[19.80356,41.325663],[19.803539,41.325715],[19.803537,41.325721],[19.803499,41.325816],[19.803477,41.325869],[19.80347,41.325888],[19.803412,41.326032],[19.8034,41.32606],[19.803326,41.326231],[19.803253,41.326402],[19.803179,41.326573],[19.803106,41.326744],[19.803032,41.326915],[19.802959,41.327087],[19.8029,41.327224],[19.802885,41.327258],[19.80281,41.327429],[19.802735,41.327599],[19.80271,41.327656],[19.802677,41.327743],[19.802667,41.327772],[19.802644,41.327839],[19.802616,41.327941],[19.802614,41.327947],[19.802609,41.327967],[19.802598,41.328041],[19.802594,41.328106],[19.802594,41.328127],[19.802586,41.328306],[19.802583,41.328368],[19.802586,41.328486],[19.802588,41.328618],[19.802593,41.328666],[19.80261,41.328846],[19.802613,41.328872],[19.802651,41.329023],[19.802657,41.329048],[19.802691,41.329152],[19.802711,41.329197],[19.802754,41.329293],[19.802789,41.329367],[19.802811,41.329412],[19.802883,41.329532],[19.802983,41.329696],[19.803082,41.329859],[19.803181,41.330023],[19.80326,41.330153],[19.803281,41.330186],[19.803357,41.330306],[19.803383,41.330349],[19.803482,41.330513],[19.803581,41.330677],[19.80368,41.33084],[19.803779,41.331004],[19.803867,41.33115],[19.803878,41.331168],[19.803977,41.331332],[19.804076,41.331496],[19.804175,41.331659],[19.804269,41.331815],[19.804274,41.331823],[19.80431,41.331884],[19.804328,41.331923],[19.804334,41.331939],[19.804355,41.331993],[19.804377,41.33205],[19.804394,41.33217],[19.804395,41.332177],[19.804389,41.332268],[19.804385,41.332349],[19.804385,41.332375],[19.804403,41.332478],[19.804425,41.332525],[19.804436,41.332549],[19.804446,41.332569],[19.804506,41.332664],[19.804521,41.33269],[19.804553,41.332748],[19.804592,41.332763],[19.804629,41.332781],[19.80468,41.332815],[19.804699,41.332829],[19.804752,41.332888],[19.804785,41.332955],[19.804788,41.332973],[19.804796,41.333025],[19.804793,41.333062],[19.804785,41.333098],[19.80481,41.33315],[19.804837,41.333204],[19.804873,41.333276],[19.804898,41.333317],[19.804903,41.333326],[19.804979,41.333421],[19.805031,41.333466],[19.80511,41.333535],[19.805199,41.333594],[19.805278,41.333647],[19.805377,41.333714],[19.805555,41.333834],[19.805566,41.333841],[19.805737,41.33395],[19.805738,41.33395],[19.805909,41.334053],[19.805922,41.334061],[19.805926,41.334062],[19.806032,41.334117],[19.806105,41.33415],[19.806127,41.33416],[19.806134,41.334163],[19.806241,41.334209],[19.806338,41.334245],[19.806345,41.334247],[19.806391,41.334261],[19.80648,41.334289],[19.806562,41.334308],[19.806603,41.334318],[19.806738,41.334342],[19.806795,41.334351],[19.807029,41.33439],[19.807262,41.334429],[19.807389,41.334451],[19.807496,41.334468],[19.807509,41.33447],[19.80773,41.334506],[19.807818,41.33452],[19.807964,41.334544],[19.808198,41.334582],[19.808262,41.334593],[19.808432,41.334621],[19.808666,41.334659],[19.808715,41.334667],[19.808901,41.334697],[19.809108,41.334731],[19.809135,41.334735],[19.809368,41.334774],[19.809417,41.334782],[19.809602,41.334813],[19.809686,41.334828],[19.809836,41.334852],[19.81007,41.334891],[19.810217,41.334915],[19.810304,41.334929],[19.810538,41.334967],[19.810655,41.334986],[19.810772,41.335006],[19.811006,41.335046],[19.81108,41.335058],[19.811107,41.335063],[19.811212,41.33508],[19.811239,41.335085],[19.811333,41.335099],[19.811474,41.335122],[19.811708,41.335159],[19.811841,41.33518],[19.811942,41.335198],[19.812176,41.335237],[19.812221,41.335245],[19.812252,41.33525],[19.81241,41.335275],[19.812436,41.335279],[19.812586,41.335304],[19.812644,41.335314],[19.812878,41.335352],[19.813111,41.335391],[19.813345,41.33543],[19.813579,41.335469],[19.813813,41.335508],[19.81382,41.335509],[19.814047,41.335546],[19.814281,41.335583],[19.814516,41.33562],[19.81475,41.335657],[19.814984,41.335695],[19.815008,41.335698],[19.815219,41.335731],[19.815453,41.335768],[19.815497,41.335774],[19.815688,41.335804],[19.815767,41.335817],[19.815923,41.33584],[19.81606,41.335861],[19.816088,41.335865],[19.816158,41.335875],[19.816232,41.335886],[19.816387,41.335911],[19.816392,41.335911],[19.8165,41.33593],[19.816626,41.33595],[19.816831,41.335984],[19.81686,41.335988],[19.817023,41.336016],[19.817094,41.336029],[19.817196,41.336047],[19.817244,41.336055],[19.817324,41.33607],[19.817327,41.33607],[19.817437,41.33609],[19.817558,41.336116],[19.817603,41.336126],[19.817709,41.336163],[19.817777,41.336188],[19.817991,41.336268],[19.818206,41.336348],[19.818345,41.3364],[19.81842,41.336429],[19.8186,41.3365],[19.818632,41.336512],[19.818845,41.336595],[19.819058,41.336677],[19.819069,41.336681],[19.819144,41.336711],[19.819271,41.33676],[19.819484,41.336842],[19.819661,41.336911],[19.819696,41.336926],[19.819896,41.337009],[19.819905,41.337013],[19.819925,41.337021],[19.820067,41.337083],[19.820111,41.337104],[19.820162,41.337129],[19.820307,41.337209],[19.8205,41.337315],[19.820585,41.337362],[19.820693,41.337422],[19.820885,41.337529],[19.820968,41.337575],[19.821077,41.337636],[19.821187,41.337697],[19.821268,41.337745],[19.821269,41.337746],[19.821372,41.337816],[19.821446,41.337865],[19.821551,41.337936],[19.821624,41.337985],[19.821671,41.338016],[19.821803,41.338105],[19.821829,41.338123],[19.821924,41.338186],[19.821966,41.338214],[19.821981,41.338226],[19.822002,41.338241],[19.822091,41.338305],[19.822153,41.33835],[19.822187,41.338375],[19.822321,41.338479],[19.822488,41.338608],[19.822654,41.338737],[19.822749,41.338811],[19.822823,41.338865],[19.82299,41.338987],[19.822995,41.338991],[19.82317,41.339103],[19.823177,41.339107],[19.823356,41.339213],[19.823366,41.339218],[19.823552,41.339318],[19.823561,41.339323],[19.823677,41.339377],[19.823764,41.339418],[19.82385,41.339458],[19.82397,41.339509],[19.824016,41.339529],[19.824177,41.339591],[19.824183,41.339593],[19.824372,41.33966],[19.8244,41.339668],[19.824623,41.339735],[19.824679,41.339752],[19.824777,41.33978],[19.824847,41.339798],[19.825005,41.33984],[19.825074,41.339856],[19.825229,41.339894],[19.825303,41.339909],[19.825432,41.339936],[19.825535,41.339953],[19.825656,41.339974],[19.825722,41.339985],[19.825769,41.339992],[19.826004,41.340026],[19.826139,41.340046],[19.826184,41.340053],[19.826239,41.34006],[19.826322,41.340071],[19.826476,41.340088],[19.826549,41.340096],[19.826713,41.340114],[19.826949,41.340141],[19.827186,41.340167],[19.827423,41.340193],[19.827642,41.340217],[19.82766,41.340219],[19.827898,41.340244],[19.827945,41.340249],[19.828136,41.340264],[19.828268,41.340275],[19.828374,41.34028],[19.828379,41.340281],[19.828477,41.340283],[19.828583,41.340278],[19.828613,41.340274],[19.82866,41.340267],[19.828729,41.340252],[19.828785,41.340234],[19.828836,41.340212],[19.828905,41.340181],[19.828946,41.340157],[19.829007,41.340111],[19.829022,41.3401],[19.829024,41.340099],[19.829072,41.340054],[19.829117,41.339997],[19.82915,41.339948],[19.829158,41.339936],[19.829181,41.339902],[19.829258,41.339787],[19.829328,41.339686]]},"properties":{"line":"16A","dir":"Gjykata","headsign":"Gjykata","mode":"bus","color":"#0059a9"}},{"type":"Feature","geometry":{"type":"LineString","coordinates":[[19.829616,41.33947],[19.829601,41.339492],[19.829509,41.33963],[19.829404,41.339787],[19.829401,41.339791],[19.829291,41.339951],[19.829282,41.339963],[19.829269,41.339983],[19.829217,41.34005],[19.829172,41.340107],[19.829172,41.340107],[19.829131,41.340147],[19.829086,41.340184],[19.829035,41.340214],[19.829003,41.340231],[19.829001,41.340232],[19.828942,41.340263],[19.828859,41.340296],[19.8288,41.340317],[19.828791,41.340319],[19.828748,41.340329],[19.828675,41.340344],[19.828626,41.340351],[19.828557,41.340354],[19.828498,41.340357],[19.828382,41.340354],[19.828318,41.34035],[19.828201,41.340343],[19.82808,41.340333],[19.827961,41.340323],[19.827842,41.340312],[19.827711,41.340299],[19.827604,41.340287],[19.827367,41.340261],[19.82713,41.340235],[19.826893,41.340209],[19.826656,41.340183],[19.826574,41.340174],[19.826541,41.340171],[19.826419,41.340157],[19.826339,41.340149],[19.826183,41.34013],[19.82617,41.340129],[19.825947,41.340096],[19.825793,41.340074],[19.825713,41.34006],[19.825479,41.34002],[19.825478,41.34002],[19.825248,41.339973],[19.825215,41.339967],[19.825019,41.33992],[19.824921,41.339896],[19.824793,41.33986],[19.824652,41.33982],[19.824569,41.339796],[19.824418,41.339752],[19.824347,41.339729],[19.824266,41.339702],[19.824132,41.33965],[19.824033,41.339612],[19.823922,41.339564],[19.823808,41.339515],[19.823715,41.339472],[19.823634,41.339435],[19.823511,41.339379],[19.823498,41.339373],[19.823316,41.339274],[19.823297,41.339264],[19.823126,41.339164],[19.82311,41.339155],[19.822945,41.339046],[19.822926,41.339034],[19.822772,41.338922],[19.822687,41.338861],[19.822602,41.338795],[19.822435,41.338666],[19.822344,41.338596],[19.822268,41.338537],[19.822119,41.338425],[19.822099,41.33841],[19.821927,41.338284],[19.821896,41.338262],[19.821752,41.338162],[19.821672,41.338105],[19.821573,41.338042],[19.82142,41.337945],[19.82139,41.337926],[19.821322,41.33788],[19.821211,41.337807],[19.821199,41.337799],[19.821019,41.337698],[19.820827,41.337591],[19.820765,41.337557],[19.820636,41.337483],[19.820549,41.337434],[19.820443,41.337376],[19.820249,41.337271],[19.820121,41.337201],[19.820107,41.337194],[19.820053,41.337167],[19.820008,41.337146],[19.819875,41.337085],[19.819848,41.337074],[19.819637,41.336989],[19.819453,41.336914],[19.819426,41.336903],[19.819229,41.336824],[19.819215,41.336818],[19.819003,41.336735],[19.818974,41.336724],[19.81879,41.336652],[19.818578,41.336569],[19.818443,41.336516],[19.818365,41.336486],[19.818152,41.336404],[19.817953,41.336328],[19.817939,41.336322],[19.817912,41.336312],[19.817724,41.336243],[19.81771,41.336238],[19.817675,41.336225],[19.817566,41.336196],[19.817499,41.336183],[19.817384,41.336159],[19.817266,41.33614],[19.81722,41.336132],[19.817032,41.336101],[19.816874,41.336074],[19.816799,41.336061],[19.816565,41.336022],[19.816521,41.336014],[19.816478,41.336007],[19.816358,41.335988],[19.816331,41.335983],[19.816214,41.335965],[19.816096,41.335947],[19.816065,41.335942],[19.815862,41.335908],[19.815747,41.335889],[19.815628,41.33587],[19.815394,41.335833],[19.81516,41.335796],[19.814925,41.335759],[19.814761,41.335733],[19.814691,41.335722],[19.814496,41.335691],[19.814457,41.335685],[19.814222,41.335648],[19.813988,41.335611],[19.813799,41.335581],[19.813766,41.335575],[19.813754,41.335573],[19.81352,41.335535],[19.813286,41.335496],[19.813052,41.335458],[19.812818,41.33542],[19.812586,41.335382],[19.812584,41.335381],[19.812565,41.335378],[19.812408,41.335352],[19.81235,41.335343],[19.812302,41.335335],[19.81223,41.335323],[19.812116,41.335304],[19.811882,41.335266],[19.811648,41.335227],[19.811414,41.335188],[19.811342,41.335177],[19.811312,41.335172],[19.811191,41.335152],[19.81118,41.33515],[19.811087,41.335134],[19.810946,41.335111],[19.810835,41.335092],[19.810712,41.335072],[19.810479,41.335033],[19.810292,41.335002],[19.810245,41.334994],[19.810011,41.334955],[19.809777,41.334916],[19.809666,41.334898],[19.809543,41.334877],[19.809309,41.334838],[19.80908,41.3348],[19.809076,41.334799],[19.808842,41.334761],[19.808608,41.334722],[19.808374,41.334683],[19.80814,41.334644],[19.807906,41.334605],[19.807829,41.334592],[19.807672,41.334567],[19.807438,41.33453],[19.807203,41.334493],[19.806969,41.334456],[19.806735,41.334419],[19.806717,41.334417],[19.806583,41.334395],[19.806501,41.33438],[19.806482,41.334377],[19.806389,41.334353],[19.806323,41.334333],[19.806299,41.334325],[19.806277,41.334317],[19.806085,41.334244],[19.806064,41.334235],[19.806001,41.334208],[19.805916,41.334163],[19.805865,41.334134],[19.805847,41.334123],[19.805722,41.334046],[19.805681,41.334019],[19.805529,41.333919],[19.805501,41.3339],[19.805323,41.33378],[19.805176,41.33368],[19.805145,41.33366],[19.804986,41.33356],[19.804959,41.333546],[19.804852,41.333492],[19.804756,41.333451],[19.804733,41.333442],[19.804593,41.333394],[19.804556,41.333383],[19.804537,41.333378],[19.804488,41.333363],[19.80434,41.333325],[19.80431,41.33332],[19.804288,41.333316],[19.80425,41.333307],[19.804163,41.333272],[19.804105,41.333233],[19.804091,41.333223],[19.804036,41.333162],[19.804003,41.333093],[19.804,41.333074],[19.803993,41.33302],[19.804006,41.332948],[19.804034,41.332898],[19.804046,41.332875],[19.804111,41.332727],[19.804115,41.332719],[19.804182,41.332566],[19.804185,41.332556],[19.804227,41.332436],[19.804245,41.332382],[19.804256,41.332347],[19.804279,41.332241],[19.804279,41.332204],[19.804279,41.332176],[19.80428,41.332128],[19.804268,41.332025],[19.804265,41.332003],[19.80422,41.331914],[19.804189,41.331856],[19.804185,41.331849],[19.804091,41.331691],[19.804006,41.331547],[19.803993,41.331527],[19.803892,41.331364],[19.80379,41.331202],[19.803786,41.331195],[19.80369,41.331038],[19.803661,41.330991],[19.803589,41.330875],[19.803489,41.330711],[19.803389,41.330548],[19.803316,41.330429],[19.80329,41.330384],[19.803265,41.33034],[19.803191,41.33022],[19.803091,41.330057],[19.803077,41.330035],[19.80299,41.329894],[19.80289,41.329731],[19.802789,41.329567],[19.802714,41.329446],[19.802694,41.329403],[19.802656,41.32932],[19.802619,41.329232],[19.80259,41.329162],[19.802564,41.329063],[19.802562,41.329057],[19.80254,41.328976],[19.802519,41.328881],[19.802519,41.32888],[19.802503,41.328781],[19.802491,41.328702],[19.802485,41.328664],[19.802479,41.328522],[19.802477,41.328481],[19.802484,41.328342],[19.802493,41.328163],[19.802494,41.32813],[19.802496,41.3281],[19.802502,41.328036],[19.802505,41.327983],[19.802507,41.327957],[19.80252,41.32789],[19.802544,41.327813],[19.802547,41.327806],[19.802609,41.327656],[19.802619,41.327634],[19.802691,41.327463],[19.802692,41.327461],[19.802763,41.327291],[19.802835,41.32712],[19.802907,41.326948],[19.80292,41.326918],[19.802979,41.326777],[19.803051,41.326605],[19.803123,41.326434],[19.803139,41.326395],[19.803193,41.326262],[19.803263,41.32609],[19.803297,41.326005],[19.803335,41.325918],[19.803354,41.325873],[19.803369,41.32584],[19.803393,41.325783],[19.803408,41.325747],[19.803433,41.325688],[19.803455,41.325635],[19.803481,41.325575],[19.803514,41.325497],[19.803555,41.325408],[19.803557,41.325405],[19.803636,41.325235],[19.80371,41.325077],[19.803716,41.325066],[19.803795,41.324896],[19.803861,41.324756],[19.803874,41.324726],[19.803888,41.324697],[19.80395,41.324556],[19.804026,41.324385],[19.804102,41.324214],[19.804177,41.324044],[19.804253,41.323873],[19.804262,41.323853],[19.804326,41.323702],[19.804382,41.32357],[19.804399,41.32353],[19.804432,41.323454],[19.804473,41.323359],[19.804473,41.323358],[19.804547,41.323188],[19.804621,41.323017],[19.804695,41.322846],[19.804768,41.322675],[19.804769,41.322673],[19.804794,41.322615],[19.804842,41.322504],[19.804916,41.322333],[19.804991,41.322162],[19.805065,41.321991],[19.805092,41.321928],[19.805138,41.321819],[19.805143,41.321808],[19.805175,41.321734],[19.805215,41.321649],[19.805217,41.321645],[19.805289,41.321478],[19.805323,41.3214],[19.805333,41.321375],[19.805336,41.321367],[19.805364,41.321308],[19.805365,41.321308],[19.805464,41.321324],[19.805525,41.321333],[19.805599,41.321345],[19.805769,41.321372],[19.805834,41.321382],[19.806068,41.321418],[19.806303,41.321455],[19.806458,41.321479],[19.806537,41.321492],[19.806655,41.32151],[19.806772,41.321528],[19.807006,41.321565],[19.807241,41.321601],[19.807475,41.321638],[19.80771,41.321675],[19.807944,41.321711],[19.808179,41.321748],[19.808241,41.321758],[19.808413,41.321786],[19.808647,41.321824],[19.808881,41.321862],[19.809115,41.3219],[19.809204,41.321915],[19.809349,41.321937],[19.809584,41.321973],[19.809819,41.322009],[19.810054,41.322045],[19.810285,41.32208],[19.810288,41.322081],[19.810426,41.322102],[19.810523,41.322117],[19.810668,41.32214],[19.810757,41.322154],[19.810876,41.322173],[19.810928,41.322181],[19.810992,41.322191],[19.811132,41.322214],[19.811221,41.322228],[19.811226,41.322229],[19.81146,41.322266],[19.811695,41.322303],[19.811929,41.32234],[19.812163,41.322377],[19.812306,41.322399],[19.812398,41.322414],[19.812632,41.322451],[19.812866,41.322488],[19.813101,41.322525],[19.813242,41.322547],[19.813335,41.322561],[19.813386,41.322569],[19.813539,41.322593],[19.81357,41.322598],[19.813804,41.322635],[19.814038,41.322673],[19.814273,41.32271],[19.814507,41.322747],[19.814724,41.322781],[19.814741,41.322784],[19.814976,41.322821],[19.81521,41.322858],[19.815439,41.322894],[19.815445,41.322895],[19.815679,41.322932],[19.815913,41.322969],[19.81598,41.32298],[19.816148,41.323006],[19.816382,41.323043],[19.816617,41.32308],[19.816701,41.323093],[19.816851,41.323117],[19.817085,41.323155],[19.817319,41.323192],[19.817416,41.323207],[19.817554,41.323229],[19.817561,41.32323],[19.817647,41.323243],[19.817788,41.323266],[19.818023,41.323303],[19.818257,41.32334],[19.818491,41.323377],[19.818634,41.3234],[19.818726,41.323414],[19.818794,41.323425],[19.818843,41.323433],[19.81896,41.323451],[19.819194,41.323488],[19.819429,41.323525],[19.819525,41.32354],[19.819578,41.323549],[19.819657,41.323562],[19.819663,41.323563],[19.819773,41.32358],[19.819854,41.323593],[19.819897,41.3236],[19.819909,41.323602],[19.81997,41.323611],[19.820132,41.323637],[19.820178,41.323644],[19.820366,41.323674],[19.820601,41.323711],[19.820835,41.323748],[19.821069,41.323785],[19.821156,41.323799],[19.821304,41.323822],[19.821538,41.32386],[19.821606,41.323871],[19.821772,41.323898],[19.822006,41.323936],[19.822102,41.323951],[19.822222,41.32397],[19.82224,41.323973],[19.822457,41.32401],[19.822474,41.324013],[19.82265,41.324044],[19.822706,41.324056],[19.822851,41.324085],[19.822938,41.324103],[19.823044,41.324124],[19.823167,41.324155],[19.823215,41.324167],[19.823325,41.324197],[19.823393,41.324215],[19.823403,41.324218],[19.823604,41.324281],[19.823614,41.324285],[19.823831,41.32436],[19.823932,41.324395],[19.824046,41.324439],[19.824092,41.324457],[19.824261,41.324518],[19.824297,41.324531],[19.824447,41.324592],[19.824474,41.324602],[19.824635,41.324663],[19.824686,41.324685],[19.824843,41.324753],[19.824892,41.324777],[19.82498,41.32482],[19.825008,41.324834],[19.825091,41.324878],[19.825175,41.324923],[19.825275,41.324992],[19.825275,41.324992],[19.825427,41.325113],[19.825439,41.325123],[19.825601,41.325256],[19.825762,41.325389],[19.825923,41.325522],[19.825992,41.325579],[19.826085,41.325654],[19.826161,41.325715],[19.826247,41.325787],[19.826406,41.325921],[19.826566,41.326055],[19.826725,41.326189],[19.826782,41.326237],[19.826883,41.326325],[19.82704,41.326461],[19.827196,41.326597],[19.827319,41.326704],[19.827353,41.326733],[19.82751,41.326869],[19.827668,41.327004],[19.827783,41.327104],[19.827825,41.32714],[19.827983,41.327275],[19.82814,41.327411],[19.828176,41.327441],[19.828194,41.327457],[19.828247,41.327502],[19.828277,41.327528],[19.8283,41.327544],[19.828338,41.327571],[19.828404,41.327612],[19.828471,41.327651],[19.828486,41.327658],[19.828567,41.327696],[19.828655,41.327737],[19.82869,41.327752],[19.828896,41.327844],[19.828992,41.327887],[19.829103,41.327934],[19.829312,41.328023],[19.829329,41.32803],[19.829519,41.328112],[19.829727,41.328202],[19.829778,41.328224],[19.829935,41.328292],[19.830142,41.328381],[19.83035,41.328471],[19.830557,41.328561],[19.830632,41.328593],[19.830765,41.32865],[19.830973,41.32874],[19.83118,41.32883],[19.831302,41.328882],[19.831388,41.32892],[19.831486,41.328962],[19.831596,41.329009],[19.831805,41.329097],[19.831874,41.329126],[19.831971,41.329167],[19.832014,41.329184],[19.832168,41.329249],[19.832223,41.329272],[19.832307,41.329308],[19.832432,41.32936],[19.832641,41.329448],[19.83285,41.329536],[19.833059,41.329623],[19.833268,41.329711],[19.833385,41.32976],[19.833477,41.329799],[19.833637,41.329868],[19.833685,41.329889],[19.833893,41.329978],[19.834028,41.330036],[19.8341,41.330067],[19.834101,41.330067],[19.834169,41.330097],[19.834232,41.330124],[19.834252,41.330132],[19.834308,41.330157],[19.834398,41.330196],[19.834481,41.330232],[19.834475,41.330262],[19.834473,41.330274],[19.834463,41.330324],[19.83444,41.330439],[19.83442,41.330539],[19.834414,41.330568],[19.834404,41.330617],[19.83439,41.330687],[19.834368,41.330795],[19.834362,41.330823],[19.834332,41.330973],[19.834325,41.331008],[19.834298,41.33115],[19.834298,41.331151],[19.834292,41.331173],[19.83426,41.331329],[19.834225,41.331506],[19.834202,41.331619],[19.834189,41.331684],[19.834153,41.331862],[19.834117,41.33204],[19.834113,41.332062],[19.834081,41.332218],[19.834045,41.332396],[19.83401,41.332573],[19.834001,41.332614],[19.833974,41.332751],[19.833939,41.332926],[19.833937,41.332929],[19.833905,41.333033],[19.833881,41.333096],[19.833878,41.333103],[19.83387,41.333124],[19.833844,41.33319],[19.833818,41.333239],[19.833799,41.333273],[19.833779,41.333307],[19.833731,41.333381],[19.833694,41.333435],[19.833609,41.333558],[19.833597,41.333576],[19.833584,41.333595],[19.83353,41.333673],[19.833475,41.333755],[19.833459,41.333778],[19.833367,41.333915],[19.833273,41.334053],[19.833258,41.334075],[19.833188,41.334177],[19.833148,41.334235],[19.833103,41.334301],[19.833039,41.334395],[19.832932,41.334556],[19.832884,41.334626],[19.832823,41.334716],[19.832713,41.334876],[19.832603,41.335036],[19.832493,41.335196],[19.832428,41.335291],[19.832384,41.335356],[19.832316,41.335456],[19.832275,41.335516],[19.832166,41.335676],[19.832057,41.335836],[19.831948,41.335996],[19.831839,41.336157],[19.83173,41.336317],[19.831714,41.336339],[19.83162,41.336477],[19.831511,41.336637],[19.83149,41.336668],[19.831402,41.336797],[19.831393,41.33681],[19.831379,41.336831],[19.831337,41.336893],[19.831292,41.336957],[19.831211,41.337075],[19.831183,41.337117],[19.831162,41.337147],[19.831074,41.337277],[19.830965,41.337437],[19.830857,41.337598],[19.830838,41.337626],[19.830749,41.337758],[19.830722,41.337799],[19.830642,41.337919],[19.83061,41.337966],[19.830533,41.338076],[19.83053,41.338078],[19.830498,41.338125],[19.830419,41.338238],[19.830341,41.33835],[19.830316,41.338389],[19.83031,41.338398],[19.830238,41.338505],[19.830204,41.338559],[19.830099,41.338721],[19.829994,41.338882],[19.829946,41.338957],[19.82989,41.339044],[19.829787,41.339207],[19.829683,41.339369],[19.829679,41.339376],[19.829616,41.33947]]},"properties":{"line":"16B","dir":"Sabaudin Gabrani","headsign":"Sabaudin Gabrani","mode":"bus","color":"#0059a9"}}]}