{"type":"FeatureCollection","features":[{"type":"Feature","geometry":{"type":"Point","coordinates":[19.797532,41.315449]},"properties":{"name":"Selitë","lines":"1A, 1B","arr":["1A","1B"],"terminus":1,"mode":"bus","color":"#0059a9","colorDark":"#00294f","angle":249.3,"snapDist":5,"label":1}},{"type":"Feature","geometry":{"type":"Point","coordinates":[19.801028,41.313438]},"properties":{"name":"Rrapo Hekali","lines":"1A, 1B","arr":["1A","1B"],"terminus":0,"mode":"bus","color":"#0059a9","colorDark":"#00294f","angle":208,"snapDist":4,"label":1}},{"type":"Feature","geometry":{"type":"Point","coordinates":[19.804599,41.312196]},"properties":{"name":"Nënkalimi","lines":"1A, 1B","arr":["1A","1B"],"terminus":0,"mode":"bus","color":"#0059a9","colorDark":"#00294f","angle":199.6,"snapDist":9,"label":1}},{"type":"Feature","geometry":{"type":"Point","coordinates":[19.803392,41.313296]},"properties":{"name":"Qendra Kristal","lines":"1A, 1B","arr":["1A","1B"],"terminus":0,"mode":"bus","color":"#0059a9","colorDark":"#00294f","angle":100.7,"snapDist":4,"label":1}},{"type":"Feature","geometry":{"type":"Point","coordinates":[19.805617,41.313965]},"properties":{"name":"Prokop Mima","lines":"1A, 1B","arr":["1A","1B"],"terminus":0,"mode":"bus","color":"#0059a9","colorDark":"#00294f","angle":107,"snapDist":7,"label":1}},{"type":"Feature","geometry":{"type":"Point","coordinates":[19.806758,41.31665]},"properties":{"name":"Lulishtja","lines":"1A, 1B","arr":["1A","1B"],"terminus":0,"mode":"bus","color":"#0059a9","colorDark":"#00294f","angle":107.5,"snapDist":6,"label":1}},{"type":"Feature","geometry":{"type":"Point","coordinates":[19.808331,41.319305]},"properties":{"name":"Stadiumi Dinamo","lines":"1A, 1B","arr":["1A","1B"],"terminus":0,"mode":"bus","color":"#0059a9","colorDark":"#00294f","angle":122.1,"snapDist":4,"label":1}},{"type":"Feature","geometry":{"type":"Point","coordinates":[19.810974,41.322188]},"properties":{"name":"Lulishte Çajupi","lines":"1A, 1B, 16B","arr":["1A","1B","16B"],"terminus":0,"mode":"bus","color":"#0059a9","colorDark":"#00294f","angle":167.7,"snapDist":5,"label":1}},{"type":"Feature","geometry":{"type":"Point","coordinates":[19.812784,41.324693]},"properties":{"name":"Drejtoria Policisë B","lines":"1A, 1B","arr":["1A","1B"],"terminus":0,"mode":"bus","color":"#0059a9","colorDark":"#00294f","angle":78.2,"snapDist":3,"label":1}},{"type":"Feature","geometry":{"type":"Point","coordinates":[19.816617,41.325553]},"properties":{"name":"Parku Rinia","lines":"1A, 1B","arr":["1A","1B"],"terminus":0,"mode":"bus","color":"#0059a9","colorDark":"#00294f","angle":168.1,"snapDist":4,"label":1}},{"type":"Feature","geometry":{"type":"Point","coordinates":[19.821458,41.329357]},"properties":{"name":"9 Katëshet A","lines":"1A, 1B, 12A, 12B, 13B, 15A, 15B","arr":["1A","1B","12A","12B","13B","15A","15B"],"terminus":0,"mode":"bus","color":"#0059a9","colorDark":"#00294f","angle":67.1,"snapDist":7,"label":1}},{"type":"Feature","geometry":{"type":"Point","coordinates":[19.817023,41.336016]},"properties":{"name":"Stacioni i Trenit","lines":"1A, 1B, 6, 12A, 12B, 16A","arr":["1A","1B","6","12A","12B","16A"],"terminus":0,"mode":"bus","color":"#0059a9","colorDark":"#00294f","angle":167.3,"snapDist":5,"label":1}},{"type":"Feature","geometry":{"type":"Point","coordinates":[19.821181,41.337693]},"properties":{"name":"Dispanseria","lines":"1A, 1B, 12B, 16A","arr":["1A","1B","12B","16A"],"terminus":0,"mode":"bus","color":"#0059a9","colorDark":"#00294f","angle":143.5,"snapDist":4,"label":1}},{"type":"Feature","geometry":{"type":"Point","coordinates":[19.825697,41.339981]},"properties":{"name":"Tregu 5 Maji","lines":"1A, 1B, 12B, 16A","arr":["1A","1B","12B","16A"],"terminus":0,"mode":"bus","color":"#0059a9","colorDark":"#00294f","angle":167.8,"snapDist":5,"label":1}},{"type":"Feature","geometry":{"type":"Point","coordinates":[19.83077,41.340829]},"properties":{"name":"QSUT","lines":"1A, 1B, 15A, 15B","arr":["1A","1B","15A","15B"],"terminus":0,"mode":"bus","color":"#0059a9","colorDark":"#00294f","angle":147,"snapDist":3,"label":1}},{"type":"Feature","geometry":{"type":"Point","coordinates":[19.833922,41.342427]},"properties":{"name":"Mjekësia","lines":"1A, 1B, 15A, 15B","arr":["1A","1B","15A","15B"],"terminus":0,"mode":"bus","color":"#0059a9","colorDark":"#00294f","angle":145.9,"snapDist":6,"label":1}},{"type":"Feature","geometry":{"type":"Point","coordinates":[19.838317,41.346162]},"properties":{"name":"Bajram Curri","lines":"1A, 1B","arr":["1A","1B"],"terminus":0,"mode":"bus","color":"#0059a9","colorDark":"#00294f","angle":76.8,"snapDist":1,"label":1}},{"type":"Feature","geometry":{"type":"Point","coordinates":[19.83677,41.346711]},"properties":{"name":"Parafabrikatet","lines":"1A, 1B","arr":["1A","1B"],"terminus":0,"mode":"bus","color":"#0059a9","colorDark":"#00294f","angle":351.7,"snapDist":3,"label":1}},{"type":"Feature","geometry":{"type":"Point","coordinates":[19.83324,41.348278]},"properties":{"name":"Kopshti 27","lines":"1A, 1B","arr":["1A","1B"],"terminus":0,"mode":"bus","color":"#0059a9","colorDark":"#00294f","angle":64.8,"snapDist":5,"label":1}},{"type":"Feature","geometry":{"type":"Point","coordinates":[19.831418,41.350561]},"properties":{"name":"Allias","lines":"1A, 1B","arr":["1A","1B"],"terminus":1,"mode":"bus","color":"#0059a9","colorDark":"#00294f","angle":0.4,"snapDist":3,"label":1}},{"type":"Feature","geometry":{"type":"Point","coordinates":[19.833372,41.348083]},"properties":{"name":"Kopshti 27","lines":"1A, 1B","arr":["1A","1B"],"terminus":0,"mode":"bus","color":"#0059a9","colorDark":"#00294f","angle":259,"snapDist":10,"label":0}},{"type":"Feature","geometry":{"type":"Point","coordinates":[19.836741,41.346707]},"properties":{"name":"Parafabrikatet","lines":"1A, 1B","arr":["1A","1B"],"terminus":0,"mode":"bus","color":"#0059a9","colorDark":"#00294f","angle":171.9,"snapDist":7,"label":0}},{"type":"Feature","geometry":{"type":"Point","coordinates":[19.838323,41.346143]},"properties":{"name":"Bajram Curri","lines":"1A, 1B","arr":["1A","1B"],"terminus":0,"mode":"bus","color":"#0059a9","colorDark":"#00294f","angle":256.8,"snapDist":5,"label":0}},{"type":"Feature","geometry":{"type":"Point","coordinates":[19.836402,41.344027]},"properties":{"name":"Shkolla Bashkuar","lines":"1A, 1B, 15A, 15B","arr":["1A","1B","15A","15B"],"terminus":0,"mode":"bus","color":"#0059a9","colorDark":"#00294f","angle":317.2,"snapDist":10,"label":1}},{"type":"Feature","geometry":{"type":"Point","coordinates":[19.832502,41.341782]},"properties":{"name":"Mjekësia","lines":"1A, 1B, 15A, 15B","arr":["1A","1B","15A","15B"],"terminus":0,"mode":"bus","color":"#0059a9","colorDark":"#00294f","angle":325.9,"snapDist":6,"label":0}},{"type":"Feature","geometry":{"type":"Point","coordinates":[19.830244,41.340654]},"properties":{"name":"QSUT","lines":"1A, 1B, 15A, 15B","arr":["1A","1B","15A","15B"],"terminus":0,"mode":"bus","color":"#0059a9","colorDark":"#00294f","angle":326.6,"snapDist":4,"label":0}},{"type":"Feature","geometry":{"type":"Point","coordinates":[19.82543,41.34001]},"properties":{"name":"Tregu 5 Maji","lines":"1A, 1B, 12B, 16B","arr":["1A","1B","12B","16B"],"terminus":0,"mode":"bus","color":"#0059a9","colorDark":"#00294f","angle":345,"snapDist":3,"label":0}},{"type":"Feature","geometry":{"type":"Point","coordinates":[19.821419,41.337945]},"properties":{"name":"Dispanseria","lines":"1A, 1B, 12B, 16B","arr":["1A","1B","12B","16B"],"terminus":0,"mode":"bus","color":"#0059a9","colorDark":"#00294f","angle":318.5,"snapDist":4,"label":0}},{"type":"Feature","geometry":{"type":"Point","coordinates":[19.816415,41.335257]},"properties":{"name":"Shkencat e Natyrës","lines":"1A, 1B, 2, 9A, 9B, 12A, 12B, 13A","arr":["1A","1B","2","9A","9B","12A","12B","13A"],"terminus":1,"mode":"bus","color":"#0059a9","colorDark":"#00294f","angle":257.7,"snapDist":9,"label":1}},{"type":"Feature","geometry":{"type":"Point","coordinates":[19.816703,41.330106]},"properties":{"name":"Muzeu Kombëtar B","lines":"1A, 1B, 4, 5B, 6, 10A, 10B, 10C","arr":["1A","1B","4","5B","6","10A","10B","10C"],"terminus":1,"mode":"bus","color":"#0059a9","colorDark":"#00294f","angle":330.1,"snapDist":8,"label":1}},{"type":"Feature","geometry":{"type":"Point","coordinates":[19.816351,41.327564]},"properties":{"name":"Dollari A","lines":"1A, 1B, 2, 4, 13A","arr":["1A","1B","2","4","13A"],"terminus":0,"mode":"bus","color":"#0059a9","colorDark":"#00294f","angle":258.9,"snapDist":6,"label":1}},{"type":"Feature","geometry":{"type":"Point","coordinates":[19.81739,41.323874]},"properties":{"name":"Shallvaret","lines":"1A, 1B, 2","arr":["1A","1B","2"],"terminus":0,"mode":"bus","color":"#0059a9","colorDark":"#00294f","angle":257.9,"snapDist":6,"label":1}},{"type":"Feature","geometry":{"type":"Point","coordinates":[19.813648,41.321611]},"properties":{"name":"Brigada 8","lines":"1A, 1B","arr":["1A","1B"],"terminus":0,"mode":"bus","color":"#0059a9","colorDark":"#00294f","angle":258.6,"snapDist":6,"label":1}},{"type":"Feature","geometry":{"type":"Point","coordinates":[19.814289,41.319288]},"properties":{"name":"Rruga Moskat","lines":"1A, 1B","arr":["1A","1B"],"terminus":0,"mode":"bus","color":"#0059a9","colorDark":"#00294f","angle":258.3,"snapDist":5,"label":1}},{"type":"Feature","geometry":{"type":"Point","coordinates":[19.812919,41.318166]},"properties":{"name":"Posta 8","lines":"1A, 1B, 13A","arr":["1A","1B","13A"],"terminus":0,"mode":"bus","color":"#0059a9","colorDark":"#00294f","angle":347.9,"snapDist":4,"label":1}},{"type":"Feature","geometry":{"type":"Point","coordinates":[19.807735,41.318617]},"properties":{"name":"Komuna Parisit","lines":"1A, 1B","arr":["1A","1B"],"terminus":0,"mode":"bus","color":"#0059a9","colorDark":"#00294f","angle":303.3,"snapDist":5,"label":1}},{"type":"Feature","geometry":{"type":"Point","coordinates":[19.805861,41.316355]},"properties":{"name":"Tish Daija","lines":"1A, 1B","arr":["1A","1B"],"terminus":0,"mode":"bus","color":"#0059a9","colorDark":"#00294f","angle":301.2,"snapDist":3,"label":1}},{"type":"Feature","geometry":{"type":"Point","coordinates":[19.804287,41.314447]},"properties":{"name":"Dhimitër Shuteriqi","lines":"1A, 1B","arr":["1A","1B"],"terminus":0,"mode":"bus","color":"#0059a9","colorDark":"#00294f","angle":302.7,"snapDist":4,"label":1}},{"type":"Feature","geometry":{"type":"Point","coordinates":[19.801486,41.313805]},"properties":{"name":"Qendra Kristal","lines":"1A, 1B","arr":["1A","1B"],"terminus":0,"mode":"bus","color":"#0059a9","colorDark":"#00294f","angle":15,"snapDist":4,"label":0}},{"type":"Feature","geometry":{"type":"Point","coordinates":[19.798437,41.306921]},"properties":{"name":"Kodra Diellit 2","lines":"1B","arr":["1B"],"terminus":1,"mode":"bus","color":"#0059a9","colorDark":"#00294f","angle":324.6,"snapDist":5,"label":1}},{"type":"Feature","geometry":{"type":"Point","coordinates":[19.79795,41.310493]},"properties":{"name":"Rexhep Pinari","lines":"1B","arr":["1B"],"terminus":0,"mode":"bus","color":"#0059a9","colorDark":"#00294f","angle":48.2,"snapDist":2,"label":1}},{"type":"Feature","geometry":{"type":"Point","coordinates":[19.798361,41.314034]},"properties":{"name":"Mentor Xhemali","lines":"1B","arr":["1B"],"terminus":0,"mode":"bus","color":"#0059a9","colorDark":"#00294f","angle":96.4,"snapDist":4,"label":1}},{"type":"Feature","geometry":{"type":"Point","coordinates":[19.798329,41.31379]},"properties":{"name":"Mentor Xhemali","lines":"1B","arr":["1B"],"terminus":0,"mode":"bus","color":"#0059a9","colorDark":"#00294f","angle":273.6,"snapDist":4,"label":0}},{"type":"Feature","geometry":{"type":"Point","coordinates":[19.798173,41.310304]},"properties":{"name":"Rexhep Pinari","lines":"1B","arr":["1B"],"terminus":0,"mode":"bus","color":"#0059a9","colorDark":"#00294f","angle":227.3,"snapDist":3,"label":0}},{"type":"Feature","geometry":{"type":"Point","coordinates":[19.858435,41.282944]},"properties":{"name":"TEG","lines":"2, 8A","arr":["2","8A"],"terminus":1,"mode":"bus","color":"#0059a9","colorDark":"#00294f","angle":-48.6,"snapDist":14,"label":1}},{"type":"Feature","geometry":{"type":"Point","coordinates":[19.822338,41.305223]},"properties":{"name":"Tuneli","lines":"2","arr":["2"],"terminus":0,"mode":"bus","color":"#0059a9","colorDark":"#00294f","angle":354.9,"snapDist":1,"label":1}},{"type":"Feature","geometry":{"type":"Point","coordinates":[19.815802,41.305315]},"properties":{"name":"Liqeni Thatë","lines":"2","arr":["2"],"terminus":0,"mode":"bus","color":"#0059a9","colorDark":"#00294f","angle":15.3,"snapDist":2,"label":1}},{"type":"Feature","geometry":{"type":"Point","coordinates":[19.813309,41.30701]},"properties":{"name":"Rruga Peti","lines":"2","arr":["2"],"terminus":0,"mode":"bus","color":"#0059a9","colorDark":"#00294f","angle":32.8,"snapDist":5,"label":1}},{"type":"Feature","geometry":{"type":"Point","coordinates":[19.811092,41.308986]},"properties":{"name":"Kopshti Zoologjik","lines":"2","arr":["2"],"terminus":0,"mode":"bus","color":"#0059a9","colorDark":"#00294f","angle":62.9,"snapDist":5,"label":1}},{"type":"Feature","geometry":{"type":"Point","coordinates":[19.814765,41.312592]},"properties":{"name":"Rruga e Kosovarëve","lines":"2","arr":["2"],"terminus":0,"mode":"bus","color":"#0059a9","colorDark":"#00294f","angle":147.6,"snapDist":5,"label":1}},{"type":"Feature","geometry":{"type":"Point","coordinates":[19.814817,41.317461]},"properties":{"name":"Petro Nini Luarasi","lines":"2","arr":["2"],"terminus":0,"mode":"bus","color":"#0059a9","colorDark":"#00294f","angle":78.2,"snapDist":5,"label":1}},{"type":"Feature","geometry":{"type":"Point","coordinates":[19.818262,41.319225]},"properties":{"name":"Libri Universitar","lines":"2, 13B","arr":["2","13B"],"terminus":0,"mode":"bus","color":"#0059a9","colorDark":"#00294f","angle":168.7,"snapDist":5,"label":1}},{"type":"Feature","geometry":{"type":"Point","coordinates":[19.821683,41.317765]},"properties":{"name":"Rektorati","lines":"2, 13B","arr":["2","13B"],"terminus":0,"mode":"bus","color":"#0059a9","colorDark":"#00294f","angle":102.1,"snapDist":16,"label":1}},{"type":"Feature","geometry":{"type":"Point","coordinates":[19.81999,41.322802]},"properties":{"name":"Piramida","lines":"2, 13B","arr":["2","13B"],"terminus":0,"mode":"bus","color":"#0059a9","colorDark":"#00294f","angle":78.2,"snapDist":4,"label":1}},{"type":"Feature","geometry":{"type":"Point","coordinates":[19.821403,41.329454]},"properties":{"name":"9 Katëshet B","lines":"2, 4, 5A, 5B, 8A, 8B, 8C","arr":["2","4","5A","5B","8A","8B","8C"],"terminus":1,"mode":"bus","color":"#0059a9","colorDark":"#00294f","angle":66.5,"snapDist":7,"label":1}},{"type":"Feature","geometry":{"type":"Point","coordinates":[19.818049,41.335317]},"properties":{"name":"Barrikadat","lines":"2","arr":["2"],"terminus":0,"mode":"bus","color":"#0059a9","colorDark":"#00294f","angle":66.6,"snapDist":7,"label":1}},{"type":"Feature","geometry":{"type":"Point","coordinates":[19.816561,41.330025]},"properties":{"name":"Muzeu Kombëtar A","lines":"2, 8A, 8B, 8C, 9A, 9B, 13A","arr":["2","8A","8B","8C","9A","9B","13A"],"terminus":0,"mode":"bus","color":"#0059a9","colorDark":"#00294f","angle":320.7,"snapDist":10,"label":1}},{"type":"Feature","geometry":{"type":"Point","coordinates":[19.819799,41.323047]},"properties":{"name":"Piramida","lines":"2, 13A","arr":["2","13A"],"terminus":0,"mode":"bus","color":"#0059a9","colorDark":"#00294f","angle":258.3,"snapDist":4,"label":0}},{"type":"Feature","geometry":{"type":"Point","coordinates":[19.818139,41.319206]},"properties":{"name":"Libri Universitar","lines":"2, 13A","arr":["2","13A"],"terminus":0,"mode":"bus","color":"#0059a9","colorDark":"#00294f","angle":348.7,"snapDist":5,"label":0}},{"type":"Feature","geometry":{"type":"Point","coordinates":[19.814762,41.317657]},"properties":{"name":"Sheshi Wilson","lines":"2","arr":["2"],"terminus":0,"mode":"bus","color":"#0059a9","colorDark":"#00294f","angle":258.7,"snapDist":6,"label":1}},{"type":"Feature","geometry":{"type":"Point","coordinates":[19.814105,41.312207]},"properties":{"name":"Rruga e Kosovarëve","lines":"2","arr":["2"],"terminus":0,"mode":"bus","color":"#0059a9","colorDark":"#00294f","angle":344.8,"snapDist":5,"label":0}},{"type":"Feature","geometry":{"type":"Point","coordinates":[19.811036,41.309066]},"properties":{"name":"Kopshti Zoologjik","lines":"2","arr":["2"],"terminus":0,"mode":"bus","color":"#0059a9","colorDark":"#00294f","angle":238.1,"snapDist":7,"label":0}},{"type":"Feature","geometry":{"type":"Point","coordinates":[19.814891,41.305767]},"properties":{"name":"Liqeni Thatë","lines":"2","arr":["2"],"terminus":0,"mode":"bus","color":"#0059a9","colorDark":"#00294f","angle":225.9,"snapDist":3,"label":0}},{"type":"Feature","geometry":{"type":"Point","coordinates":[19.855098,41.28319]},"properties":{"name":"Terminali Juglindor","lines":"2, 8A","arr":["2","8A"],"terminus":1,"mode":"bus","color":"#0059a9","colorDark":"#00294f","angle":136.5,"snapDist":8,"label":1}},{"type":"Feature","geometry":{"type":"Point","coordinates":[19.765611,41.340793]},"properties":{"name":"Serat","lines":"3A","arr":["3A"],"terminus":1,"mode":"bus","color":"#0059a9","colorDark":"#00294f","angle":128,"snapDist":4,"label":1}},{"type":"Feature","geometry":{"type":"Point","coordinates":[19.775432,41.33424]},"properties":{"name":"Erzen Lita","lines":"3A","arr":["3A"],"terminus":0,"mode":"bus","color":"#0059a9","colorDark":"#00294f","angle":222,"snapDist":4,"label":1}},{"type":"Feature","geometry":{"type":"Point","coordinates":[19.778218,41.332358]},"properties":{"name":"Loni Ligori","lines":"3A","arr":["3A"],"terminus":0,"mode":"bus","color":"#0059a9","colorDark":"#00294f","angle":222,"snapDist":5,"label":1}},{"type":"Feature","geometry":{"type":"Point","coordinates":[19.780695,41.330736]},"properties":{"name":"Njësia Kashar","lines":"3A","arr":["3A"],"terminus":0,"mode":"bus","color":"#0059a9","colorDark":"#00294f","angle":220.4,"snapDist":3,"label":1}},{"type":"Feature","geometry":{"type":"Point","coordinates":[19.784052,41.329325]},"properties":{"name":"Tom Plezha","lines":"3A","arr":["3A"],"terminus":0,"mode":"bus","color":"#0059a9","colorDark":"#00294f","angle":158.5,"snapDist":1,"label":1}},{"type":"Feature","geometry":{"type":"Point","coordinates":[19.785034,41.33022]},"properties":{"name":"Nexho Konomi","lines":"3A, 13A","arr":["3A","13A"],"terminus":0,"mode":"bus","color":"#0059a9","colorDark":"#00294f","angle":67.2,"snapDist":9,"label":1}},{"type":"Feature","geometry":{"type":"Point","coordinates":[19.783778,41.332576]},"properties":{"name":"Kristaq Mone","lines":"3A, 13A","arr":["3A","13A"],"terminus":1,"mode":"bus","color":"#0059a9","colorDark":"#00294f","angle":67.8,"snapDist":5,"label":1}},{"type":"Feature","geometry":{"type":"Point","coordinates":[19.783302,41.335031]},"properties":{"name":"Lumi Lanë","lines":"3A, 13A","arr":["3A","13A"],"terminus":0,"mode":"bus","color":"#0059a9","colorDark":"#00294f","angle":99.6,"snapDist":5,"label":1}},{"type":"Feature","geometry":{"type":"Point","coordinates":[19.785475,41.337932]},"properties":{"name":"Sheshi Shqiponja","lines":"3A, 13A","arr":["3A","13A"],"terminus":0,"mode":"bus","color":"#0059a9","colorDark":"#00294f","angle":126.7,"snapDist":9,"label":1}},{"type":"Feature","geometry":{"type":"Point","coordinates":[19.789942,41.337992]},"properties":{"name":"Blloku Gintash","lines":"3A, 4, 5B, 13A","arr":["3A","4","5B","13A"],"terminus":0,"mode":"bus","color":"#0059a9","colorDark":"#00294f","angle":205,"snapDist":5,"label":1}},{"type":"Feature","geometry":{"type":"Point","coordinates":[19.792283,41.337178]},"properties":{"name":"Pallatet Arabe","lines":"3A, 4, 5B, 13A","arr":["3A","4","5B","13A"],"terminus":0,"mode":"bus","color":"#0059a9","colorDark":"#00294f","angle":204.8,"snapDist":5,"label":1}},{"type":"Feature","geometry":{"type":"Point","coordinates":[19.796987,41.33555]},"properties":{"name":"Ana Komnena","lines":"3A, 4, 5B, 13A","arr":["3A","4","5B","13A"],"terminus":0,"mode":"bus","color":"#0059a9","colorDark":"#00294f","angle":204.5,"snapDist":11,"label":1}},{"type":"Feature","geometry":{"type":"Point","coordinates":[19.800943,41.334174]},"properties":{"name":"Asllan Rusi","lines":"3A, 4, 5B, 13A","arr":["3A","4","5B","13A"],"terminus":0,"mode":"bus","color":"#0059a9","colorDark":"#00294f","angle":204.8,"snapDist":5,"label":1}},{"type":"Feature","geometry":{"type":"Point","coordinates":[19.806153,41.332416]},"properties":{"name":"Qemal Stafa","lines":"3A, 4, 5B","arr":["3A","4","5B"],"terminus":0,"mode":"bus","color":"#0059a9","colorDark":"#00294f","angle":204.8,"snapDist":6,"label":1}},{"type":"Feature","geometry":{"type":"Point","coordinates":[19.815055,41.328248]},"properties":{"name":"Banka Shqipërisë","lines":"3A, 3C, 10C, 12A, 12B, 15A, 15B","arr":["3A","3C","10C","12A","12B","15A","15B"],"terminus":0,"mode":"bus","color":"#0059a9","colorDark":"#00294f","angle":3.4,"snapDist":6,"label":1}},{"type":"Feature","geometry":{"type":"Point","coordinates":[19.809301,41.327621]},"properties":{"name":"Kisha Katolike","lines":"3A, 3C, 10C, 12A, 12B, 15A, 15B","arr":["3A","3C","10C","12A","12B","15A","15B"],"terminus":0,"mode":"bus","color":"#0059a9","colorDark":"#00294f","angle":337.6,"snapDist":4,"label":1}},{"type":"Feature","geometry":{"type":"Point","coordinates":[19.805058,41.326301]},"properties":{"name":"Poliklinika 9","lines":"3A, 3C, 10C, 12A, 12B, 15A, 15B","arr":["3A","3C","10C","12A","12B","15A","15B"],"terminus":0,"mode":"bus","color":"#0059a9","colorDark":"#00294f","angle":337.6,"snapDist":7,"label":1}},{"type":"Feature","geometry":{"type":"Point","coordinates":[19.796644,41.323764]},"properties":{"name":"Ndre Mjeda","lines":"3A, 3C, 12A, 12B, 15A, 15B","arr":["3A","3C","12A","12B","15A","15B"],"terminus":0,"mode":"bus","color":"#0059a9","colorDark":"#00294f","angle":339.3,"snapDist":6,"label":1}},{"type":"Feature","geometry":{"type":"Point","coordinates":[19.792949,41.322719]},"properties":{"name":"Ura Teknologjike","lines":"3A, 3C, 12A, 12B, 15A, 15B","arr":["3A","3C","12A","12B","15A","15B"],"terminus":0,"mode":"bus","color":"#0059a9","colorDark":"#00294f","angle":340.3,"snapDist":4,"label":1}},{"type":"Feature","geometry":{"type":"Point","coordinates":[19.787126,41.320908]},"properties":{"name":"Tregu","lines":"3A, 3C, 12A, 12B, 15A, 15B","arr":["3A","3C","12A","12B","15A","15B"],"terminus":0,"mode":"bus","color":"#0059a9","colorDark":"#00294f","angle":335.6,"snapDist":3,"label":1}},{"type":"Feature","geometry":{"type":"Point","coordinates":[19.781842,41.322984]},"properties":{"name":"Kombinati Mishit","lines":"3A, 3C","arr":["3A","3C"],"terminus":0,"mode":"bus","color":"#0059a9","colorDark":"#00294f","angle":19.8,"snapDist":6,"label":1}},{"type":"Feature","geometry":{"type":"Point","coordinates":[19.779034,41.323435]},"properties":{"name":"Joklin Persi","lines":"3A, 3C","arr":["3A","3C"],"terminus":0,"mode":"bus","color":"#0059a9","colorDark":"#00294f","angle":11.2,"snapDist":6,"label":1}},{"type":"Feature","geometry":{"type":"Point","coordinates":[19.776685,41.323786]},"properties":{"name":"Bego Hoxha","lines":"3A, 3C","arr":["3A","3C"],"terminus":0,"mode":"bus","color":"#0059a9","colorDark":"#00294f","angle":11.4,"snapDist":9,"label":1}},{"type":"Feature","geometry":{"type":"Point","coordinates":[19.774185,41.324917]},"properties":{"name":"Besim Alla","lines":"3A, 3C","arr":["3A","3C"],"terminus":0,"mode":"bus","color":"#0059a9","colorDark":"#00294f","angle":64.4,"snapDist":3,"label":1}},{"type":"Feature","geometry":{"type":"Point","coordinates":[19.7738,41.326525]},"properties":{"name":"Yzberisht","lines":"3A, 3C","arr":["3A","3C"],"terminus":0,"mode":"bus","color":"#0059a9","colorDark":"#00294f","angle":94.4,"snapDist":4,"label":1}},{"type":"Feature","geometry":{"type":"Point","coordinates":[19.774025,41.328402]},"properties":{"name":"Pallati Minierave","lines":"3A, 3B, 3C","arr":["3A","3B","3C"],"terminus":0,"mode":"bus","color":"#0059a9","colorDark":"#00294f","angle":85.9,"snapDist":2,"label":1}},{"type":"Feature","geometry":{"type":"Point","coordinates":[19.770015,41.333833]},"properties":{"name":"Ish-Xhenio","lines":"3A, 3C","arr":["3A","3C"],"terminus":0,"mode":"bus","color":"#0059a9","colorDark":"#00294f","angle":54,"snapDist":5,"label":1}},{"type":"Feature","geometry":{"type":"Point","coordinates":[19.763906,41.338263]},"properties":{"name":"Mëzez","lines":"3A, 3C","arr":["3A","3C"],"terminus":0,"mode":"bus","color":"#0059a9","colorDark":"#00294f","angle":45.8,"snapDist":6,"label":1}},{"type":"Feature","geometry":{"type":"Point","coordinates":[19.765474,41.340662]},"properties":{"name":"Serat","lines":"3B","arr":["3B"],"terminus":1,"mode":"bus","color":"#0059a9","colorDark":"#00294f","angle":308.1,"snapDist":3,"label":0}},{"type":"Feature","geometry":{"type":"Point","coordinates":[19.763813,41.33834]},"properties":{"name":"Mëzez","lines":"3B, 3C","arr":["3B","3C"],"terminus":0,"mode":"bus","color":"#0059a9","colorDark":"#00294f","angle":227.8,"snapDist":4,"label":0}},{"type":"Feature","geometry":{"type":"Point","coordinates":[19.769945,41.333905]},"properties":{"name":"Ish-Xhenio","lines":"3B, 3C","arr":["3B","3C"],"terminus":0,"mode":"bus","color":"#0059a9","colorDark":"#00294f","angle":234,"snapDist":5,"label":0}},{"type":"Feature","geometry":{"type":"Point","coordinates":[19.773796,41.326479]},"properties":{"name":"Yzberisht","lines":"3B, 3C","arr":["3B","3C"],"terminus":0,"mode":"bus","color":"#0059a9","colorDark":"#00294f","angle":272.9,"snapDist":5,"label":0}},{"type":"Feature","geometry":{"type":"Point","coordinates":[19.774172,41.324939]},"properties":{"name":"Besim Alla","lines":"3B, 3C","arr":["3B","3C"],"terminus":0,"mode":"bus","color":"#0059a9","colorDark":"#00294f","angle":244.4,"snapDist":14,"label":0}},{"type":"Feature","geometry":{"type":"Point","coordinates":[19.776623,41.323795]},"properties":{"name":"Bego Hoxha","lines":"3B, 3C","arr":["3B","3C"],"terminus":0,"mode":"bus","color":"#0059a9","colorDark":"#00294f","angle":191.5,"snapDist":9,"label":0}},{"type":"Feature","geometry":{"type":"Point","coordinates":[19.779124,41.323422]},"properties":{"name":"Joklin Persi","lines":"3B, 3C","arr":["3B","3C"],"terminus":0,"mode":"bus","color":"#0059a9","colorDark":"#00294f","angle":191,"snapDist":4,"label":0}},{"type":"Feature","geometry":{"type":"Point","coordinates":[19.781683,41.323027]},"properties":{"name":"Kombinati Mishit","lines":"3B, 3C","arr":["3B","3C"],"terminus":0,"mode":"bus","color":"#0059a9","colorDark":"#00294f","angle":196.7,"snapDist":3,"label":0}},{"type":"Feature","geometry":{"type":"Point","coordinates":[19.78433,41.319901]},"properties":{"name":"Kthesa Yzberisht","lines":"3B, 3C, 12A, 12B, 15A, 15B","arr":["3B","3C","12A","12B","15A","15B"],"terminus":0,"mode":"bus","color":"#0059a9","colorDark":"#00294f","angle":157.4,"snapDist":2,"label":1}},{"type":"Feature","geometry":{"type":"Point","coordinates":[19.787364,41.320926]},"properties":{"name":"Tregu","lines":"3B, 3C, 12A, 12B, 15A, 15B","arr":["3B","3C","12A","12B","15A","15B"],"terminus":0,"mode":"bus","color":"#0059a9","colorDark":"#00294f","angle":154.7,"snapDist":6,"label":0}},{"type":"Feature","geometry":{"type":"Point","coordinates":[19.793498,41.322776]},"properties":{"name":"Ura Teknologjike","lines":"3B, 3C, 12A, 12B, 15A, 15B","arr":["3B","3C","12A","12B","15A","15B"],"terminus":0,"mode":"bus","color":"#0059a9","colorDark":"#00294f","angle":159.4,"snapDist":5,"label":0}},{"type":"Feature","geometry":{"type":"Point","coordinates":[19.798239,41.324117]},"properties":{"name":"Muhedin Llagami","lines":"3B, 3C, 12A, 12B, 15A, 15B","arr":["3B","3C","12A","12B","15A","15B"],"terminus":0,"mode":"bus","color":"#0059a9","colorDark":"#00294f","angle":158.9,"snapDist":6,"label":1}},{"type":"Feature","geometry":{"type":"Point","coordinates":[19.80425,41.325944]},"properties":{"name":"Poliklinika 9","lines":"3B, 3C, 10C, 12A, 12B, 15A, 15B","arr":["3B","3C","10C","12A","12B","15A","15B"],"terminus":0,"mode":"bus","color":"#0059a9","colorDark":"#00294f","angle":157.4,"snapDist":5,"label":0}},{"type":"Feature","geometry":{"type":"Point","coordinates":[19.809622,41.327609]},"properties":{"name":"Kisha Katolike","lines":"3B, 3C, 10C, 12A, 12B, 15A, 15B","arr":["3B","3C","10C","12A","12B","15A","15B"],"terminus":0,"mode":"bus","color":"#0059a9","colorDark":"#00294f","angle":157.3,"snapDist":7,"label":0}},{"type":"Feature","geometry":{"type":"Point","coordinates":[19.815589,41.328113]},"properties":{"name":"Banka Shqipërisë","lines":"3B, 3C, 10C, 12A, 12B, 15A, 15B","arr":["3B","3C","10C","12A","12B","15A","15B"],"terminus":0,"mode":"bus","color":"#0059a9","colorDark":"#00294f","angle":183.7,"snapDist":4,"label":0}},{"type":"Feature","geometry":{"type":"Point","coordinates":[19.820922,41.328418]},"properties":{"name":"Biblioteka","lines":"3B, 3C, 9A, 9B, 10A, 10B, 10C, 11","arr":["3B","3C","9A","9B","10A","10B","10C","11"],"terminus":1,"mode":"bus","color":"#0059a9","colorDark":"#00294f","angle":165.1,"snapDist":7,"label":1}},{"type":"Feature","geometry":{"type":"Point","coordinates":[19.81917,41.330498]},"properties":{"name":"15 Katëshi B","lines":"3B, 3C, 15A, 15B","arr":["3B","3C","15A","15B"],"terminus":0,"mode":"bus","color":"#0059a9","colorDark":"#00294f","angle":349.8,"snapDist":8,"label":1}},{"type":"Feature","geometry":{"type":"Point","coordinates":[19.806723,41.333528]},"properties":{"name":"Mine Peza","lines":"3B, 4, 5B, 6","arr":["3B","4","5B","6"],"terminus":0,"mode":"bus","color":"#0059a9","colorDark":"#00294f","angle":27.6,"snapDist":5,"label":1}},{"type":"Feature","geometry":{"type":"Point","coordinates":[19.801522,41.334088]},"properties":{"name":"Asllan Rusi","lines":"3B, 4, 5B, 13B","arr":["3B","4","5B","13B"],"terminus":0,"mode":"bus","color":"#0059a9","colorDark":"#00294f","angle":25,"snapDist":8,"label":0}},{"type":"Feature","geometry":{"type":"Point","coordinates":[19.797895,41.335349]},"properties":{"name":"Pandi Dardha","lines":"3B, 4, 5B, 13B","arr":["3B","4","5B","13B"],"terminus":0,"mode":"bus","color":"#0059a9","colorDark":"#00294f","angle":25.1,"snapDist":5,"label":1}},{"type":"Feature","geometry":{"type":"Point","coordinates":[19.79308,41.337025]},"properties":{"name":"Pallatet Arabe","lines":"3B, 4, 5B, 13B","arr":["3B","4","5B","13B"],"terminus":0,"mode":"bus","color":"#0059a9","colorDark":"#00294f","angle":25,"snapDist":12,"label":0}},{"type":"Feature","geometry":{"type":"Point","coordinates":[19.790359,41.337973]},"properties":{"name":"Blloku Gintash","lines":"3B, 4, 5B, 13B","arr":["3B","4","5B","13B"],"terminus":0,"mode":"bus","color":"#0059a9","colorDark":"#00294f","angle":25.1,"snapDist":5,"label":0}},{"type":"Feature","geometry":{"type":"Point","coordinates":[19.78517,41.33842]},"properties":{"name":"Sheshi Shqiponja","lines":"3B, 13B","arr":["3B","13B"],"terminus":0,"mode":"bus","color":"#0059a9","colorDark":"#00294f","angle":302,"snapDist":10,"label":0}},{"type":"Feature","geometry":{"type":"Point","coordinates":[19.783104,41.335693]},"properties":{"name":"Lumi Lanë","lines":"3B, 13B","arr":["3B","13B"],"terminus":0,"mode":"bus","color":"#0059a9","colorDark":"#00294f","angle":288.3,"snapDist":5,"label":0}},{"type":"Feature","geometry":{"type":"Point","coordinates":[19.783856,41.331555]},"properties":{"name":"Aleksandri Madh","lines":"3B, 13B","arr":["3B","13B"],"terminus":0,"mode":"bus","color":"#0059a9","colorDark":"#00294f","angle":248.1,"snapDist":2,"label":1}},{"type":"Feature","geometry":{"type":"Point","coordinates":[19.784473,41.330387]},"properties":{"name":"Kryqëzimi Kashar","lines":"3B, 13B","arr":["3B","13B"],"terminus":1,"mode":"bus","color":"#0059a9","colorDark":"#00294f","angle":248.7,"snapDist":4,"label":1}},{"type":"Feature","geometry":{"type":"Point","coordinates":[19.783671,41.329328]},"properties":{"name":"Tom Plezha","lines":"3B","arr":["3B"],"terminus":0,"mode":"bus","color":"#0059a9","colorDark":"#00294f","angle":338.5,"snapDist":7,"label":0}},{"type":"Feature","geometry":{"type":"Point","coordinates":[19.780186,41.331151]},"properties":{"name":"Njësia Kashar","lines":"3B","arr":["3B"],"terminus":0,"mode":"bus","color":"#0059a9","colorDark":"#00294f","angle":40.6,"snapDist":6,"label":0}},{"type":"Feature","geometry":{"type":"Point","coordinates":[19.778294,41.332427]},"properties":{"name":"Loni Ligori","lines":"3B","arr":["3B"],"terminus":0,"mode":"bus","color":"#0059a9","colorDark":"#00294f","angle":41.8,"snapDist":6,"label":0}},{"type":"Feature","geometry":{"type":"Point","coordinates":[19.775745,41.334132]},"properties":{"name":"Erzen Lita","lines":"3B","arr":["3B"],"terminus":0,"mode":"bus","color":"#0059a9","colorDark":"#00294f","angle":41.8,"snapDist":6,"label":0}},{"type":"Feature","geometry":{"type":"Point","coordinates":[19.738521,41.352888]},"properties":{"name":"100 Vjetori","lines":"3C","arr":["3C"],"terminus":1,"mode":"bus","color":"#0059a9","colorDark":"#00294f","angle":207.2,"snapDist":50,"label":1}},{"type":"Feature","geometry":{"type":"Point","coordinates":[19.742046,41.352527]},"properties":{"name":"Fusha Sportit","lines":"3C","arr":["3C"],"terminus":0,"mode":"bus","color":"#0059a9","colorDark":"#00294f","angle":200.7,"snapDist":6,"label":1}},{"type":"Feature","geometry":{"type":"Point","coordinates":[19.744847,41.351206]},"properties":{"name":"Xhamia","lines":"3C","arr":["3C"],"terminus":0,"mode":"bus","color":"#0059a9","colorDark":"#00294f","angle":224.5,"snapDist":6,"label":1}},{"type":"Feature","geometry":{"type":"Point","coordinates":[19.748197,41.349243]},"properties":{"name":"Rruga Demokracia","lines":"3C","arr":["3C"],"terminus":0,"mode":"bus","color":"#0059a9","colorDark":"#00294f","angle":217.5,"snapDist":4,"label":1}},{"type":"Feature","geometry":{"type":"Point","coordinates":[19.753339,41.346201]},"properties":{"name":"Pasqyra","lines":"3C","arr":["3C"],"terminus":0,"mode":"bus","color":"#0059a9","colorDark":"#00294f","angle":223.7,"snapDist":4,"label":1}},{"type":"Feature","geometry":{"type":"Point","coordinates":[19.757619,41.343145]},"properties":{"name":"Radio Planet","lines":"3C","arr":["3C"],"terminus":0,"mode":"bus","color":"#0059a9","colorDark":"#00294f","angle":224.9,"snapDist":10,"label":1}},{"type":"Feature","geometry":{"type":"Point","coordinates":[19.760592,41.340921]},"properties":{"name":"Top Channel","lines":"3C","arr":["3C"],"terminus":0,"mode":"bus","color":"#0059a9","colorDark":"#00294f","angle":225,"snapDist":3,"label":1}},{"type":"Feature","geometry":{"type":"Point","coordinates":[19.774025,41.328345]},"properties":{"name":"Pallati Minierave","lines":"3C","arr":["3C"],"terminus":0,"mode":"bus","color":"#0059a9","colorDark":"#00294f","angle":-84.9,"snapDist":6,"label":0}},{"type":"Feature","geometry":{"type":"Point","coordinates":[19.760651,41.340877]},"properties":{"name":"Top Channel","lines":"3C","arr":["3C"],"terminus":0,"mode":"bus","color":"#0059a9","colorDark":"#00294f","angle":45,"snapDist":4,"label":0}},{"type":"Feature","geometry":{"type":"Point","coordinates":[19.757422,41.343294]},"properties":{"name":"Radio Planet","lines":"3C","arr":["3C"],"terminus":0,"mode":"bus","color":"#0059a9","colorDark":"#00294f","angle":45.5,"snapDist":5,"label":0}},{"type":"Feature","geometry":{"type":"Point","coordinates":[19.753792,41.345938]},"properties":{"name":"Pasqyra","lines":"3C","arr":["3C"],"terminus":0,"mode":"bus","color":"#0059a9","colorDark":"#00294f","angle":35.5,"snapDist":4,"label":0}},{"type":"Feature","geometry":{"type":"Point","coordinates":[19.747765,41.349491]},"properties":{"name":"Rruga Demokracia","lines":"3C","arr":["3C"],"terminus":0,"mode":"bus","color":"#0059a9","colorDark":"#00294f","angle":37,"snapDist":4,"label":0}},{"type":"Feature","geometry":{"type":"Point","coordinates":[19.745266,41.3509]},"properties":{"name":"Xhamia","lines":"3C","arr":["3C"],"terminus":0,"mode":"bus","color":"#0059a9","colorDark":"#00294f","angle":41.1,"snapDist":3,"label":0}},{"type":"Feature","geometry":{"type":"Point","coordinates":[19.741787,41.352601]},"properties":{"name":"Fusha Sportit","lines":"3C","arr":["3C"],"terminus":0,"mode":"bus","color":"#0059a9","colorDark":"#00294f","angle":20.9,"snapDist":4,"label":0}},{"type":"Feature","geometry":{"type":"Point","coordinates":[19.776362,41.343492]},"properties":{"name":"Terminal D","lines":"4, 13B","arr":["4","13B"],"terminus":0,"mode":"bus","color":"#0059a9","colorDark":"#00294f","angle":35.1,"snapDist":10,"label":1}},{"type":"Feature","geometry":{"type":"Point","coordinates":[19.769934,41.345322]},"properties":{"name":"Tregu Ushqimor","lines":"4","arr":["4"],"terminus":0,"mode":"bus","color":"#0059a9","colorDark":"#00294f","angle":24.7,"snapDist":5,"label":1}},{"type":"Feature","geometry":{"type":"Point","coordinates":[19.765199,41.346965]},"properties":{"name":"Shkolla","lines":"4","arr":["4"],"terminus":0,"mode":"bus","color":"#0059a9","colorDark":"#00294f","angle":24.4,"snapDist":5,"label":1}},{"type":"Feature","geometry":{"type":"Point","coordinates":[19.762641,41.347849]},"properties":{"name":"At Zef Pëllumbi","lines":"4","arr":["4"],"terminus":0,"mode":"bus","color":"#0059a9","colorDark":"#00294f","angle":24.8,"snapDist":5,"label":1}},{"type":"Feature","geometry":{"type":"Point","coordinates":[19.751788,41.351617]},"properties":{"name":"Gryka Kaçanikut","lines":"4","arr":["4"],"terminus":0,"mode":"bus","color":"#0059a9","colorDark":"#00294f","angle":24.9,"snapDist":4,"label":1}},{"type":"Feature","geometry":{"type":"Point","coordinates":[19.748447,41.352815]},"properties":{"name":"QTU","lines":"4","arr":["4"],"terminus":0,"mode":"bus","color":"#0059a9","colorDark":"#00294f","angle":25.6,"snapDist":1,"label":1}},{"type":"Feature","geometry":{"type":"Point","coordinates":[19.743006,41.354715]},"properties":{"name":"Yrshek","lines":"4","arr":["4"],"terminus":0,"mode":"bus","color":"#0059a9","colorDark":"#00294f","angle":113.3,"snapDist":5,"label":1}},{"type":"Feature","geometry":{"type":"Point","coordinates":[19.732359,41.358355]},"properties":{"name":"Domje","lines":"4","arr":["4"],"terminus":0,"mode":"bus","color":"#0059a9","colorDark":"#00294f","angle":24.9,"snapDist":5,"label":1}},{"type":"Feature","geometry":{"type":"Point","coordinates":[19.726851,41.360266]},"properties":{"name":"DPSHTRr","lines":"4","arr":["4"],"terminus":0,"mode":"bus","color":"#0059a9","colorDark":"#00294f","angle":24.7,"snapDist":4,"label":1}},{"type":"Feature","geometry":{"type":"Point","coordinates":[19.721818,41.361695]},"properties":{"name":"Mbikalimi","lines":"4","arr":["4"],"terminus":0,"mode":"bus","color":"#0059a9","colorDark":"#00294f","angle":18.9,"snapDist":5,"label":1}},{"type":"Feature","geometry":{"type":"Point","coordinates":[19.718141,41.362633]},"properties":{"name":"DPM","lines":"4","arr":["4"],"terminus":0,"mode":"bus","color":"#0059a9","colorDark":"#00294f","angle":18.6,"snapDist":7,"label":1}},{"type":"Feature","geometry":{"type":"Point","coordinates":[19.714962,41.363436]},"properties":{"name":"Radio Stacioni","lines":"4","arr":["4"],"terminus":0,"mode":"bus","color":"#0059a9","colorDark":"#00294f","angle":18.6,"snapDist":5,"label":1}},{"type":"Feature","geometry":{"type":"Point","coordinates":[19.706441,41.369509]},"properties":{"name":"Megatek","lines":"4","arr":["4"],"terminus":0,"mode":"bus","color":"#0059a9","colorDark":"#00294f","angle":29,"snapDist":4,"label":1}},{"type":"Feature","geometry":{"type":"Point","coordinates":[19.699379,41.369422]},"properties":{"name":"Qafë Kashar","lines":"4","arr":["4"],"terminus":0,"mode":"bus","color":"#0059a9","colorDark":"#00294f","angle":14.5,"snapDist":6,"label":1}},{"type":"Feature","geometry":{"type":"Point","coordinates":[19.691531,41.370909]},"properties":{"name":"Ura Limuthit","lines":"4","arr":["4"],"terminus":0,"mode":"bus","color":"#0059a9","colorDark":"#00294f","angle":13.8,"snapDist":3,"label":1}},{"type":"Feature","geometry":{"type":"Point","coordinates":[19.68882,41.367165]},"properties":{"name":"City Park","lines":"4","arr":["4"],"terminus":1,"mode":"bus","color":"#0059a9","colorDark":"#00294f","angle":266.5,"snapDist":6,"label":1}},{"type":"Feature","geometry":{"type":"Point","coordinates":[19.691342,41.370944]},"properties":{"name":"Ura Limuthit","lines":"4","arr":["4"],"terminus":0,"mode":"bus","color":"#0059a9","colorDark":"#00294f","angle":193.8,"snapDist":6,"label":0}},{"type":"Feature","geometry":{"type":"Point","coordinates":[19.698128,41.369663]},"properties":{"name":"Qafë Kashar","lines":"4","arr":["4"],"terminus":0,"mode":"bus","color":"#0059a9","colorDark":"#00294f","angle":194.4,"snapDist":6,"label":0}},{"type":"Feature","geometry":{"type":"Point","coordinates":[19.706648,41.369418]},"properties":{"name":"Megatek","lines":"4","arr":["4"],"terminus":0,"mode":"bus","color":"#0059a9","colorDark":"#00294f","angle":212,"snapDist":6,"label":0}},{"type":"Feature","geometry":{"type":"Point","coordinates":[19.714387,41.363593]},"properties":{"name":"Radio Stacioni","lines":"4","arr":["4"],"terminus":0,"mode":"bus","color":"#0059a9","colorDark":"#00294f","angle":200.1,"snapDist":6,"label":0}},{"type":"Feature","geometry":{"type":"Point","coordinates":[19.717947,41.362682]},"properties":{"name":"DPM","lines":"4","arr":["4"],"terminus":0,"mode":"bus","color":"#0059a9","colorDark":"#00294f","angle":198.6,"snapDist":5,"label":0}},{"type":"Feature","geometry":{"type":"Point","coordinates":[19.721258,41.361833]},"properties":{"name":"Mbikalimi","lines":"4","arr":["4"],"terminus":0,"mode":"bus","color":"#0059a9","colorDark":"#00294f","angle":197.8,"snapDist":6,"label":0}},{"type":"Feature","geometry":{"type":"Point","coordinates":[19.726543,41.36037]},"properties":{"name":"DPSHTRr","lines":"4","arr":["4"],"terminus":0,"mode":"bus","color":"#0059a9","colorDark":"#00294f","angle":204.4,"snapDist":4,"label":0}},{"type":"Feature","geometry":{"type":"Point","coordinates":[19.731874,41.358524]},"properties":{"name":"Domje","lines":"4","arr":["4"],"terminus":0,"mode":"bus","color":"#0059a9","colorDark":"#00294f","angle":204.8,"snapDist":6,"label":0}},{"type":"Feature","geometry":{"type":"Point","coordinates":[19.74247,41.354845]},"properties":{"name":"Yrshek","lines":"4","arr":["4"],"terminus":0,"mode":"bus","color":"#0059a9","colorDark":"#00294f","angle":204.8,"snapDist":5,"label":0}},{"type":"Feature","geometry":{"type":"Point","coordinates":[19.74884,41.352638]},"properties":{"name":"QTU","lines":"4","arr":["4"],"terminus":0,"mode":"bus","color":"#0059a9","colorDark":"#00294f","angle":204.8,"snapDist":3,"label":0}},{"type":"Feature","geometry":{"type":"Point","coordinates":[19.751655,41.351663]},"properties":{"name":"Gryka Kaçanikut","lines":"4","arr":["4"],"terminus":0,"mode":"bus","color":"#0059a9","colorDark":"#00294f","angle":204.8,"snapDist":4,"label":0}},{"type":"Feature","geometry":{"type":"Point","coordinates":[19.762172,41.348009]},"properties":{"name":"At Zef Pëllumbi","lines":"4","arr":["4"],"terminus":0,"mode":"bus","color":"#0059a9","colorDark":"#00294f","angle":205,"snapDist":4,"label":0}},{"type":"Feature","geometry":{"type":"Point","coordinates":[19.765427,41.346887]},"properties":{"name":"Shkolla","lines":"4","arr":["4"],"terminus":0,"mode":"bus","color":"#0059a9","colorDark":"#00294f","angle":205.4,"snapDist":4,"label":0}},{"type":"Feature","geometry":{"type":"Point","coordinates":[19.770057,41.345279]},"properties":{"name":"Tregu Ushqimor","lines":"4","arr":["4"],"terminus":0,"mode":"bus","color":"#0059a9","colorDark":"#00294f","angle":204.7,"snapDist":6,"label":0}},{"type":"Feature","geometry":{"type":"Point","coordinates":[19.776185,41.344066]},"properties":{"name":"Terminal B","lines":"4","arr":["4"],"terminus":0,"mode":"bus","color":"#0059a9","colorDark":"#00294f","angle":242.4,"snapDist":6,"label":1}},{"type":"Feature","geometry":{"type":"Point","coordinates":[19.870394,41.331856]},"properties":{"name":"Autotraktorët","lines":"5A","arr":["5A"],"terminus":1,"mode":"bus","color":"#0059a9","colorDark":"#00294f","angle":191.5,"snapDist":3,"label":1}},{"type":"Feature","geometry":{"type":"Point","coordinates":[19.864928,41.333169]},"properties":{"name":"Banesat Sociale","lines":"5A","arr":["5A"],"terminus":0,"mode":"bus","color":"#0059a9","colorDark":"#00294f","angle":42.9,"snapDist":5,"label":1}},{"type":"Feature","geometry":{"type":"Point","coordinates":[19.863358,41.334059]},"properties":{"name":"Rruga Spahiu","lines":"5A","arr":["5A"],"terminus":0,"mode":"bus","color":"#0059a9","colorDark":"#00294f","angle":24.5,"snapDist":3,"label":1}},{"type":"Feature","geometry":{"type":"Point","coordinates":[19.859192,41.334421]},"properties":{"name":"Novruz Qoshja","lines":"5A","arr":["5A"],"terminus":0,"mode":"bus","color":"#0059a9","colorDark":"#00294f","angle":354.8,"snapDist":8,"label":1}},{"type":"Feature","geometry":{"type":"Point","coordinates":[19.8556,41.33487]},"properties":{"name":"Pallatet Shkozë","lines":"5A","arr":["5A"],"terminus":0,"mode":"bus","color":"#0059a9","colorDark":"#00294f","angle":348.6,"snapDist":5,"label":1}},{"type":"Feature","geometry":{"type":"Point","coordinates":[19.851995,41.334117]},"properties":{"name":"Ura Shkozë","lines":"5A","arr":["5A"],"terminus":0,"mode":"bus","color":"#0059a9","colorDark":"#00294f","angle":337.1,"snapDist":5,"label":1}},{"type":"Feature","geometry":{"type":"Point","coordinates":[19.848669,41.333584]},"properties":{"name":"Poligrafiku","lines":"5A","arr":["5A"],"terminus":0,"mode":"bus","color":"#0059a9","colorDark":"#00294f","angle":339.1,"snapDist":5,"label":1}},{"type":"Feature","geometry":{"type":"Point","coordinates":[19.846306,41.332608]},"properties":{"name":"Markata","lines":"5A","arr":["5A"],"terminus":0,"mode":"bus","color":"#0059a9","colorDark":"#00294f","angle":331.9,"snapDist":5,"label":1}},{"type":"Feature","geometry":{"type":"Point","coordinates":[19.843304,41.330785]},"properties":{"name":"Dali Ndreu","lines":"5A","arr":["5A"],"terminus":0,"mode":"bus","color":"#0059a9","colorDark":"#00294f","angle":330.1,"snapDist":3,"label":1}},{"type":"Feature","geometry":{"type":"Point","coordinates":[19.839521,41.330553]},"properties":{"name":"Kushtrimi Lirisë","lines":"5A","arr":["5A"],"terminus":0,"mode":"bus","color":"#0059a9","colorDark":"#00294f","angle":345,"snapDist":4,"label":1}},{"type":"Feature","geometry":{"type":"Point","coordinates":[19.835633,41.327706]},"properties":{"name":"Sheshi Çamëria","lines":"5A","arr":["5A"],"terminus":0,"mode":"bus","color":"#0059a9","colorDark":"#00294f","angle":326.1,"snapDist":4,"label":1}},{"type":"Feature","geometry":{"type":"Point","coordinates":[19.831675,41.327746]},"properties":{"name":"Ali Demi","lines":"5A","arr":["5A"],"terminus":0,"mode":"bus","color":"#0059a9","colorDark":"#00294f","angle":0.2,"snapDist":5,"label":1}},{"type":"Feature","geometry":{"type":"Point","coordinates":[19.829317,41.328025]},"properties":{"name":"Sheshi Ali Demi","lines":"5A, 10C, 16B","arr":["5A","10C","16B"],"terminus":0,"mode":"bus","color":"#0059a9","colorDark":"#00294f","angle":150.5,"snapDist":6,"label":1}},{"type":"Feature","geometry":{"type":"Point","coordinates":[19.833977,41.330014]},"properties":{"name":"Leopold Bertold","lines":"5A, 10A, 10C","arr":["5A","10A","10C"],"terminus":0,"mode":"bus","color":"#0059a9","colorDark":"#00294f","angle":150.2,"snapDist":5,"label":1}},{"type":"Feature","geometry":{"type":"Point","coordinates":[19.833808,41.330439]},"properties":{"name":"Brryli","lines":"5A, 10A, 10C, 16A","arr":["5A","10A","10C","16A"],"terminus":0,"mode":"bus","color":"#0059a9","colorDark":"#00294f","angle":330.1,"snapDist":7,"label":1}},{"type":"Feature","geometry":{"type":"Point","coordinates":[19.83159,41.329483]},"properties":{"name":"Ministria Jashtme","lines":"5A, 10A, 10C, 16A","arr":["5A","10A","10C","16A"],"terminus":0,"mode":"bus","color":"#0059a9","colorDark":"#00294f","angle":330.1,"snapDist":7,"label":1}},{"type":"Feature","geometry":{"type":"Point","coordinates":[19.827272,41.327295]},"properties":{"name":"ATSH","lines":"5A, 10A, 10C, 16A","arr":["5A","10A","10C","16A"],"terminus":0,"mode":"bus","color":"#0059a9","colorDark":"#00294f","angle":311.5,"snapDist":7,"label":1}},{"type":"Feature","geometry":{"type":"Point","coordinates":[19.816318,41.327687]},"properties":{"name":"Dollari B","lines":"5A, 8A, 8B, 8C, 9A, 9B, 10A, 10B, 10C","arr":["5A","8A","8B","8C","9A","9B","10A","10B","10C"],"terminus":1,"mode":"bus","color":"#0059a9","colorDark":"#00294f","angle":258.3,"snapDist":5,"label":1}},{"type":"Feature","geometry":{"type":"Point","coordinates":[19.81925,41.325048]},"properties":{"name":"Parku Rinia","lines":"5A, 13A","arr":["5A","13A"],"terminus":0,"mode":"bus","color":"#0059a9","colorDark":"#00294f","angle":258.5,"snapDist":6,"label":1}},{"type":"Feature","geometry":{"type":"Point","coordinates":[19.826032,41.325611]},"properties":{"name":"Shkolla Baletit","lines":"5A, 10A, 10B, 10C, 16B","arr":["5A","10A","10B","10C","16B"],"terminus":0,"mode":"bus","color":"#0059a9","colorDark":"#00294f","angle":132.8,"snapDist":4,"label":1}},{"type":"Feature","geometry":{"type":"Point","coordinates":[19.828934,41.32774]},"properties":{"name":"1 Maji","lines":"5A","arr":["5A"],"terminus":0,"mode":"bus","color":"#0059a9","colorDark":"#00294f","angle":179.2,"snapDist":4,"label":1}},{"type":"Feature","geometry":{"type":"Point","coordinates":[19.831837,41.327745]},"properties":{"name":"Ali Demi","lines":"5A","arr":["5A"],"terminus":0,"mode":"bus","color":"#0059a9","colorDark":"#00294f","angle":181.3,"snapDist":4,"label":0}},{"type":"Feature","geometry":{"type":"Point","coordinates":[19.836215,41.328007]},"properties":{"name":"Sheshi Çamëria","lines":"5A","arr":["5A"],"terminus":0,"mode":"bus","color":"#0059a9","colorDark":"#00294f","angle":140.5,"snapDist":7,"label":0}},{"type":"Feature","geometry":{"type":"Point","coordinates":[19.839923,41.330638]},"properties":{"name":"Kushtrimi Lirisë","lines":"5A","arr":["5A"],"terminus":0,"mode":"bus","color":"#0059a9","colorDark":"#00294f","angle":163,"snapDist":6,"label":0}},{"type":"Feature","geometry":{"type":"Point","coordinates":[19.84354,41.3309]},"properties":{"name":"Dali Ndreu","lines":"5A","arr":["5A"],"terminus":0,"mode":"bus","color":"#0059a9","colorDark":"#00294f","angle":146.1,"snapDist":5,"label":0}},{"type":"Feature","geometry":{"type":"Point","coordinates":[19.84603,41.332474]},"properties":{"name":"Markata","lines":"5A","arr":["5A"],"terminus":0,"mode":"bus","color":"#0059a9","colorDark":"#00294f","angle":141.4,"snapDist":7,"label":0}},{"type":"Feature","geometry":{"type":"Point","coordinates":[19.848914,41.333643]},"properties":{"name":"Poligrafiku","lines":"5A","arr":["5A"],"terminus":0,"mode":"bus","color":"#0059a9","colorDark":"#00294f","angle":162,"snapDist":6,"label":0}},{"type":"Feature","geometry":{"type":"Point","coordinates":[19.851654,41.334014]},"properties":{"name":"Ura Shkozë","lines":"5A","arr":["5A"],"terminus":0,"mode":"bus","color":"#0059a9","colorDark":"#00294f","angle":159.2,"snapDist":6,"label":0}},{"type":"Feature","geometry":{"type":"Point","coordinates":[19.855888,41.334888]},"properties":{"name":"Pallatet Shkozë","lines":"5A","arr":["5A"],"terminus":0,"mode":"bus","color":"#0059a9","colorDark":"#00294f","angle":182.6,"snapDist":4,"label":0}},{"type":"Feature","geometry":{"type":"Point","coordinates":[19.859487,41.33445]},"properties":{"name":"Novruz Qoshja","lines":"5A","arr":["5A"],"terminus":0,"mode":"bus","color":"#0059a9","colorDark":"#00294f","angle":172.5,"snapDist":3,"label":0}},{"type":"Feature","geometry":{"type":"Point","coordinates":[19.862989,41.334165]},"properties":{"name":"Rruga Spahiu","lines":"5A","arr":["5A"],"terminus":0,"mode":"bus","color":"#0059a9","colorDark":"#00294f","angle":197.2,"snapDist":6,"label":0}},{"type":"Feature","geometry":{"type":"Point","coordinates":[19.86495,41.333154]},"properties":{"name":"Banesat Sociale","lines":"5A","arr":["5A"],"terminus":0,"mode":"bus","color":"#0059a9","colorDark":"#00294f","angle":222.9,"snapDist":7,"label":0}},{"type":"Feature","geometry":{"type":"Point","coordinates":[19.772,41.360663]},"properties":{"name":"Instituti Bujqësor","lines":"5B","arr":["5B"],"terminus":1,"mode":"bus","color":"#0059a9","colorDark":"#00294f","angle":259.1,"snapDist":7,"label":1}},{"type":"Feature","geometry":{"type":"Point","coordinates":[19.773254,41.358248]},"properties":{"name":"Kodër Kamëz","lines":"5B","arr":["5B"],"terminus":0,"mode":"bus","color":"#0059a9","colorDark":"#00294f","angle":240.1,"snapDist":4,"label":1}},{"type":"Feature","geometry":{"type":"Point","coordinates":[19.774562,41.355157]},"properties":{"name":"Ura Paskuqanit","lines":"5B","arr":["5B"],"terminus":0,"mode":"bus","color":"#0059a9","colorDark":"#00294f","angle":252.3,"snapDist":8,"label":1}},{"type":"Feature","geometry":{"type":"Point","coordinates":[19.770698,41.351477]},"properties":{"name":"Treshi","lines":"5B","arr":["5B"],"terminus":0,"mode":"bus","color":"#0059a9","colorDark":"#00294f","angle":240.7,"snapDist":7,"label":1}},{"type":"Feature","geometry":{"type":"Point","coordinates":[19.774021,41.347029]},"properties":{"name":"Rruga Kastriotët","lines":"5B","arr":["5B"],"terminus":0,"mode":"bus","color":"#0059a9","colorDark":"#00294f","angle":240.7,"snapDist":6,"label":1}},{"type":"Feature","geometry":{"type":"Point","coordinates":[19.776009,41.344338]},"properties":{"name":"Terminal C","lines":"5B","arr":["5B"],"terminus":0,"mode":"bus","color":"#0059a9","colorDark":"#00294f","angle":244.6,"snapDist":4,"label":1}},{"type":"Feature","geometry":{"type":"Point","coordinates":[19.816575,41.326755]},"properties":{"name":"Gjethja","lines":"5B","arr":["5B"],"terminus":1,"mode":"bus","color":"#0059a9","colorDark":"#00294f","angle":258.2,"snapDist":10,"label":1}},{"type":"Feature","geometry":{"type":"Point","coordinates":[19.776111,41.34439]},"properties":{"name":"Terminal A","lines":"5B","arr":["5B"],"terminus":0,"mode":"bus","color":"#0059a9","colorDark":"#00294f","angle":60.4,"snapDist":9,"label":1}},{"type":"Feature","geometry":{"type":"Point","coordinates":[19.774412,41.346668]},"properties":{"name":"Rruga Kastriotët","lines":"5B","arr":["5B"],"terminus":0,"mode":"bus","color":"#0059a9","colorDark":"#00294f","angle":61.2,"snapDist":5,"label":0}},{"type":"Feature","geometry":{"type":"Point","coordinates":[19.770832,41.351458]},"properties":{"name":"Treshi","lines":"5B","arr":["5B"],"terminus":0,"mode":"bus","color":"#0059a9","colorDark":"#00294f","angle":59.6,"snapDist":5,"label":0}},{"type":"Feature","geometry":{"type":"Point","coordinates":[19.774682,41.355238]},"properties":{"name":"Ura Paskuqanit","lines":"5B","arr":["5B"],"terminus":0,"mode":"bus","color":"#0059a9","colorDark":"#00294f","angle":66.6,"snapDist":2,"label":0}},{"type":"Feature","geometry":{"type":"Point","coordinates":[19.773566,41.358021]},"properties":{"name":"Kodër Kamëz","lines":"5B","arr":["5B"],"terminus":0,"mode":"bus","color":"#0059a9","colorDark":"#00294f","angle":60.9,"snapDist":4,"label":0}},{"type":"Feature","geometry":{"type":"Point","coordinates":[19.757587,41.365895]},"properties":{"name":"Bregu Lumit","lines":"6","arr":["6"],"terminus":1,"mode":"bus","color":"#0059a9","colorDark":"#00294f","angle":271.1,"snapDist":5,"label":1}},{"type":"Feature","geometry":{"type":"Point","coordinates":[19.758356,41.362681]},"properties":{"name":"Rruga Devolli","lines":"6","arr":["6"],"terminus":0,"mode":"bus","color":"#0059a9","colorDark":"#00294f","angle":196,"snapDist":8,"label":1}},{"type":"Feature","geometry":{"type":"Point","coordinates":[19.760318,41.361262]},"properties":{"name":"Isuf Xhelili","lines":"6","arr":["6"],"terminus":0,"mode":"bus","color":"#0059a9","colorDark":"#00294f","angle":240.1,"snapDist":5,"label":1}},{"type":"Feature","geometry":{"type":"Point","coordinates":[19.761477,41.358993]},"properties":{"name":"Gjoke Doci","lines":"6","arr":["6"],"terminus":0,"mode":"bus","color":"#0059a9","colorDark":"#00294f","angle":267.7,"snapDist":5,"label":1}},{"type":"Feature","geometry":{"type":"Point","coordinates":[19.76247,41.358029]},"properties":{"name":"Kolë Jakova","lines":"6","arr":["6"],"terminus":0,"mode":"bus","color":"#0059a9","colorDark":"#00294f","angle":220.9,"snapDist":5,"label":1}},{"type":"Feature","geometry":{"type":"Point","coordinates":[19.763322,41.357249]},"properties":{"name":"Nikolle Ivanaj","lines":"6","arr":["6"],"terminus":0,"mode":"bus","color":"#0059a9","colorDark":"#00294f","angle":3.3,"snapDist":7,"label":1}},{"type":"Feature","geometry":{"type":"Point","coordinates":[19.766334,41.355434]},"properties":{"name":"Princ Vidi","lines":"6","arr":["6"],"terminus":0,"mode":"bus","color":"#0059a9","colorDark":"#00294f","angle":188.3,"snapDist":5,"label":1}},{"type":"Feature","geometry":{"type":"Point","coordinates":[19.769659,41.352947]},"properties":{"name":"Zyhdi Herri","lines":"6","arr":["6"],"terminus":0,"mode":"bus","color":"#0059a9","colorDark":"#00294f","angle":244,"snapDist":4,"label":1}},{"type":"Feature","geometry":{"type":"Point","coordinates":[19.773223,41.35124]},"properties":{"name":"Gjergj Fishta","lines":"6","arr":["6"],"terminus":0,"mode":"bus","color":"#0059a9","colorDark":"#00294f","angle":169,"snapDist":3,"label":1}},{"type":"Feature","geometry":{"type":"Point","coordinates":[19.779441,41.348868]},"properties":{"name":"Isuf Uka","lines":"6","arr":["6"],"terminus":0,"mode":"bus","color":"#0059a9","colorDark":"#00294f","angle":239.1,"snapDist":4,"label":1}},{"type":"Feature","geometry":{"type":"Point","coordinates":[19.782416,41.346747]},"properties":{"name":"Mark Bajraktari","lines":"6","arr":["6"],"terminus":0,"mode":"bus","color":"#0059a9","colorDark":"#00294f","angle":200.3,"snapDist":3,"label":1}},{"type":"Feature","geometry":{"type":"Point","coordinates":[19.783798,41.345975]},"properties":{"name":"Skënder Luarasi","lines":"6","arr":["6"],"terminus":0,"mode":"bus","color":"#0059a9","colorDark":"#00294f","angle":259.8,"snapDist":4,"label":1}},{"type":"Feature","geometry":{"type":"Point","coordinates":[19.787728,41.344498]},"properties":{"name":"Shinat e Trenit","lines":"6","arr":["6"],"terminus":0,"mode":"bus","color":"#0059a9","colorDark":"#00294f","angle":251.2,"snapDist":4,"label":1}},{"type":"Feature","geometry":{"type":"Point","coordinates":[19.788492,41.342878]},"properties":{"name":"Vangjel Noti","lines":"6","arr":["6"],"terminus":0,"mode":"bus","color":"#0059a9","colorDark":"#00294f","angle":279.7,"snapDist":6,"label":1}},{"type":"Feature","geometry":{"type":"Point","coordinates":[19.787654,41.341168]},"properties":{"name":"Andrea Stefani","lines":"6","arr":["6"],"terminus":0,"mode":"bus","color":"#0059a9","colorDark":"#00294f","angle":296.2,"snapDist":6,"label":1}},{"type":"Feature","geometry":{"type":"Point","coordinates":[19.790247,41.339864]},"properties":{"name":"Aleks Buda","lines":"6","arr":["6"],"terminus":0,"mode":"bus","color":"#0059a9","colorDark":"#00294f","angle":219,"snapDist":5,"label":1}},{"type":"Feature","geometry":{"type":"Point","coordinates":[19.793177,41.338348]},"properties":{"name":"Laprakë","lines":"6","arr":["6"],"terminus":0,"mode":"bus","color":"#0059a9","colorDark":"#00294f","angle":202.1,"snapDist":3,"label":1}},{"type":"Feature","geometry":{"type":"Point","coordinates":[19.795045,41.341727]},"properties":{"name":"Spitali Ushtarak","lines":"6","arr":["6"],"terminus":0,"mode":"bus","color":"#0059a9","colorDark":"#00294f","angle":187.5,"snapDist":5,"label":1}},{"type":"Feature","geometry":{"type":"Point","coordinates":[19.79859,41.342287]},"properties":{"name":"Administrativja","lines":"6","arr":["6"],"terminus":0,"mode":"bus","color":"#0059a9","colorDark":"#00294f","angle":164,"snapDist":5,"label":1}},{"type":"Feature","geometry":{"type":"Point","coordinates":[19.801686,41.340985]},"properties":{"name":"PTUU","lines":"6","arr":["6"],"terminus":0,"mode":"bus","color":"#0059a9","colorDark":"#00294f","angle":243.8,"snapDist":5,"label":1}},{"type":"Feature","geometry":{"type":"Point","coordinates":[19.802964,41.339058]},"properties":{"name":"Rruga Muzakët","lines":"6","arr":["6"],"terminus":0,"mode":"bus","color":"#0059a9","colorDark":"#00294f","angle":243,"snapDist":4,"label":1}},{"type":"Feature","geometry":{"type":"Point","coordinates":[19.803864,41.337683]},"properties":{"name":"Vizion Plus","lines":"6","arr":["6"],"terminus":0,"mode":"bus","color":"#0059a9","colorDark":"#00294f","angle":243.8,"snapDist":6,"label":1}},{"type":"Feature","geometry":{"type":"Point","coordinates":[19.807509,41.33447]},"properties":{"name":"Don Bosko","lines":"6, 13A, 16A","arr":["6","13A","16A"],"terminus":0,"mode":"bus","color":"#0059a9","colorDark":"#00294f","angle":168,"snapDist":3,"label":1}},{"type":"Feature","geometry":{"type":"Point","coordinates":[19.811835,41.335179]},"properties":{"name":"Harry Fultz","lines":"6, 13A, 16A","arr":["6","13A","16A"],"terminus":0,"mode":"bus","color":"#0059a9","colorDark":"#00294f","angle":168,"snapDist":3,"label":1}},{"type":"Feature","geometry":{"type":"Point","coordinates":[19.818871,41.330457]},"properties":{"name":"15 Katëshi A","lines":"6, 12A, 12B, 13B","arr":["6","12A","12B","13B"],"terminus":0,"mode":"bus","color":"#0059a9","colorDark":"#00294f","angle":349.9,"snapDist":8,"label":1}},{"type":"Feature","geometry":{"type":"Point","coordinates":[19.803591,41.338098]},"properties":{"name":"Vizion Plus","lines":"6","arr":["6"],"terminus":0,"mode":"bus","color":"#0059a9","colorDark":"#00294f","angle":64.2,"snapDist":4,"label":0}},{"type":"Feature","geometry":{"type":"Point","coordinates":[19.802713,41.339441]},"properties":{"name":"Rruga Muzakët","lines":"6","arr":["6"],"terminus":0,"mode":"bus","color":"#0059a9","colorDark":"#00294f","angle":62.7,"snapDist":3,"label":0}},{"type":"Feature","geometry":{"type":"Point","coordinates":[19.801507,41.341261]},"properties":{"name":"PTUU","lines":"6","arr":["6"],"terminus":0,"mode":"bus","color":"#0059a9","colorDark":"#00294f","angle":64.2,"snapDist":5,"label":0}},{"type":"Feature","geometry":{"type":"Point","coordinates":[19.798516,41.342271]},"properties":{"name":"Administrativja","lines":"6","arr":["6"],"terminus":0,"mode":"bus","color":"#0059a9","colorDark":"#00294f","angle":343.9,"snapDist":6,"label":0}},{"type":"Feature","geometry":{"type":"Point","coordinates":[19.795029,41.341729]},"properties":{"name":"Spitali Ushtarak","lines":"6","arr":["6"],"terminus":0,"mode":"bus","color":"#0059a9","colorDark":"#00294f","angle":7.5,"snapDist":5,"label":0}},{"type":"Feature","geometry":{"type":"Point","coordinates":[19.793239,41.338329]},"properties":{"name":"Laprakë","lines":"6","arr":["6"],"terminus":0,"mode":"bus","color":"#0059a9","colorDark":"#00294f","angle":21.8,"snapDist":5,"label":0}},{"type":"Feature","geometry":{"type":"Point","coordinates":[19.790072,41.339971]},"properties":{"name":"Aleks Buda","lines":"6","arr":["6"],"terminus":0,"mode":"bus","color":"#0059a9","colorDark":"#00294f","angle":39,"snapDist":7,"label":0}},{"type":"Feature","geometry":{"type":"Point","coordinates":[19.788687,41.341698]},"properties":{"name":"Gjergj Legisi","lines":"6","arr":["6"],"terminus":0,"mode":"bus","color":"#0059a9","colorDark":"#00294f","angle":121.7,"snapDist":8,"label":1}},{"type":"Feature","geometry":{"type":"Point","coordinates":[19.788757,41.346976]},"properties":{"name":"Ndoc Martini","lines":"6","arr":["6"],"terminus":0,"mode":"bus","color":"#0059a9","colorDark":"#00294f","angle":110.7,"snapDist":5,"label":1}},{"type":"Feature","geometry":{"type":"Point","coordinates":[19.788139,41.346919]},"properties":{"name":"Pas Nenkalimit","lines":"6","arr":["6"],"terminus":0,"mode":"bus","color":"#0059a9","colorDark":"#00294f","angle":285.4,"snapDist":4,"label":1}},{"type":"Feature","geometry":{"type":"Point","coordinates":[19.787629,41.344666]},"properties":{"name":"Shinat e Trenit","lines":"6","arr":["6"],"terminus":0,"mode":"bus","color":"#0059a9","colorDark":"#00294f","angle":62.2,"snapDist":4,"label":0}},{"type":"Feature","geometry":{"type":"Point","coordinates":[19.783789,41.346015]},"properties":{"name":"Skënder Luarasi","lines":"6","arr":["6"],"terminus":0,"mode":"bus","color":"#0059a9","colorDark":"#00294f","angle":79.8,"snapDist":6,"label":0}},{"type":"Feature","geometry":{"type":"Point","coordinates":[19.78237,41.346763]},"properties":{"name":"Mark Bajraktari","lines":"6","arr":["6"],"terminus":0,"mode":"bus","color":"#0059a9","colorDark":"#00294f","angle":25.3,"snapDist":3,"label":0}},{"type":"Feature","geometry":{"type":"Point","coordinates":[19.779496,41.3488]},"properties":{"name":"Isuf Uka","lines":"6","arr":["6"],"terminus":0,"mode":"bus","color":"#0059a9","colorDark":"#00294f","angle":55.2,"snapDist":6,"label":0}},{"type":"Feature","geometry":{"type":"Point","coordinates":[19.772417,41.351086]},"properties":{"name":"Gjergj Fishta","lines":"6","arr":["6"],"terminus":0,"mode":"bus","color":"#0059a9","colorDark":"#00294f","angle":342.5,"snapDist":6,"label":0}},{"type":"Feature","geometry":{"type":"Point","coordinates":[19.769875,41.352615]},"properties":{"name":"Zyhdi Herri","lines":"6","arr":["6"],"terminus":0,"mode":"bus","color":"#0059a9","colorDark":"#00294f","angle":64,"snapDist":5,"label":0}},{"type":"Feature","geometry":{"type":"Point","coordinates":[19.763289,41.357445]},"properties":{"name":"Nikolle Ivanaj","lines":"6","arr":["6"],"terminus":0,"mode":"bus","color":"#0059a9","colorDark":"#00294f","angle":56.9,"snapDist":7,"label":0}},{"type":"Feature","geometry":{"type":"Point","coordinates":[19.762471,41.358029]},"properties":{"name":"Kolë Jakova","lines":"6","arr":["6"],"terminus":0,"mode":"bus","color":"#0059a9","colorDark":"#00294f","angle":40.9,"snapDist":6,"label":0}},{"type":"Feature","geometry":{"type":"Point","coordinates":[19.761478,41.358972]},"properties":{"name":"Gjoke Doci","lines":"6","arr":["6"],"terminus":0,"mode":"bus","color":"#0059a9","colorDark":"#00294f","angle":87.7,"snapDist":4,"label":0}},{"type":"Feature","geometry":{"type":"Point","coordinates":[19.760323,41.361255]},"properties":{"name":"Isuf Xhelili","lines":"6","arr":["6"],"terminus":0,"mode":"bus","color":"#0059a9","colorDark":"#00294f","angle":60.1,"snapDist":5,"label":0}},{"type":"Feature","geometry":{"type":"Point","coordinates":[19.758279,41.362704]},"properties":{"name":"Rruga Devolli","lines":"6","arr":["6"],"terminus":0,"mode":"bus","color":"#0059a9","colorDark":"#00294f","angle":27.6,"snapDist":6,"label":0}},{"type":"Feature","geometry":{"type":"Point","coordinates":[19.823907,41.326958]},"properties":{"name":"Parlamenti","lines":"8A, 8B, 8C, 9A, 9B, 10A, 10B, 10C","arr":["8A","8B","8C","9A","9B","10A","10B","10C"],"terminus":0,"mode":"bus","color":"#0059a9","colorDark":"#00294f","angle":220.1,"snapDist":4,"label":1}},{"type":"Feature","geometry":{"type":"Point","coordinates":[19.824808,41.323692]},"properties":{"name":"Posta 1","lines":"8A, 8B, 8C, 9A, 9B","arr":["8A","8B","8C","9A","9B"],"terminus":0,"mode":"bus","color":"#0059a9","colorDark":"#00294f","angle":271.1,"snapDist":6,"label":1}},{"type":"Feature","geometry":{"type":"Point","coordinates":[19.825706,41.321277]},"properties":{"name":"Liceu Artistik","lines":"8A, 8B, 8C, 9A, 9B","arr":["8A","8B","8C","9A","9B"],"terminus":0,"mode":"bus","color":"#0059a9","colorDark":"#00294f","angle":245.7,"snapDist":6,"label":1}},{"type":"Feature","geometry":{"type":"Point","coordinates":[19.829332,41.318598]},"properties":{"name":"Filologjiku","lines":"8A, 8B, 8C, 9A, 9B","arr":["8A","8B","8C","9A","9B"],"terminus":0,"mode":"bus","color":"#0059a9","colorDark":"#00294f","angle":208.9,"snapDist":8,"label":1}},{"type":"Feature","geometry":{"type":"Point","coordinates":[19.833188,41.316516]},"properties":{"name":"Vilat Gjermane","lines":"8A, 8B, 8C","arr":["8A","8B","8C"],"terminus":0,"mode":"bus","color":"#0059a9","colorDark":"#00294f","angle":246.2,"snapDist":4,"label":1}},{"type":"Feature","geometry":{"type":"Point","coordinates":[19.834694,41.313068]},"properties":{"name":"Haki Shehu","lines":"8A, 8B, 8C","arr":["8A","8B","8C"],"terminus":0,"mode":"bus","color":"#0059a9","colorDark":"#00294f","angle":240.1,"snapDist":6,"label":1}},{"type":"Feature","geometry":{"type":"Point","coordinates":[19.837144,41.308696]},"properties":{"name":"Pallati Brigadave","lines":"8A, 8B, 8C","arr":["8A","8B","8C"],"terminus":0,"mode":"bus","color":"#0059a9","colorDark":"#00294f","angle":253.3,"snapDist":3,"label":1}},{"type":"Feature","geometry":{"type":"Point","coordinates":[19.841187,41.306849]},"properties":{"name":"Spitali Veterinar","lines":"8A","arr":["8A"],"terminus":0,"mode":"bus","color":"#0059a9","colorDark":"#00294f","angle":223.1,"snapDist":8,"label":1}},{"type":"Feature","geometry":{"type":"Point","coordinates":[19.843815,41.305176]},"properties":{"name":"Policia Ushtarake","lines":"8A","arr":["8A"],"terminus":0,"mode":"bus","color":"#0059a9","colorDark":"#00294f","angle":211.9,"snapDist":6,"label":1}},{"type":"Feature","geometry":{"type":"Point","coordinates":[19.846684,41.301647]},"properties":{"name":"Hamid Dalipi","lines":"8A","arr":["8A"],"terminus":0,"mode":"bus","color":"#0059a9","colorDark":"#00294f","angle":241.3,"snapDist":7,"label":1}},{"type":"Feature","geometry":{"type":"Point","coordinates":[19.850744,41.299039]},"properties":{"name":"Panorama Liqenit","lines":"8A","arr":["8A"],"terminus":0,"mode":"bus","color":"#0059a9","colorDark":"#00294f","angle":225,"snapDist":8,"label":1}},{"type":"Feature","geometry":{"type":"Point","coordinates":[19.852814,41.293731]},"properties":{"name":"Haxhi Dushku","lines":"8A","arr":["8A"],"terminus":0,"mode":"bus","color":"#0059a9","colorDark":"#00294f","angle":255.5,"snapDist":6,"label":1}},{"type":"Feature","geometry":{"type":"Point","coordinates":[19.852794,41.293787]},"properties":{"name":"Haxhi Dushku","lines":"8A","arr":["8A"],"terminus":0,"mode":"bus","color":"#0059a9","colorDark":"#00294f","angle":75.5,"snapDist":4,"label":0}},{"type":"Feature","geometry":{"type":"Point","coordinates":[19.850715,41.299061]},"properties":{"name":"Panorama Liqenit","lines":"8A","arr":["8A"],"terminus":0,"mode":"bus","color":"#0059a9","colorDark":"#00294f","angle":45,"snapDist":7,"label":0}},{"type":"Feature","geometry":{"type":"Point","coordinates":[19.847736,41.300999]},"properties":{"name":"Hamid Dalipi","lines":"8A","arr":["8A"],"terminus":0,"mode":"bus","color":"#0059a9","colorDark":"#00294f","angle":29.8,"snapDist":7,"label":0}},{"type":"Feature","geometry":{"type":"Point","coordinates":[19.843153,41.305497]},"properties":{"name":"Policia Ushtarake","lines":"8A","arr":["8A"],"terminus":0,"mode":"bus","color":"#0059a9","colorDark":"#00294f","angle":35.8,"snapDist":6,"label":0}},{"type":"Feature","geometry":{"type":"Point","coordinates":[19.839514,41.307582]},"properties":{"name":"Rrethrrotullimi","lines":"8A, 8B, 8C","arr":["8A","8B","8C"],"terminus":0,"mode":"bus","color":"#0059a9","colorDark":"#00294f","angle":2.8,"snapDist":5,"label":1}},{"type":"Feature","geometry":{"type":"Point","coordinates":[19.836173,41.311232]},"properties":{"name":"Dëshmoret","lines":"8A, 8B, 8C","arr":["8A","8B","8C"],"terminus":0,"mode":"bus","color":"#0059a9","colorDark":"#00294f","angle":59.4,"snapDist":6,"label":1}},{"type":"Feature","geometry":{"type":"Point","coordinates":[19.83445,41.314598]},"properties":{"name":"Haki Shehu","lines":"8A, 8B, 8C","arr":["8A","8B","8C"],"terminus":0,"mode":"bus","color":"#0059a9","colorDark":"#00294f","angle":66.5,"snapDist":4,"label":0}},{"type":"Feature","geometry":{"type":"Point","coordinates":[19.832944,41.317157]},"properties":{"name":"Vilat Gjermane","lines":"8A, 8B, 8C","arr":["8A","8B","8C"],"terminus":0,"mode":"bus","color":"#0059a9","colorDark":"#00294f","angle":66.2,"snapDist":7,"label":0}},{"type":"Feature","geometry":{"type":"Point","coordinates":[19.828939,41.318856]},"properties":{"name":"Filologjiku","lines":"8A, 8B, 8C, 9A, 9B","arr":["8A","8B","8C","9A","9B"],"terminus":0,"mode":"bus","color":"#0059a9","colorDark":"#00294f","angle":22.1,"snapDist":4,"label":0}},{"type":"Feature","geometry":{"type":"Point","coordinates":[19.825732,41.321356]},"properties":{"name":"Liceu Artistik","lines":"8A, 8B, 8C, 9A, 9B","arr":["8A","8B","8C","9A","9B"],"terminus":0,"mode":"bus","color":"#0059a9","colorDark":"#00294f","angle":66.4,"snapDist":3,"label":0}},{"type":"Feature","geometry":{"type":"Point","coordinates":[19.825083,41.324274]},"properties":{"name":"Posta 1","lines":"8A, 8B, 8C, 9A, 9B","arr":["8A","8B","8C","9A","9B"],"terminus":0,"mode":"bus","color":"#0059a9","colorDark":"#00294f","angle":104.3,"snapDist":5,"label":0}},{"type":"Feature","geometry":{"type":"Point","coordinates":[19.841175,41.307566]},"properties":{"name":"Shefqet Ndroqi","lines":"8B","arr":["8B"],"terminus":0,"mode":"bus","color":"#0059a9","colorDark":"#00294f","angle":146,"snapDist":6,"label":1}},{"type":"Feature","geometry":{"type":"Point","coordinates":[19.844423,41.309386]},"properties":{"name":"Nuri Arapi","lines":"8B","arr":["8B"],"terminus":0,"mode":"bus","color":"#0059a9","colorDark":"#00294f","angle":158.8,"snapDist":1,"label":1}},{"type":"Feature","geometry":{"type":"Point","coordinates":[19.843793,41.312709]},"properties":{"name":"Sanatorium","lines":"8B","arr":["8B"],"terminus":1,"mode":"bus","color":"#0059a9","colorDark":"#00294f","angle":120.8,"snapDist":6,"label":1}},{"type":"Feature","geometry":{"type":"Point","coordinates":[19.844103,41.309339]},"properties":{"name":"Nuri Arapi","lines":"8B","arr":["8B"],"terminus":0,"mode":"bus","color":"#0059a9","colorDark":"#00294f","angle":357.8,"snapDist":7,"label":0}},{"type":"Feature","geometry":{"type":"Point","coordinates":[19.840081,41.307237]},"properties":{"name":"Rrethrrotullimi","lines":"8C","arr":["8C"],"terminus":0,"mode":"bus","color":"#0059a9","colorDark":"#00294f","angle":256.1,"snapDist":6,"label":0}},{"type":"Feature","geometry":{"type":"Point","coordinates":[19.835049,41.303321]},"properties":{"name":"Seit Bathorja","lines":"8C","arr":["8C"],"terminus":0,"mode":"bus","color":"#0059a9","colorDark":"#00294f","angle":8.1,"snapDist":4,"label":1}},{"type":"Feature","geometry":{"type":"Point","coordinates":[19.831325,41.301143]},"properties":{"name":"Ibrahim Braja","lines":"8C","arr":["8C"],"terminus":0,"mode":"bus","color":"#0059a9","colorDark":"#00294f","angle":321,"snapDist":6,"label":1}},{"type":"Feature","geometry":{"type":"Point","coordinates":[19.830122,41.29946]},"properties":{"name":"Sauk i Vjeter","lines":"8C","arr":["8C"],"terminus":1,"mode":"bus","color":"#0059a9","colorDark":"#00294f","angle":313.4,"snapDist":8,"label":1}},{"type":"Feature","geometry":{"type":"Point","coordinates":[19.83164,41.301309]},"properties":{"name":"Ibrahim Braja","lines":"8C","arr":["8C"],"terminus":0,"mode":"bus","color":"#0059a9","colorDark":"#00294f","angle":147.2,"snapDist":9,"label":0}},{"type":"Feature","geometry":{"type":"Point","coordinates":[19.835068,41.303319]},"properties":{"name":"Seit Bathorja","lines":"8C","arr":["8C"],"terminus":0,"mode":"bus","color":"#0059a9","colorDark":"#00294f","angle":188.1,"snapDist":5,"label":0}},{"type":"Feature","geometry":{"type":"Point","coordinates":[19.849837,41.322347]},"properties":{"name":"Depo Ujit A","lines":"9A, 10B","arr":["9A","10B"],"terminus":1,"mode":"bus","color":"#0059a9","colorDark":"#00294f","angle":352.7,"snapDist":4,"label":1}},{"type":"Feature","geometry":{"type":"Point","coordinates":[19.844764,41.321247]},"properties":{"name":"Naum Prifti","lines":"9A, 10B","arr":["9A","10B"],"terminus":0,"mode":"bus","color":"#0059a9","colorDark":"#00294f","angle":342.2,"snapDist":5,"label":1}},{"type":"Feature","geometry":{"type":"Point","coordinates":[19.84349,41.320967]},"properties":{"name":"Kristaq Capo","lines":"9A, 10B","arr":["9A","10B"],"terminus":0,"mode":"bus","color":"#0059a9","colorDark":"#00294f","angle":339,"snapDist":5,"label":1}},{"type":"Feature","geometry":{"type":"Point","coordinates":[19.839736,41.320484]},"properties":{"name":"Kompleksi","lines":"9A","arr":["9A"],"terminus":0,"mode":"bus","color":"#0059a9","colorDark":"#00294f","angle":10.5,"snapDist":5,"label":1}},{"type":"Feature","geometry":{"type":"Point","coordinates":[19.836131,41.321348]},"properties":{"name":"Godina 26","lines":"9A","arr":["9A"],"terminus":0,"mode":"bus","color":"#0059a9","colorDark":"#00294f","angle":15.6,"snapDist":6,"label":1}},{"type":"Feature","geometry":{"type":"Point","coordinates":[19.834921,41.319875]},"properties":{"name":"Godina 15","lines":"9A","arr":["9A"],"terminus":0,"mode":"bus","color":"#0059a9","colorDark":"#00294f","angle":4.4,"snapDist":4,"label":1}},{"type":"Feature","geometry":{"type":"Point","coordinates":[19.831307,41.318841]},"properties":{"name":"Ekonomiku","lines":"9A","arr":["9A"],"terminus":0,"mode":"bus","color":"#0059a9","colorDark":"#00294f","angle":293.7,"snapDist":6,"label":1}},{"type":"Feature","geometry":{"type":"Point","coordinates":[19.816724,41.334708]},"properties":{"name":"Materniteti","lines":"9A, 9B, 12A, 12B, 13B","arr":["9A","9B","12A","12B","13B"],"terminus":0,"mode":"bus","color":"#0059a9","colorDark":"#00294f","angle":79.6,"snapDist":8,"label":1}},{"type":"Feature","geometry":{"type":"Point","coordinates":[19.814779,41.335736]},"properties":{"name":"Stacioni i Trenit","lines":"9A, 9B, 13B, 16B","arr":["9A","9B","13B","16B"],"terminus":0,"mode":"bus","color":"#0059a9","colorDark":"#00294f","angle":348.1,"snapDist":5,"label":0}},{"type":"Feature","geometry":{"type":"Point","coordinates":[19.811937,41.33699]},"properties":{"name":"Burgu","lines":"9A, 9B","arr":["9A","9B"],"terminus":0,"mode":"bus","color":"#0059a9","colorDark":"#00294f","angle":77,"snapDist":5,"label":1}},{"type":"Feature","geometry":{"type":"Point","coordinates":[19.810918,41.339225]},"properties":{"name":"Kolegji","lines":"9A, 9B","arr":["9A","9B"],"terminus":0,"mode":"bus","color":"#0059a9","colorDark":"#00294f","angle":68.4,"snapDist":8,"label":1}},{"type":"Feature","geometry":{"type":"Point","coordinates":[19.810341,41.340899]},"properties":{"name":"Rruga Vjosa","lines":"9A, 9B","arr":["9A","9B"],"terminus":0,"mode":"bus","color":"#0059a9","colorDark":"#00294f","angle":65,"snapDist":5,"label":1}},{"type":"Feature","geometry":{"type":"Point","coordinates":[19.808677,41.343747]},"properties":{"name":"Ali Progri","lines":"9A, 9B","arr":["9A","9B"],"terminus":0,"mode":"bus","color":"#0059a9","colorDark":"#00294f","angle":67.2,"snapDist":5,"label":1}},{"type":"Feature","geometry":{"type":"Point","coordinates":[19.807789,41.3457]},"properties":{"name":"Rruga Sejdini","lines":"9A, 9B, 12A","arr":["9A","9B","12A"],"terminus":0,"mode":"bus","color":"#0059a9","colorDark":"#00294f","angle":73.1,"snapDist":3,"label":1}},{"type":"Feature","geometry":{"type":"Point","coordinates":[19.806714,41.347405]},"properties":{"name":"Uzina Dinamo","lines":"9A, 9B, 12A","arr":["9A","9B","12A"],"terminus":1,"mode":"bus","color":"#0059a9","colorDark":"#00294f","angle":197.5,"snapDist":6,"label":1}},{"type":"Feature","geometry":{"type":"Point","coordinates":[19.807899,41.34543]},"properties":{"name":"Rruga Sejdini","lines":"9A, 9B","arr":["9A","9B"],"terminus":0,"mode":"bus","color":"#0059a9","colorDark":"#00294f","angle":251.8,"snapDist":6,"label":0}},{"type":"Feature","geometry":{"type":"Point","coordinates":[19.808714,41.343681]},"properties":{"name":"Ali Progri","lines":"9A, 9B","arr":["9A","9B"],"terminus":0,"mode":"bus","color":"#0059a9","colorDark":"#00294f","angle":247.2,"snapDist":5,"label":0}},{"type":"Feature","geometry":{"type":"Point","coordinates":[19.810368,41.340854]},"properties":{"name":"Rruga Vjosa","lines":"9A, 9B","arr":["9A","9B"],"terminus":0,"mode":"bus","color":"#0059a9","colorDark":"#00294f","angle":245.3,"snapDist":7,"label":0}},{"type":"Feature","geometry":{"type":"Point","coordinates":[19.810946,41.339172]},"properties":{"name":"Kolegji","lines":"9A, 9B","arr":["9A","9B"],"terminus":0,"mode":"bus","color":"#0059a9","colorDark":"#00294f","angle":248.5,"snapDist":8,"label":0}},{"type":"Feature","geometry":{"type":"Point","coordinates":[19.811972,41.336872]},"properties":{"name":"Burgu","lines":"9A, 9B","arr":["9A","9B"],"terminus":0,"mode":"bus","color":"#0059a9","colorDark":"#00294f","angle":258,"snapDist":4,"label":0}},{"type":"Feature","geometry":{"type":"Point","coordinates":[19.831319,41.31886]},"properties":{"name":"Ekonomiku","lines":"9A","arr":["9A"],"terminus":0,"mode":"bus","color":"#0059a9","colorDark":"#00294f","angle":113.7,"snapDist":3,"label":0}},{"type":"Feature","geometry":{"type":"Point","coordinates":[19.83507,41.31983]},"properties":{"name":"Godina 15","lines":"9A","arr":["9A"],"terminus":0,"mode":"bus","color":"#0059a9","colorDark":"#00294f","angle":186.4,"snapDist":4,"label":0}},{"type":"Feature","geometry":{"type":"Point","coordinates":[19.836146,41.321345]},"properties":{"name":"Godina 26","lines":"9A","arr":["9A"],"terminus":0,"mode":"bus","color":"#0059a9","colorDark":"#00294f","angle":195.6,"snapDist":6,"label":0}},{"type":"Feature","geometry":{"type":"Point","coordinates":[19.840004,41.320448]},"properties":{"name":"Kompleksi","lines":"9A","arr":["9A"],"terminus":0,"mode":"bus","color":"#0059a9","colorDark":"#00294f","angle":190,"snapDist":6,"label":0}},{"type":"Feature","geometry":{"type":"Point","coordinates":[19.84379,41.321081]},"properties":{"name":"Kristaq Capo","lines":"9A, 10B","arr":["9A","10B"],"terminus":0,"mode":"bus","color":"#0059a9","colorDark":"#00294f","angle":154.8,"snapDist":5,"label":0}},{"type":"Feature","geometry":{"type":"Point","coordinates":[19.844942,41.321292]},"properties":{"name":"Haki Gjici","lines":"9A, 10B","arr":["9A","10B"],"terminus":0,"mode":"bus","color":"#0059a9","colorDark":"#00294f","angle":161.5,"snapDist":4,"label":1}},{"type":"Feature","geometry":{"type":"Point","coordinates":[19.853337,41.321045]},"properties":{"name":"Binak Alia","lines":"9B, 10B","arr":["9B","10B"],"terminus":1,"mode":"bus","color":"#0059a9","colorDark":"#00294f","angle":23.9,"snapDist":1,"label":1}},{"type":"Feature","geometry":{"type":"Point","coordinates":[19.849878,41.322351]},"properties":{"name":"Depo Ujit A","lines":"9B, 10B","arr":["9B","10B"],"terminus":0,"mode":"bus","color":"#0059a9","colorDark":"#00294f","angle":172.7,"snapDist":4,"label":0}},{"type":"Feature","geometry":{"type":"Point","coordinates":[19.845759,41.318157]},"properties":{"name":"Irfan Tërshana","lines":"9B","arr":["9B"],"terminus":0,"mode":"bus","color":"#0059a9","colorDark":"#00294f","angle":334.2,"snapDist":6,"label":1}},{"type":"Feature","geometry":{"type":"Point","coordinates":[19.842956,41.317392]},"properties":{"name":"Biçakët","lines":"9B","arr":["9B"],"terminus":0,"mode":"bus","color":"#0059a9","colorDark":"#00294f","angle":344.7,"snapDist":5,"label":1}},{"type":"Feature","geometry":{"type":"Point","coordinates":[19.839978,41.316516]},"properties":{"name":"Jup Kastrati","lines":"9B","arr":["9B"],"terminus":0,"mode":"bus","color":"#0059a9","colorDark":"#00294f","angle":344.9,"snapDist":5,"label":1}},{"type":"Feature","geometry":{"type":"Point","coordinates":[19.836417,41.316616]},"properties":{"name":"Ambasada Palestinës","lines":"9B","arr":["9B"],"terminus":0,"mode":"bus","color":"#0059a9","colorDark":"#00294f","angle":17.1,"snapDist":6,"label":1}},{"type":"Feature","geometry":{"type":"Point","coordinates":[19.834539,41.317079]},"properties":{"name":"Vëllezërit Kondi","lines":"9B","arr":["9B"],"terminus":0,"mode":"bus","color":"#0059a9","colorDark":"#00294f","angle":9.2,"snapDist":5,"label":1}},{"type":"Feature","geometry":{"type":"Point","coordinates":[19.834689,41.317061]},"properties":{"name":"Vëllezërit Kondi","lines":"9B","arr":["9B"],"terminus":0,"mode":"bus","color":"#0059a9","colorDark":"#00294f","angle":189.2,"snapDist":5,"label":0}},{"type":"Feature","geometry":{"type":"Point","coordinates":[19.836236,41.316665]},"properties":{"name":"Ambasada Palestinës","lines":"9B","arr":["9B"],"terminus":0,"mode":"bus","color":"#0059a9","colorDark":"#00294f","angle":200.3,"snapDist":5,"label":0}},{"type":"Feature","geometry":{"type":"Point","coordinates":[19.839748,41.316464]},"properties":{"name":"Jup Kastrati","lines":"9B","arr":["9B"],"terminus":0,"mode":"bus","color":"#0059a9","colorDark":"#00294f","angle":163.4,"snapDist":4,"label":0}},{"type":"Feature","geometry":{"type":"Point","coordinates":[19.842646,41.317351]},"properties":{"name":"Biçakët","lines":"9B","arr":["9B"],"terminus":0,"mode":"bus","color":"#0059a9","colorDark":"#00294f","angle":184,"snapDist":5,"label":0}},{"type":"Feature","geometry":{"type":"Point","coordinates":[19.845527,41.317939]},"properties":{"name":"Irfan Tërshana","lines":"9B","arr":["9B"],"terminus":0,"mode":"bus","color":"#0059a9","colorDark":"#00294f","angle":164.9,"snapDist":5,"label":0}},{"type":"Feature","geometry":{"type":"Point","coordinates":[19.84983,41.324395]},"properties":{"name":"Depo Ujit B","lines":"10A","arr":["10A"],"terminus":1,"mode":"bus","color":"#0059a9","colorDark":"#00294f","angle":91.8,"snapDist":4,"label":1}},{"type":"Feature","geometry":{"type":"Point","coordinates":[19.848859,41.327546]},"properties":{"name":"Pal Engjelli","lines":"10A","arr":["10A"],"terminus":0,"mode":"bus","color":"#0059a9","colorDark":"#00294f","angle":60.4,"snapDist":4,"label":1}},{"type":"Feature","geometry":{"type":"Point","coordinates":[19.847173,41.328433]},"properties":{"name":"Teki Tartari","lines":"10A","arr":["10A"],"terminus":0,"mode":"bus","color":"#0059a9","colorDark":"#00294f","angle":13.3,"snapDist":7,"label":1}},{"type":"Feature","geometry":{"type":"Point","coordinates":[19.845238,41.329832]},"properties":{"name":"Ura","lines":"10A","arr":["10A"],"terminus":0,"mode":"bus","color":"#0059a9","colorDark":"#00294f","angle":81.1,"snapDist":4,"label":1}},{"type":"Feature","geometry":{"type":"Point","coordinates":[19.844503,41.331459]},"properties":{"name":"Pasho Hysa","lines":"10A","arr":["10A"],"terminus":0,"mode":"bus","color":"#0059a9","colorDark":"#00294f","angle":140.9,"snapDist":8,"label":1}},{"type":"Feature","geometry":{"type":"Point","coordinates":[19.843448,41.333034]},"properties":{"name":"Selman Riza","lines":"10A, 10C","arr":["10A","10C"],"terminus":0,"mode":"bus","color":"#0059a9","colorDark":"#00294f","angle":343,"snapDist":7,"label":1}},{"type":"Feature","geometry":{"type":"Point","coordinates":[19.84059,41.333217]},"properties":{"name":"Odhise Grillo","lines":"10A, 10C","arr":["10A","10C"],"terminus":0,"mode":"bus","color":"#0059a9","colorDark":"#00294f","angle":0.2,"snapDist":4,"label":1}},{"type":"Feature","geometry":{"type":"Point","coordinates":[19.83683,41.331738]},"properties":{"name":"Materniteti Ri","lines":"10A, 10C","arr":["10A","10C"],"terminus":0,"mode":"bus","color":"#0059a9","colorDark":"#00294f","angle":331.6,"snapDist":9,"label":1}},{"type":"Feature","geometry":{"type":"Point","coordinates":[19.832313,41.32931]},"properties":{"name":"Ministria Shëndetësisë","lines":"10A, 10C, 16B","arr":["10A","10C","16B"],"terminus":0,"mode":"bus","color":"#0059a9","colorDark":"#00294f","angle":150.8,"snapDist":6,"label":1}},{"type":"Feature","geometry":{"type":"Point","coordinates":[19.83769,41.3316]},"properties":{"name":"Materniteti Ri","lines":"10A, 10C","arr":["10A","10C"],"terminus":0,"mode":"bus","color":"#0059a9","colorDark":"#00294f","angle":150.3,"snapDist":3,"label":0}},{"type":"Feature","geometry":{"type":"Point","coordinates":[19.840999,41.332731]},"properties":{"name":"Marketi","lines":"10A, 10C","arr":["10A","10C"],"terminus":0,"mode":"bus","color":"#0059a9","colorDark":"#00294f","angle":188.6,"snapDist":4,"label":1}},{"type":"Feature","geometry":{"type":"Point","coordinates":[19.843853,41.332683]},"properties":{"name":"Sabri Koci","lines":"10A, 10C","arr":["10A","10C"],"terminus":0,"mode":"bus","color":"#0059a9","colorDark":"#00294f","angle":155.3,"snapDist":4,"label":1}},{"type":"Feature","geometry":{"type":"Point","coordinates":[19.84484,41.331665]},"properties":{"name":"Dhimiter Kamarda","lines":"10A","arr":["10A"],"terminus":0,"mode":"bus","color":"#0059a9","colorDark":"#00294f","angle":320.9,"snapDist":6,"label":1}},{"type":"Feature","geometry":{"type":"Point","coordinates":[19.845243,41.32981]},"properties":{"name":"Ura","lines":"10A","arr":["10A"],"terminus":0,"mode":"bus","color":"#0059a9","colorDark":"#00294f","angle":261.1,"snapDist":6,"label":0}},{"type":"Feature","geometry":{"type":"Point","coordinates":[19.847396,41.328373]},"properties":{"name":"Teki Tartari","lines":"10A","arr":["10A"],"terminus":0,"mode":"bus","color":"#0059a9","colorDark":"#00294f","angle":222.6,"snapDist":8,"label":0}},{"type":"Feature","geometry":{"type":"Point","coordinates":[19.848849,41.327559]},"properties":{"name":"Pal Engjelli","lines":"10A","arr":["10A"],"terminus":0,"mode":"bus","color":"#0059a9","colorDark":"#00294f","angle":240.4,"snapDist":4,"label":0}},{"type":"Feature","geometry":{"type":"Point","coordinates":[19.85477,41.320644]},"properties":{"name":"Çollakët","lines":"10B","arr":["10B"],"terminus":1,"mode":"bus","color":"#0059a9","colorDark":"#00294f","angle":17.3,"snapDist":4,"label":1}},{"type":"Feature","geometry":{"type":"Point","coordinates":[19.840028,41.322014]},"properties":{"name":"Abedin Pashë Dino","lines":"10B","arr":["10B"],"terminus":0,"mode":"bus","color":"#0059a9","colorDark":"#00294f","angle":16,"snapDist":7,"label":1}},{"type":"Feature","geometry":{"type":"Point","coordinates":[19.837263,41.323405]},"properties":{"name":"Ali Visha","lines":"10B","arr":["10B"],"terminus":0,"mode":"bus","color":"#0059a9","colorDark":"#00294f","angle":68.5,"snapDist":4,"label":1}},{"type":"Feature","geometry":{"type":"Point","coordinates":[19.835191,41.324078]},"properties":{"name":"Mihal Grameno","lines":"10B","arr":["10B"],"terminus":0,"mode":"bus","color":"#0059a9","colorDark":"#00294f","angle":38.3,"snapDist":5,"label":1}},{"type":"Feature","geometry":{"type":"Point","coordinates":[19.833164,41.325649]},"properties":{"name":"Tregu Elektrik","lines":"10B","arr":["10B"],"terminus":0,"mode":"bus","color":"#0059a9","colorDark":"#00294f","angle":99.4,"snapDist":6,"label":1}},{"type":"Feature","geometry":{"type":"Point","coordinates":[19.830003,41.325654]},"properties":{"name":"Njësia 2","lines":"10B","arr":["10B"],"terminus":0,"mode":"bus","color":"#0059a9","colorDark":"#00294f","angle":342.4,"snapDist":6,"label":1}},{"type":"Feature","geometry":{"type":"Point","coordinates":[19.827035,41.325377]},"properties":{"name":"Shkolla Baletit","lines":"10B","arr":["10B"],"terminus":0,"mode":"bus","color":"#0059a9","colorDark":"#00294f","angle":6.2,"snapDist":5,"label":0}},{"type":"Feature","geometry":{"type":"Point","coordinates":[19.829902,41.325631]},"properties":{"name":"Njësia 2","lines":"10B","arr":["10B"],"terminus":0,"mode":"bus","color":"#0059a9","colorDark":"#00294f","angle":163.1,"snapDist":4,"label":0}},{"type":"Feature","geometry":{"type":"Point","coordinates":[19.833082,41.325792]},"properties":{"name":"Tregu Elektrik","lines":"10B","arr":["10B"],"terminus":0,"mode":"bus","color":"#0059a9","colorDark":"#00294f","angle":205,"snapDist":6,"label":0}},{"type":"Feature","geometry":{"type":"Point","coordinates":[19.834947,41.324247]},"properties":{"name":"Mihal Grameno","lines":"10B","arr":["10B"],"terminus":0,"mode":"bus","color":"#0059a9","colorDark":"#00294f","angle":228.1,"snapDist":7,"label":0}},{"type":"Feature","geometry":{"type":"Point","coordinates":[19.840182,41.321985]},"properties":{"name":"Abedin Pashë Dino","lines":"10B","arr":["10B"],"terminus":0,"mode":"bus","color":"#0059a9","colorDark":"#00294f","angle":192.9,"snapDist":4,"label":0}},{"type":"Feature","geometry":{"type":"Point","coordinates":[19.853402,41.321024]},"properties":{"name":"Binak Alia","lines":"10B","arr":["10B"],"terminus":0,"mode":"bus","color":"#0059a9","colorDark":"#00294f","angle":203.9,"snapDist":13,"label":0}},{"type":"Feature","geometry":{"type":"Point","coordinates":[19.84836,41.334355]},"properties":{"name":"Shkozë","lines":"10C","arr":["10C"],"terminus":1,"mode":"bus","color":"#0059a9","colorDark":"#00294f","angle":353.8,"snapDist":9,"label":1}},{"type":"Feature","geometry":{"type":"Point","coordinates":[19.800644,41.328161]},"properties":{"name":"Zjarrfikësja","lines":"10C","arr":["10C"],"terminus":0,"mode":"bus","color":"#0059a9","colorDark":"#00294f","angle":6.7,"snapDist":3,"label":1}},{"type":"Feature","geometry":{"type":"Point","coordinates":[19.800505,41.329338]},"properties":{"name":"Konviktet","lines":"10C","arr":["10C"],"terminus":0,"mode":"bus","color":"#0059a9","colorDark":"#00294f","angle":91.8,"snapDist":6,"label":1}},{"type":"Feature","geometry":{"type":"Point","coordinates":[19.797428,41.330193]},"properties":{"name":"Fusha Aviacionit","lines":"10C","arr":["10C"],"terminus":0,"mode":"bus","color":"#0059a9","colorDark":"#00294f","angle":45.1,"snapDist":3,"label":1}},{"type":"Feature","geometry":{"type":"Point","coordinates":[19.794509,41.331435]},"properties":{"name":"Helikopterët","lines":"10C","arr":["10C"],"terminus":0,"mode":"bus","color":"#0059a9","colorDark":"#00294f","angle":37.2,"snapDist":3,"label":1}},{"type":"Feature","geometry":{"type":"Point","coordinates":[19.791179,41.3333]},"properties":{"name":"Simon Gjoni","lines":"10C","arr":["10C"],"terminus":0,"mode":"bus","color":"#0059a9","colorDark":"#00294f","angle":38,"snapDist":2,"label":1}},{"type":"Feature","geometry":{"type":"Point","coordinates":[19.787651,41.335396]},"properties":{"name":"Dhora Leka","lines":"10C","arr":["10C"],"terminus":1,"mode":"bus","color":"#0059a9","colorDark":"#00294f","angle":328.9,"snapDist":5,"label":1}},{"type":"Feature","geometry":{"type":"Point","coordinates":[19.791243,41.333263]},"properties":{"name":"Simon Gjoni","lines":"10C","arr":["10C"],"terminus":0,"mode":"bus","color":"#0059a9","colorDark":"#00294f","angle":216.3,"snapDist":5,"label":0}},{"type":"Feature","geometry":{"type":"Point","coordinates":[19.794541,41.331417]},"properties":{"name":"Helikopterët","lines":"10C","arr":["10C"],"terminus":0,"mode":"bus","color":"#0059a9","colorDark":"#00294f","angle":217.2,"snapDist":5,"label":0}},{"type":"Feature","geometry":{"type":"Point","coordinates":[19.797351,41.330047]},"properties":{"name":"Fusha Aviacionit","lines":"10C","arr":["10C"],"terminus":0,"mode":"bus","color":"#0059a9","colorDark":"#00294f","angle":206.2,"snapDist":5,"label":0}},{"type":"Feature","geometry":{"type":"Point","coordinates":[19.800504,41.329319]},"properties":{"name":"Konviktet","lines":"10C","arr":["10C"],"terminus":0,"mode":"bus","color":"#0059a9","colorDark":"#00294f","angle":271.8,"snapDist":3,"label":0}},{"type":"Feature","geometry":{"type":"Point","coordinates":[19.80052,41.328172]},"properties":{"name":"Zjarrfikësja","lines":"10C","arr":["10C"],"terminus":0,"mode":"bus","color":"#0059a9","colorDark":"#00294f","angle":186.7,"snapDist":4,"label":0}},{"type":"Feature","geometry":{"type":"Point","coordinates":[19.802696,41.327451]},"properties":{"name":"Inxhinieria","lines":"10C, 16B","arr":["10C","16B"],"terminus":0,"mode":"bus","color":"#0059a9","colorDark":"#00294f","angle":252.4,"snapDist":7,"label":1}},{"type":"Feature","geometry":{"type":"Point","coordinates":[19.867336,41.350504]},"properties":{"name":"Thesari","lines":"11","arr":["11"],"terminus":1,"mode":"bus","color":"#0059a9","colorDark":"#00294f","angle":79.2,"snapDist":6,"label":1}},{"type":"Feature","geometry":{"type":"Point","coordinates":[19.864631,41.350674]},"properties":{"name":"17 Shkurti","lines":"11","arr":["11"],"terminus":0,"mode":"bus","color":"#0059a9","colorDark":"#00294f","angle":340.1,"snapDist":6,"label":1}},{"type":"Feature","geometry":{"type":"Point","coordinates":[19.859381,41.349354]},"properties":{"name":"Aziz Deliu","lines":"11","arr":["11"],"terminus":0,"mode":"bus","color":"#0059a9","colorDark":"#00294f","angle":339.8,"snapDist":5,"label":1}},{"type":"Feature","geometry":{"type":"Point","coordinates":[19.857724,41.348417]},"properties":{"name":"Thoma Filipeu","lines":"11","arr":["11"],"terminus":0,"mode":"bus","color":"#0059a9","colorDark":"#00294f","angle":281.1,"snapDist":4,"label":1}},{"type":"Feature","geometry":{"type":"Point","coordinates":[19.85629,41.347511]},"properties":{"name":"Fizika Bërthamore","lines":"11","arr":["11"],"terminus":0,"mode":"bus","color":"#0059a9","colorDark":"#00294f","angle":327.3,"snapDist":5,"label":1}},{"type":"Feature","geometry":{"type":"Point","coordinates":[19.855217,41.346206]},"properties":{"name":"Fresku","lines":"11","arr":["11"],"terminus":0,"mode":"bus","color":"#0059a9","colorDark":"#00294f","angle":354.8,"snapDist":3,"label":1}},{"type":"Feature","geometry":{"type":"Point","coordinates":[19.850222,41.344878]},"properties":{"name":"IKV","lines":"11","arr":["11"],"terminus":0,"mode":"bus","color":"#0059a9","colorDark":"#00294f","angle":325.5,"snapDist":6,"label":1}},{"type":"Feature","geometry":{"type":"Point","coordinates":[19.845808,41.342063]},"properties":{"name":"Artistike Migjeni","lines":"11","arr":["11"],"terminus":0,"mode":"bus","color":"#0059a9","colorDark":"#00294f","angle":310.6,"snapDist":4,"label":1}},{"type":"Feature","geometry":{"type":"Point","coordinates":[19.842116,41.338816]},"properties":{"name":"Varri Bamit","lines":"11","arr":["11"],"terminus":0,"mode":"bus","color":"#0059a9","colorDark":"#00294f","angle":309.3,"snapDist":7,"label":1}},{"type":"Feature","geometry":{"type":"Point","coordinates":[19.838054,41.335793]},"properties":{"name":"Xhamlliku","lines":"11","arr":["11"],"terminus":0,"mode":"bus","color":"#0059a9","colorDark":"#00294f","angle":323.4,"snapDist":10,"label":1}},{"type":"Feature","geometry":{"type":"Point","coordinates":[19.832781,41.33332]},"properties":{"name":"Hoxha Tahsim","lines":"11","arr":["11"],"terminus":0,"mode":"bus","color":"#0059a9","colorDark":"#00294f","angle":327.6,"snapDist":4,"label":1}},{"type":"Feature","geometry":{"type":"Point","coordinates":[19.829215,41.331538]},"properties":{"name":"Optika","lines":"11","arr":["11"],"terminus":0,"mode":"bus","color":"#0059a9","colorDark":"#00294f","angle":325.3,"snapDist":7,"label":1}},{"type":"Feature","geometry":{"type":"Point","coordinates":[19.82389,41.329009]},"properties":{"name":"Pazari i Ri","lines":"11","arr":["11"],"terminus":0,"mode":"bus","color":"#0059a9","colorDark":"#00294f","angle":345.1,"snapDist":9,"label":1}},{"type":"Feature","geometry":{"type":"Point","coordinates":[19.824459,41.329114]},"properties":{"name":"Pazari i Ri","lines":"11","arr":["11"],"terminus":0,"mode":"bus","color":"#0059a9","colorDark":"#00294f","angle":169.4,"snapDist":6,"label":0}},{"type":"Feature","geometry":{"type":"Point","coordinates":[19.829428,41.331642]},"properties":{"name":"Optika","lines":"11","arr":["11"],"terminus":0,"mode":"bus","color":"#0059a9","colorDark":"#00294f","angle":147.1,"snapDist":6,"label":0}},{"type":"Feature","geometry":{"type":"Point","coordinates":[19.833106,41.333475]},"properties":{"name":"Hoxha Tahsim","lines":"11","arr":["11"],"terminus":0,"mode":"bus","color":"#0059a9","colorDark":"#00294f","angle":148,"snapDist":6,"label":0}},{"type":"Feature","geometry":{"type":"Point","coordinates":[19.838152,41.335848]},"properties":{"name":"Xhamlliku","lines":"11","arr":["11"],"terminus":0,"mode":"bus","color":"#0059a9","colorDark":"#00294f","angle":142.5,"snapDist":7,"label":0}},{"type":"Feature","geometry":{"type":"Point","coordinates":[19.841384,41.338147]},"properties":{"name":"Varri Bamit","lines":"11","arr":["11"],"terminus":0,"mode":"bus","color":"#0059a9","colorDark":"#00294f","angle":128.9,"snapDist":11,"label":0}},{"type":"Feature","geometry":{"type":"Point","coordinates":[19.843079,41.339649]},"properties":{"name":"Oxhaku","lines":"11","arr":["11"],"terminus":0,"mode":"bus","color":"#0059a9","colorDark":"#00294f","angle":130.4,"snapDist":8,"label":1}},{"type":"Feature","geometry":{"type":"Point","coordinates":[19.845962,41.342199]},"properties":{"name":"Artistike Migjeni","lines":"11","arr":["11"],"terminus":0,"mode":"bus","color":"#0059a9","colorDark":"#00294f","angle":130.3,"snapDist":3,"label":0}},{"type":"Feature","geometry":{"type":"Point","coordinates":[19.850362,41.34495]},"properties":{"name":"IKV","lines":"11","arr":["11"],"terminus":0,"mode":"bus","color":"#0059a9","colorDark":"#00294f","angle":145.5,"snapDist":8,"label":0}},{"type":"Feature","geometry":{"type":"Point","coordinates":[19.855217,41.346206]},"properties":{"name":"Fresku","lines":"11","arr":["11"],"terminus":0,"mode":"bus","color":"#0059a9","colorDark":"#00294f","angle":174.8,"snapDist":4,"label":0}},{"type":"Feature","geometry":{"type":"Point","coordinates":[19.858728,41.346853]},"properties":{"name":"Qendra Shëndetësore","lines":"11","arr":["11"],"terminus":0,"mode":"bus","color":"#0059a9","colorDark":"#00294f","angle":112.6,"snapDist":4,"label":1}},{"type":"Feature","geometry":{"type":"Point","coordinates":[19.862072,41.348544]},"properties":{"name":"Kabina Elektrike","lines":"11","arr":["11"],"terminus":0,"mode":"bus","color":"#0059a9","colorDark":"#00294f","angle":158.5,"snapDist":5,"label":1}},{"type":"Feature","geometry":{"type":"Point","coordinates":[19.863149,41.348901]},"properties":{"name":"Hysen Bastari","lines":"11","arr":["11"],"terminus":0,"mode":"bus","color":"#0059a9","colorDark":"#00294f","angle":154.6,"snapDist":4,"label":1}},{"type":"Feature","geometry":{"type":"Point","coordinates":[19.86536,41.34953]},"properties":{"name":"Stacioni i Shkollës së Re","lines":"11","arr":["11"],"terminus":0,"mode":"bus","color":"#0059a9","colorDark":"#00294f","angle":160,"snapDist":6,"label":1}},{"type":"Feature","geometry":{"type":"Point","coordinates":[19.808742,41.347851]},"properties":{"name":"Ura e Paskuqanit","lines":"12A","arr":["12A"],"terminus":0,"mode":"bus","color":"#0059a9","colorDark":"#00294f","angle":179.3,"snapDist":4,"label":1}},{"type":"Feature","geometry":{"type":"Point","coordinates":[19.81167,41.347773]},"properties":{"name":"Asllan Lala","lines":"12A","arr":["12A"],"terminus":0,"mode":"bus","color":"#0059a9","colorDark":"#00294f","angle":166.6,"snapDist":4,"label":1}},{"type":"Feature","geometry":{"type":"Point","coordinates":[19.814403,41.345908]},"properties":{"name":"Nënstacioni Elektrik","lines":"12A","arr":["12A"],"terminus":0,"mode":"bus","color":"#0059a9","colorDark":"#00294f","angle":248,"snapDist":5,"label":1}},{"type":"Feature","geometry":{"type":"Point","coordinates":[19.81621,41.342516]},"properties":{"name":"Rruga Besa","lines":"12A","arr":["12A"],"terminus":0,"mode":"bus","color":"#0059a9","colorDark":"#00294f","angle":248.1,"snapDist":7,"label":1}},{"type":"Feature","geometry":{"type":"Point","coordinates":[19.817465,41.340637]},"properties":{"name":"Frigoriferi","lines":"12A","arr":["12A"],"terminus":0,"mode":"bus","color":"#0059a9","colorDark":"#00294f","angle":241.9,"snapDist":6,"label":1}},{"type":"Feature","geometry":{"type":"Point","coordinates":[19.818997,41.338337]},"properties":{"name":"Siri Kodra","lines":"12A","arr":["12A"],"terminus":0,"mode":"bus","color":"#0059a9","colorDark":"#00294f","angle":240.4,"snapDist":4,"label":1}},{"type":"Feature","geometry":{"type":"Point","coordinates":[19.782574,41.319391]},"properties":{"name":"Kthesa Yzberisht","lines":"12A, 12B, 15A, 15B","arr":["12A","12B","15A","15B"],"terminus":0,"mode":"bus","color":"#0059a9","colorDark":"#00294f","angle":337.6,"snapDist":4,"label":0}},{"type":"Feature","geometry":{"type":"Point","coordinates":[19.777288,41.317764]},"properties":{"name":"UKT","lines":"12A, 12B, 15A, 15B","arr":["12A","12B","15A","15B"],"terminus":0,"mode":"bus","color":"#0059a9","colorDark":"#00294f","angle":337.9,"snapDist":4,"label":1}},{"type":"Feature","geometry":{"type":"Point","coordinates":[19.771504,41.315725]},"properties":{"name":"Mapo","lines":"12A, 12B, 15A, 15B","arr":["12A","12B","15A","15B"],"terminus":0,"mode":"bus","color":"#0059a9","colorDark":"#00294f","angle":332,"snapDist":7,"label":1}},{"type":"Feature","geometry":{"type":"Point","coordinates":[19.76764,41.314165]},"properties":{"name":"Kombinat","lines":"12A, 12B","arr":["12A","12B"],"terminus":0,"mode":"bus","color":"#0059a9","colorDark":"#00294f","angle":331.7,"snapDist":5,"label":0}},{"type":"Feature","geometry":{"type":"Point","coordinates":[19.762001,41.311877]},"properties":{"name":"Komisariati 6","lines":"12A, 12B","arr":["12A","12B"],"terminus":0,"mode":"bus","color":"#0059a9","colorDark":"#00294f","angle":330.8,"snapDist":8,"label":1}},{"type":"Feature","geometry":{"type":"Point","coordinates":[19.759611,41.310456]},"properties":{"name":"Varrezat Sharrë","lines":"12A, 12B","arr":["12A","12B"],"terminus":0,"mode":"bus","color":"#0059a9","colorDark":"#00294f","angle":307.4,"snapDist":6,"label":1}},{"type":"Feature","geometry":{"type":"Point","coordinates":[19.757301,41.306625]},"properties":{"name":"Kthesa Sharrë","lines":"12A, 12B","arr":["12A","12B"],"terminus":0,"mode":"bus","color":"#0059a9","colorDark":"#00294f","angle":316.2,"snapDist":9,"label":1}},{"type":"Feature","geometry":{"type":"Point","coordinates":[19.75453,41.305631]},"properties":{"name":"Prush","lines":"12A, 12B","arr":["12A","12B"],"terminus":0,"mode":"bus","color":"#0059a9","colorDark":"#00294f","angle":337.7,"snapDist":7,"label":1}},{"type":"Feature","geometry":{"type":"Point","coordinates":[19.750731,41.30486]},"properties":{"name":"Fabrika Tullave","lines":"12A, 12B","arr":["12A","12B"],"terminus":0,"mode":"bus","color":"#0059a9","colorDark":"#00294f","angle":345,"snapDist":5,"label":1}},{"type":"Feature","geometry":{"type":"Point","coordinates":[19.745329,41.303334]},"properties":{"name":"Karburanti","lines":"12A, 12B","arr":["12A","12B"],"terminus":1,"mode":"bus","color":"#0059a9","colorDark":"#00294f","angle":142.9,"snapDist":10,"label":1}},{"type":"Feature","geometry":{"type":"Point","coordinates":[19.750761,41.304866]},"properties":{"name":"Fabrika Tullave","lines":"12A, 12B","arr":["12A","12B"],"terminus":0,"mode":"bus","color":"#0059a9","colorDark":"#00294f","angle":165,"snapDist":6,"label":0}},{"type":"Feature","geometry":{"type":"Point","coordinates":[19.754586,41.305648]},"properties":{"name":"Prush","lines":"12A, 12B","arr":["12A","12B"],"terminus":0,"mode":"bus","color":"#0059a9","colorDark":"#00294f","angle":157.7,"snapDist":6,"label":0}},{"type":"Feature","geometry":{"type":"Point","coordinates":[19.757319,41.306639]},"properties":{"name":"Kthesa Sharrë","lines":"12A, 12B","arr":["12A","12B"],"terminus":0,"mode":"bus","color":"#0059a9","colorDark":"#00294f","angle":136.2,"snapDist":6,"label":0}},{"type":"Feature","geometry":{"type":"Point","coordinates":[19.759733,41.310575]},"properties":{"name":"Varrezat Sharrë","lines":"12A, 12B","arr":["12A","12B"],"terminus":0,"mode":"bus","color":"#0059a9","colorDark":"#00294f","angle":128.5,"snapDist":6,"label":0}},{"type":"Feature","geometry":{"type":"Point","coordinates":[19.762894,41.312244]},"properties":{"name":"Komisariati 6","lines":"12A, 12B","arr":["12A","12B"],"terminus":0,"mode":"bus","color":"#0059a9","colorDark":"#00294f","angle":151.6,"snapDist":5,"label":0}},{"type":"Feature","geometry":{"type":"Point","coordinates":[19.768009,41.314314]},"properties":{"name":"Kombinat","lines":"12A, 12B, 15A, 15B","arr":["12A","12B","15A","15B"],"terminus":1,"mode":"bus","color":"#0059a9","colorDark":"#00294f","angle":151.7,"snapDist":6,"label":1}},{"type":"Feature","geometry":{"type":"Point","coordinates":[19.771715,41.31581]},"properties":{"name":"Mapo","lines":"12A, 12B, 15A, 15B","arr":["12A","12B","15A","15B"],"terminus":0,"mode":"bus","color":"#0059a9","colorDark":"#00294f","angle":151.6,"snapDist":6,"label":0}},{"type":"Feature","geometry":{"type":"Point","coordinates":[19.777218,41.317669]},"properties":{"name":"UKT","lines":"12A, 12B, 15A, 15B","arr":["12A","12B","15A","15B"],"terminus":0,"mode":"bus","color":"#0059a9","colorDark":"#00294f","angle":157.7,"snapDist":1,"label":0}},{"type":"Feature","geometry":{"type":"Point","coordinates":[19.781399,41.318975]},"properties":{"name":"Misto Mame","lines":"12A, 12B, 15A, 15B","arr":["12A","12B","15A","15B"],"terminus":0,"mode":"bus","color":"#0059a9","colorDark":"#00294f","angle":156.6,"snapDist":4,"label":1}},{"type":"Feature","geometry":{"type":"Point","coordinates":[19.819579,41.337663]},"properties":{"name":"Siri Kodra","lines":"12A","arr":["12A"],"terminus":0,"mode":"bus","color":"#0059a9","colorDark":"#00294f","angle":58.2,"snapDist":5,"label":0}},{"type":"Feature","geometry":{"type":"Point","coordinates":[19.817379,41.340755]},"properties":{"name":"Frigoriferi","lines":"12A","arr":["12A"],"terminus":0,"mode":"bus","color":"#0059a9","colorDark":"#00294f","angle":61,"snapDist":4,"label":0}},{"type":"Feature","geometry":{"type":"Point","coordinates":[19.816217,41.342504]},"properties":{"name":"Rruga Besa","lines":"12A","arr":["12A"],"terminus":0,"mode":"bus","color":"#0059a9","colorDark":"#00294f","angle":68.1,"snapDist":3,"label":0}},{"type":"Feature","geometry":{"type":"Point","coordinates":[19.814506,41.345717]},"properties":{"name":"Nënstacioni Elektrik","lines":"12A","arr":["12A"],"terminus":0,"mode":"bus","color":"#0059a9","colorDark":"#00294f","angle":66.2,"snapDist":6,"label":0}},{"type":"Feature","geometry":{"type":"Point","coordinates":[19.808788,41.34492]},"properties":{"name":"Filip Jano","lines":"12A","arr":["12A"],"terminus":0,"mode":"bus","color":"#0059a9","colorDark":"#00294f","angle":337.3,"snapDist":9,"label":1}},{"type":"Feature","geometry":{"type":"Point","coordinates":[19.82382,41.348999]},"properties":{"name":"5 Maji","lines":"12B","arr":["12B"],"terminus":1,"mode":"bus","color":"#0059a9","colorDark":"#00294f","angle":255.7,"snapDist":4,"label":1}},{"type":"Feature","geometry":{"type":"Point","coordinates":[19.825305,41.344668]},"properties":{"name":"Besim Fagu","lines":"12B","arr":["12B"],"terminus":0,"mode":"bus","color":"#0059a9","colorDark":"#00294f","angle":258,"snapDist":5,"label":1}},{"type":"Feature","geometry":{"type":"Point","coordinates":[19.826063,41.341804]},"properties":{"name":"Emerald Center","lines":"12B","arr":["12B"],"terminus":0,"mode":"bus","color":"#0059a9","colorDark":"#00294f","angle":257.4,"snapDist":5,"label":1}},{"type":"Feature","geometry":{"type":"Point","coordinates":[19.825944,41.342206]},"properties":{"name":"Emerald Center","lines":"12B","arr":["12B"],"terminus":0,"mode":"bus","color":"#0059a9","colorDark":"#00294f","angle":77.5,"snapDist":5,"label":0}},{"type":"Feature","geometry":{"type":"Point","coordinates":[19.825181,41.345084]},"properties":{"name":"Besim Fagu","lines":"12B","arr":["12B"],"terminus":0,"mode":"bus","color":"#0059a9","colorDark":"#00294f","angle":75.4,"snapDist":5,"label":0}},{"type":"Feature","geometry":{"type":"Point","coordinates":[19.808526,41.318843]},"properties":{"name":"Stadiumi Dinamo","lines":"13A","arr":["13A"],"terminus":0,"mode":"bus","color":"#0059a9","colorDark":"#00294f","angle":33.2,"snapDist":6,"label":0}},{"type":"Feature","geometry":{"type":"Point","coordinates":[19.804632,41.32165]},"properties":{"name":"Vasil Shanto","lines":"13A","arr":["13A"],"terminus":0,"mode":"bus","color":"#0059a9","colorDark":"#00294f","angle":348.6,"snapDist":6,"label":1}},{"type":"Feature","geometry":{"type":"Point","coordinates":[19.798609,41.320696]},"properties":{"name":"Selitë","lines":"13A","arr":["13A"],"terminus":0,"mode":"bus","color":"#0059a9","colorDark":"#00294f","angle":345.7,"snapDist":6,"label":1}},{"type":"Feature","geometry":{"type":"Point","coordinates":[19.792751,41.321834]},"properties":{"name":"Pallati me Shigjeta","lines":"13A","arr":["13A"],"terminus":0,"mode":"bus","color":"#0059a9","colorDark":"#00294f","angle":50.3,"snapDist":5,"label":1}},{"type":"Feature","geometry":{"type":"Point","coordinates":[19.788682,41.324004]},"properties":{"name":"Teodor Keko","lines":"13A","arr":["13A"],"terminus":0,"mode":"bus","color":"#0059a9","colorDark":"#00294f","angle":58.7,"snapDist":7,"label":1}},{"type":"Feature","geometry":{"type":"Point","coordinates":[19.787148,41.326222]},"properties":{"name":"Kristaq Dollaku","lines":"13A","arr":["13A"],"terminus":0,"mode":"bus","color":"#0059a9","colorDark":"#00294f","angle":66.5,"snapDist":9,"label":1}},{"type":"Feature","geometry":{"type":"Point","coordinates":[19.786727,41.326146]},"properties":{"name":"Kristaq Dollaku","lines":"13B","arr":["13B"],"terminus":0,"mode":"bus","color":"#0059a9","colorDark":"#00294f","angle":248.4,"snapDist":4,"label":0}},{"type":"Feature","geometry":{"type":"Point","coordinates":[19.788723,41.322783]},"properties":{"name":"Teodor Keko","lines":"13B","arr":["13B"],"terminus":0,"mode":"bus","color":"#0059a9","colorDark":"#00294f","angle":231.8,"snapDist":2,"label":0}},{"type":"Feature","geometry":{"type":"Point","coordinates":[19.793554,41.320952]},"properties":{"name":"Pallati me Shigjeta","lines":"13B","arr":["13B"],"terminus":0,"mode":"bus","color":"#0059a9","colorDark":"#00294f","angle":204.3,"snapDist":6,"label":0}},{"type":"Feature","geometry":{"type":"Point","coordinates":[19.799802,41.320422]},"properties":{"name":"Selitë","lines":"13B","arr":["13B"],"terminus":0,"mode":"bus","color":"#0059a9","colorDark":"#00294f","angle":168,"snapDist":5,"label":0}},{"type":"Feature","geometry":{"type":"Point","coordinates":[19.805621,41.320703]},"properties":{"name":"Vasil Shanto","lines":"13B","arr":["13B"],"terminus":0,"mode":"bus","color":"#0059a9","colorDark":"#00294f","angle":252.1,"snapDist":6,"label":0}},{"type":"Feature","geometry":{"type":"Point","coordinates":[19.808385,41.318804]},"properties":{"name":"Komuna Parisit","lines":"13B","arr":["13B"],"terminus":0,"mode":"bus","color":"#0059a9","colorDark":"#00294f","angle":213.3,"snapDist":4,"label":0}},{"type":"Feature","geometry":{"type":"Point","coordinates":[19.813411,41.318162]},"properties":{"name":"Posta 8","lines":"13B","arr":["13B"],"terminus":0,"mode":"bus","color":"#0059a9","colorDark":"#00294f","angle":168.1,"snapDist":3,"label":0}},{"type":"Feature","geometry":{"type":"Point","coordinates":[19.810837,41.335092]},"properties":{"name":"Harry Fultz","lines":"13B, 16B","arr":["13B","16B"],"terminus":0,"mode":"bus","color":"#0059a9","colorDark":"#00294f","angle":347.5,"snapDist":6,"label":0}},{"type":"Feature","geometry":{"type":"Point","coordinates":[19.807846,41.334595]},"properties":{"name":"Don Bosko","lines":"13B, 16B","arr":["13B","16B"],"terminus":0,"mode":"bus","color":"#0059a9","colorDark":"#00294f","angle":347.5,"snapDist":3,"label":0}},{"type":"Feature","geometry":{"type":"Point","coordinates":[19.823017,41.333458]},"properties":{"name":"Selvia","lines":"15A, 15B","arr":["15A","15B"],"terminus":0,"mode":"bus","color":"#0059a9","colorDark":"#00294f","angle":112.2,"snapDist":5,"label":1}},{"type":"Feature","geometry":{"type":"Point","coordinates":[19.826007,41.338258]},"properties":{"name":"Medreseja","lines":"15A, 15B","arr":["15A","15B"],"terminus":0,"mode":"bus","color":"#0059a9","colorDark":"#00294f","angle":141.5,"snapDist":7,"label":1}},{"type":"Feature","geometry":{"type":"Point","coordinates":[19.837281,41.344549]},"properties":{"name":"Shkolla Bashkuar","lines":"15A, 15B","arr":["15A","15B"],"terminus":0,"mode":"bus","color":"#0059a9","colorDark":"#00294f","angle":137,"snapDist":7,"label":0}},{"type":"Feature","geometry":{"type":"Point","coordinates":[19.840605,41.345803]},"properties":{"name":"Rruga Ura","lines":"15A, 15B","arr":["15A","15B"],"terminus":0,"mode":"bus","color":"#0059a9","colorDark":"#00294f","angle":162,"snapDist":6,"label":1}},{"type":"Feature","geometry":{"type":"Point","coordinates":[19.846395,41.346856]},"properties":{"name":"Kinostudio","lines":"15A","arr":["15A"],"terminus":0,"mode":"bus","color":"#0059a9","colorDark":"#00294f","angle":204.7,"snapDist":4,"label":1}},{"type":"Feature","geometry":{"type":"Point","coordinates":[19.850503,41.34543]},"properties":{"name":"Aleksandër Moisiu","lines":"15A","arr":["15A"],"terminus":1,"mode":"bus","color":"#0059a9","colorDark":"#00294f","angle":204.3,"snapDist":4,"label":1}},{"type":"Feature","geometry":{"type":"Point","coordinates":[19.84633,41.346879]},"properties":{"name":"Kinostudio","lines":"15A","arr":["15A"],"terminus":0,"mode":"bus","color":"#0059a9","colorDark":"#00294f","angle":24.7,"snapDist":7,"label":0}},{"type":"Feature","geometry":{"type":"Point","coordinates":[19.840847,41.345926]},"properties":{"name":"Rruga Ura","lines":"15A, 15B","arr":["15A","15B"],"terminus":0,"mode":"bus","color":"#0059a9","colorDark":"#00294f","angle":341.8,"snapDist":4,"label":0}},{"type":"Feature","geometry":{"type":"Point","coordinates":[19.825776,41.338039]},"properties":{"name":"Medreseja","lines":"15A, 15B","arr":["15A","15B"],"terminus":0,"mode":"bus","color":"#0059a9","colorDark":"#00294f","angle":301.4,"snapDist":6,"label":0}},{"type":"Feature","geometry":{"type":"Point","coordinates":[19.822797,41.333061]},"properties":{"name":"Selvia","lines":"15A, 15B","arr":["15A","15B"],"terminus":0,"mode":"bus","color":"#0059a9","colorDark":"#00294f","angle":292.7,"snapDist":4,"label":0}},{"type":"Feature","geometry":{"type":"Point","coordinates":[19.766949,41.314226]},"properties":{"name":"Kombinat","lines":"15A, 15B","arr":["15A","15B"],"terminus":0,"mode":"bus","color":"#0059a9","colorDark":"#00294f","angle":62,"snapDist":7,"label":0}},{"type":"Feature","geometry":{"type":"Point","coordinates":[19.843831,41.350079]},"properties":{"name":"Ura Gjirozës","lines":"15B","arr":["15B"],"terminus":0,"mode":"bus","color":"#0059a9","colorDark":"#00294f","angle":100.1,"snapDist":5,"label":1}},{"type":"Feature","geometry":{"type":"Point","coordinates":[19.845185,41.352203]},"properties":{"name":"Shefqet Kuka","lines":"15B","arr":["15B"],"terminus":0,"mode":"bus","color":"#0059a9","colorDark":"#00294f","angle":116.1,"snapDist":7,"label":1}},{"type":"Feature","geometry":{"type":"Point","coordinates":[19.846658,41.355]},"properties":{"name":"Profarma","lines":"15B","arr":["15B"],"terminus":0,"mode":"bus","color":"#0059a9","colorDark":"#00294f","angle":106.7,"snapDist":4,"label":1}},{"type":"Feature","geometry":{"type":"Point","coordinates":[19.84762,41.357325]},"properties":{"name":"Elez Isufi","lines":"15B","arr":["15B"],"terminus":0,"mode":"bus","color":"#0059a9","colorDark":"#00294f","angle":107.2,"snapDist":3,"label":1}},{"type":"Feature","geometry":{"type":"Point","coordinates":[19.850351,41.359728]},"properties":{"name":"Instituti Ndërtimit","lines":"15B","arr":["15B"],"terminus":0,"mode":"bus","color":"#0059a9","colorDark":"#00294f","angle":141.6,"snapDist":9,"label":1}},{"type":"Feature","geometry":{"type":"Point","coordinates":[19.851859,41.361519]},"properties":{"name":"Varrezat Tufinë","lines":"15B","arr":["15B"],"terminus":0,"mode":"bus","color":"#0059a9","colorDark":"#00294f","angle":104.3,"snapDist":8,"label":1}},{"type":"Feature","geometry":{"type":"Point","coordinates":[19.853967,41.367383]},"properties":{"name":"Xhamia","lines":"15B","arr":["15B"],"terminus":0,"mode":"bus","color":"#0059a9","colorDark":"#00294f","angle":106.9,"snapDist":9,"label":1}},{"type":"Feature","geometry":{"type":"Point","coordinates":[19.854952,41.369879]},"properties":{"name":"Rruga Arbërit","lines":"15B","arr":["15B"],"terminus":1,"mode":"bus","color":"#0059a9","colorDark":"#00294f","angle":106.6,"snapDist":5,"label":1}},{"type":"Feature","geometry":{"type":"Point","coordinates":[19.853835,41.367056]},"properties":{"name":"Xhamia","lines":"15B","arr":["15B"],"terminus":0,"mode":"bus","color":"#0059a9","colorDark":"#00294f","angle":286.9,"snapDist":7,"label":0}},{"type":"Feature","geometry":{"type":"Point","coordinates":[19.851797,41.361519]},"properties":{"name":"Varrezat Tufinë","lines":"15B","arr":["15B"],"terminus":0,"mode":"bus","color":"#0059a9","colorDark":"#00294f","angle":-160.3,"snapDist":8,"label":0}},{"type":"Feature","geometry":{"type":"Point","coordinates":[19.850226,41.359653]},"properties":{"name":"Instituti Ndërtimit","lines":"15B","arr":["15B"],"terminus":0,"mode":"bus","color":"#0059a9","colorDark":"#00294f","angle":320.9,"snapDist":8,"label":0}},{"type":"Feature","geometry":{"type":"Point","coordinates":[19.847587,41.357246]},"properties":{"name":"Elez Isufi","lines":"15B","arr":["15B"],"terminus":0,"mode":"bus","color":"#0059a9","colorDark":"#00294f","angle":287.1,"snapDist":2,"label":0}},{"type":"Feature","geometry":{"type":"Point","coordinates":[19.846655,41.354995]},"properties":{"name":"Profarma","lines":"15B","arr":["15B"],"terminus":0,"mode":"bus","color":"#0059a9","colorDark":"#00294f","angle":286.7,"snapDist":5,"label":0}},{"type":"Feature","geometry":{"type":"Point","coordinates":[19.84524,41.352288]},"properties":{"name":"Shefqet Kuka","lines":"15B","arr":["15B"],"terminus":0,"mode":"bus","color":"#0059a9","colorDark":"#00294f","angle":296.1,"snapDist":3,"label":0}},{"type":"Feature","geometry":{"type":"Point","coordinates":[19.843878,41.350375]},"properties":{"name":"Ura Gjirozës","lines":"15B","arr":["15B"],"terminus":0,"mode":"bus","color":"#0059a9","colorDark":"#00294f","angle":274,"snapDist":1,"label":0}},{"type":"Feature","geometry":{"type":"Point","coordinates":[19.829328,41.339686]},"properties":{"name":"Farmacia 10","lines":"16A","arr":["16A"],"terminus":1,"mode":"bus","color":"#0059a9","colorDark":"#00294f","angle":242.9,"snapDist":5,"label":1}},{"type":"Feature","geometry":{"type":"Point","coordinates":[19.831474,41.336537]},"properties":{"name":"Çajupi","lines":"16A","arr":["16A"],"terminus":0,"mode":"bus","color":"#0059a9","colorDark":"#00294f","angle":243,"snapDist":3,"label":1}},{"type":"Feature","geometry":{"type":"Point","coordinates":[19.832401,41.335175]},"properties":{"name":"Odhise Paskali","lines":"16A","arr":["16A"],"terminus":0,"mode":"bus","color":"#0059a9","colorDark":"#00294f","angle":242.9,"snapDist":4,"label":1}},{"type":"Feature","geometry":{"type":"Point","coordinates":[19.82447,41.325087]},"properties":{"name":"Xhamia Namazgjasë","lines":"16A","arr":["16A"],"terminus":0,"mode":"bus","color":"#0059a9","colorDark":"#00294f","angle":325,"snapDist":6,"label":1}},{"type":"Feature","geometry":{"type":"Point","coordinates":[19.817912,41.32374]},"properties":{"name":"Shallvaret","lines":"16A","arr":["16A"],"terminus":0,"mode":"bus","color":"#0059a9","colorDark":"#00294f","angle":348.1,"snapDist":6,"label":0}},{"type":"Feature","geometry":{"type":"Point","coordinates":[19.812756,41.322926]},"properties":{"name":"Drejtoria Policisë A","lines":"16A","arr":["16A"],"terminus":0,"mode":"bus","color":"#0059a9","colorDark":"#00294f","angle":348.3,"snapDist":4,"label":1}},{"type":"Feature","geometry":{"type":"Point","coordinates":[19.806866,41.321999]},"properties":{"name":"Gjykata","lines":"16A","arr":["16A"],"terminus":0,"mode":"bus","color":"#0059a9","colorDark":"#00294f","angle":348.3,"snapDist":6,"label":1}},{"type":"Feature","geometry":{"type":"Point","coordinates":[19.80385,41.32499]},"properties":{"name":"Sabaudin Gabrani","lines":"16A","arr":["16A"],"terminus":0,"mode":"bus","color":"#0059a9","colorDark":"#00294f","angle":71.7,"snapDist":7,"label":1}},{"type":"Feature","geometry":{"type":"Point","coordinates":[19.802588,41.328613]},"properties":{"name":"Inxhinieria","lines":"16A","arr":["16A"],"terminus":0,"mode":"bus","color":"#0059a9","colorDark":"#00294f","angle":90.9,"snapDist":8,"label":0}},{"type":"Feature","geometry":{"type":"Point","coordinates":[19.804326,41.331917]},"properties":{"name":"Karl Topia","lines":"16A","arr":["16A"],"terminus":0,"mode":"bus","color":"#0059a9","colorDark":"#00294f","angle":109,"snapDist":5,"label":1}},{"type":"Feature","geometry":{"type":"Point","coordinates":[19.829616,41.339469]},"properties":{"name":"Farmacia 10","lines":"16B","arr":["16B"],"terminus":1,"mode":"bus","color":"#0059a9","colorDark":"#00294f","angle":63.3,"snapDist":3,"label":0}},{"type":"Feature","geometry":{"type":"Point","coordinates":[19.804279,41.332191]},"properties":{"name":"Karl Topia","lines":"16B","arr":["16B"],"terminus":0,"mode":"bus","color":"#0059a9","colorDark":"#00294f","angle":269.5,"snapDist":4,"label":0}},{"type":"Feature","geometry":{"type":"Point","coordinates":[19.803737,41.325021]},"properties":{"name":"Sabaudin Gabrani","lines":"16B","arr":["16B"],"terminus":0,"mode":"bus","color":"#0059a9","colorDark":"#00294f","angle":250.6,"snapDist":6,"label":0}},{"type":"Feature","geometry":{"type":"Point","coordinates":[19.806656,41.32151]},"properties":{"name":"Vasil Shanto A","lines":"16B","arr":["16B"],"terminus":0,"mode":"bus","color":"#0059a9","colorDark":"#00294f","angle":168.2,"snapDist":4,"label":1}},{"type":"Feature","geometry":{"type":"Point","coordinates":[19.814701,41.322778]},"properties":{"name":"Kinema Agimi","lines":"16B","arr":["16B"],"terminus":0,"mode":"bus","color":"#0059a9","colorDark":"#00294f","angle":168.1,"snapDist":4,"label":1}},{"type":"Feature","geometry":{"type":"Point","coordinates":[19.81877,41.323422]},"properties":{"name":"Vëllezërit Frashëri","lines":"16B","arr":["16B"],"terminus":0,"mode":"bus","color":"#0059a9","colorDark":"#00294f","angle":168.1,"snapDist":4,"label":1}},{"type":"Feature","geometry":{"type":"Point","coordinates":[19.834293,41.33117]},"properties":{"name":"Brryli","lines":"16B","arr":["16B"],"terminus":0,"mode":"bus","color":"#0059a9","colorDark":"#00294f","angle":78.2,"snapDist":4,"label":0}},{"type":"Feature","geometry":{"type":"Point","coordinates":[19.833113,41.334286]},"properties":{"name":"Odhise Paskali","lines":"16B","arr":["16B"],"terminus":0,"mode":"bus","color":"#0059a9","colorDark":"#00294f","angle":62.7,"snapDist":4,"label":0}},{"type":"Feature","geometry":{"type":"Point","coordinates":[19.830759,41.337743]},"properties":{"name":"Çajupi","lines":"16B","arr":["16B"],"terminus":0,"mode":"bus","color":"#0059a9","colorDark":"#00294f","angle":63.4,"snapDist":5,"label":0}}]}