{"type":"FeatureCollection","features":[{"type":"Feature","geometry":{"type":"LineString","coordinates":[[19.797546,41.31542],[19.797591,41.315331],[19.797653,41.3152],[19.797688,41.315135],[19.797728,41.315081],[19.797784,41.315039],[19.79791,41.31497],[19.79803,41.314923],[19.798104,41.314895],[19.798221,41.314853],[19.798314,41.314822],[19.798572,41.314764],[19.798821,41.314726],[19.798949,41.314714],[19.799025,41.314716]]},"properties":{"name":"Rruga Isuf Elezi"}},{"type":"Feature","geometry":{"type":"LineString","coordinates":[[19.799224,41.314525],[19.799266,41.314472],[19.799384,41.314359],[19.799518,41.314233],[19.799654,41.314118],[19.799788,41.314018],[19.799831,41.313987],[19.79992,41.313933],[19.799972,41.313901],[19.799988,41.313892],[19.800152,41.313807],[19.8003,41.313733],[19.800424,41.313675],[19.800469,41.313654],[19.80048,41.313648],[19.800894,41.313491]]},"properties":{"name":"Rruga Frang Bardhi"}},{"type":"Feature","geometry":{"type":"LineString","coordinates":[[19.800894,41.313491],[19.801017,41.313442],[19.80105,41.313429],[19.801277,41.313339],[19.801366,41.313303],[19.801801,41.31313],[19.802087,41.313015],[19.8027,41.312767],[19.803072,41.312615],[19.803177,41.312576],[19.803255,41.312552],[19.803425,41.312503],[19.803658,41.312444],[19.804138,41.312319],[19.804594,41.312198],[19.80475,41.312156],[19.805174,41.312043],[19.805417,41.311973],[19.80545,41.311963],[19.805535,41.311932],[19.805623,41.3119],[19.805721,41.31187]]},"properties":{"name":"Rruga Shkelqim Fusha"}},{"type":"Feature","geometry":{"type":"LineString","coordinates":[[19.805721,41.31187],[19.805788,41.312017],[19.805797,41.312039],[19.805896,41.312312],[19.805903,41.312329]]},"properties":{"name":"Rruga Kodra e Diellit"}},{"type":"Feature","geometry":{"type":"LineString","coordinates":[[19.800709,41.313963],[19.800564,41.314025],[19.800378,41.314115],[19.800285,41.314172],[19.800193,41.314227],[19.800068,41.314313],[19.799974,41.314383],[19.799861,41.314479],[19.79976,41.314578],[19.799706,41.314633],[19.799611,41.314768]]},"properties":{"name":"Rruga Kodra e Diellit"}},{"type":"Feature","geometry":{"type":"LineString","coordinates":[[19.805903,41.312329],[19.805856,41.312338],[19.805698,41.312368],[19.804983,41.312504],[19.804862,41.312531]]},"properties":{"name":"Rruga Muharrem Butka"}},{"type":"Feature","geometry":{"type":"LineString","coordinates":[[19.804862,41.312531],[19.804801,41.31256],[19.804695,41.3126],[19.804517,41.312652],[19.804418,41.312681],[19.804359,41.312698],[19.804229,41.312734],[19.803813,41.312853],[19.80355,41.312935],[19.803481,41.312959],[19.803428,41.312986],[19.803381,41.313026],[19.803362,41.313067],[19.803352,41.313104],[19.803351,41.313132],[19.803364,41.313184],[19.803381,41.313252],[19.803394,41.313303],[19.80341,41.313359],[19.803451,41.313496],[19.803474,41.31357]]},"properties":{"name":"Rruga Bill Klinton"}},{"type":"Feature","geometry":{"type":"LineString","coordinates":[[19.80535,41.31332],[19.805276,41.313333],[19.804852,41.313409],[19.80463,41.313447],[19.804162,41.313519],[19.80368,41.313591],[19.803643,41.313602],[19.803602,41.313616],[19.803555,41.31362],[19.803474,41.31357],[19.803407,41.313562],[19.803359,41.31356],[19.803251,41.313571],[19.803161,41.313581],[19.802933,41.313605],[19.802843,41.313614],[19.802646,41.313634],[19.802279,41.313678],[19.801904,41.313728],[19.801808,41.313744],[19.801687,41.313764],[19.801484,41.313805],[19.801345,41.313835],[19.801245,41.313858],[19.801048,41.313903]]},"properties":{"name":"Rruga Prokop Mima"}},{"type":"Feature","geometry":{"type":"LineString","coordinates":[[19.80535,41.31332],[19.805376,41.313376],[19.805389,41.313407],[19.805515,41.313716],[19.805614,41.313956],[19.80562,41.313973],[19.805802,41.3144],[19.805836,41.314479],[19.805924,41.314688],[19.805948,41.314744],[19.805973,41.314803],[19.806098,41.315097],[19.806113,41.315133],[19.806262,41.315482],[19.806275,41.315512],[19.806405,41.315818],[19.806443,41.315907],[19.806576,41.316221],[19.80666,41.316419],[19.806694,41.316498],[19.806715,41.316549],[19.806744,41.316615],[19.806785,41.316713],[19.806852,41.316874],[19.80687,41.316913],[19.806884,41.317013],[19.806877,41.317054],[19.806853,41.317095],[19.806821,41.317124],[19.806779,41.31716],[19.806699,41.317235]]},"properties":{"name":"Rruga Medar Shtylla"}},{"type":"Feature","geometry":{"type":"LineString","coordinates":[[19.806764,41.317383],[19.8068,41.317486],[19.806853,41.317609]]},"properties":{"name":"Rruga Medar Shtylla"}},{"type":"Feature","geometry":{"type":"LineString","coordinates":[[19.808057,41.318985],[19.808,41.318919],[19.807922,41.318829],[19.807833,41.318729],[19.807812,41.318704],[19.807743,41.318626],[19.807648,41.318517],[19.807497,41.318344],[19.807273,41.318089],[19.807009,41.317788],[19.806853,41.317609],[19.806729,41.317528],[19.806663,41.317489],[19.806578,41.317452]]},"properties":{"name":"Rruga Medar Shtylla"}},{"type":"Feature","geometry":{"type":"LineString","coordinates":[[19.80812,41.319057],[19.808156,41.319095],[19.808343,41.319319],[19.808553,41.319565],[19.808592,41.31961],[19.808626,41.319648],[19.809005,41.3201],[19.809041,41.320143],[19.809131,41.320247],[19.80933,41.320486],[19.809447,41.320629],[19.809499,41.32069],[19.809635,41.320852],[19.809749,41.320995],[19.809793,41.321074],[19.80982,41.321146],[19.809819,41.32122],[19.80979,41.321359],[19.809867,41.321369],[19.809923,41.321381],[19.809986,41.321399],[19.81004,41.321428],[19.810077,41.321461],[19.810117,41.321505],[19.810169,41.321574],[19.81021,41.321628],[19.810234,41.321688],[19.810254,41.321762],[19.810273,41.321881],[19.810281,41.321966],[19.810285,41.322008],[19.810285,41.322012],[19.810286,41.322043],[19.810285,41.32208]]},"properties":{"name":"Rruga Komuna e Parisit"}},{"type":"Feature","geometry":{"type":"LineString","coordinates":[[19.849377,41.333849],[19.849255,41.333896],[19.849209,41.33391],[19.849165,41.333923],[19.849071,41.333939],[19.848975,41.333945],[19.848617,41.333932],[19.848166,41.33389],[19.846973,41.333778],[19.846353,41.333716],[19.846109,41.333671],[19.845878,41.333619],[19.845538,41.333516],[19.845303,41.333393],[19.845091,41.333283],[19.844824,41.333144],[19.844324,41.332888],[19.844205,41.332824],[19.844125,41.332787],[19.844027,41.332743],[19.843985,41.332728],[19.843836,41.332677],[19.843665,41.332626],[19.843479,41.332582],[19.843288,41.33255],[19.843102,41.332531],[19.842931,41.332535],[19.842439,41.332575],[19.842165,41.332599],[19.841168,41.332712],[19.84101,41.33273],[19.8409,41.332742],[19.84083,41.33275],[19.840708,41.332762],[19.840608,41.332761],[19.840475,41.332744],[19.840341,41.332717],[19.840206,41.332674],[19.839633,41.33242],[19.839212,41.332245],[19.838534,41.331962],[19.837666,41.33159],[19.837444,41.331495],[19.837359,41.331458],[19.837272,41.331421],[19.837201,41.331391],[19.836975,41.33129],[19.836637,41.331146],[19.835688,41.330742],[19.835169,41.330521],[19.834632,41.330291],[19.834481,41.330232],[19.834398,41.330196],[19.834252,41.330132],[19.834232,41.330124],[19.834169,41.330097],[19.834101,41.330067],[19.834028,41.330036],[19.833637,41.329868],[19.833385,41.32976],[19.832307,41.329308],[19.832168,41.329249],[19.831971,41.329167],[19.831874,41.329126],[19.831486,41.328962],[19.831302,41.328882],[19.830632,41.328593],[19.829778,41.328224],[19.829329,41.32803],[19.828992,41.327887],[19.828655,41.327737],[19.828567,41.327696],[19.828471,41.327651],[19.828404,41.327612],[19.828338,41.327571],[19.828277,41.327528],[19.828247,41.327502],[19.828194,41.327457],[19.828176,41.327441],[19.827783,41.327104],[19.827319,41.326704],[19.826782,41.326237],[19.826161,41.325715],[19.825992,41.325579],[19.825427,41.325113],[19.825275,41.324992],[19.825175,41.324923],[19.825008,41.324834],[19.82498,41.32482],[19.824843,41.324753],[19.824635,41.324663],[19.824447,41.324592],[19.824297,41.324531],[19.824092,41.324457],[19.823932,41.324395],[19.823604,41.324281],[19.823403,41.324218],[19.823325,41.324197],[19.823215,41.324167],[19.823044,41.324124],[19.822851,41.324085],[19.82265,41.324044],[19.822457,41.32401],[19.822222,41.32397],[19.822102,41.323951],[19.821606,41.323871],[19.821156,41.323799],[19.820178,41.323644],[19.81997,41.323611],[19.819909,41.323602],[19.819854,41.323593],[19.819773,41.32358],[19.819657,41.323562],[19.819578,41.323549],[19.819525,41.32354],[19.818843,41.323433],[19.818794,41.323425],[19.818634,41.3234],[19.817647,41.323243],[19.817561,41.32323],[19.817416,41.323207],[19.816701,41.323093],[19.81598,41.32298],[19.815439,41.322894],[19.814724,41.322781],[19.813539,41.322593],[19.813386,41.322569],[19.813242,41.322547],[19.812306,41.322399],[19.811221,41.322228],[19.811132,41.322214],[19.810928,41.322181],[19.810876,41.322173],[19.810668,41.32214],[19.810426,41.322102],[19.810285,41.32208],[19.809204,41.321915],[19.808241,41.321758],[19.806655,41.32151],[19.806458,41.321479],[19.805769,41.321372],[19.805525,41.321333],[19.805464,41.321324],[19.805364,41.321308]]},"properties":{"name":"Bulevardi Bajram Curri"}},{"type":"Feature","geometry":{"type":"LineString","coordinates":[[19.791494,41.322208],[19.791622,41.322113],[19.791765,41.322008],[19.792009,41.321823],[19.792171,41.321692],[19.792302,41.321587],[19.792519,41.321426],[19.792715,41.321295],[19.792978,41.321163],[19.793105,41.321111],[19.793155,41.321091],[19.793203,41.321071],[19.793588,41.320941],[19.793825,41.32086],[19.793905,41.320833],[19.794931,41.320487],[19.795225,41.320401],[19.795419,41.320348],[19.79561,41.320303],[19.795945,41.320238],[19.796298,41.320187],[19.796658,41.320155],[19.796891,41.320144],[19.797217,41.320137],[19.79752,41.320144],[19.797839,41.320163],[19.798159,41.320195],[19.798481,41.320237],[19.798898,41.320294],[19.799014,41.32031],[19.799211,41.320335],[19.799369,41.320358],[19.799482,41.320373],[19.799684,41.320404],[19.800594,41.320549],[19.80211,41.32079],[19.802371,41.320832],[19.802944,41.320923],[19.80304,41.320938],[19.803474,41.321011],[19.803621,41.321035],[19.804195,41.321126],[19.804329,41.321146],[19.804759,41.321214],[19.804907,41.321237]]},"properties":{"name":"Bulevardi Bajram Curri"}},{"type":"Feature","geometry":{"type":"LineString","coordinates":[[19.812716,41.324937],[19.81273,41.324887],[19.812788,41.324679],[19.812802,41.324627],[19.812945,41.324113],[19.812999,41.323919],[19.813049,41.323742],[19.813061,41.323698],[19.813073,41.323655],[19.813128,41.323458],[19.813156,41.323363],[19.813212,41.323172],[19.813223,41.323136],[19.813265,41.323005],[19.813284,41.322943],[19.813292,41.322916],[19.813359,41.322669],[19.813365,41.322642],[19.813386,41.322569],[19.813405,41.322498],[19.813499,41.322161],[19.813534,41.322029],[19.813617,41.321728],[19.813644,41.321626],[19.813784,41.321106],[19.813796,41.321062],[19.813811,41.321009],[19.813881,41.320756],[19.813951,41.320505],[19.813977,41.320412],[19.814042,41.320179],[19.814178,41.31969],[19.814219,41.319543],[19.814236,41.319483],[19.814281,41.319319],[19.814308,41.319221],[19.814351,41.319067],[19.814403,41.318879],[19.814442,41.318738],[19.814455,41.318694],[19.814464,41.318663]]},"properties":{"name":"Rruga Sami Frashëri"}},{"type":"Feature","geometry":{"type":"LineString","coordinates":[[19.815795,41.314023],[19.815609,41.314597],[19.815602,41.314619],[19.815506,41.314967],[19.815399,41.315352],[19.815384,41.315407],[19.815368,41.315465],[19.815249,41.315896],[19.815243,41.315915],[19.815211,41.316036],[19.815206,41.316053],[19.815182,41.31614],[19.81514,41.316291],[19.814972,41.316901],[19.814953,41.316968],[19.814831,41.317408],[19.8148,41.317523],[19.814763,41.317655],[19.814726,41.317794],[19.814668,41.318004],[19.814596,41.318262],[19.814566,41.318373]]},"properties":{"name":"Rruga Sami Frashëri"}},{"type":"Feature","geometry":{"type":"LineString","coordinates":[[19.812716,41.324937],[19.813405,41.325046],[19.814074,41.325153],[19.815198,41.325329],[19.815506,41.325377],[19.816119,41.325474],[19.816199,41.325487],[19.816392,41.325517],[19.816696,41.325566],[19.816794,41.325581],[19.816902,41.325598],[19.817038,41.325619],[19.817346,41.325667],[19.818888,41.325909],[19.818923,41.325915],[19.819015,41.325929],[19.819105,41.325943]]},"properties":{"name":"Rruga Myslym Shyri"}},{"type":"Feature","geometry":{"type":"LineString","coordinates":[[19.818925,41.326758],[19.818909,41.326713],[19.818911,41.326661],[19.818958,41.326489],[19.819105,41.325943],[19.819128,41.325867],[19.81913,41.325859],[19.819206,41.325603],[19.819227,41.325529],[19.819367,41.325028],[19.819527,41.324455],[19.819586,41.32425],[19.819618,41.324133],[19.819625,41.324104],[19.81965,41.324014],[19.819665,41.323966],[19.819669,41.323951],[19.819673,41.323934],[19.819741,41.323692],[19.819773,41.32358],[19.8198,41.323486],[19.819842,41.323333],[19.819972,41.322864],[19.819983,41.322827],[19.819992,41.322794],[19.820207,41.322018],[19.82041,41.321288],[19.820436,41.321191],[19.820457,41.321115],[19.820459,41.321106],[19.820566,41.32072],[19.820594,41.320612],[19.82064,41.320464],[19.820851,41.319667],[19.820878,41.31958],[19.8209,41.3195],[19.82113,41.318669],[19.821217,41.318391]]},"properties":{"name":"Bulevardi Dëshmorët e Kombit"}},{"type":"Feature","geometry":{"type":"LineString","coordinates":[[19.821086,41.318375],[19.820935,41.318937],[19.820869,41.319182],[19.820793,41.319454],[19.820786,41.31948],[19.820763,41.319563],[19.820739,41.319651],[19.820653,41.319963],[19.820342,41.321099],[19.820322,41.321173],[19.820294,41.321268],[19.820081,41.322024],[19.819816,41.322988],[19.819692,41.323437],[19.819683,41.323468],[19.819657,41.323562],[19.819639,41.323629],[19.819629,41.323669],[19.81956,41.323915],[19.819551,41.323947],[19.819537,41.323996],[19.81951,41.32409],[19.819504,41.324115],[19.819497,41.324139],[19.819151,41.325413],[19.819124,41.325513],[19.819104,41.32559],[19.819035,41.325853],[19.819015,41.325929]]},"properties":{"name":"Bulevardi Dëshmorët e Kombit"}},{"type":"Feature","geometry":{"type":"LineString","coordinates":[[19.818925,41.326758],[19.818944,41.326779],[19.818975,41.326804],[19.819047,41.326858],[19.81911,41.326915],[19.819164,41.32697],[19.819201,41.327013],[19.819236,41.327063],[19.819265,41.327099],[19.81928,41.327113],[19.819307,41.327132],[19.81934,41.327143],[19.819404,41.327158]]},"properties":{"name":"Sheshi Skënderbej"}},{"type":"Feature","geometry":{"type":"LineString","coordinates":[[19.819404,41.327158],[19.819496,41.327166],[19.819632,41.327178],[19.820177,41.327225],[19.820624,41.327264],[19.821042,41.327301],[19.821371,41.32733],[19.821888,41.327375],[19.822053,41.327389],[19.822489,41.327427],[19.822609,41.327452],[19.822671,41.327474],[19.822706,41.327514]]},"properties":{"name":"Rruga Abdi Toptani"}},{"type":"Feature","geometry":{"type":"LineString","coordinates":[[19.821889,41.328603],[19.821957,41.328476],[19.822075,41.328261],[19.822247,41.327963],[19.822331,41.327831],[19.82239,41.327759],[19.822463,41.327685],[19.822526,41.327636],[19.822583,41.327591],[19.822622,41.327568],[19.822706,41.327514],[19.822864,41.32745],[19.82303,41.32738],[19.823524,41.32716],[19.823609,41.32712],[19.823748,41.327059],[19.823834,41.327046],[19.823966,41.327028],[19.824232,41.326924],[19.824313,41.326889],[19.824345,41.326873],[19.82438,41.326856],[19.824445,41.326821],[19.824487,41.326797],[19.824538,41.326763],[19.824575,41.326737],[19.824617,41.326705],[19.824659,41.326671],[19.824686,41.326648],[19.824707,41.326623],[19.824735,41.326587],[19.824749,41.326563],[19.824767,41.326531],[19.82478,41.326503],[19.824789,41.326481],[19.824816,41.326413],[19.824908,41.326117],[19.825071,41.325644],[19.825112,41.32552]]},"properties":{"name":"Rruga Xhorxh W. Bush"}},{"type":"Feature","geometry":{"type":"LineString","coordinates":[[19.823748,41.327059],[19.823907,41.326958],[19.824019,41.32691],[19.824238,41.326818],[19.824332,41.326771],[19.824365,41.326753],[19.824398,41.326732],[19.824438,41.326704],[19.824469,41.326682],[19.824498,41.326661],[19.824543,41.326621],[19.824572,41.326592],[19.824604,41.326557],[19.824629,41.326524],[19.824651,41.326485],[19.824674,41.326438],[19.824695,41.326384],[19.824963,41.325578],[19.825008,41.32544]]},"properties":{"name":"Rruga Xhorxh W. Bush"}},{"type":"Feature","geometry":{"type":"LineString","coordinates":[[19.821889,41.328603],[19.821772,41.3288],[19.821428,41.329411],[19.821092,41.32999],[19.820834,41.330441],[19.82082,41.330465],[19.820675,41.330617]]},"properties":{"name":"Rruga Ismail Ndroqi"}},{"type":"Feature","geometry":{"type":"LineString","coordinates":[[19.820675,41.330617],[19.820548,41.330604],[19.820481,41.3306],[19.820379,41.330598],[19.820278,41.330605],[19.820163,41.330613],[19.820037,41.330611],[19.81985,41.330589],[19.819553,41.330549],[19.819044,41.330481],[19.818071,41.33035],[19.818029,41.330344],[19.817947,41.330332]]},"properties":{"name":"Rruga Urani Pano"}},{"type":"Feature","geometry":{"type":"LineString","coordinates":[[19.817947,41.330332],[19.817919,41.330432],[19.81774,41.331077],[19.817698,41.331231],[19.81759,41.331621],[19.817493,41.331973],[19.817485,41.332],[19.817392,41.332337],[19.817196,41.333051],[19.817157,41.333181],[19.817119,41.333319],[19.817107,41.33336],[19.816747,41.334615],[19.816721,41.334721],[19.816587,41.335224],[19.816465,41.335657]]},"properties":{"name":"Bulevardi Zogu i Parë"}},{"type":"Feature","geometry":{"type":"LineString","coordinates":[[19.816302,41.335644],[19.816316,41.335597],[19.816417,41.335247],[19.816617,41.33453],[19.816733,41.334124],[19.816956,41.333295],[19.816981,41.333134],[19.817012,41.333025],[19.817127,41.332604],[19.817196,41.332351],[19.8173,41.331972],[19.817317,41.331912],[19.817515,41.331192],[19.817725,41.330431],[19.817733,41.330402],[19.81776,41.330302]]},"properties":{"name":"Bulevardi Zogu i Parë"}},{"type":"Feature","geometry":{"type":"LineString","coordinates":[[19.816465,41.335657],[19.816429,41.335799],[19.81642,41.335833],[19.816387,41.335911]]},"properties":{"name":"Sheshi Ferenc Nopçka"}},{"type":"Feature","geometry":{"type":"LineString","coordinates":[[19.816831,41.335984],[19.8165,41.33593],[19.816387,41.335911]]},"properties":{"name":"Sheshi Ferenc Nopçka"}},{"type":"Feature","geometry":{"type":"LineString","coordinates":[[19.816874,41.336074],[19.816521,41.336014],[19.816478,41.336007],[19.816358,41.335988]]},"properties":{"name":"Sheshi Ferenc Nopçka"}},{"type":"Feature","geometry":{"type":"LineString","coordinates":[[19.815747,41.335889],[19.816065,41.335942],[19.816214,41.335965]]},"properties":{"name":"Sheshi Ferenc Nopçka"}},{"type":"Feature","geometry":{"type":"LineString","coordinates":[[19.816358,41.335988],[19.816214,41.335965],[19.816232,41.335886],[19.816254,41.335806],[19.816302,41.335644],[19.816082,41.335751],[19.816023,41.335776],[19.815963,41.335794],[19.815767,41.335817],[19.81606,41.335861],[19.816088,41.335865],[19.816232,41.335886],[19.816387,41.335911],[19.816358,41.335988]]},"properties":{"name":"Sheshi Ferenc Nopçka"}},{"type":"Feature","geometry":{"type":"LineString","coordinates":[[19.816831,41.335984],[19.817023,41.336016],[19.817196,41.336047],[19.817244,41.336055],[19.817324,41.33607],[19.817437,41.33609],[19.817603,41.336126],[19.817709,41.336163],[19.818345,41.3364],[19.8186,41.3365],[19.819069,41.336681],[19.819144,41.336711],[19.819661,41.336911],[19.819896,41.337009],[19.819925,41.337021],[19.820067,41.337083]]},"properties":{"name":"Rruga Reshit Petrela"}},{"type":"Feature","geometry":{"type":"LineString","coordinates":[[19.820008,41.337146],[19.819875,41.337085],[19.819453,41.336914],[19.819229,41.336824],[19.818974,41.336724],[19.818443,41.336516],[19.817953,41.336328],[19.817912,41.336312],[19.81771,41.336238],[19.817675,41.336225],[19.817566,41.336196],[19.817384,41.336159],[19.81722,41.336132],[19.816874,41.336074]]},"properties":{"name":"Rruga Reshit Petrela"}},{"type":"Feature","geometry":{"type":"LineString","coordinates":[[19.820067,41.337083],[19.820162,41.337129],[19.820585,41.337362],[19.820968,41.337575],[19.821187,41.337697],[19.821269,41.337746],[19.821372,41.337816],[19.821551,41.337936],[19.821671,41.338016],[19.821829,41.338123],[19.821924,41.338186],[19.821966,41.338214],[19.822002,41.338241],[19.822091,41.338305],[19.822187,41.338375],[19.822749,41.338811],[19.82299,41.338987],[19.82317,41.339103],[19.823356,41.339213],[19.823552,41.339318],[19.823677,41.339377],[19.82385,41.339458],[19.824016,41.339529],[19.824177,41.339591],[19.824372,41.33966],[19.824679,41.339752],[19.824777,41.33978],[19.825005,41.33984],[19.825229,41.339894],[19.825432,41.339936],[19.825656,41.339974],[19.825722,41.339985],[19.826139,41.340046],[19.826184,41.340053],[19.826322,41.340071],[19.826549,41.340096],[19.827642,41.340217],[19.827945,41.340249],[19.828268,41.340275],[19.828379,41.340281],[19.828477,41.340283],[19.828583,41.340278],[19.82866,41.340267],[19.828729,41.340252],[19.828785,41.340234],[19.828905,41.340181],[19.828946,41.340157],[19.829007,41.340111],[19.829024,41.340099],[19.829072,41.340054],[19.829117,41.339997]]},"properties":{"name":"Rruga Ferit Xhajko"}},{"type":"Feature","geometry":{"type":"LineString","coordinates":[[19.820008,41.337146],[19.820107,41.337194],[19.820121,41.337201],[19.820549,41.337434],[19.820765,41.337557],[19.821199,41.337799],[19.821322,41.33788],[19.82142,41.337945],[19.821672,41.338105],[19.821896,41.338262],[19.822119,41.338425],[19.822344,41.338596],[19.822687,41.338861],[19.822926,41.339034],[19.82311,41.339155],[19.823297,41.339264],[19.823498,41.339373],[19.823634,41.339435],[19.823808,41.339515],[19.824033,41.339612],[19.824266,41.339702],[19.824418,41.339752],[19.824652,41.33982],[19.824921,41.339896],[19.825215,41.339967],[19.825478,41.34002],[19.825793,41.340074],[19.82617,41.340129],[19.826339,41.340149],[19.826541,41.340171],[19.826574,41.340174],[19.827711,41.340299],[19.827961,41.340323],[19.828201,41.340343],[19.828382,41.340354],[19.828498,41.340357],[19.828626,41.340351],[19.828675,41.340344],[19.828748,41.340329],[19.8288,41.340317],[19.828859,41.340296],[19.828942,41.340263],[19.829003,41.340231],[19.829035,41.340214],[19.829086,41.340184],[19.829131,41.340147],[19.829172,41.340107]]},"properties":{"name":"Rruga Ferit Xhajko"}},{"type":"Feature","geometry":{"type":"LineString","coordinates":[[19.819921,41.330073],[19.820313,41.330399],[19.82037,41.330441],[19.820383,41.330451],[19.820443,41.330487],[19.820536,41.330542],[19.820675,41.330617],[19.820778,41.330727],[19.820789,41.330738],[19.821037,41.330978],[19.821146,41.33108],[19.82141,41.331325],[19.821647,41.331552],[19.821833,41.331743],[19.821913,41.331825],[19.822044,41.331963],[19.822166,41.33211],[19.822392,41.33241],[19.822627,41.332759],[19.822783,41.333035],[19.822804,41.333072],[19.822871,41.333196],[19.822946,41.333327],[19.823018,41.333461],[19.823202,41.333791],[19.823424,41.334198],[19.823481,41.334297],[19.82357,41.334458],[19.823629,41.334568],[19.823771,41.334832],[19.824107,41.335428],[19.824153,41.335513],[19.824594,41.336344],[19.824778,41.336677],[19.824858,41.336811],[19.82499,41.337015],[19.825104,41.337187],[19.825486,41.337684],[19.825524,41.337729],[19.825542,41.33775],[19.825562,41.337775],[19.825779,41.338042],[19.825813,41.338085],[19.825863,41.338141],[19.825923,41.338208],[19.826014,41.338263],[19.826159,41.338343],[19.826547,41.338567],[19.826627,41.338614],[19.827045,41.338855],[19.82709,41.338882],[19.827547,41.339142],[19.828155,41.339477],[19.828393,41.339612],[19.828912,41.339912],[19.828931,41.339923],[19.828954,41.339937]]},"properties":{"name":"Rruga e Dibrës"}},{"type":"Feature","geometry":{"type":"LineString","coordinates":[[19.829117,41.339997],[19.829217,41.34005],[19.829291,41.340088],[19.829428,41.340164],[19.829562,41.340234],[19.830462,41.34068],[19.830546,41.340721],[19.830667,41.340778],[19.830778,41.340833],[19.831216,41.341047],[19.831899,41.341394],[19.832542,41.341721],[19.832946,41.341927],[19.832975,41.341942],[19.833034,41.341972],[19.83321,41.342061],[19.833255,41.342084],[19.833403,41.342158],[19.83372,41.342325],[19.833816,41.342373],[19.833874,41.342403],[19.834143,41.342539],[19.834374,41.342656],[19.834554,41.342748],[19.834833,41.342888],[19.834996,41.342975],[19.835139,41.343062],[19.835319,41.343178],[19.835626,41.343393],[19.836311,41.343871],[19.836464,41.343977],[19.837334,41.344586],[19.83762,41.344784],[19.837809,41.344916],[19.83804,41.345078],[19.838125,41.345142],[19.838156,41.345166],[19.838206,41.345199],[19.838245,41.34522],[19.838279,41.345235],[19.838319,41.34525],[19.838399,41.345269],[19.838427,41.345274],[19.8387,41.34534],[19.839153,41.34545],[19.839543,41.345544],[19.840002,41.345656],[19.840429,41.34576],[19.840738,41.345835],[19.840954,41.345888],[19.841047,41.345915],[19.841133,41.345944],[19.841241,41.346006],[19.841104,41.345991],[19.841064,41.345981],[19.841031,41.345972],[19.840707,41.345892],[19.838953,41.345468],[19.838436,41.345347],[19.838406,41.34534],[19.838298,41.345314],[19.838234,41.345296],[19.838198,41.34528],[19.838148,41.34525],[19.838095,41.345212],[19.838026,41.345164],[19.838003,41.345147],[19.837129,41.344541],[19.836716,41.344247],[19.836585,41.344154],[19.836209,41.343893],[19.835782,41.343594],[19.835174,41.343169],[19.835085,41.343111],[19.834943,41.343027],[19.834785,41.342948],[19.834158,41.342628],[19.83367,41.342378],[19.833516,41.342299],[19.83344,41.342261],[19.833235,41.342157],[19.833204,41.342141],[19.833158,41.342118],[19.832982,41.342029],[19.832922,41.342],[19.832751,41.341909],[19.832501,41.341782],[19.832325,41.341691],[19.831849,41.341445],[19.83154,41.341285],[19.831233,41.341136],[19.830952,41.340999],[19.830807,41.340928],[19.830617,41.340838],[19.830543,41.340802],[19.830496,41.340779],[19.830414,41.340738],[19.830245,41.340655],[19.829467,41.340269],[19.829268,41.340158],[19.829242,41.340144],[19.829172,41.340107],[19.829072,41.340054],[19.829004,41.33998],[19.828954,41.339937],[19.829117,41.339997]]},"properties":{"name":"Rruga e Dibrës"}},{"type":"Feature","geometry":{"type":"LineString","coordinates":[[19.838028,41.346853],[19.838111,41.346729],[19.838121,41.346706],[19.838186,41.346552],[19.838237,41.34643],[19.838248,41.346393],[19.838312,41.346181],[19.838347,41.346068],[19.838391,41.345903],[19.838394,41.345873],[19.838394,41.34584],[19.838386,41.345801],[19.83837,41.345754],[19.838327,41.345639],[19.838249,41.345419],[19.83824,41.345393],[19.838232,41.345344],[19.838234,41.345296]]},"properties":{"name":"Rruga Niko Avrami"}},{"type":"Feature","geometry":{"type":"LineString","coordinates":[[19.833491,41.346359],[19.834047,41.346419],[19.834337,41.34645],[19.834404,41.346458],[19.834686,41.346488],[19.834732,41.346493],[19.834971,41.346519],[19.835611,41.346586],[19.835773,41.346603],[19.836016,41.34663],[19.836743,41.346708],[19.836796,41.346713],[19.837683,41.346814],[19.838028,41.346853]]},"properties":{"name":"Rruga Gaqo Tashko"}},{"type":"Feature","geometry":{"type":"LineString","coordinates":[[19.831418,41.350561],[19.83167,41.35056],[19.831792,41.350563],[19.831862,41.350559],[19.831915,41.350548],[19.831972,41.350529],[19.832266,41.350438],[19.832338,41.35041],[19.832394,41.350374],[19.832439,41.35033],[19.832478,41.350273],[19.832691,41.349649],[19.832708,41.349592],[19.832728,41.349546],[19.832781,41.349486],[19.832824,41.349436],[19.832856,41.349401],[19.832874,41.349366],[19.832891,41.349303],[19.832969,41.349017],[19.833097,41.348573],[19.833149,41.348439],[19.833206,41.348334],[19.833246,41.34827],[19.833284,41.348208],[19.83334,41.348154],[19.833365,41.348109],[19.833378,41.348058],[19.833377,41.347969],[19.833392,41.347901],[19.833437,41.347654],[19.833474,41.347416],[19.833495,41.347258],[19.83351,41.347124],[19.83352,41.346986],[19.833521,41.346902],[19.833514,41.346583],[19.833491,41.346359]]},"properties":{"name":"Rruga Njazi Meka"}},{"type":"Feature","geometry":{"type":"LineString","coordinates":[[19.81776,41.330302],[19.817643,41.330284],[19.81692,41.330173],[19.816851,41.330157],[19.816764,41.330132],[19.816703,41.330106],[19.816622,41.330063],[19.816538,41.330011],[19.816466,41.329954],[19.816393,41.329882],[19.816329,41.3298],[19.816275,41.329711],[19.81613,41.32941],[19.816009,41.329097],[19.815978,41.328988],[19.816074,41.328662],[19.816163,41.328304],[19.816171,41.328269],[19.816188,41.328199],[19.816202,41.328138]]},"properties":{"name":"Rruga Dedë Gjo Luli"}},{"type":"Feature","geometry":{"type":"LineString","coordinates":[[19.816202,41.328138],[19.816211,41.3281],[19.81624,41.327989],[19.816284,41.32781],[19.816331,41.327641],[19.816419,41.327303],[19.816534,41.326899],[19.816555,41.326826],[19.8166,41.326663],[19.81677,41.326068],[19.816865,41.325732],[19.81689,41.325642],[19.816902,41.325598],[19.81693,41.325498],[19.817095,41.324916],[19.817215,41.324492],[19.817306,41.324166],[19.817355,41.323996],[19.817412,41.323799],[19.81742,41.323771],[19.817447,41.323667]]},"properties":{"name":"Rruga Dëshmorët e 4 Shkurtit"}},{"type":"Feature","geometry":{"type":"LineString","coordinates":[[19.814948,41.312675],[19.815029,41.312711],[19.815415,41.312878],[19.81548,41.312924],[19.815524,41.31297],[19.815565,41.31303],[19.815593,41.313084],[19.815615,41.313147],[19.815636,41.313234],[19.815655,41.313305],[19.815675,41.313365],[19.815694,41.313412],[19.815711,41.313451],[19.815728,41.313487],[19.815755,41.313546],[19.815774,41.313587],[19.815792,41.313644],[19.815804,41.313688],[19.815816,41.313743],[19.815844,41.313823]]},"properties":{"name":"Rruga Dëshmorët e 4 Shkurtit"}},{"type":"Feature","geometry":{"type":"LineString","coordinates":[[19.815795,41.314023],[19.815834,41.313903],[19.815845,41.313869]]},"properties":{"name":"Rruga Dëshmorët e 4 Shkurtit"}},{"type":"Feature","geometry":{"type":"LineString","coordinates":[[19.805276,41.32175],[19.805175,41.321734],[19.805096,41.321722],[19.804954,41.3217],[19.804741,41.321667],[19.804548,41.321637],[19.804293,41.321597],[19.80423,41.321586],[19.803565,41.321482],[19.80334,41.321449],[19.802234,41.321274],[19.802171,41.321264],[19.801607,41.321176],[19.80071,41.321036],[19.799318,41.320829],[19.79918,41.320807],[19.799,41.320775],[19.798808,41.320737],[19.798674,41.320708],[19.798402,41.320656],[19.798245,41.320627],[19.798091,41.320598],[19.797932,41.320574],[19.797723,41.320552],[19.797472,41.320539],[19.797261,41.320536],[19.79711,41.320543],[19.796897,41.320553],[19.796574,41.320577],[19.796545,41.32058],[19.796369,41.3206],[19.796196,41.320624],[19.795912,41.32068],[19.795587,41.32076],[19.795418,41.320806],[19.795187,41.320868],[19.795071,41.320906],[19.794756,41.32101],[19.794297,41.321161],[19.794162,41.321209],[19.794069,41.321242],[19.793671,41.321378],[19.793208,41.321542],[19.793095,41.32159],[19.792991,41.32164],[19.792886,41.321717],[19.792782,41.321806],[19.792656,41.32192],[19.792519,41.322044],[19.792213,41.32231],[19.792126,41.322385]]},"properties":{"name":"Bulevardi Gjergj Fishta"}},{"type":"Feature","geometry":{"type":"LineString","coordinates":[[19.819537,41.323996],[19.819462,41.323985],[19.819393,41.323974],[19.817871,41.323734],[19.817602,41.323691],[19.817569,41.323686],[19.817447,41.323667],[19.817332,41.323649],[19.815333,41.323333],[19.814884,41.323266],[19.814367,41.323182],[19.813821,41.323097],[19.813484,41.323042],[19.813441,41.323035],[19.813265,41.323005],[19.813091,41.322979],[19.812643,41.322909],[19.812064,41.322818],[19.81165,41.322752],[19.811173,41.322677],[19.811115,41.322668],[19.811021,41.322653],[19.810489,41.322569],[19.809487,41.322411],[19.80811,41.322194],[19.807982,41.322174],[19.80774,41.322136],[19.807282,41.322063],[19.806854,41.321997],[19.806724,41.321976],[19.806162,41.321887],[19.805668,41.321809],[19.805491,41.321783]]},"properties":{"name":"Bulevardi Gjergj Fishta"}},{"type":"Feature","geometry":{"type":"LineString","coordinates":[[19.814331,41.318471],[19.814308,41.318445],[19.814289,41.318423],[19.814277,41.318413],[19.81426,41.318401],[19.814242,41.318389],[19.814207,41.318375],[19.81418,41.318369],[19.813501,41.318261],[19.812966,41.318174],[19.812881,41.31816],[19.812251,41.318057],[19.811811,41.317989],[19.81087,41.317839]]},"properties":{"name":"Rruga Sulejman Delvina"}},{"type":"Feature","geometry":{"type":"LineString","coordinates":[[19.810302,41.317962],[19.809794,41.318213],[19.808773,41.318722],[19.808508,41.318852],[19.808285,41.318965],[19.80812,41.319057],[19.80797,41.319132],[19.807646,41.3193],[19.806693,41.319762],[19.806485,41.319861],[19.806276,41.319967],[19.806182,41.320017],[19.806103,41.320071],[19.806023,41.320145],[19.805955,41.320233],[19.805895,41.320344],[19.805851,41.320446],[19.805609,41.320996],[19.805508,41.321228],[19.805464,41.321324],[19.805436,41.321388],[19.805432,41.321396],[19.805421,41.321421]]},"properties":{"name":"Rruga Sulejman Delvina"}},{"type":"Feature","geometry":{"type":"LineString","coordinates":[[19.80551,41.320971],[19.805582,41.320793],[19.805741,41.320424],[19.805797,41.320307],[19.805859,41.320194],[19.805926,41.320113],[19.806013,41.32003],[19.806077,41.31998],[19.806189,41.319911],[19.806432,41.319793],[19.806963,41.319535],[19.807418,41.319315],[19.807915,41.319064],[19.808057,41.318985],[19.808205,41.318893],[19.808219,41.318886],[19.808393,41.3188],[19.808877,41.318569],[19.810269,41.317885]]},"properties":{"name":"Rruga Sulejman Delvina"}},{"type":"Feature","geometry":{"type":"LineString","coordinates":[[19.810891,41.317766],[19.811975,41.317934],[19.813381,41.318157],[19.813469,41.318171],[19.813647,41.318199],[19.813691,41.318206],[19.814201,41.318287],[19.814297,41.318303],[19.814409,41.318323],[19.814439,41.318331],[19.814454,41.318337],[19.814463,41.318342],[19.814478,41.318352],[19.814503,41.318369]]},"properties":{"name":"Rruga Sulejman Delvina"}},{"type":"Feature","geometry":{"type":"LineString","coordinates":[[19.805323,41.3214],[19.805333,41.321375],[19.805336,41.321367],[19.805364,41.321308]]},"properties":{"name":"Rruga Sulejman Delvina"}},{"type":"Feature","geometry":{"type":"LineString","coordinates":[[19.81087,41.317839],[19.810784,41.317833],[19.81069,41.317838],[19.810532,41.317868],[19.810333,41.317947],[19.810302,41.317962]]},"properties":{"name":"Sheshi Floran Kondi"}},{"type":"Feature","geometry":{"type":"LineString","coordinates":[[19.810269,41.317885],[19.810478,41.317807],[19.810592,41.317778],[19.81071,41.31776],[19.810891,41.317766]]},"properties":{"name":"Sheshi Floran Kondi"}},{"type":"Feature","geometry":{"type":"LineString","coordinates":[[19.806555,41.317228],[19.806473,41.317114],[19.806326,41.316932],[19.805886,41.316386],[19.805824,41.316309],[19.805796,41.316276],[19.805647,41.316107],[19.805568,41.316018],[19.805527,41.315972],[19.805507,41.315948],[19.80526,41.315646],[19.805219,41.315596],[19.805031,41.315329],[19.804822,41.315046],[19.804781,41.31499],[19.804729,41.314932],[19.804571,41.314761],[19.804492,41.314681],[19.804368,41.314542],[19.804319,41.314485],[19.804293,41.314455],[19.804245,41.314399],[19.804195,41.314341],[19.80418,41.314322],[19.803911,41.314003],[19.803868,41.313953],[19.803653,41.313677],[19.803611,41.313651],[19.803555,41.31362]]},"properties":{"name":"Rruga Tish Dahia"}},{"type":"Feature","geometry":{"type":"LineString","coordinates":[[19.801048,41.313903],[19.800979,41.313914]]},"properties":{"name":"Rruga Gjergj Bubani"}},{"type":"Feature","geometry":{"type":"LineString","coordinates":[[19.798221,41.312844],[19.798234,41.31282],[19.798273,41.312752],[19.798289,41.312715],[19.798302,41.312655],[19.798304,41.312614],[19.798302,41.312573],[19.798289,41.312536],[19.798261,41.312492],[19.798215,41.312435],[19.798109,41.312349],[19.798006,41.312271],[19.79788,41.31217],[19.797733,41.312049],[19.797679,41.312002],[19.797631,41.311942],[19.797599,41.311892],[19.797565,41.311826],[19.797534,41.311759],[19.797476,41.311654],[19.797458,41.311606],[19.797449,41.311554],[19.797451,41.311508],[19.79747,41.311447],[19.797485,41.311379],[19.797505,41.311289],[19.797512,41.311251],[19.797509,41.310931],[19.797515,41.310889],[19.797534,41.310843],[19.79757,41.3108],[19.797747,41.310656],[19.797911,41.310525],[19.798075,41.310388],[19.798133,41.310337],[19.798168,41.310308],[19.798216,41.310269],[19.798255,41.310234],[19.798296,41.310186],[19.79832,41.310114],[19.798315,41.31004],[19.798199,41.309889],[19.798077,41.309786],[19.798072,41.309734],[19.798094,41.309667],[19.798162,41.309602],[19.798635,41.309103],[19.798645,41.309065],[19.798645,41.309016],[19.798624,41.308979],[19.798593,41.308946],[19.798541,41.30892],[19.798465,41.308899],[19.798396,41.308881],[19.798352,41.308854],[19.798304,41.308802],[19.798271,41.308745],[19.798266,41.308675],[19.798275,41.308582],[19.798315,41.308518],[19.798376,41.30846],[19.798476,41.308366],[19.798575,41.308262],[19.798678,41.308144],[19.798786,41.307986],[19.798845,41.307862],[19.798907,41.307715],[19.798924,41.307627],[19.798947,41.307467],[19.79892,41.307396],[19.798866,41.307352],[19.7987,41.30714],[19.798676,41.307076],[19.798534,41.306966],[19.798504,41.306949],[19.798443,41.306925]]},"properties":{"name":"Rruga e Zallit"}},{"type":"Feature","geometry":{"type":"LineString","coordinates":[[19.798221,41.312844],[19.798191,41.312897],[19.798171,41.312941],[19.798159,41.312992],[19.798156,41.313049],[19.798163,41.313104],[19.798179,41.313145],[19.798204,41.313199],[19.798255,41.313309],[19.798296,41.313391],[19.798322,41.313458],[19.79833,41.313522],[19.798332,41.313578],[19.798332,41.313635],[19.798325,41.313745],[19.798327,41.313764],[19.798333,41.313833],[19.798337,41.31388],[19.798341,41.313925],[19.798347,41.313954],[19.798356,41.314003],[19.798376,41.314138],[19.798389,41.314228],[19.798398,41.314281],[19.798406,41.314368],[19.798404,41.314443],[19.798387,41.314516],[19.798314,41.314822]]},"properties":{"name":"Rruga Mentor Xhemali"}},{"type":"Feature","geometry":{"type":"LineString","coordinates":[[19.858853,41.283304],[19.858833,41.283288],[19.858797,41.283256],[19.858686,41.283162],[19.858523,41.283023],[19.858466,41.282972],[19.858437,41.282946],[19.858374,41.282892],[19.857961,41.282522],[19.857673,41.282267],[19.857391,41.282017],[19.857308,41.281944],[19.857033,41.281704],[19.856919,41.281619],[19.85684,41.281572],[19.856724,41.281527],[19.856593,41.281489],[19.856464,41.281464],[19.856377,41.281457],[19.856304,41.281454],[19.856118,41.281476],[19.855995,41.281505],[19.855909,41.281533],[19.85581,41.281575],[19.855799,41.281582],[19.855771,41.281599],[19.855626,41.281704],[19.855556,41.281781],[19.855485,41.281863],[19.855372,41.282012],[19.855265,41.282154]]},"properties":{"name":"Rruga Kabet"}},{"type":"Feature","geometry":{"type":"LineString","coordinates":[[19.849192,41.290931],[19.848947,41.29121],[19.847689,41.29246],[19.846146,41.293987],[19.843992,41.2961],[19.842274,41.297784],[19.840733,41.299312],[19.840263,41.299773],[19.839826,41.30022],[19.839431,41.300658],[19.838993,41.301167],[19.838551,41.301689],[19.838064,41.302269],[19.837923,41.302424],[19.837773,41.302567],[19.837614,41.302701],[19.837453,41.302819],[19.837261,41.302946],[19.837047,41.303066],[19.836833,41.303175],[19.83658,41.303278],[19.836338,41.30336],[19.835312,41.303635],[19.834845,41.303762],[19.834591,41.303818],[19.834346,41.303859],[19.834094,41.303883],[19.833848,41.303899],[19.83362,41.3039],[19.833313,41.303882],[19.83298,41.303843],[19.83263,41.30377],[19.83236,41.3037],[19.832111,41.303631],[19.830822,41.303266],[19.830531,41.303187],[19.830352,41.303143],[19.830159,41.303105],[19.829935,41.30307],[19.829705,41.303051],[19.829473,41.30304],[19.829233,41.303041],[19.828945,41.303058],[19.828669,41.30309],[19.828381,41.303145],[19.828134,41.30321],[19.827885,41.303286],[19.82763,41.303386],[19.826575,41.303804],[19.826133,41.303965],[19.825702,41.304111],[19.825262,41.304253],[19.824926,41.304353],[19.824561,41.304453]]},"properties":{"name":"Unaza e Madhe e Tiranës"}},{"type":"Feature","geometry":{"type":"LineString","coordinates":[[19.816584,41.305717],[19.816924,41.305569],[19.817098,41.305494],[19.817312,41.305413],[19.817392,41.305385],[19.817472,41.305357],[19.817611,41.305315],[19.817748,41.305281],[19.817974,41.305233],[19.818209,41.305194],[19.818468,41.305164],[19.818709,41.305151],[19.818936,41.30515],[19.819122,41.305154],[19.819639,41.305163],[19.820079,41.305149],[19.820482,41.305128],[19.820956,41.305085],[19.821312,41.305041],[19.821665,41.304995],[19.821943,41.304949],[19.822571,41.304822],[19.822991,41.304726],[19.823768,41.304548],[19.824197,41.304447],[19.824522,41.304364],[19.82489,41.304255],[19.825213,41.30416],[19.825642,41.304025],[19.826077,41.303876],[19.826525,41.30371],[19.827567,41.303296],[19.827835,41.303191],[19.828089,41.303107],[19.828345,41.303047],[19.828661,41.302988],[19.828927,41.302957],[19.829217,41.302941],[19.829466,41.302944],[19.829712,41.302957],[19.829956,41.30298],[19.830182,41.303011],[19.830371,41.303047],[19.83058,41.303098],[19.830859,41.303175],[19.832162,41.303542],[19.832399,41.303608],[19.832661,41.303678],[19.833016,41.303749],[19.833313,41.303786],[19.833443,41.303792],[19.833655,41.303801],[19.833838,41.3038],[19.834074,41.303787],[19.834333,41.303761],[19.834561,41.303725],[19.834831,41.303668],[19.835281,41.303548],[19.836301,41.303268],[19.836529,41.303188],[19.836771,41.30309],[19.836996,41.302977],[19.83719,41.302865],[19.837387,41.302737],[19.837554,41.302611],[19.837673,41.302505],[19.837831,41.302347],[19.837878,41.302297],[19.837969,41.3022],[19.838348,41.301741],[19.83844,41.30163],[19.838877,41.301099],[19.839692,41.30016],[19.840619,41.299242],[19.842169,41.297718],[19.843885,41.296034],[19.846032,41.293922],[19.84637,41.293591],[19.847282,41.292696],[19.848822,41.291152],[19.84908,41.29087],[19.84961,41.29026],[19.850056,41.289665],[19.850344,41.289261],[19.85061,41.288875],[19.850858,41.288497],[19.851049,41.288177],[19.85125,41.287844],[19.851452,41.287468],[19.851592,41.287185],[19.851721,41.286915],[19.851905,41.286519],[19.852143,41.28598]]},"properties":{"name":"Unaza e Madhe e Tiranës"}},{"type":"Feature","geometry":{"type":"LineString","coordinates":[[19.823056,41.30529],[19.822786,41.305249],[19.822677,41.305234],[19.822551,41.30523],[19.822369,41.305225],[19.822044,41.305203],[19.821972,41.30518],[19.821956,41.305142],[19.821877,41.304854],[19.821814,41.304675]]},"properties":{"name":"Rruga Hiqmet Buzi"}},{"type":"Feature","geometry":{"type":"LineString","coordinates":[[19.821664,41.304582],[19.821505,41.304642],[19.821439,41.304667],[19.821303,41.304738],[19.821197,41.304793],[19.82113,41.304828],[19.821028,41.304874],[19.82093,41.304914],[19.820859,41.304938],[19.820784,41.304957],[19.820738,41.304963],[19.820653,41.304976],[19.820515,41.304985],[19.820319,41.304998],[19.819924,41.305012],[19.81977,41.305003],[19.819412,41.30499],[19.819068,41.304977],[19.818861,41.304972],[19.818697,41.304974],[19.818535,41.304983],[19.818349,41.305],[19.818241,41.305007],[19.818155,41.305007],[19.818082,41.305002],[19.818017,41.304994],[19.817939,41.304977],[19.81786,41.304954],[19.817756,41.304922],[19.817658,41.304901],[19.817487,41.304934],[19.816521,41.305168],[19.815796,41.305317],[19.815638,41.305343],[19.815523,41.305365],[19.815465,41.30538],[19.815383,41.305426],[19.815212,41.305523],[19.815101,41.305605],[19.814906,41.305756],[19.814888,41.30577],[19.814838,41.305809],[19.814776,41.305875],[19.814559,41.306148],[19.814423,41.306289],[19.814394,41.30632],[19.814256,41.306444],[19.814175,41.306504],[19.814111,41.306549],[19.814061,41.306585],[19.813841,41.306738],[19.813744,41.306795],[19.813673,41.306837],[19.813446,41.306943],[19.813044,41.307138],[19.813012,41.307153],[19.812848,41.307234],[19.812442,41.307486],[19.812258,41.307635],[19.812187,41.307695],[19.811941,41.307889],[19.811715,41.308064],[19.8116,41.308142],[19.811538,41.3082],[19.811491,41.308254],[19.811445,41.308316],[19.811404,41.308379],[19.811325,41.308519],[19.811276,41.308639],[19.811219,41.308765],[19.811173,41.308863],[19.811109,41.308962],[19.811049,41.30905],[19.811001,41.309108],[19.810955,41.309158],[19.810893,41.309222],[19.810835,41.309277],[19.810755,41.309345]]},"properties":{"name":"Rruga Liqeni i Thatë"}},{"type":"Feature","geometry":{"type":"LineString","coordinates":[[19.811219,41.309751],[19.811247,41.309878]]},"properties":{"name":"Rruga Kristo Luarasi"}},{"type":"Feature","geometry":{"type":"LineString","coordinates":[[19.814948,41.312675],[19.814866,41.31264],[19.814752,41.312585],[19.814732,41.312575],[19.814678,41.312548],[19.814607,41.312498],[19.814356,41.312319],[19.814248,41.312237],[19.814132,41.312142],[19.814042,41.312069],[19.813912,41.311964],[19.813231,41.311447],[19.812572,41.310961],[19.812545,41.310941],[19.812369,41.310816],[19.812197,41.310694],[19.812137,41.310648],[19.812044,41.310578],[19.811933,41.310493],[19.811872,41.310446],[19.811643,41.310257],[19.811522,41.310157],[19.811441,41.310084],[19.811325,41.30999],[19.811247,41.309878],[19.811153,41.309779]]},"properties":{"name":"Rruga Kristo Luarasi"}},{"type":"Feature","geometry":{"type":"LineString","coordinates":[[19.814706,41.318574],[19.814756,41.318617],[19.814851,41.318666],[19.81494,41.318698],[19.815046,41.318729]]},"properties":{"name":"Rruga Abdyl Frashëri"}},{"type":"Feature","geometry":{"type":"LineString","coordinates":[[19.820763,41.319563],[19.82067,41.319551],[19.819816,41.319438],[19.819485,41.319393],[19.818756,41.319299],[19.818738,41.319296],[19.818647,41.319282],[19.818604,41.319276],[19.81854,41.319266],[19.818514,41.319262],[19.818241,41.319221],[19.818214,41.319217],[19.817813,41.319157],[19.817768,41.319151],[19.817507,41.319112],[19.817098,41.31905],[19.816881,41.319018],[19.816623,41.318979],[19.816542,41.318967],[19.816432,41.31895],[19.816093,41.318896],[19.815751,41.318841],[19.815346,41.318777],[19.815151,41.318746],[19.815046,41.318729],[19.814913,41.318733],[19.81483,41.318728],[19.814544,41.318668]]},"properties":{"name":"Rruga Abdyl Frashëri"}},{"type":"Feature","geometry":{"type":"LineString","coordinates":[[19.821086,41.318375],[19.8211,41.318317],[19.821097,41.318269],[19.821092,41.318248]]},"properties":{"name":"Sheshi Nënë Tereza"}},{"type":"Feature","geometry":{"type":"LineString","coordinates":[[19.821264,41.318277],[19.821256,41.318291],[19.821238,41.318334],[19.821217,41.318391]]},"properties":{"name":"Sheshi Nënë Tereza"}},{"type":"Feature","geometry":{"type":"LineString","coordinates":[[19.820675,41.330617],[19.820666,41.330809],[19.820646,41.330849],[19.820471,41.331149],[19.820262,41.331506],[19.819926,41.332085],[19.819777,41.33234],[19.819723,41.332433],[19.819623,41.332604],[19.819572,41.332692],[19.819448,41.332903],[19.819429,41.332937],[19.819312,41.333138],[19.81898,41.333709],[19.818845,41.333941],[19.81882,41.333985],[19.818697,41.334197],[19.818607,41.334353],[19.818412,41.334689],[19.818219,41.335022],[19.818202,41.335051],[19.818103,41.335222],[19.818043,41.335326],[19.817777,41.335788],[19.817625,41.336014],[19.817616,41.336031],[19.817608,41.336043],[19.817437,41.33609]]},"properties":{"name":"Rruga e Barrikadave"}},{"type":"Feature","geometry":{"type":"LineString","coordinates":[[19.817447,41.323667],[19.81746,41.323616],[19.817464,41.323602],[19.81754,41.323311],[19.817546,41.323287],[19.817561,41.32323]]},"properties":{"name":"Rruga Ibrahim Rugova"}},{"type":"Feature","geometry":{"type":"LineString","coordinates":[[19.810669,41.309403],[19.810695,41.309386],[19.810755,41.309345]]},"properties":{"name":"Hiqmet Buzi"}},{"type":"Feature","geometry":{"type":"LineString","coordinates":[[19.765727,41.340905],[19.765637,41.340819],[19.765533,41.340718],[19.765406,41.340597],[19.764355,41.339589],[19.763744,41.339039],[19.763581,41.338893],[19.763372,41.338714]]},"properties":{"name":"Rruga Kasem Shima"}},{"type":"Feature","geometry":{"type":"LineString","coordinates":[[19.765727,41.340905],[19.766156,41.340631],[19.767575,41.339672],[19.767623,41.33964],[19.767932,41.339414],[19.768299,41.339143],[19.769171,41.33854],[19.769313,41.33845],[19.769535,41.338312],[19.769612,41.338266],[19.769865,41.338084],[19.770775,41.337455]]},"properties":{"name":"Rruga Muharrem Çauhshi"}},{"type":"Feature","geometry":{"type":"LineString","coordinates":[[19.773449,41.335581],[19.773273,41.335704],[19.77299,41.335903],[19.772935,41.335942],[19.772849,41.336038]]},"properties":{"name":"Rruga Muharrem Çauhshi"}},{"type":"Feature","geometry":{"type":"LineString","coordinates":[[19.773482,41.33565],[19.77333,41.335753],[19.773106,41.335902],[19.77299,41.335979],[19.772849,41.336038],[19.772773,41.33609],[19.772464,41.336303],[19.772085,41.336563]]},"properties":{"name":"Rruga Muharrem Çauhshi"}},{"type":"Feature","geometry":{"type":"LineString","coordinates":[[19.770775,41.337455],[19.770961,41.337281],[19.771119,41.337166],[19.771229,41.337093],[19.771354,41.33701],[19.771419,41.336965],[19.771453,41.336942],[19.771472,41.33693],[19.771774,41.336707],[19.771891,41.336644],[19.772085,41.336563],[19.77194,41.336698],[19.771517,41.336984],[19.77146,41.337023],[19.771393,41.337067],[19.771273,41.337148],[19.771181,41.33721],[19.771012,41.337328],[19.770775,41.337455]]},"properties":{"name":"Rruga Muharrem Çauhshi"}},{"type":"Feature","geometry":{"type":"LineString","coordinates":[[19.773449,41.335581],[19.773612,41.335471],[19.77407,41.335161],[19.77434,41.334979],[19.774424,41.334922],[19.775019,41.334521],[19.775134,41.334443],[19.775203,41.334396],[19.775329,41.33431],[19.775358,41.334291],[19.775419,41.334249],[19.776277,41.33367],[19.776631,41.333431],[19.776813,41.333308],[19.776864,41.333273],[19.777328,41.33296],[19.778432,41.332214],[19.778536,41.332143],[19.778677,41.332049],[19.779564,41.331457],[19.779592,41.331438],[19.780068,41.33113],[19.780226,41.331037],[19.780354,41.330955]]},"properties":{"name":"Rruga Sokrat Miho"}},{"type":"Feature","geometry":{"type":"LineString","coordinates":[[19.780405,41.331016],[19.780285,41.331091],[19.780187,41.331151],[19.779994,41.331275],[19.779089,41.331897],[19.778754,41.33212],[19.778608,41.332216],[19.778504,41.332287],[19.777498,41.332961],[19.777407,41.333021],[19.776939,41.333335],[19.776866,41.333384],[19.776807,41.333424],[19.7767,41.333495],[19.775982,41.333973],[19.77574,41.334135],[19.77542,41.334348],[19.77524,41.334474],[19.77518,41.334514],[19.775082,41.33458],[19.774491,41.334976],[19.773714,41.335497],[19.773673,41.335526],[19.773482,41.33565]]},"properties":{"name":"Rruga Sokrat Miho"}},{"type":"Feature","geometry":{"type":"LineString","coordinates":[[19.780354,41.330955],[19.780418,41.330914],[19.780652,41.330764],[19.780684,41.330744],[19.780896,41.330608],[19.781707,41.330089],[19.781744,41.330066],[19.781808,41.330025],[19.781852,41.329997],[19.782131,41.329818],[19.782183,41.329785],[19.782252,41.329739],[19.782868,41.329336],[19.782922,41.329301],[19.782947,41.329212]]},"properties":{"name":"Rruga Tom Plezha"}},{"type":"Feature","geometry":{"type":"LineString","coordinates":[[19.783099,41.329325],[19.783038,41.329339],[19.78299,41.329349],[19.782935,41.329384],[19.782602,41.329594],[19.7823,41.329785],[19.782232,41.329828],[19.782184,41.329859],[19.780471,41.330975],[19.780405,41.331016]]},"properties":{"name":"Rruga Tom Plezha"}},{"type":"Feature","geometry":{"type":"LineString","coordinates":[[19.78345,41.329147],[19.783623,41.329198],[19.783907,41.329282],[19.784441,41.32944]]},"properties":{"name":"Bulevardi Migjeni"}},{"type":"Feature","geometry":{"type":"LineString","coordinates":[[19.78433,41.329523],[19.783982,41.32942],[19.783569,41.329298],[19.783405,41.329251]]},"properties":{"name":"Bulevardi Migjeni"}},{"type":"Feature","geometry":{"type":"LineString","coordinates":[[19.786577,41.339096],[19.786464,41.338962],[19.786417,41.338907],[19.786117,41.338552],[19.785706,41.338161],[19.785475,41.337933],[19.785042,41.337497],[19.784555,41.336974],[19.784072,41.33643],[19.783831,41.336122],[19.783657,41.33587],[19.783534,41.335649],[19.783435,41.335424],[19.783378,41.335299],[19.783342,41.335189],[19.783307,41.335053],[19.783257,41.334834],[19.783223,41.334624],[19.783211,41.334419],[19.783223,41.334093],[19.783242,41.3339],[19.783289,41.333662],[19.783375,41.333382],[19.783414,41.333293],[19.783464,41.33318],[19.783752,41.332624],[19.783863,41.332418],[19.783987,41.332208],[19.784148,41.331981],[19.784227,41.331812],[19.784327,41.331567],[19.784357,41.331506],[19.784691,41.330833],[19.784952,41.330367],[19.785069,41.330157],[19.785223,41.329867],[19.785261,41.329796],[19.785313,41.329697],[19.785353,41.329622],[19.785368,41.329595],[19.785536,41.329277],[19.78557,41.329213],[19.786096,41.328274],[19.786248,41.327966],[19.786641,41.327184],[19.787101,41.326312],[19.787144,41.32623],[19.787324,41.325921],[19.787463,41.325681],[19.78756,41.325525],[19.787581,41.325494],[19.787859,41.325087],[19.788121,41.324742],[19.788275,41.324506],[19.788601,41.324098],[19.788667,41.324023],[19.788779,41.323885],[19.788871,41.32374],[19.788959,41.323562],[19.789108,41.323231],[19.789182,41.323073],[19.789309,41.322839],[19.78941,41.322668],[19.789511,41.322484],[19.789619,41.322341],[19.789727,41.322247],[19.789881,41.322158],[19.790045,41.3221],[19.790193,41.322081],[19.790343,41.322086],[19.790485,41.322063]]},"properties":{"name":"Rruga Teodor Keko"}},{"type":"Feature","geometry":{"type":"LineString","coordinates":[[19.785992,41.339285],[19.785883,41.339167],[19.785338,41.338598],[19.785179,41.338431],[19.784598,41.337732],[19.784177,41.337175],[19.783624,41.336486],[19.783342,41.336106],[19.783278,41.336008],[19.783146,41.335778],[19.783107,41.335701],[19.783016,41.335493],[19.782937,41.335283],[19.782921,41.335212],[19.782897,41.335131],[19.78283,41.334803],[19.782798,41.334602],[19.782791,41.334458],[19.782799,41.334051],[19.782816,41.33387],[19.782855,41.333672],[19.782921,41.33345],[19.782941,41.333396],[19.783046,41.333112],[19.783151,41.332888],[19.783282,41.332609],[19.783512,41.332203],[19.783553,41.332132],[19.783821,41.331619],[19.783975,41.331331],[19.784218,41.330877],[19.784264,41.330789],[19.784564,41.330211],[19.784647,41.330034],[19.784798,41.329763],[19.784811,41.329739],[19.784819,41.329725],[19.784847,41.329674],[19.784902,41.329576],[19.784947,41.329496],[19.784954,41.329482],[19.785124,41.329177],[19.78541,41.328654],[19.785823,41.327795],[19.786302,41.326931],[19.786724,41.326151],[19.786828,41.325955],[19.786967,41.325659],[19.787135,41.325263]]},"properties":{"name":"Rruga Teodor Keko"}},{"type":"Feature","geometry":{"type":"LineString","coordinates":[[19.788536,41.32297],[19.788626,41.322876],[19.78874,41.322767],[19.788785,41.322713],[19.788933,41.322443],[19.788984,41.322326],[19.789026,41.322226],[19.789128,41.321944],[19.789155,41.321876],[19.789187,41.321793]]},"properties":{"name":"Rruga Teodor Keko"}},{"type":"Feature","geometry":{"type":"LineString","coordinates":[[19.786577,41.339096],[19.786718,41.339059],[19.786979,41.338976],[19.787321,41.33887],[19.787699,41.33875],[19.78802,41.338649],[19.788292,41.338563],[19.788399,41.338526],[19.788726,41.338412],[19.788871,41.338358],[19.789291,41.338216],[19.78954,41.338129],[19.789571,41.338119],[19.789859,41.338021],[19.789992,41.337974],[19.790077,41.337944],[19.790345,41.337851],[19.790986,41.337628],[19.791832,41.337347],[19.792281,41.337179],[19.79252,41.337097],[19.792649,41.337052],[19.79348,41.336763],[19.794058,41.336563],[19.794465,41.336419],[19.795013,41.336229],[19.795551,41.336045],[19.795891,41.335927],[19.796154,41.335835],[19.796262,41.335798],[19.796363,41.335763],[19.796524,41.335708],[19.796994,41.335547],[19.797075,41.335519],[19.79769,41.335307],[19.797932,41.335223],[19.798104,41.335162],[19.798477,41.335035],[19.799197,41.334783],[19.799544,41.334664],[19.80016,41.334447],[19.800259,41.334413],[19.800524,41.33432],[19.800901,41.334189],[19.80093,41.334178],[19.801293,41.334053],[19.801347,41.334034],[19.801379,41.334023],[19.801398,41.334016],[19.801881,41.333848],[19.802298,41.333704],[19.802468,41.333644],[19.803564,41.333264],[19.803778,41.333153],[19.803815,41.333122],[19.803924,41.333023],[19.804006,41.332948]]},"properties":{"name":"Rruga Dritan Hoxha"}},{"type":"Feature","geometry":{"type":"LineString","coordinates":[[19.80425,41.333307],[19.804137,41.333306],[19.804067,41.333308],[19.804019,41.333308],[19.80388,41.333322],[19.803748,41.333336],[19.803631,41.333361],[19.803485,41.333408],[19.802513,41.333741],[19.802233,41.333838],[19.801508,41.334092],[19.801343,41.334148],[19.801313,41.334158],[19.800893,41.334305],[19.800026,41.334607],[19.79911,41.334926],[19.797968,41.335323],[19.797325,41.335549],[19.797196,41.335594],[19.796714,41.335763],[19.796585,41.335808],[19.79643,41.335862],[19.795538,41.336171],[19.794678,41.336469],[19.793539,41.336865],[19.793082,41.337024],[19.792895,41.33709],[19.79271,41.337154],[19.792576,41.337201],[19.792307,41.337295],[19.790382,41.337965],[19.790059,41.338079],[19.789706,41.338201],[19.788406,41.338669],[19.788224,41.338732],[19.787532,41.33897],[19.78731,41.33905],[19.786936,41.339181],[19.786842,41.339216],[19.786717,41.339262]]},"properties":{"name":"Rruga Dritan Hoxha"}},{"type":"Feature","geometry":{"type":"LineString","coordinates":[[19.804629,41.332781],[19.804747,41.332784],[19.804822,41.332782],[19.804906,41.33278],[19.804964,41.332774],[19.805085,41.33275],[19.805608,41.332603],[19.805896,41.332504],[19.80613,41.332424],[19.806372,41.33234],[19.806809,41.332188],[19.806884,41.332162],[19.807142,41.332072],[19.807433,41.331968],[19.807705,41.331871],[19.808035,41.331757],[19.808085,41.33174],[19.809174,41.331364],[19.809268,41.331331],[19.809689,41.331185],[19.810559,41.330882],[19.810634,41.330856],[19.811419,41.330583],[19.811729,41.330475],[19.811947,41.330399],[19.812071,41.330356],[19.812196,41.330312],[19.812558,41.330186],[19.813094,41.33],[19.813232,41.329952],[19.813889,41.329723],[19.814512,41.329506],[19.814851,41.329388],[19.814898,41.329372],[19.815097,41.329303],[19.815284,41.329238],[19.815631,41.329116],[19.815739,41.329079],[19.815878,41.329031],[19.815978,41.328988]]},"properties":{"name":"Rruga e Durrësit"}},{"type":"Feature","geometry":{"type":"LineString","coordinates":[[19.815685,41.32822],[19.815061,41.328248],[19.814736,41.328262],[19.813666,41.328309],[19.813556,41.328314],[19.813142,41.328332],[19.813019,41.328337],[19.81228,41.328366],[19.812104,41.328367],[19.811944,41.32836],[19.811692,41.328332],[19.811603,41.328317],[19.81149,41.328294],[19.81139,41.328269],[19.811359,41.328261],[19.811212,41.328217],[19.811074,41.328172],[19.810704,41.328056],[19.810307,41.327932],[19.809958,41.327824],[19.809719,41.327751],[19.809307,41.327623],[19.808717,41.32744],[19.808544,41.327386],[19.808395,41.32734],[19.808191,41.327278],[19.807839,41.327167],[19.807786,41.32715],[19.807715,41.327128],[19.807648,41.327108],[19.807396,41.327029],[19.806776,41.326836],[19.806618,41.326787],[19.806382,41.326714],[19.805413,41.326412],[19.805299,41.326377],[19.80523,41.326355],[19.805059,41.326302],[19.804619,41.326165],[19.804004,41.325974],[19.803855,41.325927],[19.80379,41.325907],[19.803645,41.325862],[19.803597,41.325847],[19.803499,41.325816],[19.803393,41.325783],[19.803307,41.325756],[19.80313,41.325701],[19.803001,41.325661],[19.80053,41.324906],[19.800408,41.324869],[19.798522,41.3243],[19.798017,41.324152],[19.797513,41.324009],[19.797393,41.323975],[19.79708,41.323888],[19.796966,41.323855],[19.796838,41.323819],[19.796681,41.323774],[19.795309,41.323385],[19.794532,41.323167],[19.794406,41.323131],[19.793367,41.322832],[19.792951,41.32272],[19.79267,41.322644],[19.792311,41.322547],[19.792286,41.32254],[19.792039,41.322476],[19.791994,41.322464],[19.791527,41.322333],[19.791449,41.322314],[19.791391,41.322298],[19.79129,41.322272],[19.790615,41.322097],[19.790585,41.322089],[19.790485,41.322063],[19.790164,41.321977],[19.790067,41.321961],[19.789851,41.321938],[19.789702,41.321914],[19.789592,41.321881]]},"properties":{"name":"Rruga e Kavajës"}},{"type":"Feature","geometry":{"type":"LineString","coordinates":[[19.789769,41.321558],[19.789855,41.321615],[19.789938,41.321675],[19.790008,41.321725],[19.79014,41.3218],[19.790252,41.321849],[19.79041,41.321895],[19.790647,41.321968],[19.790855,41.322027],[19.791296,41.322152],[19.791494,41.322208],[19.791591,41.322234],[19.792068,41.322367],[19.792097,41.322376],[19.792126,41.322385],[19.792337,41.322446],[19.79273,41.322561],[19.793049,41.322652],[19.793377,41.322741],[19.793893,41.322888],[19.794574,41.323079],[19.795444,41.323324],[19.79554,41.323351],[19.796022,41.323487],[19.796118,41.323514],[19.796886,41.32373],[19.797012,41.323766],[19.797344,41.323859],[19.797439,41.323886],[19.797556,41.32392],[19.798178,41.3241],[19.798788,41.324276],[19.799466,41.324477],[19.800323,41.324732],[19.800584,41.324811],[19.802763,41.325482],[19.803186,41.325611],[19.803308,41.325649],[19.80335,41.325663],[19.803433,41.325688],[19.803537,41.325721],[19.803641,41.325753],[19.803807,41.325806],[19.80425,41.325944],[19.804665,41.326074],[19.80528,41.326266],[19.805348,41.326286],[19.805429,41.326311],[19.805463,41.326322],[19.806312,41.326582],[19.806667,41.326694],[19.806875,41.326757],[19.807694,41.327011],[19.807761,41.327032],[19.80779,41.327041],[19.807833,41.327054],[19.80789,41.327072],[19.808119,41.327142],[19.808454,41.327246],[19.808598,41.327291],[19.808973,41.327406],[19.809211,41.327479],[19.809624,41.327609],[19.809705,41.327635],[19.810009,41.327729],[19.810162,41.327775],[19.811094,41.328062],[19.811263,41.328116],[19.811386,41.32815],[19.811417,41.328159],[19.811514,41.328183],[19.811721,41.328222],[19.811967,41.328251],[19.812133,41.32826],[19.812283,41.32826],[19.812384,41.328256],[19.812905,41.328233],[19.813011,41.328228],[19.813568,41.328204],[19.813659,41.328199],[19.814009,41.328183],[19.814803,41.328149],[19.815236,41.32813],[19.815592,41.328113],[19.81602,41.328095],[19.816065,41.328093],[19.816211,41.3281]]},"properties":{"name":"Rruga e Kavajës"}},{"type":"Feature","geometry":{"type":"LineString","coordinates":[[19.789145,41.321736],[19.789067,41.321682],[19.788996,41.321639],[19.788914,41.321587],[19.788842,41.321549],[19.788764,41.321511],[19.788711,41.321487],[19.788639,41.321454],[19.788536,41.321411],[19.788385,41.321361],[19.788303,41.321332],[19.788163,41.321282],[19.787886,41.321183],[19.787777,41.321136],[19.787698,41.321104],[19.787648,41.321083],[19.787582,41.321061],[19.787126,41.320909],[19.786496,41.320694],[19.784791,41.320118],[19.784207,41.319921],[19.784182,41.319913],[19.78396,41.319831],[19.783755,41.319757],[19.783218,41.319591],[19.782882,41.319486],[19.782574,41.319391],[19.782309,41.319309],[19.781706,41.319115],[19.78134,41.318999],[19.780563,41.318759],[19.780306,41.318682],[19.779864,41.318543],[19.779794,41.31852],[19.779716,41.318497],[19.77971,41.318495],[19.778147,41.318016],[19.777599,41.317859]]},"properties":{"name":"Rruga Konferenca e Pezës"}},{"type":"Feature","geometry":{"type":"LineString","coordinates":[[19.789349,41.321417],[19.789218,41.32141],[19.789099,41.321406],[19.788917,41.321398],[19.788806,41.321385],[19.78865,41.321349],[19.788497,41.321299],[19.788358,41.321254],[19.788007,41.321135],[19.787862,41.321089],[19.787796,41.321068],[19.787687,41.321033],[19.787621,41.321013],[19.787372,41.320929],[19.78727,41.320893],[19.786696,41.320694],[19.786585,41.320656],[19.786534,41.320639],[19.786115,41.320496],[19.785628,41.32033],[19.78556,41.320306],[19.784779,41.320051],[19.784428,41.319932],[19.784212,41.319864],[19.784043,41.319804],[19.783828,41.319729],[19.783781,41.319713],[19.782974,41.319463],[19.782354,41.319272],[19.781955,41.319151],[19.781537,41.31902],[19.781399,41.318976],[19.780597,41.318715],[19.780328,41.318634],[19.779815,41.318476],[19.779738,41.318453],[19.779694,41.318439],[19.778459,41.318057],[19.778283,41.318002],[19.777784,41.317843],[19.777594,41.317785]]},"properties":{"name":"Rruga Konferenca e Pezës"}},{"type":"Feature","geometry":{"type":"LineString","coordinates":[[19.78396,41.319831],[19.783874,41.31987],[19.783858,41.319883],[19.783817,41.319912],[19.783706,41.320029],[19.783544,41.320226],[19.783462,41.320367],[19.783424,41.320482],[19.783405,41.320586],[19.783414,41.320681],[19.783441,41.320757],[19.783475,41.320816],[19.78354,41.320921],[19.783571,41.320975],[19.783593,41.321028],[19.783608,41.321079],[19.783611,41.321131],[19.783605,41.321172],[19.783589,41.321239],[19.783539,41.321369],[19.783325,41.321673],[19.783073,41.322047],[19.782865,41.322354],[19.782829,41.32241],[19.782709,41.322591],[19.782673,41.322632],[19.782662,41.322642],[19.782641,41.32266],[19.782576,41.322701],[19.782523,41.322729],[19.782437,41.322764],[19.782244,41.322842],[19.782143,41.322878],[19.782003,41.322929],[19.781845,41.322983],[19.781684,41.323027],[19.781386,41.323094],[19.781209,41.323123],[19.781097,41.323141],[19.780668,41.3232],[19.780348,41.323242],[19.780203,41.323257],[19.780101,41.323275],[19.780026,41.323286],[19.779975,41.323294],[19.77993,41.323301],[19.77967,41.32334],[19.779517,41.323365],[19.779478,41.32337],[19.779266,41.323401],[19.779061,41.323431],[19.778954,41.323447],[19.778896,41.323456],[19.778581,41.323503],[19.778142,41.323568],[19.777767,41.323624],[19.777677,41.323637],[19.777254,41.3237],[19.776852,41.32376],[19.776795,41.323769],[19.776738,41.323778],[19.776644,41.323792],[19.776545,41.323807],[19.776439,41.323835],[19.776301,41.323891],[19.776174,41.32395],[19.775528,41.324242],[19.775311,41.324341],[19.77497,41.324496],[19.774682,41.324626],[19.774488,41.324714],[19.7744,41.324754],[19.774364,41.324771],[19.774272,41.324812],[19.774218,41.324872],[19.774205,41.324887],[19.774158,41.324959],[19.774129,41.325019],[19.774117,41.325048],[19.774097,41.325103]]},"properties":{"name":"Rruga Tre Dëshmorët"}},{"type":"Feature","geometry":{"type":"LineString","coordinates":[[19.774119,41.325253],[19.77411,41.325193],[19.774097,41.325103],[19.77398,41.325257]]},"properties":{"name":"Rruga Tre Dëshmorët"}},{"type":"Feature","geometry":{"type":"LineString","coordinates":[[19.774072,41.325538],[19.773939,41.325656]]},"properties":{"name":"Rruga Kasem Qafëzezi"}},{"type":"Feature","geometry":{"type":"LineString","coordinates":[[19.774029,41.328371],[19.774026,41.328346],[19.774019,41.328293],[19.774,41.328134],[19.773972,41.327893],[19.773913,41.327413],[19.77391,41.32739],[19.773882,41.327173],[19.773851,41.326927],[19.773842,41.326862],[19.773804,41.326554],[19.7738,41.326526],[19.773796,41.326489],[19.773783,41.326282],[19.773792,41.326167],[19.773821,41.32606],[19.773832,41.326028],[19.773894,41.32581],[19.7739,41.325781],[19.77391,41.325753],[19.773939,41.325656],[19.773917,41.325539],[19.773908,41.325488]]},"properties":{"name":"Rruga Kasem Qafëzezi"}},{"type":"Feature","geometry":{"type":"LineString","coordinates":[[19.774029,41.328371],[19.774015,41.328516],[19.773988,41.328667],[19.77391,41.328849],[19.773903,41.328861],[19.77376,41.329095],[19.773571,41.329403],[19.773341,41.329809],[19.773311,41.329864],[19.773284,41.329913],[19.773272,41.329933],[19.773026,41.330318],[19.772933,41.33045],[19.772762,41.330691],[19.772702,41.330776],[19.77264,41.330848],[19.772572,41.33091],[19.772513,41.330961],[19.772294,41.331151],[19.771853,41.331532],[19.771308,41.331991],[19.77123,41.332064],[19.771169,41.33213],[19.771138,41.332171],[19.771106,41.332215],[19.771078,41.332264],[19.771039,41.33236],[19.771012,41.332453],[19.770937,41.332684],[19.770905,41.332765],[19.770878,41.332828],[19.770852,41.332879],[19.770811,41.332949],[19.770794,41.332977],[19.770775,41.333009],[19.770603,41.333214],[19.770401,41.333432],[19.770322,41.333514],[19.770246,41.333593],[19.770023,41.333824],[19.769964,41.333885]]},"properties":{"name":"Rruga 3 Dhëshmorët"}},{"type":"Feature","geometry":{"type":"LineString","coordinates":[[19.769964,41.333885],[19.769944,41.333905],[19.769893,41.33395],[19.769797,41.33401],[19.7697,41.334043],[19.769479,41.334103],[19.769406,41.334123],[19.768942,41.334254],[19.768767,41.334316],[19.768653,41.334387],[19.768564,41.334467],[19.768327,41.334731],[19.768145,41.334924],[19.768037,41.335036],[19.76769,41.335313],[19.767336,41.3356],[19.767185,41.335721],[19.767017,41.335855],[19.766898,41.33595],[19.766601,41.336188],[19.766157,41.336542],[19.76596,41.336691],[19.765757,41.336859],[19.765022,41.337418],[19.764827,41.337566],[19.764789,41.337595],[19.764561,41.337763],[19.764391,41.337889],[19.764367,41.337908],[19.763905,41.338264],[19.763807,41.338346],[19.763372,41.338714]]},"properties":{"name":"Rruga Gani Toptani"}},{"type":"Feature","geometry":{"type":"LineString","coordinates":[[19.76806,41.334856],[19.768145,41.334924]]},"properties":{"name":"Rruga Fadil Rada"}},{"type":"Feature","geometry":{"type":"LineString","coordinates":[[19.82048,41.328331],[19.820791,41.328392],[19.821018,41.328437],[19.821277,41.328487],[19.821439,41.328517],[19.821749,41.328578],[19.821889,41.328603],[19.822021,41.32863],[19.822326,41.328691],[19.822762,41.328779],[19.823006,41.328831],[19.823857,41.329003],[19.824308,41.329093],[19.824541,41.329126],[19.824734,41.329151],[19.824986,41.329213],[19.825176,41.329266],[19.82527,41.329312],[19.825328,41.329372],[19.82537,41.329547],[19.825438,41.329607]]},"properties":{"name":"Rruga Luigj Gurakuqi"}},{"type":"Feature","geometry":{"type":"LineString","coordinates":[[19.815284,41.329238],[19.814988,41.32949],[19.814968,41.329507],[19.814952,41.32952],[19.814643,41.329783],[19.814337,41.330027],[19.814246,41.330091],[19.813686,41.330483],[19.813624,41.330525],[19.813556,41.330566],[19.813364,41.33068],[19.813197,41.330775],[19.813093,41.330833],[19.812735,41.331023],[19.812655,41.331065],[19.812574,41.33111],[19.811938,41.331459],[19.811793,41.33154],[19.811682,41.331601],[19.81139,41.331764],[19.811162,41.331892],[19.811063,41.331944],[19.81088,41.33204],[19.810847,41.332058],[19.810545,41.332221],[19.809995,41.332519],[19.8099,41.332567],[19.809676,41.332649],[19.808748,41.332923],[19.808664,41.332947],[19.808074,41.333117],[19.807996,41.33314],[19.807843,41.333185],[19.807542,41.333273],[19.807181,41.333379],[19.806878,41.333468],[19.8067,41.333537],[19.806634,41.333575],[19.806574,41.333609],[19.806522,41.333644],[19.806449,41.333711],[19.806172,41.33411],[19.806163,41.334123],[19.806134,41.334163]]},"properties":{"name":"Rruga Mine Peza"}},{"type":"Feature","geometry":{"type":"LineString","coordinates":[[19.806134,41.334163],[19.806085,41.334244],[19.806034,41.334325],[19.806032,41.334329],[19.805987,41.334402],[19.80585,41.334616],[19.805735,41.334791],[19.805695,41.334851],[19.805529,41.335104],[19.805397,41.335304],[19.805385,41.335322],[19.805263,41.335505],[19.80517,41.335649],[19.805168,41.335651],[19.805009,41.335897],[19.804637,41.336468],[19.804626,41.336486],[19.804452,41.336756],[19.80438,41.336869],[19.804311,41.336977],[19.804295,41.337003],[19.804083,41.337343],[19.804024,41.337439],[19.803858,41.337692],[19.803818,41.337752],[19.803794,41.337788],[19.803641,41.338022],[19.803585,41.338109],[19.803528,41.338196],[19.803388,41.338416],[19.803264,41.338604],[19.803187,41.338721],[19.803157,41.33877],[19.803142,41.338794],[19.803127,41.338817],[19.802958,41.339066],[19.80282,41.339285],[19.802708,41.339449],[19.802533,41.339716],[19.802478,41.3398],[19.802335,41.340014],[19.802276,41.3401],[19.802067,41.340407],[19.801764,41.340865],[19.801732,41.340915],[19.801629,41.341072],[19.801426,41.341387],[19.801351,41.341497],[19.801183,41.341753],[19.801138,41.341822],[19.801021,41.342001],[19.80098,41.342064],[19.800942,41.342123],[19.800916,41.342163],[19.800853,41.342258],[19.800797,41.342348],[19.800723,41.342464],[19.800622,41.342559],[19.800521,41.342595]]},"properties":{"name":"Rruga Don Bosko"}},{"type":"Feature","geometry":{"type":"LineString","coordinates":[[19.80434,41.333325],[19.804488,41.333363],[19.804556,41.333383],[19.804593,41.333394],[19.804733,41.333442],[19.804852,41.333492],[19.804986,41.33356],[19.805176,41.33368],[19.805529,41.333919],[19.805722,41.334046],[19.805847,41.334123],[19.805916,41.334163],[19.806001,41.334208],[19.806085,41.334244],[19.806299,41.334325],[19.806323,41.334333],[19.806389,41.334353],[19.806482,41.334377],[19.806583,41.334395],[19.806717,41.334417],[19.807829,41.334592],[19.80908,41.3348],[19.809666,41.334898],[19.810292,41.335002],[19.810835,41.335092],[19.811087,41.335134],[19.811191,41.335152],[19.811312,41.335172],[19.811342,41.335177],[19.81223,41.335323],[19.812302,41.335335],[19.812408,41.335352],[19.812565,41.335378],[19.812586,41.335382],[19.813766,41.335575],[19.813799,41.335581],[19.814496,41.335691],[19.814761,41.335733],[19.815747,41.335889]]},"properties":{"name":"Rruga Asim Vokshi"}},{"type":"Feature","geometry":{"type":"LineString","coordinates":[[19.815767,41.335817],[19.815497,41.335774],[19.815008,41.335698],[19.81382,41.335509],[19.812586,41.335304],[19.812436,41.335279],[19.812252,41.33525],[19.812221,41.335245],[19.811841,41.33518],[19.811333,41.335099],[19.811212,41.33508],[19.811107,41.335063],[19.81108,41.335058],[19.810655,41.334986],[19.810217,41.334915],[19.809686,41.334828],[19.809417,41.334782],[19.809108,41.334731],[19.808715,41.334667],[19.808262,41.334593],[19.807818,41.33452],[19.807509,41.33447],[19.807389,41.334451],[19.806738,41.334342],[19.806603,41.334318],[19.80648,41.334289],[19.806391,41.334261],[19.806345,41.334247],[19.806241,41.334209],[19.806134,41.334163],[19.806105,41.33415],[19.806032,41.334117],[19.805922,41.334061],[19.805909,41.334053],[19.805737,41.33395],[19.805566,41.333841],[19.805278,41.333647],[19.80511,41.333535],[19.804979,41.333421],[19.804903,41.333326],[19.804873,41.333276],[19.804837,41.333204],[19.804785,41.333098]]},"properties":{"name":"Rruga Asim Vokshi"}},{"type":"Feature","geometry":{"type":"LineString","coordinates":[[19.786717,41.339262],[19.786163,41.33947],[19.785992,41.339285],[19.786577,41.339096]]},"properties":{"name":"Sheshi Shiqponja"}},{"type":"Feature","geometry":{"type":"LineString","coordinates":[[19.738559,41.352874],[19.738699,41.35282],[19.738877,41.352751],[19.739149,41.352646],[19.739592,41.352475],[19.739618,41.352465],[19.74072,41.352039]]},"properties":{"name":"Rruga Sadik Stavileci"}},{"type":"Feature","geometry":{"type":"LineString","coordinates":[[19.741204,41.352781],[19.74072,41.352039]]},"properties":{"name":"Rruga Nozllaku"}},{"type":"Feature","geometry":{"type":"LineString","coordinates":[[19.741204,41.352781],[19.741374,41.352724],[19.741444,41.352701],[19.741561,41.352667],[19.741583,41.352661],[19.741787,41.352601],[19.742045,41.352527],[19.742373,41.352434],[19.742588,41.352373],[19.74268,41.352337],[19.742777,41.352299],[19.742922,41.352215],[19.742991,41.352188],[19.743103,41.352146],[19.743196,41.352117],[19.743379,41.352067],[19.74362,41.352007],[19.743682,41.351989],[19.743788,41.351955],[19.743869,41.351917],[19.743899,41.351901],[19.744045,41.351813],[19.744095,41.351782],[19.744168,41.351731],[19.744261,41.351664],[19.744375,41.351578],[19.744534,41.35145],[19.744734,41.351294],[19.744798,41.351244],[19.744837,41.351214],[19.744999,41.351094],[19.745204,41.35094],[19.745268,41.350898],[19.745569,41.350699],[19.745833,41.350524],[19.745868,41.350501],[19.746057,41.35038],[19.74653,41.350076],[19.746566,41.350053],[19.746605,41.350028],[19.746749,41.349944],[19.746847,41.349898],[19.746953,41.349863],[19.747127,41.349819],[19.747328,41.349759],[19.747417,41.34972],[19.747573,41.3496]]},"properties":{"name":"Rruga 28 Nëntori"}},{"type":"Feature","geometry":{"type":"LineString","coordinates":[[19.747573,41.3496],[19.747767,41.34949],[19.747845,41.349446],[19.748026,41.349342],[19.748142,41.349275],[19.748243,41.349217],[19.749132,41.348704],[19.74949,41.348498],[19.74969,41.348384],[19.750586,41.347874],[19.75126,41.34749],[19.751311,41.347461],[19.751353,41.347437],[19.751431,41.347393],[19.751476,41.347369],[19.751969,41.347093],[19.752186,41.346974],[19.752442,41.346831],[19.752638,41.346708],[19.752683,41.34668],[19.75283,41.346579],[19.752991,41.346451],[19.753362,41.346184],[19.753417,41.346146],[19.753474,41.346113],[19.753617,41.346034],[19.753732,41.34597],[19.754098,41.345774],[19.754891,41.345191],[19.75578,41.344519],[19.756446,41.344016],[19.756524,41.343964],[19.756922,41.343667],[19.756961,41.343638],[19.757107,41.343531],[19.75725,41.343426],[19.757288,41.343397],[19.757506,41.34323],[19.757547,41.343199],[19.757632,41.343136],[19.757651,41.343121],[19.757865,41.342962],[19.75809,41.34279],[19.758403,41.342558],[19.758547,41.342451],[19.758686,41.342347],[19.758939,41.342158],[19.759055,41.342073],[19.759249,41.341927],[19.760019,41.34135],[19.760123,41.341272],[19.760402,41.341063],[19.760489,41.340998],[19.760653,41.340875],[19.76069,41.340847],[19.760987,41.340625],[19.76101,41.340608],[19.761229,41.340444],[19.761283,41.340401],[19.761362,41.340343],[19.761502,41.340238],[19.761588,41.340175],[19.761737,41.340064],[19.761775,41.340035],[19.761881,41.339953],[19.761949,41.339888],[19.762045,41.339798],[19.762108,41.339739],[19.762171,41.339678],[19.762303,41.339557],[19.762626,41.339258],[19.763005,41.338973],[19.763372,41.338714]]},"properties":{"name":"Rruga 7 Nëntori"}},{"type":"Feature","geometry":{"type":"LineString","coordinates":[[19.786163,41.33947],[19.786027,41.339521],[19.785744,41.339633],[19.785527,41.339734],[19.785286,41.339875],[19.78503,41.340012],[19.784758,41.340103],[19.784156,41.34027],[19.783723,41.340409],[19.783672,41.340425],[19.783361,41.340529],[19.78329,41.340551],[19.783084,41.340621],[19.7828,41.340627]]},"properties":{"name":"Rruga 29 Nëntori"}},{"type":"Feature","geometry":{"type":"LineString","coordinates":[[19.781116,41.341219],[19.78108,41.341287],[19.780902,41.341367],[19.780575,41.341513],[19.780345,41.341618],[19.780193,41.341679],[19.779796,41.341825],[19.7789,41.342156],[19.778001,41.34248],[19.777835,41.342589],[19.777743,41.342675],[19.777625,41.342789],[19.777488,41.342842]]},"properties":{"name":"Rruga 29 Nëntori"}},{"type":"Feature","geometry":{"type":"LineString","coordinates":[[19.777266,41.342253],[19.777479,41.342193],[19.777559,41.342168],[19.778117,41.341972],[19.778813,41.341733],[19.77936,41.341544],[19.779968,41.341342],[19.780185,41.341288],[19.780457,41.341222],[19.780494,41.341222],[19.780738,41.341227]]},"properties":{"name":"Rruga 29 Nëntori"}},{"type":"Feature","geometry":{"type":"LineString","coordinates":[[19.782435,41.34063],[19.782482,41.340584],[19.782601,41.340469],[19.782919,41.340354],[19.783166,41.340258],[19.783524,41.340119],[19.783608,41.340088],[19.784279,41.339831],[19.784754,41.339653],[19.78571,41.339382],[19.78585,41.339337],[19.785864,41.339333],[19.785992,41.339285]]},"properties":{"name":"Rruga 29 Nëntori"}},{"type":"Feature","geometry":{"type":"LineString","coordinates":[[19.7828,41.340627],[19.782476,41.340735],[19.782369,41.340774],[19.781819,41.340966],[19.78175,41.340991],[19.781478,41.341088],[19.781116,41.341219]]},"properties":{"name":"SH2"}},{"type":"Feature","geometry":{"type":"LineString","coordinates":[[19.780738,41.341227],[19.781195,41.341072],[19.782435,41.34063]]},"properties":{"name":"SH2"}},{"type":"Feature","geometry":{"type":"LineString","coordinates":[[19.774675,41.343795],[19.774565,41.343792],[19.774515,41.343788],[19.774427,41.343782]]},"properties":{"name":"Rruga Prishtina"}},{"type":"Feature","geometry":{"type":"LineString","coordinates":[[19.758125,41.349418],[19.758241,41.349378],[19.759152,41.34906],[19.760204,41.348692],[19.761241,41.348335],[19.762189,41.348004],[19.762427,41.347925],[19.762617,41.347857],[19.762684,41.347834],[19.764446,41.347221],[19.76512,41.346992],[19.765212,41.346961],[19.765414,41.346892],[19.765554,41.346842],[19.765601,41.346825],[19.766324,41.34657],[19.766442,41.346529],[19.76683,41.346394],[19.766857,41.346385],[19.767093,41.346303],[19.76718,41.346273],[19.768174,41.34593],[19.769793,41.345371],[19.769935,41.345321],[19.77005,41.345282],[19.770182,41.345236],[19.771232,41.344877],[19.771605,41.344753],[19.772882,41.344312],[19.774427,41.343782],[19.774609,41.343723],[19.774683,41.343702]]},"properties":{"name":"Rruga Prishtina"}},{"type":"Feature","geometry":{"type":"LineString","coordinates":[[19.758125,41.349418],[19.757786,41.349543],[19.757572,41.349624],[19.757189,41.34976],[19.757115,41.349787],[19.756014,41.350166],[19.755564,41.350336],[19.755105,41.350491],[19.75385,41.350899],[19.752605,41.351333],[19.752557,41.351349],[19.752492,41.351372],[19.751875,41.351587],[19.75179,41.351616],[19.751744,41.351632],[19.751364,41.351764],[19.751082,41.351862],[19.750874,41.351934],[19.750288,41.352137],[19.749992,41.352239],[19.749604,41.352374],[19.749375,41.352453],[19.749301,41.352479],[19.749246,41.352498],[19.749008,41.35258],[19.748969,41.352594],[19.748833,41.352641],[19.748752,41.352669],[19.748627,41.352713],[19.748458,41.352771],[19.748203,41.35286],[19.747944,41.352949],[19.747569,41.353079],[19.747529,41.353093],[19.747107,41.353239],[19.746664,41.353403],[19.745119,41.353926],[19.744722,41.354064],[19.743968,41.354327],[19.743693,41.354421]]},"properties":{"name":"Rruga Bylis"}},{"type":"Feature","geometry":{"type":"LineString","coordinates":[[19.743693,41.354421],[19.742979,41.354667],[19.742866,41.354706],[19.742791,41.354733],[19.742608,41.354797],[19.742521,41.354827],[19.741836,41.355065],[19.741682,41.355119],[19.741153,41.355302],[19.740903,41.355389],[19.740417,41.355556],[19.739949,41.355721],[19.73961,41.355836],[19.739015,41.356043],[19.738843,41.356103],[19.738736,41.35614],[19.737846,41.356452],[19.736314,41.356982],[19.736012,41.357087],[19.735299,41.357333],[19.734179,41.357733],[19.733583,41.357934],[19.733088,41.358101],[19.732942,41.358152],[19.732587,41.358275],[19.732519,41.358299],[19.732112,41.358441],[19.73203,41.358469],[19.731925,41.358506],[19.731862,41.358528],[19.731407,41.358686]]},"properties":{"name":"Rruga Monun"}},{"type":"Feature","geometry":{"type":"LineString","coordinates":[[19.731407,41.358686],[19.73111,41.358789],[19.730123,41.359133],[19.729782,41.359252],[19.729323,41.359408],[19.729126,41.359478],[19.728952,41.359538],[19.728443,41.359712],[19.728117,41.359823],[19.727647,41.359988],[19.727191,41.360148],[19.727143,41.360165],[19.727103,41.360179],[19.726956,41.36023],[19.726788,41.360288],[19.726593,41.360353],[19.725978,41.360563],[19.725644,41.360676],[19.725349,41.360769],[19.725074,41.360851],[19.724527,41.361],[19.723422,41.361283],[19.72167,41.361733],[19.721483,41.361779],[19.721251,41.361835],[19.72095,41.361912],[19.719906,41.362183],[19.719572,41.362268],[19.719532,41.36228],[19.719104,41.36239],[19.71861,41.362516],[19.718279,41.362598],[19.718054,41.362655],[19.71796,41.362679],[19.717892,41.362696],[19.717718,41.36274],[19.717268,41.362857],[19.716828,41.362966],[19.716641,41.363013],[19.715188,41.36338],[19.714997,41.363428],[19.714951,41.363439],[19.714694,41.363509],[19.714668,41.363516],[19.714352,41.363603],[19.714269,41.363624],[19.714184,41.363649],[19.714101,41.363688],[19.714018,41.363739]]},"properties":{"name":"Rruga Arberia"}},{"type":"Feature","geometry":{"type":"LineString","coordinates":[[19.714018,41.363739],[19.713962,41.363804],[19.713922,41.363886],[19.713906,41.363959],[19.713909,41.364028],[19.713925,41.364111],[19.713961,41.364269],[19.714028,41.364579],[19.7141,41.364898],[19.714112,41.364977],[19.714114,41.365029],[19.714109,41.365081],[19.714079,41.365148],[19.714042,41.365193],[19.713988,41.365241],[19.713868,41.365329],[19.713643,41.365482],[19.713198,41.36576],[19.712755,41.366026],[19.712082,41.366421],[19.712035,41.366454],[19.71193,41.366527],[19.710922,41.367128],[19.710668,41.367285],[19.710316,41.367505],[19.710028,41.367688],[19.709716,41.367887],[19.709224,41.368196],[19.709083,41.368284],[19.708805,41.368436],[19.708388,41.368627],[19.708225,41.368698],[19.708067,41.368769],[19.707985,41.368806],[19.707718,41.368921],[19.707214,41.369152],[19.706542,41.369467],[19.706485,41.369491],[19.706287,41.369573],[19.706241,41.369594],[19.706021,41.369697],[19.70559,41.369907],[19.70516,41.37015],[19.704958,41.370266],[19.704877,41.37031],[19.70466,41.370429],[19.7043,41.370643],[19.704221,41.370677],[19.704165,41.370698],[19.704076,41.370719],[19.703969,41.370736],[19.703875,41.370746],[19.703768,41.370751],[19.703605,41.370757],[19.703536,41.370758],[19.703385,41.370762],[19.70309,41.370764],[19.702994,41.370761],[19.702912,41.370752],[19.702848,41.370739],[19.702786,41.370723],[19.702484,41.370641],[19.702332,41.370599],[19.70195,41.370489],[19.701641,41.370399],[19.701571,41.370377],[19.701428,41.370317],[19.70133,41.37026],[19.701263,41.370221],[19.7012,41.370146],[19.701152,41.37007],[19.70112,41.370005],[19.701104,41.369918],[19.701086,41.369814],[19.701039,41.369477],[19.70102,41.369392],[19.700989,41.369329],[19.700926,41.369252],[19.700841,41.369201],[19.700701,41.369182],[19.700454,41.369215],[19.700048,41.369292],[19.699372,41.369423],[19.698824,41.369528],[19.69855,41.369581],[19.698029,41.369682],[19.697385,41.3698],[19.697099,41.369855],[19.696943,41.369885],[19.696205,41.370027],[19.695453,41.370172],[19.694867,41.370284],[19.69433,41.370391],[19.693821,41.37048],[19.692914,41.370654],[19.692641,41.370704],[19.692589,41.370714],[19.692554,41.37072],[19.691908,41.37084],[19.691586,41.370899],[19.691381,41.370937],[19.691227,41.370966],[19.691153,41.370979],[19.690954,41.371016],[19.690921,41.370967],[19.690896,41.370921],[19.690883,41.370873],[19.690874,41.370792],[19.690876,41.370714],[19.690897,41.370641],[19.690918,41.370584],[19.690947,41.370527],[19.691048,41.370349],[19.691089,41.370261],[19.691112,41.370195],[19.691117,41.370139],[19.691114,41.370074],[19.691091,41.369985],[19.691074,41.369936],[19.690839,41.369235],[19.690751,41.368949],[19.690583,41.368424],[19.690547,41.368227]]},"properties":{"name":"Rruga Egnatia"}},{"type":"Feature","geometry":{"type":"LineString","coordinates":[[19.690547,41.368227],[19.690531,41.368159],[19.690517,41.368095],[19.690486,41.368022],[19.690413,41.367933],[19.690222,41.367721],[19.690061,41.367532],[19.68998,41.367378]]},"properties":{"name":"Rruga e Limuthit"}},{"type":"Feature","geometry":{"type":"LineString","coordinates":[[19.776102,41.343584],[19.77621,41.343628],[19.776268,41.343681],[19.776302,41.343725],[19.776322,41.343795],[19.776304,41.343887],[19.776268,41.343946],[19.776136,41.344136],[19.776118,41.344164],[19.776009,41.344338],[19.77593,41.344458],[19.775686,41.344787],[19.775631,41.344861],[19.775152,41.345508],[19.774507,41.346379],[19.774177,41.34682],[19.774014,41.347038],[19.773926,41.347157],[19.773019,41.348378],[19.772543,41.349019],[19.772519,41.349051],[19.771309,41.350664],[19.771212,41.350801],[19.771161,41.35086],[19.771089,41.350952]]},"properties":{"name":"Rruga Kastriotët"}},{"type":"Feature","geometry":{"type":"LineString","coordinates":[[19.771905,41.360861],[19.771951,41.360775],[19.771993,41.360688],[19.772012,41.360616],[19.772022,41.360551],[19.772032,41.360302],[19.772042,41.360177],[19.772058,41.36007],[19.772081,41.359958],[19.772115,41.35986],[19.772164,41.359742],[19.772268,41.359557],[19.772321,41.35948],[19.772703,41.358974],[19.773078,41.358478]]},"properties":{"name":"Rruga Kastriotët"}},{"type":"Feature","geometry":{"type":"LineString","coordinates":[[19.776966,41.343174],[19.776895,41.34336],[19.776677,41.343644],[19.776628,41.343704],[19.776615,41.343722],[19.7761,41.344404],[19.77603,41.344498],[19.775403,41.345337],[19.774966,41.345903],[19.774608,41.3464],[19.774413,41.346667],[19.774304,41.346815],[19.77408,41.347107],[19.774013,41.347197],[19.773794,41.34749],[19.773462,41.347935],[19.773195,41.348291],[19.773012,41.348536],[19.772618,41.349064],[19.772517,41.349198],[19.772339,41.349437],[19.772155,41.349683],[19.771521,41.350548],[19.771446,41.350657],[19.771424,41.350688],[19.771178,41.351016]]},"properties":{"name":"Rruga Kastriotët"}},{"type":"Feature","geometry":{"type":"LineString","coordinates":[[19.770996,41.351248],[19.770892,41.351381],[19.770838,41.351451],[19.77077,41.351538],[19.770748,41.351566],[19.770704,41.351627],[19.770678,41.351691],[19.77067,41.351736],[19.770654,41.351827]]},"properties":{"name":"Rruga Kastriotët"}},{"type":"Feature","geometry":{"type":"LineString","coordinates":[[19.870728,41.331929],[19.87029,41.331998],[19.869988,41.332044],[19.86979,41.332079],[19.869391,41.332141],[19.868041,41.33238],[19.867943,41.332398],[19.867649,41.332449],[19.867582,41.332454],[19.867518,41.332452],[19.867454,41.332444],[19.867401,41.332429],[19.867135,41.332308],[19.866873,41.332176],[19.866809,41.332154],[19.866745,41.33214],[19.866677,41.332135],[19.866609,41.332141],[19.86655,41.332154],[19.866493,41.332173],[19.866377,41.332228],[19.866186,41.332349],[19.866004,41.332458],[19.865764,41.332612],[19.865588,41.332727],[19.865359,41.332876],[19.8651,41.33305],[19.865032,41.333096],[19.864812,41.33325],[19.864767,41.333284],[19.864736,41.333307],[19.864426,41.333514],[19.864288,41.33361],[19.86422,41.333652],[19.864145,41.333695],[19.864043,41.333752],[19.86391,41.33382],[19.863752,41.333897],[19.863592,41.333969],[19.863439,41.334031],[19.863347,41.334062],[19.863191,41.33411],[19.863043,41.334152],[19.862987,41.334165],[19.862849,41.334197],[19.86267,41.334237],[19.862491,41.334276],[19.862323,41.334308],[19.862197,41.334329],[19.861921,41.334371],[19.861522,41.334427],[19.860884,41.334526],[19.860818,41.334536],[19.860733,41.334544],[19.860608,41.334549],[19.860501,41.334545],[19.860392,41.334539],[19.860268,41.334527],[19.86023,41.334523],[19.859808,41.334482],[19.859689,41.33447],[19.859471,41.334448],[19.859314,41.334433],[19.859238,41.334425],[19.859183,41.334421],[19.859112,41.334416],[19.858991,41.334409],[19.858907,41.334412],[19.858883,41.334413],[19.858724,41.334431],[19.858606,41.334444],[19.858475,41.334466],[19.858346,41.334488],[19.858015,41.33455],[19.857322,41.334685],[19.85688,41.334761],[19.85679,41.334775],[19.85633,41.334845],[19.8562,41.334865],[19.856061,41.334883],[19.855882,41.334889],[19.855745,41.334883],[19.855604,41.334871],[19.855458,41.334849],[19.855211,41.334781],[19.854989,41.33472],[19.854783,41.334669],[19.85471,41.334658],[19.854637,41.334653],[19.854542,41.334652],[19.854475,41.334655],[19.854309,41.334671],[19.854088,41.33469],[19.854037,41.334693],[19.853981,41.334693],[19.853916,41.334689],[19.853884,41.334686],[19.853752,41.334656],[19.853679,41.334635]]},"properties":{"name":"Rruga Ali Shefqeti"}},{"type":"Feature","geometry":{"type":"LineString","coordinates":[[19.853679,41.334635],[19.85356,41.3346],[19.852931,41.33441],[19.852587,41.334305],[19.852071,41.334141],[19.85196,41.334106],[19.851778,41.334049],[19.851638,41.334009],[19.851593,41.334001],[19.851535,41.333995],[19.85147,41.333989],[19.851418,41.333989],[19.851365,41.333991],[19.851193,41.33401],[19.85105,41.334024],[19.850546,41.334076],[19.850421,41.33407],[19.850282,41.334043],[19.850199,41.334021]]},"properties":{"name":"Rruga e Shëngjergjt"}},{"type":"Feature","geometry":{"type":"LineString","coordinates":[[19.849411,41.333739],[19.84921,41.333708],[19.848985,41.333661],[19.848927,41.333646],[19.848705,41.333592],[19.848673,41.333585],[19.8486,41.333564],[19.848538,41.333543],[19.848471,41.333515],[19.847756,41.33319],[19.847735,41.33318],[19.847351,41.333005],[19.847206,41.332945],[19.84706,41.332884],[19.846326,41.332616],[19.846194,41.332563],[19.84609,41.33251],[19.845996,41.332454],[19.84564,41.332184],[19.845535,41.332104],[19.845442,41.332043],[19.845304,41.331951],[19.844967,41.331743]]},"properties":{"name":"Rruga Saimir Duçkollari"}},{"type":"Feature","geometry":{"type":"LineString","coordinates":[[19.844967,41.331743],[19.8448,41.331641],[19.844725,41.331595],[19.844643,41.331545],[19.844519,41.331469],[19.844417,41.331407],[19.844077,41.331203],[19.843894,41.331098],[19.84369,41.330981],[19.843548,41.330904],[19.843387,41.330822],[19.84332,41.330792],[19.843256,41.330764]]},"properties":{"name":"Rruga Fatos Xhani"}},{"type":"Feature","geometry":{"type":"LineString","coordinates":[[19.843256,41.330764],[19.843029,41.330669],[19.842789,41.33057],[19.842767,41.330561],[19.842746,41.330553],[19.842697,41.330534],[19.842644,41.330515],[19.842536,41.330486],[19.842494,41.330475],[19.842417,41.330467],[19.842346,41.330466],[19.842255,41.330471],[19.842176,41.33048],[19.842113,41.330495],[19.842046,41.330517],[19.841947,41.330565],[19.841865,41.330616],[19.841798,41.330658],[19.841651,41.330774],[19.841566,41.330841],[19.841506,41.330889],[19.841431,41.330937],[19.841372,41.330958],[19.841309,41.330974],[19.841235,41.330973],[19.841146,41.330966],[19.84109,41.330956],[19.841053,41.330949],[19.840831,41.33089],[19.840596,41.330827],[19.840207,41.330718],[19.840099,41.330687],[19.839924,41.330638],[19.839755,41.330599],[19.839694,41.330588],[19.839516,41.330552],[19.83929,41.330507],[19.838677,41.330399],[19.838583,41.33038],[19.838333,41.330328],[19.838254,41.330308],[19.838179,41.330281],[19.838128,41.330257],[19.838019,41.330186],[19.837964,41.330136],[19.837923,41.330081],[19.837862,41.329945],[19.837803,41.32972],[19.837766,41.32957],[19.837714,41.329394],[19.837674,41.329319],[19.837656,41.329287],[19.8375,41.329109],[19.837353,41.328952],[19.83714,41.328766],[19.836881,41.328526],[19.836697,41.328362],[19.836592,41.328268],[19.836471,41.328178],[19.836283,41.328049],[19.836189,41.327991],[19.836163,41.327974],[19.83612,41.327952],[19.835803,41.327792],[19.835637,41.327708],[19.835516,41.327646],[19.835249,41.327523],[19.835193,41.327506],[19.835095,41.327481],[19.835019,41.327468],[19.834972,41.327463],[19.834922,41.327461],[19.834864,41.327462],[19.834793,41.327464],[19.834664,41.327472],[19.834564,41.327474],[19.83444,41.32747],[19.834401,41.327467],[19.834371,41.327464],[19.834273,41.327456],[19.833818,41.327407],[19.833761,41.327402],[19.833637,41.3274],[19.833611,41.327402],[19.833538,41.327406],[19.83349,41.327416],[19.833176,41.327477],[19.832906,41.327539],[19.832845,41.327556],[19.832428,41.327674],[19.832334,41.327697],[19.832265,41.327711],[19.832109,41.327732],[19.831999,41.32774],[19.831959,41.327743],[19.83179,41.327745],[19.831656,41.327746],[19.831408,41.327746],[19.831332,41.327746],[19.830172,41.327746],[19.830033,41.327743],[19.829645,41.327743],[19.829441,41.327742],[19.829141,41.327742],[19.829097,41.327742]]},"properties":{"name":"Rruga Ali Demi"}},{"type":"Feature","geometry":{"type":"LineString","coordinates":[[19.828992,41.327887],[19.829013,41.327828],[19.829047,41.327782],[19.829097,41.327742],[19.828791,41.327738],[19.828655,41.327737]]},"properties":{"name":"Rruga Ali Demi"}},{"type":"Feature","geometry":{"type":"LineString","coordinates":[[19.834481,41.330232],[19.834473,41.330274],[19.834463,41.330324],[19.83442,41.330539],[19.834414,41.330568],[19.83439,41.330687]]},"properties":{"name":"Ura te Brryli"}},{"type":"Feature","geometry":{"type":"LineString","coordinates":[[19.849676,41.334186],[19.84955,41.334286],[19.849435,41.334319],[19.849285,41.334359],[19.849175,41.334377],[19.849123,41.334383],[19.84899,41.334388],[19.848891,41.334387],[19.848706,41.334377],[19.848545,41.33437],[19.848359,41.334355],[19.847554,41.33429],[19.846305,41.334172],[19.845977,41.33413],[19.845642,41.334054],[19.845345,41.333961],[19.845062,41.333849],[19.844924,41.333779],[19.844786,41.333708],[19.843926,41.333243],[19.84371,41.333127],[19.843589,41.333079],[19.843462,41.333038],[19.843331,41.333008],[19.84316,41.332981],[19.843002,41.332968],[19.842813,41.332967],[19.842612,41.332985],[19.84204,41.333052],[19.841491,41.333123],[19.841263,41.333152],[19.840785,41.33321],[19.840687,41.333217],[19.840589,41.333217],[19.840486,41.333209],[19.840371,41.333193],[19.840249,41.333166],[19.840119,41.333128],[19.839981,41.333078],[19.83893,41.332631],[19.837523,41.332032],[19.837155,41.331877],[19.837127,41.331865],[19.837069,41.33184],[19.836979,41.331803],[19.836903,41.331768],[19.836828,41.331737],[19.836007,41.331385],[19.835418,41.331132],[19.834852,41.330886],[19.834541,41.33075],[19.834524,41.330743],[19.83439,41.330687],[19.834307,41.330653],[19.834074,41.330554],[19.833942,41.330497],[19.833808,41.330439],[19.833444,41.330282],[19.833297,41.330218],[19.832973,41.330077],[19.832925,41.330054],[19.832426,41.329843],[19.831971,41.329647],[19.831898,41.329616],[19.831694,41.329528],[19.831592,41.329484],[19.831224,41.329325],[19.830887,41.32918],[19.830671,41.329087],[19.829998,41.328797],[19.829803,41.328714],[19.829133,41.32843],[19.828468,41.328149],[19.828283,41.32806],[19.82815,41.32799],[19.828038,41.327925],[19.827974,41.327884],[19.827959,41.327874],[19.827888,41.327824],[19.827804,41.327756],[19.82769,41.327656],[19.827411,41.327413],[19.827268,41.327291],[19.827031,41.327089],[19.826581,41.326698],[19.826304,41.32647],[19.826166,41.326356],[19.826031,41.326241],[19.825899,41.326135],[19.825779,41.326038],[19.825557,41.325865],[19.825199,41.325589],[19.825112,41.32552],[19.825008,41.32544],[19.824853,41.325327],[19.824733,41.325245],[19.824624,41.325176],[19.824547,41.325128],[19.824448,41.325076],[19.82435,41.325028],[19.82421,41.324966],[19.82414,41.324939],[19.824053,41.324905],[19.823869,41.324837],[19.823667,41.324767],[19.823415,41.324686],[19.823209,41.32463],[19.823072,41.324596],[19.823013,41.324581],[19.822719,41.324517],[19.822673,41.324507],[19.822405,41.324456],[19.822117,41.32441],[19.821309,41.32428],[19.821151,41.324255],[19.820466,41.324145],[19.819781,41.324035],[19.819734,41.324027],[19.81965,41.324014],[19.819537,41.323996]]},"properties":{"name":"Bulevardi Zhan d'Ark"}},{"type":"Feature","geometry":{"type":"LineString","coordinates":[[19.773078,41.358478],[19.773266,41.358232],[19.773276,41.358219],[19.773285,41.358208],[19.773344,41.358131],[19.773375,41.358088]]},"properties":{"name":"Rruga e Shkodrës"}},{"type":"Feature","geometry":{"type":"LineString","coordinates":[[19.774575,41.355092],[19.774532,41.354992],[19.774482,41.354908],[19.774444,41.354845],[19.774353,41.354749],[19.774286,41.354695],[19.774196,41.354643],[19.77271,41.353747],[19.772358,41.35353],[19.77218,41.353415],[19.771999,41.353288],[19.771597,41.352919],[19.771493,41.352824],[19.771403,41.352741],[19.771308,41.352655],[19.770693,41.352095],[19.770637,41.352057],[19.770559,41.352017]]},"properties":{"name":"Rruga e Shkodrës"}},{"type":"Feature","geometry":{"type":"LineString","coordinates":[[19.770521,41.351842],[19.770563,41.351746],[19.770586,41.351681],[19.770616,41.35161],[19.770644,41.351556],[19.770672,41.351511],[19.771089,41.350952]]},"properties":{"name":"Rruga e Shkodrës"}},{"type":"Feature","geometry":{"type":"LineString","coordinates":[[19.774705,41.355059],[19.774664,41.354963],[19.774588,41.354864],[19.774536,41.354804],[19.774413,41.354682],[19.774256,41.354587],[19.77278,41.353682],[19.772665,41.353614],[19.772423,41.35347],[19.772247,41.353357],[19.772101,41.353244],[19.771967,41.353132],[19.771673,41.352862],[19.771485,41.35269],[19.771327,41.352544],[19.771246,41.352463],[19.771134,41.35236],[19.770927,41.352169],[19.770896,41.35214],[19.770787,41.352041],[19.770745,41.351998],[19.770723,41.351972]]},"properties":{"name":"Rruga e Shkodrës"}},{"type":"Feature","geometry":{"type":"LineString","coordinates":[[19.773453,41.358172],[19.773394,41.358252],[19.773259,41.358433],[19.773186,41.358514],[19.773106,41.358592],[19.773038,41.358673],[19.772885,41.358881],[19.772719,41.359107],[19.772577,41.359297],[19.772473,41.359435],[19.772336,41.359629],[19.772257,41.359774],[19.772211,41.359879],[19.772184,41.359988],[19.772158,41.360115],[19.772138,41.360256],[19.772129,41.360385],[19.772116,41.360725],[19.772106,41.360909]]},"properties":{"name":"Rruga e Shkodrës"}},{"type":"Feature","geometry":{"type":"LineString","coordinates":[[19.771178,41.351016],[19.771044,41.351187],[19.770996,41.351248]]},"properties":{"name":"Rruga e Shkodrës"}},{"type":"Feature","geometry":{"type":"LineString","coordinates":[[19.773375,41.358088],[19.773403,41.358049],[19.773568,41.357818],[19.773688,41.35764],[19.773747,41.357539],[19.773802,41.357428],[19.773867,41.357294],[19.773924,41.357169],[19.773987,41.357022],[19.774047,41.356864],[19.77408,41.356766],[19.774107,41.356691],[19.774165,41.356504],[19.774362,41.355812],[19.774409,41.355646],[19.774494,41.355333],[19.774503,41.355298],[19.77457,41.355138]]},"properties":{"name":"Rruga Kastriotet"}},{"type":"Feature","geometry":{"type":"LineString","coordinates":[[19.77472,41.355172],[19.774629,41.35533],[19.774567,41.355479],[19.77455,41.355537],[19.774523,41.355624],[19.774487,41.355739],[19.77426,41.356512],[19.774199,41.3567],[19.774102,41.356988],[19.774005,41.35725],[19.773932,41.357427],[19.773867,41.357572],[19.773826,41.357659],[19.773734,41.357794],[19.773528,41.358072],[19.773513,41.358092],[19.773487,41.358127],[19.773453,41.358172]]},"properties":{"name":"Rruga Kastriotet"}},{"type":"Feature","geometry":{"type":"LineString","coordinates":[[19.805176,41.33368],[19.804964,41.333613],[19.804837,41.33357],[19.80471,41.33353],[19.804677,41.333522],[19.804535,41.333485],[19.804419,41.333464],[19.804349,41.333454],[19.804214,41.333443],[19.804059,41.333431],[19.803995,41.333429],[19.803941,41.333427],[19.803813,41.333435],[19.803716,41.33345],[19.803555,41.333485],[19.803427,41.333526],[19.803327,41.333563],[19.802855,41.333728],[19.802812,41.333742],[19.802736,41.333755],[19.802664,41.333756],[19.802574,41.333747],[19.802513,41.333741]]},"properties":{"name":"Sheshi Karl Topia"}},{"type":"Feature","geometry":{"type":"LineString","coordinates":[[19.757587,41.365869],[19.757572,41.365553],[19.757567,41.365506],[19.757542,41.365466],[19.757495,41.365419],[19.757385,41.365314]]},"properties":{"name":"Rruga Durrësi"}},{"type":"Feature","geometry":{"type":"LineString","coordinates":[[19.757385,41.365314],[19.757333,41.365256],[19.757285,41.365184],[19.75725,41.365104],[19.757233,41.365018],[19.757239,41.364925],[19.757369,41.364434],[19.757432,41.364247],[19.757502,41.364086],[19.757598,41.363905],[19.757805,41.363517],[19.757951,41.363247],[19.758007,41.363142],[19.7582,41.362781],[19.758221,41.362744],[19.758251,41.362715],[19.758293,41.362698],[19.758336,41.362686],[19.758709,41.362606],[19.759256,41.362499],[19.759345,41.362472],[19.759446,41.362437],[19.759517,41.362401],[19.759585,41.362348],[19.759627,41.362298],[19.759702,41.362207],[19.759953,41.361793],[19.760092,41.361602],[19.760256,41.361354],[19.760311,41.36127],[19.760407,41.361145],[19.760454,41.361097],[19.760491,41.361059],[19.760577,41.360982],[19.76068,41.360894],[19.760826,41.360758],[19.760867,41.360701],[19.760904,41.360646],[19.761001,41.360493],[19.761128,41.360234],[19.761375,41.359754],[19.761422,41.35965],[19.761448,41.359533],[19.761457,41.35936],[19.761482,41.358899],[19.761488,41.358838],[19.761506,41.358666],[19.761522,41.358557],[19.761538,41.358493],[19.761549,41.358448],[19.761573,41.358399],[19.761621,41.358349],[19.761694,41.358303],[19.761801,41.358259],[19.762018,41.358205],[19.762156,41.358172],[19.762284,41.358131],[19.762389,41.358082],[19.762703,41.357878],[19.762888,41.357758],[19.763096,41.357627],[19.763181,41.357563],[19.763252,41.357488],[19.763397,41.357321],[19.763457,41.357276],[19.763519,41.35724],[19.763932,41.357151],[19.764,41.35713],[19.764062,41.357101],[19.764103,41.35706],[19.764143,41.357022],[19.764261,41.356911],[19.765409,41.355876],[19.765621,41.355713],[19.765763,41.355622],[19.765872,41.355559],[19.765985,41.355499],[19.766101,41.355463],[19.766201,41.355449],[19.7667,41.355394],[19.766818,41.35538],[19.766928,41.355358],[19.766998,41.355333],[19.767052,41.355315],[19.767425,41.355142],[19.767812,41.354962],[19.767898,41.354907],[19.767973,41.354842],[19.768094,41.354673],[19.768229,41.354525],[19.768396,41.354357],[19.76851,41.354238],[19.768526,41.35422],[19.768666,41.354075],[19.768732,41.354011],[19.768823,41.353923],[19.76909,41.353663],[19.769316,41.353427],[19.769595,41.353047],[19.769904,41.35257],[19.770154,41.352205],[19.770249,41.352089],[19.770265,41.352071]]},"properties":{"name":"Rruga Princ Vidi"}},{"type":"Feature","geometry":{"type":"LineString","coordinates":[[19.770489,41.351865],[19.770379,41.351939],[19.770265,41.352071],[19.770395,41.352028],[19.770447,41.352001],[19.770464,41.351988],[19.770491,41.351977]]},"properties":{"name":"Rruga Princ Vidi"}},{"type":"Feature","geometry":{"type":"LineString","coordinates":[[19.763322,41.357249],[19.763519,41.35724]]},"properties":{"name":"Rruga Nikollë Ivanaj"}},{"type":"Feature","geometry":{"type":"LineString","coordinates":[[19.771134,41.35236],[19.771178,41.352336],[19.771633,41.352116],[19.771899,41.351982],[19.772167,41.351825],[19.772365,41.351694],[19.772621,41.351534]]},"properties":{"name":"Rruga Ismail Feta"}},{"type":"Feature","geometry":{"type":"LineString","coordinates":[[19.772621,41.351534],[19.772588,41.35152],[19.772539,41.351484],[19.772523,41.351424],[19.772652,41.351212],[19.772695,41.351152]]},"properties":{"name":"Rruga Ramadan Sokoli"}},{"type":"Feature","geometry":{"type":"LineString","coordinates":[[19.783655,41.346638],[19.783364,41.34662],[19.783106,41.346611],[19.782936,41.346618],[19.782712,41.346665],[19.782415,41.346747],[19.782373,41.346762],[19.782222,41.346816],[19.781997,41.346892],[19.781773,41.347015],[19.781575,41.347149],[19.781211,41.34742],[19.781186,41.347439],[19.7807,41.347779],[19.780264,41.348098],[19.779999,41.348303],[19.779805,41.348466],[19.779491,41.348806],[19.779432,41.348879],[19.779373,41.348957],[19.778938,41.34948],[19.778817,41.349636],[19.778696,41.349764],[19.778558,41.349876],[19.778334,41.350013],[19.778086,41.350141],[19.777849,41.350244],[19.777617,41.350313],[19.775015,41.35116],[19.77489,41.351199],[19.774769,41.351227],[19.774551,41.351255],[19.774357,41.351285],[19.77415,41.351295],[19.77395,41.351299],[19.773619,41.351284],[19.773315,41.351253],[19.773199,41.351236],[19.772987,41.351206],[19.772695,41.351152],[19.772289,41.351056],[19.772084,41.351012],[19.771902,41.350985],[19.771705,41.350971],[19.771552,41.350978],[19.771414,41.350985],[19.771331,41.350994],[19.771178,41.351016]]},"properties":{"name":"Rruga Petrit Radovicka"}},{"type":"Feature","geometry":{"type":"LineString","coordinates":[[19.783655,41.346638],[19.783747,41.346193],[19.783784,41.346034],[19.783798,41.345976],[19.783813,41.345913],[19.783933,41.345415],[19.783956,41.345314],[19.783991,41.34526],[19.784073,41.345246],[19.784779,41.345306],[19.785401,41.345356],[19.785951,41.345406],[19.786223,41.345429],[19.786907,41.345486],[19.787016,41.345479],[19.787115,41.345397],[19.78764,41.34465],[19.787681,41.344592],[19.78772,41.344514],[19.787754,41.344439],[19.787766,41.344407],[19.787784,41.344363],[19.787811,41.344314],[19.787848,41.344243],[19.788122,41.343688],[19.788194,41.343555],[19.788256,41.343428]]},"properties":{"name":"Rruga Vangjel Noti"}},{"type":"Feature","geometry":{"type":"LineString","coordinates":[[19.787721,41.341271],[19.787804,41.341415],[19.787872,41.341518],[19.787912,41.341589],[19.788257,41.342279],[19.788403,41.342603],[19.788473,41.342793],[19.788525,41.34302],[19.788539,41.343206],[19.788478,41.343253],[19.788359,41.343321],[19.788333,41.343337],[19.788289,41.343362],[19.788256,41.343428],[19.78833,41.343401],[19.788384,41.343405],[19.788412,41.343408],[19.788477,41.343431],[19.788516,41.343512]]},"properties":{"name":"Rruga Vangjel Noti"}},{"type":"Feature","geometry":{"type":"LineString","coordinates":[[19.787124,41.33979],[19.787391,41.340127],[19.787568,41.340347],[19.788038,41.340931]]},"properties":{"name":"Rruga Vangjel Noti"}},{"type":"Feature","geometry":{"type":"LineString","coordinates":[[19.7883,41.341228],[19.788703,41.341717],[19.788886,41.341936],[19.789017,41.342196],[19.7891,41.342411],[19.789192,41.342923],[19.789187,41.34317],[19.789158,41.34339],[19.789113,41.343559],[19.78896,41.344081],[19.788868,41.344395],[19.788824,41.344523],[19.788638,41.345246],[19.788537,41.34567],[19.788514,41.345807],[19.788508,41.345937],[19.788494,41.346121],[19.788526,41.346388],[19.788621,41.346705],[19.788807,41.347074],[19.788974,41.347306],[19.789136,41.347491],[19.789325,41.347671],[19.789465,41.347796],[19.789633,41.34794]]},"properties":{"name":"Rruga Vangjel Noti"}},{"type":"Feature","geometry":{"type":"LineString","coordinates":[[19.788038,41.340931],[19.788175,41.340966],[19.788245,41.340984],[19.788306,41.34099],[19.78838,41.340992]]},"properties":{"name":"Rruga Gjergj Legisi"}},{"type":"Feature","geometry":{"type":"LineString","coordinates":[[19.793384,41.338285],[19.793335,41.3383],[19.793232,41.338331],[19.793161,41.338352],[19.793,41.338402],[19.792766,41.338478],[19.792501,41.338565],[19.792293,41.338686],[19.791655,41.339059],[19.791609,41.339086],[19.791552,41.339118],[19.791409,41.339203],[19.791219,41.339314],[19.791105,41.339381],[19.790804,41.339525],[19.790682,41.339599],[19.790507,41.339706],[19.790295,41.339835],[19.790233,41.339873],[19.790067,41.339974],[19.789961,41.340038],[19.789882,41.340086],[19.789851,41.340105],[19.789505,41.340316],[19.789031,41.340591],[19.788484,41.340927],[19.788397,41.34098],[19.78838,41.340992],[19.788359,41.34103],[19.788342,41.341085],[19.7883,41.341228]]},"properties":{"name":"Rruga Gjergj Legisi"}},{"type":"Feature","geometry":{"type":"LineString","coordinates":[[19.794821,41.341709],[19.794799,41.341678],[19.794787,41.341642],[19.794621,41.340936],[19.794512,41.340432],[19.794476,41.340184],[19.794454,41.340119],[19.794423,41.340052],[19.794241,41.339732],[19.794214,41.339685],[19.794083,41.339465],[19.79406,41.339426],[19.79394,41.339223],[19.793919,41.339189],[19.793829,41.339037],[19.793804,41.338994],[19.793771,41.338938],[19.793737,41.338881],[19.793453,41.3384],[19.793433,41.338367],[19.793384,41.338285]]},"properties":{"name":"Rruga Lord Bajroni"}},{"type":"Feature","geometry":{"type":"LineString","coordinates":[[19.794821,41.341709],[19.79486,41.341728],[19.794906,41.341734],[19.794956,41.341736],[19.795022,41.34173],[19.795058,41.341726],[19.795662,41.341662],[19.795943,41.34164],[19.796021,41.341639],[19.796097,41.341642],[19.796274,41.341666],[19.796444,41.341699],[19.796584,41.34173],[19.796814,41.341799],[19.796955,41.341851],[19.797117,41.341923],[19.797248,41.341985],[19.797324,41.34201],[19.797545,41.342061],[19.798314,41.342227],[19.798433,41.342253],[19.79848,41.342263],[19.798546,41.342277],[19.798606,41.34229],[19.798759,41.342323],[19.798772,41.342326],[19.798916,41.342357],[19.799053,41.342387],[19.799613,41.342505],[19.799688,41.342521],[19.80019,41.342628],[19.800271,41.34263],[19.80039,41.34262],[19.800521,41.342595]]},"properties":{"name":"Rruga Ibrahim Pashë Bushatlliu"}},{"type":"Feature","geometry":{"type":"LineString","coordinates":[[19.825175,41.324923],[19.825164,41.324845],[19.825138,41.324764],[19.825129,41.324737],[19.825019,41.324444],[19.824878,41.324052],[19.824826,41.323904],[19.824815,41.323847],[19.824809,41.323736],[19.824808,41.323686],[19.824792,41.323263],[19.824787,41.323132],[19.82479,41.323015],[19.824795,41.322963],[19.824807,41.322911],[19.824821,41.322861],[19.824841,41.322803],[19.824912,41.32266],[19.825272,41.322035],[19.825317,41.32195],[19.825378,41.321835],[19.825414,41.321771],[19.825615,41.321428],[19.825861,41.321018],[19.826187,41.320461],[19.826358,41.320154],[19.826586,41.319779],[19.826633,41.319725],[19.826793,41.319572],[19.826901,41.319483],[19.827025,41.319403],[19.827119,41.319362],[19.827169,41.31934],[19.827313,41.319289],[19.827429,41.31925],[19.827781,41.31914],[19.828127,41.319032],[19.828452,41.318931],[19.828893,41.318793],[19.829031,41.31875],[19.829113,41.318705],[19.829191,41.318665],[19.82932,41.318603],[19.829465,41.318543],[19.829945,41.318386],[19.830197,41.3183],[19.830344,41.318251],[19.830399,41.318219],[19.830445,41.318172]]},"properties":{"name":"Rruga e Elbasanit"}},{"type":"Feature","geometry":{"type":"LineString","coordinates":[[19.83053,41.318321],[19.830457,41.318313],[19.830395,41.318321],[19.83,41.318457],[19.829325,41.318691],[19.829268,41.318715],[19.829164,41.318774],[19.829058,41.31882],[19.828936,41.318857],[19.828676,41.318936],[19.828194,41.319083],[19.828155,41.319095],[19.82746,41.319307],[19.827346,41.319345],[19.827205,41.319395],[19.82707,41.319458],[19.826965,41.319538],[19.826854,41.319626],[19.826762,41.319712],[19.826709,41.319761],[19.826658,41.319816],[19.826581,41.319918],[19.826243,41.320478],[19.82592,41.321033],[19.825733,41.321353],[19.825711,41.321391],[19.825648,41.321501],[19.825503,41.321754],[19.825482,41.321791],[19.825443,41.321856],[19.825381,41.321961],[19.825336,41.322048],[19.824985,41.322678],[19.824936,41.322771],[19.824899,41.322847],[19.824879,41.322912],[19.824865,41.322995],[19.824864,41.323044],[19.824863,41.323179],[19.824868,41.323266],[19.824872,41.323362],[19.824885,41.323517],[19.8249,41.323655],[19.824909,41.323719],[19.82493,41.32381],[19.824946,41.323869],[19.824984,41.323978],[19.82502,41.324079],[19.825058,41.324199],[19.825074,41.324248],[19.825098,41.324319],[19.825187,41.324567],[19.825237,41.324726],[19.825244,41.324749],[19.825264,41.324814],[19.825286,41.324895],[19.825283,41.324947],[19.825275,41.324992]]},"properties":{"name":"Rruga e Elbasanit"}},{"type":"Feature","geometry":{"type":"LineString","coordinates":[[19.830776,41.318028],[19.830874,41.318022],[19.830967,41.318012],[19.831053,41.318],[19.831127,41.317986],[19.831215,41.317963],[19.831755,41.317777],[19.832218,41.317617],[19.832338,41.317568],[19.832422,41.31753],[19.832498,41.317487],[19.832559,41.317445],[19.832635,41.317383],[19.832698,41.31732],[19.832747,41.317268],[19.832781,41.317223],[19.832818,41.317164],[19.832868,41.317076],[19.832953,41.31693],[19.833042,41.316771],[19.833107,41.316659],[19.833181,41.316529],[19.83419,41.314806],[19.834256,41.314697],[19.834345,41.314548],[19.834384,41.314476],[19.834428,41.314388],[19.834451,41.314317],[19.834464,41.314253],[19.834471,41.314175],[19.834468,41.314098],[19.834466,41.314061],[19.83445,41.313847],[19.834447,41.313613],[19.834471,41.313449],[19.834498,41.313381],[19.834519,41.313328],[19.834655,41.31312],[19.834678,41.313089],[19.834843,41.312874],[19.834966,41.312696],[19.835524,41.311937],[19.8358,41.311544],[19.836083,41.311152],[19.836221,41.310956],[19.836268,41.310868],[19.836438,41.310448],[19.836502,41.310293],[19.8367,41.30979],[19.836767,41.309627],[19.836872,41.309367],[19.837057,41.308909],[19.837111,41.308779],[19.837174,41.308622],[19.837234,41.308512],[19.837293,41.308421],[19.83737,41.308321],[19.837438,41.308237],[19.837531,41.308141],[19.837616,41.308061],[19.837744,41.307959],[19.837928,41.307805],[19.838017,41.307744],[19.838052,41.307725],[19.838124,41.307684],[19.838215,41.307641],[19.838324,41.307603],[19.83842,41.307569],[19.838448,41.307563],[19.83851,41.307548],[19.838609,41.307535],[19.838736,41.307524],[19.838915,41.307523],[19.839602,41.3075],[19.839712,41.30749],[19.839772,41.307479],[19.839835,41.307465],[19.839889,41.307445],[19.83994,41.307409]]},"properties":{"name":"Rruga e Elbasanit"}},{"type":"Feature","geometry":{"type":"LineString","coordinates":[[19.830909,41.318182],[19.830948,41.318154],[19.831015,41.318117],[19.831544,41.317943],[19.831619,41.317916],[19.831949,41.317801],[19.831983,41.317789],[19.832278,41.317686],[19.832418,41.31763],[19.832515,41.317579],[19.832591,41.317534],[19.832646,41.317498],[19.832702,41.317451],[19.832756,41.317406],[19.832816,41.317346],[19.832859,41.317291],[19.832896,41.317239],[19.832991,41.317077],[19.833027,41.31702],[19.833146,41.3168],[19.833213,41.316687],[19.833506,41.316202],[19.833682,41.315896],[19.834281,41.314889],[19.834389,41.314703],[19.83446,41.31458],[19.834522,41.31446],[19.834565,41.314345],[19.834586,41.314193],[19.834589,41.314124],[19.834588,41.313944],[19.834574,41.313759],[19.834568,41.313593],[19.834582,41.313511],[19.834604,41.313436],[19.834644,41.313338],[19.834732,41.313187],[19.834768,41.313134],[19.834902,41.31295],[19.835022,41.312788],[19.835409,41.312282],[19.835659,41.311926],[19.835939,41.311529],[19.836193,41.311207],[19.836262,41.311108],[19.836347,41.310965],[19.836551,41.31047],[19.836608,41.310318],[19.83666,41.310192],[19.836774,41.309906],[19.83694,41.309483],[19.837174,41.308903],[19.837238,41.308744],[19.837286,41.308645],[19.837339,41.308542],[19.837412,41.308433],[19.837471,41.308356],[19.837547,41.308266],[19.837625,41.308188],[19.837709,41.308106],[19.837825,41.308015],[19.838015,41.30786],[19.838101,41.307801],[19.838193,41.307753],[19.838273,41.307718],[19.83838,41.307682],[19.838464,41.307653],[19.838555,41.307631],[19.838656,41.307618],[19.838767,41.307609],[19.838947,41.307603],[19.839464,41.307583],[19.839715,41.307574],[19.839747,41.307576],[19.839781,41.307577],[19.839849,41.307583],[19.839908,41.307597],[19.839957,41.307624]]},"properties":{"name":"Rruga e Elbasanit"}},{"type":"Feature","geometry":{"type":"LineString","coordinates":[[19.840305,41.307332],[19.840357,41.307318],[19.840414,41.307306],[19.84047,41.30729],[19.84051,41.307273],[19.840555,41.307253],[19.840593,41.307229],[19.840647,41.307199],[19.840748,41.307161]]},"properties":{"name":"Rruga e Elbasanit"}},{"type":"Feature","geometry":{"type":"LineString","coordinates":[[19.856386,41.285362],[19.85635,41.285439],[19.856343,41.285541],[19.856322,41.285677],[19.856287,41.285797],[19.856254,41.285978],[19.856234,41.286211],[19.856223,41.28629],[19.856235,41.286437],[19.856263,41.286617],[19.856369,41.286972],[19.856391,41.287122],[19.8564,41.287222],[19.856389,41.287341],[19.856363,41.287459],[19.856327,41.287572],[19.856278,41.287686],[19.856213,41.287819],[19.856118,41.287991],[19.855877,41.288356],[19.85542,41.289116],[19.854429,41.290807],[19.854199,41.291142],[19.853726,41.291815],[19.853344,41.292365],[19.853235,41.29261],[19.853154,41.29279],[19.853078,41.292985],[19.852964,41.293304],[19.852874,41.293555],[19.85275,41.293917],[19.852696,41.294076],[19.852607,41.294358],[19.852531,41.294581],[19.852492,41.294687],[19.852471,41.294741],[19.852408,41.294913],[19.852384,41.294977],[19.852278,41.295256],[19.85201,41.295962],[19.851922,41.296199],[19.851753,41.296656],[19.851704,41.296789],[19.85154,41.29723],[19.85147,41.29742],[19.851388,41.297647],[19.851293,41.297911],[19.851123,41.298389],[19.851066,41.298549],[19.850972,41.298781],[19.850947,41.298831],[19.85091,41.298887],[19.850873,41.298931],[19.850838,41.298965],[19.850766,41.299022],[19.850576,41.299166],[19.850439,41.299267],[19.85013,41.299529],[19.850099,41.299553],[19.849912,41.299697],[19.849565,41.299964],[19.849092,41.300328],[19.84892,41.300447],[19.848772,41.300538],[19.84856,41.300645],[19.848431,41.300706],[19.847867,41.300943],[19.847589,41.301063],[19.847421,41.301134],[19.847143,41.301256],[19.846975,41.30135],[19.846929,41.301385],[19.846788,41.301526],[19.846722,41.301594],[19.846577,41.301794],[19.84648,41.301923],[19.84644,41.301975],[19.846135,41.302373],[19.846097,41.302422],[19.846041,41.302496],[19.845505,41.303195],[19.845379,41.30337],[19.84519,41.303631],[19.844536,41.304572],[19.844336,41.304861],[19.84429,41.304922],[19.844244,41.304966],[19.844187,41.305002],[19.844043,41.30507],[19.843911,41.305131],[19.843839,41.305165],[19.843523,41.305313],[19.843271,41.305433],[19.843122,41.305514],[19.842977,41.305609],[19.842732,41.305778],[19.842715,41.30579],[19.842572,41.305889],[19.84235,41.306042],[19.842156,41.306177],[19.842021,41.306271],[19.841926,41.306337],[19.841886,41.306364],[19.841543,41.306599],[19.841259,41.306799],[19.841081,41.306924],[19.841028,41.306963],[19.840958,41.307012],[19.840875,41.307069],[19.840809,41.307117],[19.840748,41.307161],[19.840688,41.307224],[19.840598,41.307295],[19.840539,41.307344],[19.840475,41.307406],[19.840428,41.307444]]},"properties":{"name":"Rruga e Elbasanit"}},{"type":"Feature","geometry":{"type":"LineString","coordinates":[[19.856386,41.285362],[19.856474,41.285281],[19.856692,41.285107],[19.856779,41.285051],[19.85688,41.284996],[19.856985,41.284956],[19.857153,41.284901],[19.857293,41.284874],[19.857527,41.284848],[19.857928,41.284806],[19.858212,41.284774],[19.858334,41.284736],[19.858416,41.28465],[19.858463,41.284537],[19.858611,41.284181],[19.85871,41.283949],[19.858742,41.283886],[19.858793,41.283807],[19.858837,41.283748]]},"properties":{"name":"Rruga e Vilave"}},{"type":"Feature","geometry":{"type":"LineString","coordinates":[[19.858944,41.283505],[19.858931,41.283554],[19.85891,41.283603],[19.858837,41.283748],[19.858994,41.283638],[19.859026,41.28362],[19.859054,41.283606],[19.8591,41.283586]]},"properties":{"name":"Rruga e Vilave"}},{"type":"Feature","geometry":{"type":"LineString","coordinates":[[19.840433,41.307456],[19.840492,41.307461],[19.840546,41.307467],[19.8406,41.307473],[19.840649,41.307477],[19.840705,41.307478]]},"properties":{"name":"Rruga Dr. Shefqet Ndroqi"}},{"type":"Feature","geometry":{"type":"LineString","coordinates":[[19.843793,41.31271],[19.843741,41.312644],[19.843711,41.312581],[19.84368,41.312518],[19.843648,41.312405],[19.843637,41.312299],[19.84363,41.312181],[19.843631,41.312036],[19.84364,41.311964],[19.843657,41.311885],[19.843705,41.311784],[19.843835,41.311628],[19.84426,41.311114],[19.844329,41.311007],[19.84437,41.310893],[19.844447,41.310679],[19.844522,41.310419],[19.844691,41.309949],[19.844759,41.309731],[19.844781,41.309644],[19.844772,41.309575],[19.844717,41.30951],[19.844638,41.309463],[19.844543,41.309422],[19.844437,41.30939],[19.844415,41.309384],[19.844345,41.309367],[19.844298,41.309356],[19.844195,41.309341],[19.844043,41.309337],[19.843924,41.309354],[19.843787,41.309383],[19.843648,41.30942],[19.843142,41.309565],[19.842992,41.309597],[19.842915,41.309591],[19.842851,41.309573],[19.842801,41.309546],[19.842458,41.309306],[19.841908,41.308934],[19.841856,41.308894],[19.841799,41.308844],[19.841751,41.308765],[19.841593,41.308154],[19.841557,41.308045],[19.841505,41.307929],[19.841459,41.307854],[19.841407,41.307772],[19.841351,41.307703],[19.841291,41.307648],[19.841246,41.30761],[19.841181,41.307569],[19.841144,41.307551],[19.841092,41.307526],[19.841016,41.307499],[19.840937,41.307483],[19.840854,41.307476],[19.840806,41.307472],[19.840768,41.307473],[19.840705,41.307478],[19.840552,41.307532],[19.840487,41.307561],[19.840458,41.307576],[19.840397,41.307618]]},"properties":{"name":"Rruga Dr. Shefqet Ndroqi"}},{"type":"Feature","geometry":{"type":"LineString","coordinates":[[19.840028,41.307338],[19.840071,41.307268],[19.840077,41.307248],[19.840084,41.307228],[19.840099,41.307168],[19.840108,41.307115],[19.840111,41.307044],[19.840111,41.306979],[19.840102,41.306898],[19.840088,41.306814],[19.840074,41.306761],[19.840047,41.306686],[19.840006,41.306609],[19.839951,41.306543],[19.83985,41.306449],[19.839769,41.306394],[19.839617,41.306322],[19.83903,41.306096],[19.838091,41.305732],[19.837445,41.305481],[19.837339,41.30544],[19.837177,41.305366],[19.837088,41.305323],[19.836952,41.305237],[19.836866,41.305179],[19.836779,41.30512],[19.836707,41.305064],[19.836644,41.305007],[19.836575,41.304949],[19.836514,41.304884],[19.83646,41.304818],[19.836396,41.304741],[19.836296,41.304582],[19.836218,41.304443],[19.83609,41.304172],[19.83595,41.303881],[19.835913,41.303819],[19.835881,41.303776],[19.835849,41.303743],[19.835755,41.303666]]},"properties":{"name":"Rruga Selim Brahja"}},{"type":"Feature","geometry":{"type":"LineString","coordinates":[[19.835509,41.303366],[19.835394,41.303317],[19.835228,41.303313]]},"properties":{"name":"Rruga Selim Brahja"}},{"type":"Feature","geometry":{"type":"LineString","coordinates":[[19.831275,41.30047],[19.831303,41.300581],[19.831307,41.300673],[19.831301,41.300832],[19.831297,41.300928],[19.831305,41.301025],[19.831325,41.301143],[19.831438,41.301211],[19.831539,41.301261],[19.831694,41.301335],[19.831753,41.301364],[19.83203,41.301522],[19.832405,41.301773],[19.833264,41.302394],[19.833413,41.302493],[19.833566,41.302599],[19.83369,41.302679],[19.833935,41.302808],[19.834021,41.302855],[19.834347,41.303028],[19.834395,41.303054],[19.834512,41.303116],[19.834787,41.303268],[19.834869,41.303315],[19.834967,41.303335],[19.835024,41.303324],[19.835129,41.303313],[19.835228,41.303313],[19.83533,41.303268],[19.835543,41.303234],[19.835646,41.303243]]},"properties":{"name":"Rruga Selim Brahja"}},{"type":"Feature","geometry":{"type":"LineString","coordinates":[[19.83602,41.303593],[19.836005,41.303694],[19.83601,41.30376],[19.836349,41.304473],[19.836412,41.304574],[19.836473,41.30467],[19.836572,41.304798],[19.836652,41.30488],[19.836722,41.304951],[19.836876,41.305073],[19.836953,41.30513],[19.837071,41.305203],[19.837222,41.305289],[19.83747,41.305397],[19.838039,41.305615],[19.839062,41.306013],[19.839597,41.306219],[19.839765,41.306289],[19.839843,41.306331],[19.839903,41.306368],[19.840034,41.306479],[19.840118,41.306587],[19.840173,41.306699],[19.840204,41.306789],[19.840217,41.306902],[19.840217,41.307001],[19.840219,41.307077],[19.840228,41.307218],[19.840235,41.307239],[19.840242,41.307256],[19.840257,41.307278],[19.840289,41.307325]]},"properties":{"name":"Rruga Selim Brahja"}},{"type":"Feature","geometry":{"type":"LineString","coordinates":[[19.854771,41.320643],[19.854489,41.32071],[19.854334,41.320748],[19.853978,41.320841],[19.853661,41.320937],[19.853486,41.320996],[19.853321,41.321051],[19.853251,41.321092],[19.853199,41.321129],[19.853095,41.321213],[19.853038,41.321269],[19.852981,41.321312],[19.852913,41.321349],[19.852757,41.321412],[19.852332,41.321575],[19.852121,41.321661],[19.852078,41.321678],[19.852034,41.321695],[19.851992,41.321712],[19.85195,41.321727],[19.851899,41.321744],[19.85185,41.321759],[19.851689,41.321797],[19.851474,41.321853],[19.851247,41.321906],[19.851125,41.321941],[19.851007,41.321982],[19.850791,41.322068],[19.850516,41.322174],[19.850302,41.32225],[19.850222,41.322279],[19.850125,41.322307],[19.85008,41.322322],[19.850043,41.322335],[19.849992,41.322362],[19.849805,41.322344],[19.849502,41.322314],[19.84932,41.322304],[19.849005,41.322265],[19.84884,41.322241],[19.848777,41.322228],[19.848669,41.322206],[19.848151,41.322088],[19.848005,41.32205],[19.847603,41.321935],[19.84747,41.321902],[19.847249,41.321852],[19.846509,41.321683],[19.846478,41.321677],[19.846258,41.321628],[19.846044,41.321578],[19.845851,41.32153],[19.845543,41.321449],[19.845326,41.321391],[19.845052,41.321319],[19.844931,41.321289],[19.844838,41.321265],[19.844768,41.321248],[19.844676,41.321225],[19.844596,41.321209],[19.844514,41.321198],[19.844438,41.321189],[19.844332,41.321183],[19.844221,41.321179],[19.844134,41.321172],[19.844083,41.321164],[19.84402,41.321151],[19.84397,41.321139],[19.84392,41.321125],[19.843869,41.321109],[19.843787,41.32108],[19.843696,41.321039],[19.843654,41.321022],[19.843544,41.320982],[19.843424,41.320948],[19.843294,41.320915],[19.843082,41.320855],[19.842839,41.320777],[19.842681,41.320722],[19.842574,41.320686],[19.842414,41.320631],[19.842154,41.320545],[19.841933,41.320478],[19.841828,41.320449],[19.841806,41.320442],[19.841725,41.320426],[19.84163,41.320407],[19.841553,41.320394],[19.841441,41.320381],[19.841351,41.320371],[19.841257,41.320362],[19.841164,41.320356],[19.841107,41.320355],[19.841043,41.320354],[19.840969,41.320353],[19.84089,41.320353],[19.840839,41.320354],[19.840753,41.320357],[19.840646,41.320364],[19.840554,41.320375],[19.840532,41.320378],[19.840416,41.320392],[19.840353,41.3204],[19.840224,41.320417],[19.840098,41.320436],[19.839956,41.320455],[19.839788,41.320477],[19.839453,41.320524],[19.839398,41.320532],[19.839198,41.320564],[19.839117,41.320577],[19.839088,41.320583],[19.838758,41.320651],[19.838489,41.320731],[19.838354,41.320783],[19.838219,41.32084],[19.838084,41.320905],[19.838067,41.320913],[19.837889,41.320997],[19.837797,41.321038],[19.837673,41.321079],[19.837511,41.321112],[19.837444,41.321122],[19.837357,41.321136],[19.837239,41.321153],[19.837146,41.321167],[19.837087,41.321175],[19.836977,41.321192],[19.836936,41.321197],[19.836866,41.321208],[19.836714,41.321231],[19.83665,41.321242],[19.836581,41.321254],[19.836518,41.321268],[19.836164,41.321342],[19.836094,41.321356],[19.835968,41.32139],[19.835732,41.321445],[19.835675,41.321454],[19.835638,41.321452],[19.835614,41.321435],[19.835598,41.321401],[19.835585,41.32133],[19.835567,41.321232],[19.835554,41.321162],[19.835546,41.321117]]},"properties":{"name":"Rruga Pjetër Budi"}},{"type":"Feature","geometry":{"type":"LineString","coordinates":[[19.835228,41.319849],[19.835098,41.319861],[19.834968,41.319872],[19.834877,41.319877],[19.834839,41.319863]]},"properties":{"name":"Rruga Arben Broci"}},{"type":"Feature","geometry":{"type":"LineString","coordinates":[[19.830742,41.318353],[19.830837,41.318349],[19.830881,41.318356],[19.830929,41.318369],[19.830959,41.318378],[19.831001,41.318404],[19.831076,41.318458]]},"properties":{"name":"Rruga Arben Broci"}},{"type":"Feature","geometry":{"type":"LineString","coordinates":[[19.830906,41.318203],[19.830954,41.318251],[19.831006,41.318307],[19.831044,41.318356],[19.831066,41.3184],[19.831076,41.318458],[19.831102,41.318501],[19.831206,41.318668],[19.831241,41.318727],[19.831263,41.318765],[19.831332,41.318883],[19.83139,41.318983],[19.831399,41.318998],[19.831414,41.319024],[19.831461,41.319104],[19.831485,41.319147],[19.831509,41.319177],[19.831537,41.319208],[19.831581,41.319235],[19.831675,41.319287],[19.831718,41.319311],[19.83184,41.319369],[19.832083,41.319475],[19.832097,41.319481],[19.832363,41.319598],[19.83274,41.319752],[19.832807,41.319794],[19.832851,41.319835]]},"properties":{"name":"Rruga Arben Broci"}},{"type":"Feature","geometry":{"type":"LineString","coordinates":[[19.835285,41.319839],[19.835267,41.319815],[19.835223,41.319818],[19.835069,41.319831],[19.834888,41.31985],[19.834839,41.319863],[19.834799,41.319866],[19.83369,41.319939],[19.833661,41.319941],[19.833246,41.319969],[19.832995,41.319984]]},"properties":{"name":"Rruga Arben Broci"}},{"type":"Feature","geometry":{"type":"LineString","coordinates":[[19.832995,41.319984],[19.832939,41.319988],[19.832922,41.319987],[19.832909,41.319983],[19.832901,41.319974],[19.832896,41.319962],[19.832891,41.319943],[19.832886,41.319924],[19.832876,41.319895],[19.832851,41.319835],[19.832995,41.319984]]},"properties":{"name":"Rruga Arben Broci"}},{"type":"Feature","geometry":{"type":"LineString","coordinates":[[19.812408,41.335352],[19.812394,41.33539],[19.812391,41.335402],[19.812381,41.335433],[19.81226,41.335861],[19.812189,41.336105],[19.81214,41.336279],[19.812122,41.336343],[19.811967,41.336891],[19.811954,41.336937],[19.811903,41.337103],[19.811825,41.337359],[19.811791,41.337473],[19.811725,41.337664],[19.81167,41.337789],[19.811619,41.337881],[19.811465,41.33814],[19.811422,41.338229],[19.811376,41.338317],[19.811151,41.338772],[19.811098,41.338879],[19.811063,41.33895],[19.811042,41.338988],[19.810987,41.339094],[19.810944,41.339176],[19.810921,41.33922],[19.810843,41.339367],[19.810732,41.339596],[19.810706,41.339678],[19.810693,41.339755],[19.810672,41.33989],[19.810642,41.340141],[19.810612,41.340283],[19.810581,41.340419],[19.810543,41.340522],[19.810499,41.340617],[19.810464,41.34069],[19.81043,41.340754],[19.810362,41.340864],[19.810339,41.340902],[19.810294,41.340968],[19.810272,41.34099],[19.810227,41.341036],[19.809962,41.341244],[19.809865,41.341319],[19.809768,41.341404],[19.809645,41.341521],[19.809559,41.341632],[19.809472,41.341765],[19.809354,41.341976],[19.80931,41.34206],[19.80916,41.342388],[19.809125,41.342488],[19.809092,41.342605],[19.809074,41.342685],[19.808994,41.34302],[19.808954,41.343155],[19.808912,41.343288],[19.808875,41.343372],[19.80883,41.343471],[19.808807,41.343513],[19.808792,41.343542],[19.808693,41.343718],[19.808673,41.343755],[19.808643,41.343809],[19.808566,41.343946],[19.808533,41.344009],[19.808399,41.344285],[19.808348,41.344392],[19.808321,41.344447],[19.808276,41.344541],[19.808195,41.344742],[19.808077,41.345025],[19.807897,41.345435],[19.807853,41.345541],[19.807786,41.345706],[19.807572,41.346249],[19.807278,41.346961],[19.80723,41.347046]]},"properties":{"name":"Rruga Jordan Misja"}},{"type":"Feature","geometry":{"type":"LineString","coordinates":[[19.80723,41.347046],[19.807207,41.347083],[19.807175,41.347136],[19.80715,41.34717],[19.807118,41.347207],[19.806985,41.347346],[19.806963,41.347383],[19.806951,41.347417],[19.806955,41.347451],[19.806968,41.347491],[19.807128,41.347757],[19.807166,41.347806],[19.807208,41.34783],[19.80725,41.347841],[19.807274,41.347844],[19.807329,41.347845],[19.808385,41.347849],[19.808484,41.347849],[19.808992,41.347854],[19.809793,41.347861],[19.810041,41.347864],[19.810304,41.347856],[19.810536,41.347835],[19.810787,41.347804],[19.811025,41.347769],[19.811179,41.347751]]},"properties":{"name":"Rruga Riglata"}},{"type":"Feature","geometry":{"type":"LineString","coordinates":[[19.806968,41.347491],[19.806804,41.347473],[19.806578,41.34746],[19.806649,41.34742],[19.806839,41.347376],[19.806985,41.347346]]},"properties":{"name":"Rruga Osman Jonuzi"}},{"type":"Feature","geometry":{"type":"LineString","coordinates":[[19.850222,41.322279],[19.850339,41.322043],[19.850321,41.321992],[19.850296,41.321949],[19.850266,41.321903],[19.850236,41.321838],[19.850185,41.321661],[19.850119,41.321486],[19.850056,41.321329],[19.850006,41.321183],[19.849974,41.321056],[19.849952,41.320942],[19.849933,41.32086],[19.849912,41.320793],[19.849885,41.320739],[19.849818,41.320629],[19.849732,41.320481],[19.849694,41.320429],[19.849646,41.320387],[19.849602,41.320352],[19.84955,41.320316],[19.849487,41.320281],[19.849437,41.320261],[19.84935,41.320228],[19.849279,41.320203],[19.849216,41.32018],[19.849164,41.320149],[19.849129,41.320121],[19.849102,41.320088],[19.849082,41.32005],[19.849065,41.320013],[19.849055,41.319982],[19.849047,41.319949],[19.849044,41.31993],[19.849039,41.319871],[19.849042,41.319813],[19.849045,41.319702],[19.849038,41.319617],[19.84903,41.319581],[19.84902,41.319539],[19.849,41.31948],[19.848982,41.319422],[19.848962,41.319361],[19.848939,41.319299],[19.848918,41.319256],[19.848893,41.319213],[19.84882,41.319136],[19.848757,41.319095],[19.848715,41.319074],[19.848583,41.319019],[19.848511,41.318987],[19.848424,41.318951],[19.848238,41.318874],[19.847981,41.318769],[19.847859,41.318729],[19.847688,41.31867],[19.847544,41.318626],[19.847412,41.318587],[19.84722,41.318541],[19.847008,41.318486],[19.846992,41.318482],[19.846972,41.318476],[19.846955,41.318466],[19.846947,41.318456],[19.846939,41.31844],[19.846928,41.318425],[19.846912,41.318411],[19.846901,41.3184],[19.846886,41.318391],[19.846869,41.318381],[19.846849,41.318372],[19.846823,41.318362],[19.846797,41.318353],[19.846741,41.318336],[19.846713,41.318328],[19.846682,41.31832],[19.846661,41.318316],[19.846637,41.318314],[19.846591,41.318311],[19.846547,41.318311],[19.846481,41.318315],[19.846419,41.318314],[19.846344,41.318307],[19.846289,41.318296],[19.846122,41.318259],[19.846011,41.318235],[19.845833,41.318183],[19.845689,41.318131],[19.845656,41.318111],[19.845634,41.31807],[19.845649,41.317969],[19.845552,41.317944],[19.845157,41.317864],[19.844871,41.31781],[19.844695,41.317775],[19.844436,41.317721],[19.844266,41.317686],[19.844042,41.31764],[19.843804,41.317586],[19.843397,41.317483],[19.843357,41.317475],[19.843275,41.317457],[19.843223,41.317446],[19.843187,41.317439],[19.84299,41.317399],[19.842949,41.317391],[19.842881,41.317377],[19.842804,41.317362],[19.842747,41.317354],[19.842713,41.317352],[19.842676,41.31735],[19.842633,41.317352],[19.842521,41.317358],[19.842413,41.317367],[19.842376,41.317368],[19.842341,41.31737],[19.842313,41.317368],[19.84228,41.317367],[19.842243,41.317363],[19.84218,41.317356],[19.842074,41.317346],[19.841987,41.317338],[19.841887,41.317328],[19.841787,41.317317],[19.841587,41.317297],[19.841502,41.317287],[19.841427,41.317277],[19.841385,41.317271],[19.841345,41.317264],[19.841238,41.317243],[19.841159,41.317227],[19.841099,41.317217],[19.841072,41.317211],[19.84105,41.317206],[19.841014,41.317197],[19.84098,41.317185],[19.840955,41.317174],[19.840936,41.317163],[19.840922,41.317152],[19.840908,41.317141],[19.840895,41.317127],[19.840887,41.317115],[19.840879,41.317101],[19.840875,41.317086],[19.840874,41.317069],[19.840876,41.317034],[19.84091,41.316928],[19.840928,41.316844],[19.840937,41.316764],[19.840936,41.316705],[19.840923,41.316655],[19.840886,41.31661],[19.840818,41.316579],[19.84072,41.316572],[19.840329,41.316569],[19.840158,41.316552],[19.839968,41.316514],[19.839935,41.316506],[19.839869,41.316491],[19.839549,41.31642],[19.839378,41.316384],[19.839178,41.316344],[19.839086,41.316324],[19.838949,41.316307],[19.838911,41.316303],[19.838875,41.316305],[19.838837,41.31631],[19.838733,41.316337],[19.838644,41.316366],[19.83856,41.316398],[19.838445,41.316445],[19.83839,41.316469],[19.838376,41.316476],[19.83834,41.316496],[19.838305,41.316524],[19.838276,41.316548],[19.838256,41.316561],[19.838232,41.316572],[19.838199,41.316583],[19.838127,41.316603],[19.837961,41.31664],[19.837799,41.316666],[19.837784,41.316668],[19.837584,41.316692],[19.8375,41.316698],[19.837422,41.316697],[19.837383,41.316695],[19.837279,41.31668],[19.837173,41.316657],[19.837052,41.316623],[19.836947,41.316595],[19.836915,41.316588],[19.836832,41.316572],[19.836719,41.316567],[19.836599,41.316574],[19.836412,41.316617],[19.836306,41.316646],[19.836208,41.316673],[19.835839,41.316779],[19.835608,41.316846],[19.835136,41.316982],[19.835074,41.317],[19.834983,41.317016],[19.834777,41.31705],[19.834507,41.317083],[19.834429,41.317093],[19.834412,41.317072],[19.834389,41.317049],[19.834369,41.31703],[19.834343,41.317006],[19.834292,41.316961],[19.834267,41.316941],[19.834218,41.316902],[19.834165,41.316867],[19.834125,41.316845],[19.834094,41.316831]]},"properties":{"name":"Rruga Fuat Toptani"}},{"type":"Feature","geometry":{"type":"LineString","coordinates":[[19.834094,41.316831],[19.834065,41.316822],[19.834026,41.316812],[19.833988,41.316807],[19.833937,41.316802],[19.833516,41.31681],[19.833475,41.31681],[19.833345,41.316806],[19.833251,41.316784],[19.832974,41.316697],[19.832871,41.316664],[19.832825,41.316655],[19.832769,41.316653],[19.832712,41.31666],[19.832639,41.31669],[19.832522,41.316759]]},"properties":{"name":"Rruga Tre Vëllezërit Kondi"}},{"type":"Feature","geometry":{"type":"LineString","coordinates":[[19.832818,41.317164],[19.832814,41.317112],[19.832804,41.317073],[19.832796,41.317059],[19.83278,41.317031],[19.832756,41.317],[19.832733,41.316974],[19.832686,41.316929],[19.832522,41.316759]]},"properties":{"name":"Rruga Gjeneral Nichols"}},{"type":"Feature","geometry":{"type":"LineString","coordinates":[[19.84983,41.324392],[19.849853,41.324932],[19.849851,41.324985],[19.849842,41.325035],[19.849821,41.325099],[19.84973,41.325311],[19.849603,41.325589],[19.84956,41.325706],[19.849548,41.325803],[19.849542,41.325895],[19.84954,41.325956],[19.849534,41.32613],[19.849519,41.326315],[19.849513,41.326355],[19.849507,41.326388],[19.849464,41.326519],[19.849403,41.326657],[19.849298,41.326863],[19.849175,41.327085],[19.849012,41.327341],[19.848864,41.32754],[19.848845,41.327564],[19.848788,41.32763],[19.848745,41.327665],[19.848688,41.327692],[19.848612,41.327714],[19.848504,41.327738],[19.848365,41.32777],[19.848251,41.327813],[19.848097,41.327895],[19.847881,41.328037],[19.84737,41.328391],[19.847328,41.328406],[19.84712,41.328443],[19.847064,41.328451],[19.847035,41.328457],[19.846982,41.328468],[19.846861,41.328502],[19.846573,41.328598],[19.846169,41.328745],[19.845746,41.328888],[19.845696,41.328914],[19.845683,41.328931],[19.845602,41.329054],[19.845453,41.32933],[19.845391,41.329444],[19.845299,41.32964],[19.845245,41.329799],[19.845237,41.329838],[19.845222,41.329922],[19.845105,41.330567],[19.844844,41.330895],[19.844482,41.331328],[19.844451,41.331366],[19.844417,41.331407]]},"properties":{"name":"Rruga Pasho Hysa"}},{"type":"Feature","geometry":{"type":"LineString","coordinates":[[19.844967,41.331743],[19.844921,41.331797],[19.844881,41.331849],[19.844733,41.332049],[19.844708,41.332083],[19.844681,41.332119],[19.844478,41.332409],[19.844285,41.332672],[19.844196,41.332736],[19.844125,41.332787]]},"properties":{"name":"Rruga Kastriot Feska"}},{"type":"Feature","geometry":{"type":"LineString","coordinates":[[19.837192,41.323516],[19.837234,41.32346],[19.837261,41.323408],[19.837275,41.323382],[19.83729,41.323343],[19.837307,41.323281],[19.837316,41.323254],[19.83733,41.323221],[19.837349,41.323181],[19.837374,41.323149],[19.83741,41.32311],[19.837435,41.323083],[19.837453,41.323069],[19.83747,41.323057],[19.837503,41.323035],[19.837541,41.323012],[19.837592,41.322987],[19.837633,41.32297],[19.837674,41.322954],[19.837725,41.322934],[19.837816,41.322894],[19.837908,41.322856],[19.83798,41.322826],[19.83803,41.322805],[19.838083,41.322783],[19.838185,41.322741],[19.838268,41.322705],[19.838397,41.322652],[19.838471,41.322626],[19.838554,41.3226],[19.838639,41.322576],[19.838723,41.322554],[19.8388,41.32253],[19.838877,41.322504],[19.839028,41.32244],[19.839192,41.322371],[19.839329,41.322313],[19.839459,41.322259],[19.839555,41.322215],[19.839645,41.322172],[19.839735,41.322128],[19.839821,41.322086],[19.839881,41.322062],[19.839917,41.322048],[19.839974,41.322029],[19.840008,41.322018],[19.840069,41.322005],[19.84011,41.321998],[19.840163,41.321989],[19.840213,41.32198],[19.84025,41.321973],[19.840281,41.321965],[19.840393,41.321933],[19.840523,41.321889],[19.84061,41.321863],[19.84069,41.321841],[19.840744,41.321827],[19.840847,41.321802],[19.841028,41.321766],[19.841322,41.321706],[19.841391,41.321691],[19.841501,41.32167],[19.841658,41.321637],[19.841727,41.321623],[19.841784,41.321613],[19.841824,41.321607],[19.841871,41.321601],[19.841933,41.321595],[19.84203,41.321594],[19.842142,41.321599],[19.842233,41.321603],[19.842293,41.321604],[19.842344,41.321601],[19.842396,41.321593],[19.84244,41.321584],[19.842483,41.321574],[19.842525,41.321561],[19.842658,41.321521],[19.842809,41.321471],[19.842982,41.321403],[19.843066,41.321369],[19.843158,41.321319],[19.843231,41.32128],[19.843286,41.321259],[19.843344,41.321243],[19.8434,41.321233],[19.843445,41.321226],[19.843478,41.32122],[19.843514,41.321207],[19.843569,41.321177],[19.843608,41.321154],[19.843631,41.321135],[19.84365,41.321114],[19.843696,41.321039]]},"properties":{"name":"Rruga Kristaq Capo"}},{"type":"Feature","geometry":{"type":"LineString","coordinates":[[19.837192,41.323516],[19.837082,41.323583],[19.83698,41.323625],[19.836908,41.323653],[19.836844,41.323672],[19.836786,41.323687],[19.836747,41.323693],[19.836724,41.323696],[19.836655,41.323705],[19.836494,41.32372],[19.836392,41.32373],[19.83628,41.323742],[19.836183,41.323753],[19.836085,41.323766],[19.83601,41.32378],[19.835939,41.323794],[19.835847,41.323817],[19.835769,41.323839],[19.835641,41.323878],[19.835535,41.323916],[19.835428,41.323955],[19.835386,41.323973],[19.835345,41.323993],[19.835306,41.324012],[19.835268,41.324034],[19.835224,41.324059],[19.835165,41.324094],[19.835039,41.324169],[19.83494,41.324253],[19.834656,41.324508],[19.834471,41.324687],[19.834359,41.324795],[19.834316,41.324837],[19.834223,41.324929],[19.834158,41.32499],[19.834092,41.325058],[19.834023,41.325114],[19.833951,41.325142],[19.83391,41.325155],[19.833865,41.325169],[19.833837,41.325174],[19.833817,41.325178],[19.833773,41.325187],[19.833753,41.325191],[19.833699,41.325201],[19.833651,41.325211],[19.833497,41.325258],[19.833421,41.325289],[19.833357,41.325322],[19.833275,41.32537],[19.833232,41.325397],[19.833202,41.325424],[19.833176,41.325465],[19.833166,41.32549],[19.83316,41.325512],[19.833154,41.325559],[19.833155,41.325585],[19.833158,41.325623],[19.833169,41.32567],[19.83318,41.325709],[19.833194,41.325753]]},"properties":{"name":"Rruga Todi Shkurti"}},{"type":"Feature","geometry":{"type":"LineString","coordinates":[[19.833194,41.325753],[19.833039,41.325808],[19.832987,41.325823],[19.83287,41.325854],[19.832649,41.325908],[19.83255,41.325933],[19.832439,41.325963],[19.832392,41.325976],[19.832354,41.325987],[19.832225,41.326022],[19.832106,41.326052],[19.832078,41.326058],[19.832043,41.326064],[19.832011,41.326068],[19.831984,41.32607],[19.831951,41.32607],[19.831908,41.326068],[19.83187,41.326062],[19.831838,41.326057],[19.831801,41.32605],[19.831733,41.326037],[19.831495,41.325992],[19.831205,41.325934],[19.83105,41.325903],[19.830999,41.325892],[19.830465,41.325766],[19.830262,41.325716],[19.830155,41.325691],[19.830124,41.325683],[19.829971,41.325647],[19.829887,41.325628],[19.829864,41.325622],[19.829798,41.325606],[19.829692,41.325583],[19.829495,41.325543],[19.829408,41.325527],[19.829323,41.325513],[19.829267,41.325503],[19.829187,41.325493],[19.829062,41.325481],[19.828975,41.325474],[19.828891,41.325468],[19.828577,41.325449],[19.82854,41.325447],[19.828489,41.325444],[19.828167,41.325424],[19.828034,41.325417],[19.827658,41.325396],[19.827571,41.32539],[19.827382,41.325378],[19.827317,41.325374],[19.827219,41.325371],[19.827131,41.325372],[19.827043,41.325376],[19.827004,41.32538],[19.826959,41.325385],[19.82691,41.325394],[19.826833,41.325418],[19.826764,41.325446],[19.826451,41.325573],[19.826401,41.325593],[19.826313,41.325633],[19.826285,41.325646],[19.826209,41.325688],[19.826161,41.325715]]},"properties":{"name":"Rruga Petro Nini Luarasi"}},{"type":"Feature","geometry":{"type":"LineString","coordinates":[[19.82691,41.325394],[19.826885,41.325351],[19.826829,41.325276],[19.826779,41.325221],[19.82673,41.32517],[19.826672,41.325116],[19.826642,41.325086],[19.826619,41.325063],[19.826599,41.325042],[19.826574,41.325018],[19.826458,41.324928],[19.826382,41.32489],[19.82623,41.324831],[19.826154,41.3248],[19.826089,41.324773],[19.825713,41.324612],[19.825579,41.324551],[19.82555,41.32454],[19.825523,41.324531],[19.825492,41.324524],[19.825433,41.324519],[19.82529,41.324547],[19.825255,41.324555],[19.825187,41.324567]]},"properties":{"name":"Rruga Bako Dervishaj"}},{"type":"Feature","geometry":{"type":"LineString","coordinates":[[19.805316,41.32166],[19.805303,41.321688],[19.805276,41.32175]]},"properties":{"name":"Rruga Muhamet Gjollesha"}},{"type":"Feature","geometry":{"type":"LineString","coordinates":[[19.805191,41.321944],[19.805093,41.322168],[19.804894,41.322619],[19.804861,41.322694],[19.804706,41.323045],[19.804559,41.323379],[19.804517,41.323474],[19.803945,41.324774],[19.803919,41.324833],[19.80385,41.32499],[19.803699,41.325334],[19.803614,41.325527],[19.803571,41.325634],[19.80356,41.325663],[19.803537,41.325721],[19.803499,41.325816],[19.803477,41.325869],[19.803412,41.326032],[19.8029,41.327224],[19.80271,41.327656],[19.802677,41.327743],[19.802644,41.327839],[19.802616,41.327941],[19.802609,41.327967],[19.802598,41.328041],[19.802594,41.328106],[19.802583,41.328368],[19.802588,41.328618],[19.802613,41.328872],[19.802657,41.329048],[19.802691,41.329152],[19.802754,41.329293],[19.802811,41.329412],[19.80326,41.330153],[19.803357,41.330306],[19.803867,41.33115],[19.804269,41.331815],[19.80431,41.331884],[19.804328,41.331923],[19.804334,41.331939],[19.804377,41.33205],[19.804395,41.332177],[19.804389,41.332268],[19.804385,41.332375],[19.804403,41.332478],[19.804436,41.332549],[19.804446,41.332569],[19.804506,41.332664],[19.804553,41.332748]]},"properties":{"name":"Rruga Muhamet Gjollesha"}},{"type":"Feature","geometry":{"type":"LineString","coordinates":[[19.804046,41.332875],[19.804115,41.332719],[19.804182,41.332566],[19.804227,41.332436],[19.804256,41.332347],[19.804279,41.332241],[19.804279,41.332176],[19.80428,41.332128],[19.804265,41.332003],[19.80422,41.331914],[19.804185,41.331849],[19.804006,41.331547],[19.803786,41.331195],[19.803661,41.330991],[19.803316,41.330429],[19.803265,41.33034],[19.803077,41.330035],[19.802714,41.329446],[19.802656,41.32932],[19.80259,41.329162],[19.802564,41.329063],[19.80254,41.328976],[19.802519,41.328881],[19.802503,41.328781],[19.802485,41.328664],[19.802477,41.328481],[19.802494,41.32813],[19.802496,41.3281],[19.802502,41.328036],[19.802507,41.327957],[19.80252,41.32789],[19.802544,41.327813],[19.802609,41.327656],[19.802692,41.327461],[19.80292,41.326918],[19.803139,41.326395],[19.803297,41.326005],[19.803354,41.325873],[19.803369,41.32584],[19.803393,41.325783],[19.803433,41.325688],[19.803455,41.325635],[19.803514,41.325497],[19.803555,41.325408],[19.80371,41.325077],[19.803861,41.324756],[19.803888,41.324697],[19.804262,41.323853],[19.804382,41.32357],[19.804432,41.323454],[19.804473,41.323358],[19.804769,41.322673],[19.804794,41.322615],[19.805092,41.321928],[19.805143,41.321808],[19.805175,41.321734],[19.805217,41.321645]]},"properties":{"name":"Rruga Muhamet Gjollesha"}},{"type":"Feature","geometry":{"type":"LineString","coordinates":[[19.802502,41.328036],[19.802422,41.328033],[19.802394,41.328034],[19.80221,41.328041],[19.802075,41.328053],[19.801816,41.328074],[19.80156,41.328095],[19.801469,41.328102],[19.801337,41.328113],[19.801228,41.328122],[19.801165,41.328126],[19.800675,41.328159],[19.80052,41.328172],[19.800447,41.328178]]},"properties":{"name":"Rruga Artan Lenja"}},{"type":"Feature","geometry":{"type":"LineString","coordinates":[[19.800447,41.328178],[19.800449,41.328238],[19.800481,41.328752],[19.800506,41.329356],[19.80051,41.329443],[19.800515,41.329464]]},"properties":{"name":"Rruga Studenti"}},{"type":"Feature","geometry":{"type":"LineString","coordinates":[[19.798509,41.329542],[19.79862,41.329535],[19.798634,41.329534],[19.798986,41.32952],[19.799174,41.329517],[19.799434,41.329504],[19.799802,41.329486],[19.799971,41.32948],[19.800437,41.329467],[19.800515,41.329464]]},"properties":{"name":"Rruga Agron Jano"}},{"type":"Feature","geometry":{"type":"LineString","coordinates":[[19.798509,41.329542],[19.798374,41.32957],[19.798286,41.329596],[19.798164,41.329649],[19.798085,41.329699],[19.798028,41.329735],[19.797916,41.329807],[19.797817,41.32987]]},"properties":{"name":"Rruga Grigor Gjirokastriti"}},{"type":"Feature","geometry":{"type":"LineString","coordinates":[[19.797206,41.330346],[19.797422,41.330198],[19.797634,41.330037],[19.79772,41.329966],[19.797817,41.32987],[19.797386,41.330034],[19.797269,41.330077],[19.797171,41.330103],[19.797088,41.330121],[19.796993,41.33014]]},"properties":{"name":"Rruga Grigor Gjirokastriti"}},{"type":"Feature","geometry":{"type":"LineString","coordinates":[[19.796993,41.33014],[19.797206,41.330346]]},"properties":{"name":"Rruga Ali Riza Kolonja"}},{"type":"Feature","geometry":{"type":"LineString","coordinates":[[19.796993,41.33014],[19.796878,41.330163],[19.796787,41.330191],[19.796712,41.330224],[19.796295,41.33045],[19.795899,41.330669],[19.795592,41.330838],[19.795033,41.331147],[19.794827,41.33126],[19.794635,41.331365],[19.794545,41.331415],[19.794502,41.331439],[19.794395,41.3315],[19.794108,41.331658],[19.793881,41.331789],[19.793743,41.331869],[19.79348,41.332017],[19.7934,41.332063],[19.793329,41.332103],[19.793101,41.332233],[19.792896,41.332348],[19.792552,41.332543],[19.7924,41.332626],[19.792088,41.332798],[19.791886,41.332907],[19.791817,41.332945],[19.791671,41.333027],[19.791545,41.333097],[19.791415,41.333168],[19.791231,41.33327],[19.791202,41.333287],[19.791175,41.333302],[19.791077,41.333358],[19.790621,41.333613],[19.790026,41.333942],[19.789631,41.334159],[19.789027,41.334497],[19.788822,41.334612],[19.788352,41.334872],[19.788171,41.334972],[19.787863,41.335145],[19.787551,41.335329]]},"properties":{"name":"Rruga e Dafinave"}},{"type":"Feature","geometry":{"type":"LineString","coordinates":[[19.867038,41.351516],[19.867077,41.351463],[19.867106,41.351384],[19.867124,41.351335],[19.867179,41.351126],[19.867271,41.350759],[19.867284,41.350706],[19.86735,41.350449],[19.867368,41.350379],[19.867458,41.350042]]},"properties":{"name":"Rruga Haxhi Deliu"}},{"type":"Feature","geometry":{"type":"LineString","coordinates":[[19.867038,41.351516],[19.866973,41.351537],[19.866896,41.351543],[19.866823,41.35154],[19.866535,41.351513],[19.866331,41.351493],[19.866288,41.351483],[19.866183,41.351441],[19.866158,41.351415],[19.866101,41.351352],[19.866045,41.351274],[19.865979,41.351204],[19.865894,41.351141],[19.865801,41.351093],[19.865707,41.351059],[19.865593,41.351027],[19.865344,41.350958],[19.865236,41.350925],[19.865142,41.35089],[19.86502,41.350837],[19.864897,41.350776],[19.864719,41.3507],[19.864646,41.350679],[19.864246,41.35057],[19.864146,41.35055],[19.864035,41.350541],[19.863913,41.350541],[19.863799,41.350548],[19.863685,41.350559],[19.863593,41.350561],[19.863513,41.350555],[19.863427,41.350546],[19.863339,41.350544],[19.863269,41.350545],[19.863206,41.350543],[19.863142,41.350532],[19.863062,41.350514],[19.862937,41.350488],[19.862822,41.35047],[19.862708,41.350459],[19.862596,41.350451],[19.862503,41.350447],[19.862427,41.350438],[19.862347,41.350419],[19.862189,41.350366],[19.861867,41.350259],[19.861732,41.350214],[19.861538,41.350154],[19.861389,41.350099],[19.861097,41.349975],[19.860878,41.349889],[19.860829,41.34987],[19.860771,41.349846],[19.860559,41.349763],[19.860009,41.349559],[19.85951,41.349394],[19.859432,41.349368],[19.859141,41.349288],[19.858977,41.349248],[19.85889,41.349241],[19.858835,41.349244],[19.858801,41.349246],[19.858697,41.349257],[19.858597,41.349255]]},"properties":{"name":"Rruga Fadil Deliu"}},{"type":"Feature","geometry":{"type":"LineString","coordinates":[[19.858597,41.349255],[19.85841,41.349212],[19.858385,41.349206],[19.858313,41.349189],[19.858252,41.34916],[19.858184,41.349119],[19.858129,41.349068],[19.858056,41.34898],[19.85801,41.348913],[19.857954,41.348834],[19.857876,41.348723],[19.857825,41.348643],[19.857771,41.348552],[19.85774,41.348479],[19.85772,41.348403],[19.857677,41.348236],[19.857666,41.348202],[19.857644,41.348174],[19.857594,41.348146],[19.857534,41.348116],[19.857286,41.347998],[19.85667,41.347694],[19.856477,41.347602],[19.856296,41.347514],[19.856213,41.347474],[19.856061,41.347401],[19.855903,41.347325],[19.855841,41.347294],[19.855793,41.347256],[19.855779,41.347232],[19.855754,41.347191],[19.85574,41.347132],[19.855737,41.347059],[19.855742,41.346954],[19.855738,41.346848],[19.855729,41.346769],[19.855695,41.346659],[19.855625,41.346485],[19.855574,41.346327],[19.855542,41.346221]]},"properties":{"name":"Rruga Mahmut Allushi"}},{"type":"Feature","geometry":{"type":"LineString","coordinates":[[19.85399,41.346081],[19.854164,41.346141],[19.854349,41.34616],[19.854521,41.346158],[19.854695,41.346168],[19.854816,41.346178],[19.85493,41.346186],[19.855076,41.346196],[19.855216,41.346206],[19.855281,41.34621],[19.855451,41.346217],[19.855542,41.346221],[19.855627,41.346215],[19.855717,41.346195],[19.855817,41.346153],[19.855903,41.346108],[19.855972,41.346055],[19.856012,41.346014],[19.856043,41.345973]]},"properties":{"name":"Rruga Artan Boriçi"}},{"type":"Feature","geometry":{"type":"LineString","coordinates":[[19.851106,41.345288],[19.851326,41.34536],[19.851763,41.345512],[19.852035,41.345604],[19.852148,41.345643],[19.852807,41.345871],[19.853097,41.345973],[19.853198,41.345993],[19.853327,41.345984]]},"properties":{"name":"Rruga Artan Boriçi"}},{"type":"Feature","geometry":{"type":"LineString","coordinates":[[19.8506,41.345073],[19.850468,41.345005],[19.850372,41.344955],[19.850218,41.344875],[19.849664,41.344596],[19.849459,41.344497],[19.849332,41.344435],[19.849213,41.344373],[19.849048,41.344271],[19.848878,41.344162],[19.848563,41.343961],[19.848134,41.343679],[19.848044,41.343615]]},"properties":{"name":"Rruga Xhanfize Keko"}},{"type":"Feature","geometry":{"type":"LineString","coordinates":[[19.847648,41.343486],[19.847738,41.343511],[19.847823,41.343539],[19.847936,41.343573],[19.848044,41.343615],[19.847907,41.34347],[19.847861,41.343407],[19.847821,41.34334]]},"properties":{"name":"Rruga Xhanfize Keko"}},{"type":"Feature","geometry":{"type":"LineString","coordinates":[[19.84748,41.343378],[19.847435,41.343309],[19.847386,41.343247],[19.847235,41.343092]]},"properties":{"name":"Rruga Xhanfize Keko"}},{"type":"Feature","geometry":{"type":"LineString","coordinates":[[19.83353,41.333673],[19.833632,41.333721],[19.833652,41.333731],[19.833749,41.333776],[19.833913,41.333852],[19.834241,41.334006],[19.834561,41.334156],[19.834764,41.334249],[19.835013,41.334362],[19.835058,41.334383],[19.835504,41.334586],[19.835838,41.334737],[19.836046,41.334829],[19.836152,41.334876],[19.836201,41.334898],[19.836653,41.335108],[19.836701,41.33513],[19.836944,41.335242],[19.837192,41.335361],[19.837548,41.33553],[19.837666,41.335586],[19.837812,41.335659],[19.83784,41.335673],[19.837904,41.335709],[19.838079,41.335807],[19.8382,41.335876],[19.838367,41.335972],[19.838609,41.336105],[19.838676,41.336142],[19.838737,41.336176],[19.838827,41.336224],[19.838848,41.336235],[19.838937,41.336285],[19.83898,41.336309],[19.839164,41.336411],[19.83948,41.336586],[19.839567,41.336635],[19.839709,41.336722],[19.839809,41.336791],[19.840061,41.33699],[19.840347,41.337234],[19.840649,41.337492],[19.840733,41.337562],[19.840844,41.337654],[19.840989,41.337781],[19.841005,41.337795],[19.841114,41.337897],[19.841283,41.338054],[19.841316,41.338084],[19.841329,41.338096],[19.841392,41.338155],[19.841646,41.338387],[19.841745,41.338478],[19.842107,41.338807],[19.842249,41.338938],[19.842267,41.338955],[19.842537,41.339178],[19.842745,41.339358],[19.842813,41.339416],[19.842868,41.339464],[19.842933,41.339521],[19.843022,41.339599],[19.843091,41.33966],[19.843287,41.339838],[19.84364,41.340143],[19.84379,41.340276],[19.843827,41.340307],[19.843887,41.340358],[19.844066,41.340514],[19.844153,41.34059],[19.844419,41.340824],[19.844825,41.341197],[19.845009,41.341364],[19.845061,41.341412],[19.845144,41.341485],[19.845289,41.341611],[19.845634,41.341911],[19.845936,41.342175],[19.845998,41.34223],[19.846128,41.342339],[19.84627,41.342456],[19.846439,41.342576],[19.846811,41.342816],[19.846898,41.342873],[19.84699,41.342933],[19.847152,41.343039],[19.847235,41.343092],[19.847329,41.343128],[19.847463,41.343183],[19.847548,41.343205],[19.847654,41.343227]]},"properties":{"name":"Rruga Xhanfize Keko"}},{"type":"Feature","geometry":{"type":"LineString","coordinates":[[19.83353,41.333673],[19.833451,41.333637],[19.833317,41.333573],[19.833299,41.333565],[19.833187,41.333514],[19.833125,41.333484],[19.833098,41.333471],[19.832869,41.333362],[19.832779,41.333319],[19.832614,41.333243],[19.832339,41.333113],[19.832227,41.333059],[19.831936,41.332914],[19.831703,41.332797],[19.831687,41.332789],[19.831433,41.332664],[19.831243,41.332569],[19.831164,41.332528],[19.830949,41.332418],[19.830689,41.332287],[19.830456,41.332171],[19.830069,41.331972],[19.830029,41.331951],[19.829837,41.331853],[19.829755,41.331811],[19.829431,41.331643],[19.829372,41.331615],[19.829301,41.33158],[19.829258,41.331559],[19.829218,41.33154],[19.828755,41.331299],[19.828324,41.331074],[19.828171,41.330998],[19.82799,41.330906],[19.827564,41.330691],[19.827468,41.330643],[19.827167,41.330488],[19.826289,41.33004],[19.82623,41.33001],[19.825799,41.329791],[19.825648,41.329713],[19.825438,41.329607]]},"properties":{"name":"Rruga Hoxha Tahsin"}},{"type":"Feature","geometry":{"type":"LineString","coordinates":[[19.856043,41.345973],[19.85614,41.345977],[19.856211,41.345977],[19.856275,41.345973],[19.856344,41.345965],[19.85647,41.345939],[19.856523,41.345932],[19.856565,41.34593],[19.856616,41.345935],[19.856692,41.345945],[19.856792,41.345959],[19.856907,41.345981],[19.857034,41.346015],[19.8572,41.346068],[19.857433,41.346139],[19.857647,41.346213],[19.857775,41.346261],[19.85785,41.346289],[19.857911,41.346309],[19.857992,41.346338],[19.858162,41.346399],[19.858475,41.346507],[19.858532,41.346528],[19.858566,41.34655],[19.858586,41.346577],[19.858604,41.346614],[19.858648,41.346709],[19.858726,41.346848],[19.858753,41.346898],[19.858776,41.346933],[19.858829,41.347004],[19.858896,41.347086],[19.858954,41.347157],[19.859023,41.347232],[19.85911,41.347305],[19.859173,41.347354],[19.859224,41.347385],[19.859305,41.347432],[19.859378,41.347453],[19.859484,41.347487],[19.859604,41.34752],[19.8603,41.347684],[19.860406,41.347709],[19.860605,41.34775],[19.860662,41.34777],[19.860702,41.347809],[19.860876,41.347971],[19.861064,41.348149],[19.861164,41.348231],[19.861267,41.348298],[19.861365,41.348335],[19.861764,41.348453],[19.862081,41.348547],[19.862232,41.348592],[19.862568,41.348693],[19.862767,41.348765],[19.863156,41.348903],[19.863575,41.349055],[19.864005,41.349206],[19.864196,41.349264],[19.864371,41.34931],[19.864545,41.349346],[19.864805,41.349385],[19.864889,41.349401],[19.865144,41.349471],[19.865196,41.349484],[19.865293,41.349512],[19.865541,41.34958],[19.865652,41.349616],[19.866056,41.349765],[19.866425,41.349884],[19.866639,41.349926],[19.866897,41.349961],[19.867036,41.34998],[19.867326,41.350022],[19.867458,41.350042]]},"properties":{"name":"Rruga Muhamed Deliu"}},{"type":"Feature","geometry":{"type":"LineString","coordinates":[[19.811179,41.347751],[19.811299,41.347744],[19.811449,41.347744],[19.81158,41.347757],[19.811891,41.347813],[19.812287,41.34789],[19.812462,41.34792],[19.812549,41.34791],[19.812619,41.34791],[19.812667,41.347916],[19.812712,41.347921],[19.812814,41.347934],[19.812899,41.347944]]},"properties":{"name":"Rruga Siri Kodra"}},{"type":"Feature","geometry":{"type":"LineString","coordinates":[[19.814137,41.346371],[19.814179,41.346318],[19.814311,41.34607],[19.814401,41.345911],[19.814502,41.345724],[19.81461,41.345541],[19.814783,41.345205],[19.814972,41.344821],[19.814988,41.344788],[19.815003,41.344758],[19.815019,41.344724],[19.815032,41.344698],[19.815112,41.344541],[19.81515,41.344465],[19.81529,41.344187],[19.815423,41.343935],[19.815749,41.343344],[19.815787,41.343276],[19.815969,41.342955],[19.816022,41.342863],[19.816068,41.342776],[19.816171,41.342589],[19.816224,41.342491],[19.816247,41.342447],[19.816331,41.342287],[19.816478,41.342007],[19.816578,41.341848],[19.816784,41.341556],[19.817087,41.341153],[19.817356,41.340787],[19.817418,41.340703],[19.817466,41.340636],[19.817614,41.340427],[19.817761,41.340227],[19.818311,41.33947],[19.818577,41.339113],[19.818628,41.339046],[19.818723,41.338885],[19.818809,41.338685],[19.818813,41.338675],[19.818828,41.338636],[19.818876,41.338543],[19.818947,41.338402],[19.818995,41.33834],[19.819115,41.33818],[19.819184,41.338104],[19.819256,41.338023],[19.819387,41.337882],[19.819438,41.337827],[19.819539,41.337711],[19.819636,41.337595],[19.819719,41.337494],[19.819964,41.337194],[19.81997,41.337186],[19.820008,41.337146],[19.820067,41.337083]]},"properties":{"name":"Rruga Siri Kodra"}},{"type":"Feature","geometry":{"type":"LineString","coordinates":[[19.812899,41.347944],[19.81293,41.347847],[19.813344,41.346374],[19.813351,41.346349],[19.813362,41.346311],[19.813375,41.346265]]},"properties":{"name":"Bulevardi i Ri"}},{"type":"Feature","geometry":{"type":"LineString","coordinates":[[19.814137,41.346371],[19.814029,41.346356],[19.813878,41.346335]]},"properties":{"name":"Rruga Filip Jano"}},{"type":"Feature","geometry":{"type":"LineString","coordinates":[[19.777599,41.317859],[19.77724,41.317749],[19.776351,41.317464],[19.77625,41.317431],[19.776081,41.317376],[19.77581,41.317288],[19.775199,41.317097],[19.775071,41.317057],[19.774836,41.316984],[19.774768,41.316963],[19.77377,41.31664],[19.773302,41.316479],[19.772546,41.316171],[19.772449,41.31611]]},"properties":{"name":"Rruga Llazi Miho"}},{"type":"Feature","geometry":{"type":"LineString","coordinates":[[19.777594,41.317785],[19.776425,41.317425],[19.776283,41.317378],[19.776111,41.317321],[19.776078,41.31731],[19.775839,41.317231],[19.775283,41.317049],[19.775054,41.316977],[19.774867,41.316916],[19.774798,41.316894],[19.774525,41.316807],[19.773804,41.316577],[19.773337,41.316421],[19.772986,41.316293],[19.772681,41.316177],[19.77257,41.316134],[19.772449,41.31611],[19.772429,41.316102],[19.772324,41.31606],[19.771727,41.315815],[19.771511,41.315728],[19.770776,41.315433],[19.770161,41.315184],[19.769848,41.315056],[19.769696,41.314997],[19.769569,41.314945],[19.769276,41.314827],[19.769107,41.314758],[19.768672,41.314582],[19.768277,41.314422],[19.768002,41.314311],[19.767724,41.314199],[19.767649,41.314168],[19.767292,41.314024],[19.767256,41.314009],[19.767135,41.313963],[19.766932,41.313882],[19.766841,41.313846],[19.76676,41.313814],[19.766455,41.313691],[19.766374,41.313659],[19.766294,41.313626],[19.766193,41.313586],[19.766052,41.313528],[19.76578,41.313416],[19.76573,41.313395],[19.765544,41.31332],[19.765369,41.313249],[19.765324,41.31323],[19.764972,41.313088],[19.764896,41.313057],[19.764636,41.312951],[19.764355,41.312837],[19.763825,41.312622],[19.763073,41.312316],[19.762915,41.312252],[19.762533,41.312097],[19.762286,41.311995],[19.762121,41.311927],[19.762017,41.311884],[19.761945,41.311854],[19.761738,41.31177],[19.761425,41.311642],[19.761031,41.311481],[19.760842,41.311404],[19.760694,41.311331],[19.760543,41.311248],[19.760402,41.311159],[19.760274,41.311067],[19.760143,41.310961],[19.760039,41.310864],[19.759722,41.310564],[19.759686,41.31053],[19.759648,41.310493],[19.759599,41.310444],[19.75951,41.310356],[19.7594,41.310237],[19.759369,41.310195],[19.759335,41.310144],[19.759233,41.309987],[19.759144,41.30982],[19.759096,41.30973],[19.75867,41.308933],[19.758641,41.308882],[19.758541,41.308691],[19.758456,41.308538],[19.758322,41.308288],[19.758308,41.308262],[19.758111,41.307894],[19.758099,41.307871],[19.757867,41.307439],[19.757813,41.307339],[19.757681,41.307091],[19.757657,41.307043],[19.757612,41.306959],[19.75757,41.306892],[19.757529,41.306836],[19.757488,41.306791],[19.75741,41.306714],[19.757344,41.306656],[19.757267,41.306601],[19.757229,41.30658],[19.757124,41.306525],[19.757078,41.306505],[19.756997,41.306474]]},"properties":{"name":"Rruga Llazi Miho"}},{"type":"Feature","geometry":{"type":"LineString","coordinates":[[19.756997,41.306474],[19.756884,41.306435],[19.756729,41.306383],[19.756697,41.306372],[19.756342,41.306249],[19.756231,41.306211],[19.756088,41.306161],[19.755876,41.306088],[19.755474,41.305948],[19.755191,41.30585],[19.755052,41.305802],[19.754954,41.305768],[19.754901,41.305749],[19.754748,41.305698],[19.754651,41.305668],[19.754478,41.305615],[19.754405,41.305593],[19.754251,41.305551],[19.754091,41.305513],[19.753591,41.305413],[19.753016,41.305299],[19.75161,41.305032],[19.751537,41.305018],[19.75126,41.304965],[19.751174,41.304948],[19.751084,41.30493],[19.750945,41.304903],[19.750777,41.304869],[19.750445,41.304802],[19.750088,41.30473],[19.749645,41.304641],[19.749093,41.304532],[19.748786,41.304471],[19.748742,41.304462],[19.74819,41.304351],[19.748028,41.304316],[19.747869,41.304277],[19.74771,41.304233],[19.7473,41.304108],[19.747124,41.304053],[19.746574,41.303883],[19.746466,41.30385],[19.746226,41.303772],[19.746094,41.303725],[19.745961,41.30367],[19.745829,41.303611],[19.745691,41.30354],[19.745341,41.303341]]},"properties":{"name":"SH56"}},{"type":"Feature","geometry":{"type":"LineString","coordinates":[[19.81308,41.346225],[19.812926,41.346199],[19.812821,41.346177],[19.812734,41.346157],[19.812609,41.346123],[19.812115,41.345968],[19.810718,41.345529],[19.810621,41.345497],[19.810183,41.345354],[19.810054,41.345312],[19.810015,41.3453],[19.809869,41.345255],[19.809647,41.345187],[19.809283,41.345075],[19.809157,41.345036],[19.808807,41.344926],[19.808779,41.344917],[19.808682,41.344888],[19.808275,41.344767],[19.808195,41.344742]]},"properties":{"name":"Rruga Osman Çali"}},{"type":"Feature","geometry":{"type":"LineString","coordinates":[[19.82382,41.348999],[19.823869,41.348854],[19.82404,41.348348],[19.824092,41.348189],[19.824115,41.348119],[19.824331,41.347512],[19.824397,41.347324],[19.824536,41.346925],[19.824659,41.346578],[19.824678,41.346517],[19.824709,41.346436],[19.82477,41.346261],[19.824832,41.346086],[19.824842,41.346056],[19.824881,41.345951],[19.824962,41.345733],[19.824973,41.345702],[19.825084,41.345389],[19.825138,41.34521],[19.825191,41.345055],[19.825211,41.344999],[19.825237,41.344909],[19.825256,41.344839],[19.825313,41.344637],[19.825377,41.344393],[19.825435,41.344169],[19.825525,41.343788],[19.825534,41.343749],[19.825669,41.343161],[19.825704,41.343037],[19.825756,41.342861],[19.825813,41.342651],[19.825839,41.342561],[19.82589,41.342387],[19.82597,41.342116],[19.825984,41.342071],[19.826009,41.341984],[19.826057,41.341823],[19.826151,41.341508],[19.826242,41.341204],[19.826261,41.341126],[19.82627,41.341051],[19.826273,41.341027],[19.826285,41.340933],[19.826324,41.34065],[19.82634,41.34053],[19.82635,41.340429],[19.826355,41.340342],[19.826355,41.340286],[19.826354,41.340274],[19.826354,41.340242],[19.826339,41.340149],[19.826322,41.340071]]},"properties":{"name":"Rruga 5 Maji"}},{"type":"Feature","geometry":{"type":"LineString","coordinates":[[19.841241,41.346006],[19.841458,41.346074],[19.841541,41.346101],[19.84174,41.346198],[19.842045,41.346345],[19.842312,41.346473],[19.842938,41.346777],[19.843078,41.346845],[19.843329,41.346966],[19.84344,41.347015],[19.843547,41.34705],[19.843642,41.347075],[19.843764,41.347104],[19.84394,41.347135],[19.844009,41.347146],[19.844097,41.347155],[19.844147,41.347161],[19.844178,41.347164],[19.844272,41.347189],[19.844435,41.34721],[19.844623,41.347233],[19.844829,41.347246],[19.845048,41.347236],[19.845199,41.347222],[19.845316,41.347198],[19.845395,41.347177],[19.845643,41.347106],[19.845874,41.347031],[19.846128,41.346949],[19.846341,41.346875],[19.846416,41.346849],[19.846771,41.346727],[19.847034,41.346632],[19.847274,41.346547],[19.847646,41.346418],[19.847708,41.346396],[19.84819,41.346226],[19.848836,41.346002],[19.849708,41.345703],[19.849762,41.345684],[19.850352,41.345481],[19.850396,41.345466],[19.850533,41.34542]]},"properties":{"name":"Rruga Aleksandër Moisiu"}},{"type":"Feature","geometry":{"type":"LineString","coordinates":[[19.767135,41.313963],[19.767089,41.314029],[19.766999,41.314155],[19.766933,41.314249],[19.766706,41.314569]]},"properties":{"name":"Rruga Shaban Bardhoshi"}},{"type":"Feature","geometry":{"type":"LineString","coordinates":[[19.766706,41.314569],[19.766049,41.314283],[19.766016,41.314262],[19.765993,41.314231],[19.765989,41.314199],[19.765999,41.314163],[19.766038,41.314108],[19.766242,41.313836],[19.766329,41.313721],[19.766374,41.313659]]},"properties":{"name":"Sheshi Xhuzepe Garibaldi"}},{"type":"Feature","geometry":{"type":"LineString","coordinates":[[19.841241,41.346006],[19.841387,41.346144],[19.841426,41.346178],[19.841464,41.346206],[19.841566,41.34627],[19.841638,41.346315],[19.841961,41.346501],[19.842011,41.346536],[19.842108,41.346606],[19.842173,41.346665],[19.842219,41.346708],[19.842304,41.346795],[19.842382,41.346899],[19.84265,41.347358],[19.84268,41.347414],[19.842894,41.347827],[19.843041,41.348087],[19.843338,41.348611],[19.843408,41.348734],[19.843587,41.349035],[19.843648,41.349157],[19.8437,41.34927],[19.843734,41.349378],[19.843755,41.349491],[19.843775,41.34963],[19.843792,41.349865],[19.84381,41.349993],[19.843842,41.350127]]},"properties":{"name":"Rruga Myslym Keta"}},{"type":"Feature","geometry":{"type":"LineString","coordinates":[[19.844513,41.350884],[19.844496,41.35095],[19.844489,41.351035],[19.844491,41.351049],[19.844497,41.351113],[19.844515,41.35118],[19.844544,41.351279]]},"properties":{"name":"Rruga Myslym Keta"}},{"type":"Feature","geometry":{"type":"LineString","coordinates":[[19.854952,41.36988],[19.854785,41.36946],[19.854542,41.368835],[19.85443,41.36848],[19.854198,41.367953],[19.853783,41.366927],[19.853407,41.36599],[19.853271,41.365644],[19.853218,41.365521],[19.853176,41.36543],[19.853125,41.365295],[19.853092,41.365207],[19.853066,41.36514],[19.852851,41.36456],[19.85255,41.363642],[19.852334,41.362995],[19.85226,41.362763],[19.852168,41.362489],[19.852024,41.362059],[19.851986,41.361933],[19.851925,41.361726],[19.851892,41.361614],[19.851854,41.361504],[19.851652,41.360939],[19.85155,41.360669],[19.85151,41.360586],[19.851453,41.360504],[19.851345,41.360399],[19.851212,41.360285],[19.851064,41.360172],[19.85094,41.360082],[19.850818,41.360007],[19.850445,41.359785],[19.850382,41.359747],[19.850291,41.359693],[19.850254,41.35967],[19.849826,41.359408],[19.849025,41.358921],[19.848408,41.358517],[19.848277,41.358408],[19.84817,41.3583],[19.848088,41.358205],[19.848026,41.358113],[19.84795,41.357978],[19.847829,41.357754],[19.847722,41.35755],[19.847672,41.35745],[19.847656,41.357414],[19.847612,41.357307],[19.847439,41.356884],[19.847332,41.356624],[19.847258,41.356445],[19.847183,41.35626],[19.847051,41.355945],[19.846957,41.355708],[19.846848,41.355449],[19.846672,41.355037],[19.846655,41.354994],[19.846582,41.354823],[19.846527,41.354693],[19.846439,41.354485],[19.846276,41.354102],[19.846075,41.353624],[19.846015,41.353506],[19.845984,41.353451],[19.845539,41.352754],[19.845387,41.352507],[19.845293,41.352368],[19.845185,41.352203],[19.845125,41.352111],[19.845042,41.351994],[19.844979,41.351909],[19.844947,41.351864],[19.84476,41.351601],[19.844544,41.351279],[19.844476,41.35121],[19.844408,41.351155],[19.844345,41.351112],[19.844331,41.351102],[19.844245,41.35105],[19.844145,41.351007]]},"properties":{"name":"Rruga Myslym Keta"}},{"type":"Feature","geometry":{"type":"LineString","coordinates":[[19.833451,41.333637],[19.833379,41.333742],[19.833368,41.333758],[19.833257,41.333919],[19.833117,41.334126],[19.833014,41.334277],[19.832968,41.334344],[19.832796,41.334595],[19.832401,41.335175],[19.832342,41.335262],[19.832222,41.335437],[19.831931,41.335863],[19.831689,41.33622],[19.831473,41.336539],[19.831372,41.336686],[19.831294,41.3368],[19.831252,41.336861],[19.831129,41.337042],[19.83108,41.337115],[19.831065,41.337137],[19.83078,41.337554],[19.830719,41.337644],[19.830423,41.338079],[19.830265,41.338312],[19.830257,41.338322],[19.83016,41.338465],[19.829958,41.338761],[19.829872,41.338887],[19.829806,41.338984],[19.82964,41.339227],[19.829402,41.339576],[19.829332,41.33968],[19.829181,41.339902],[19.829158,41.339936],[19.829117,41.339997]]},"properties":{"name":"Rruga Bardhyl"}},{"type":"Feature","geometry":{"type":"LineString","coordinates":[[19.829172,41.340107],[19.829217,41.34005],[19.829269,41.339983],[19.829282,41.339963],[19.829404,41.339787],[19.829601,41.339492],[19.829679,41.339376],[19.829946,41.338957],[19.830238,41.338505],[19.830316,41.338389],[19.830341,41.33835],[19.830498,41.338125],[19.830533,41.338076],[19.83061,41.337966],[19.830722,41.337799],[19.830838,41.337626],[19.831162,41.337147],[19.831211,41.337075],[19.831337,41.336893],[19.831379,41.336831],[19.831393,41.33681],[19.83149,41.336668],[19.831714,41.336339],[19.832316,41.335456],[19.832428,41.335291],[19.832884,41.334626],[19.833103,41.334301],[19.833188,41.334177],[19.833273,41.334053],[19.833459,41.333778],[19.83353,41.333673]]},"properties":{"name":"Rruga Bardhyl"}},{"type":"Feature","geometry":{"type":"LineString","coordinates":[[19.833451,41.333637],[19.833518,41.333543],[19.833649,41.33335],[19.83375,41.333193],[19.833787,41.333114],[19.833821,41.333028],[19.833855,41.332912],[19.833881,41.332789],[19.833984,41.332265],[19.83407,41.331836],[19.834211,41.331133],[19.834277,41.330821],[19.834281,41.330802],[19.834307,41.330653]]},"properties":{"name":"Rruga Arkitekt Kasemi"}},{"type":"Feature","geometry":{"type":"LineString","coordinates":[[19.83439,41.330687],[19.834362,41.330823],[19.834325,41.331008],[19.834298,41.33115],[19.834292,41.331173],[19.834202,41.331619],[19.834113,41.332062],[19.834001,41.332614],[19.833939,41.332926],[19.833905,41.333033],[19.833881,41.333096],[19.83387,41.333124],[19.833844,41.33319],[19.833818,41.333239],[19.833779,41.333307],[19.833731,41.333381],[19.833609,41.333558],[19.833597,41.333576],[19.83353,41.333673]]},"properties":{"name":"Rruga Arkitekt Kasemi"}}]}